week,skill,trend_index,source
2024-W01,python,76.4,linkedin_jobs
2024-W02,python,74.4,linkedin_jobs
2024-W03,python,75.2,linkedin_jobs
2024-W04,python,72.5,linkedin_jobs
2024-W05,python,70.2,linkedin_jobs
2024-W06,python,71.8,linkedin_jobs
2024-W07,python,74.9,linkedin_jobs
2024-W08,python,74.5,linkedin_jobs
2024-W09,python,74.2,linkedin_jobs
2024-W10,python,78.5,linkedin_jobs
2024-W11,python,77.0,linkedin_jobs
2024-W12,python,75.0,linkedin_jobs
2024-W13,python,79.3,linkedin_jobs
2024-W14,python,76.3,linkedin_jobs
2024-W15,python,74.9,linkedin_jobs
2024-W16,python,81.1,linkedin_jobs
2024-W17,python,75.5,linkedin_jobs
2024-W18,python,74.5,linkedin_jobs
2024-W19,python,80.9,linkedin_jobs
2024-W20,python,76.5,linkedin_jobs
2024-W21,python,80.1,linkedin_jobs
2024-W22,python,78.7,linkedin_jobs
2024-W23,python,77.4,linkedin_jobs
2024-W24,python,77.9,linkedin_jobs
2024-W25,python,77.3,linkedin_jobs
2024-W26,python,73.8,linkedin_jobs
2024-W27,python,76.1,linkedin_jobs
2024-W28,python,82.9,linkedin_jobs
2024-W29,python,80.3,linkedin_jobs
2024-W30,python,82.3,linkedin_jobs
2024-W31,python,78.3,linkedin_jobs
2024-W32,python,87.4,linkedin_jobs
2024-W33,python,82.9,linkedin_jobs
2024-W34,python,81.1,linkedin_jobs
2024-W35,python,80.0,linkedin_jobs
2024-W36,python,78.8,linkedin_jobs
2024-W37,python,81.9,linkedin_jobs
2024-W38,python,80.2,linkedin_jobs
2024-W39,python,79.9,linkedin_jobs
2024-W40,python,80.6,linkedin_jobs
2024-W41,python,80.1,linkedin_jobs
2024-W42,python,81.5,linkedin_jobs
2024-W43,python,84.6,linkedin_jobs
2024-W44,python,82.7,linkedin_jobs
2024-W45,python,81.7,linkedin_jobs
2024-W46,python,81.9,linkedin_jobs
2024-W47,python,83.2,linkedin_jobs
2024-W48,python,85.3,linkedin_jobs
2024-W49,python,83.4,linkedin_jobs
2024-W50,python,77.6,linkedin_jobs
2024-W51,python,86.9,linkedin_jobs
2024-W52,python,81.4,linkedin_jobs
2024-W53,python,85.8,linkedin_jobs
2025-W01,python,83.9,linkedin_jobs
2025-W02,python,86.2,linkedin_jobs
2025-W03,python,80.5,linkedin_jobs
2025-W04,python,84.6,linkedin_jobs
2025-W05,python,87.3,linkedin_jobs
2025-W06,python,80.2,linkedin_jobs
2025-W07,python,86.9,linkedin_jobs
2025-W08,python,83.5,linkedin_jobs
2025-W09,python,87.8,linkedin_jobs
2025-W10,python,88.4,linkedin_jobs
2025-W11,python,86.3,linkedin_jobs
2025-W12,python,85.5,linkedin_jobs
2025-W13,python,90.9,linkedin_jobs
2025-W14,python,88.2,linkedin_jobs
2025-W15,python,87.4,linkedin_jobs
2025-W16,python,87.5,linkedin_jobs
2025-W17,python,86.9,linkedin_jobs
2025-W18,python,82.8,linkedin_jobs
2025-W19,python,88.1,linkedin_jobs
2025-W20,python,88.8,linkedin_jobs
2025-W21,python,81.5,linkedin_jobs
2025-W22,python,90.6,linkedin_jobs
2025-W23,python,86.2,linkedin_jobs
2025-W24,python,95.0,linkedin_jobs
2025-W25,python,89.1,linkedin_jobs
2025-W26,python,91.3,linkedin_jobs
2025-W27,python,91.2,linkedin_jobs
2025-W28,python,91.1,linkedin_jobs
2025-W29,python,92.4,linkedin_jobs
2025-W30,python,89.7,linkedin_jobs
2025-W31,python,91.5,linkedin_jobs
2025-W32,python,88.5,linkedin_jobs
2025-W33,python,90.5,linkedin_jobs
2025-W34,python,94.4,linkedin_jobs
2025-W35,python,90.4,linkedin_jobs
2025-W36,python,93.2,linkedin_jobs
2025-W37,python,100.0,linkedin_jobs
2025-W38,python,95.3,linkedin_jobs
2025-W39,python,91.1,linkedin_jobs
2025-W40,python,95.5,linkedin_jobs
2025-W41,python,95.1,linkedin_jobs
2025-W42,python,93.7,linkedin_jobs
2025-W43,python,98.8,linkedin_jobs
2025-W44,python,89.4,linkedin_jobs
2025-W45,python,98.9,linkedin_jobs
2025-W46,python,93.7,linkedin_jobs
2025-W47,python,94.7,linkedin_jobs
2025-W48,python,93.5,linkedin_jobs
2025-W49,python,97.7,linkedin_jobs
2025-W50,python,94.5,linkedin_jobs
2025-W51,python,96.2,linkedin_jobs
2025-W52,python,98.0,linkedin_jobs
2026-W01,python,97.3,linkedin_jobs
2026-W02,python,99.3,linkedin_jobs
2026-W03,python,93.0,linkedin_jobs
2026-W04,python,100.0,linkedin_jobs
2026-W05,python,94.8,linkedin_jobs
2026-W06,python,97.9,linkedin_jobs
2026-W07,python,97.8,linkedin_jobs
2026-W08,python,100.0,linkedin_jobs
2026-W09,python,95.5,linkedin_jobs
2026-W10,python,96.8,linkedin_jobs
2026-W11,python,96.2,linkedin_jobs
2026-W12,python,97.9,linkedin_jobs
2026-W13,python,98.7,linkedin_jobs
2026-W14,python,95.2,linkedin_jobs
2026-W15,python,99.3,linkedin_jobs
2026-W16,python,99.2,linkedin_jobs
2026-W17,python,98.0,linkedin_jobs
2026-W18,python,100.0,linkedin_jobs
2026-W19,python,100.0,linkedin_jobs
2026-W20,python,100.0,linkedin_jobs
2026-W21,python,100.0,linkedin_jobs
2026-W22,python,99.9,linkedin_jobs
2026-W23,python,96.5,linkedin_jobs
2026-W24,python,100.0,linkedin_jobs
2026-W25,python,91.4,linkedin_jobs
2024-W01,java,63.9,linkedin_jobs
2024-W02,java,59.7,linkedin_jobs
2024-W03,java,62.6,linkedin_jobs
2024-W04,java,59.3,linkedin_jobs
2024-W05,java,63.0,linkedin_jobs
2024-W06,java,62.7,linkedin_jobs
2024-W07,java,64.8,linkedin_jobs
2024-W08,java,57.9,linkedin_jobs
2024-W09,java,61.1,linkedin_jobs
2024-W10,java,56.0,linkedin_jobs
2024-W11,java,59.0,linkedin_jobs
2024-W12,java,52.4,linkedin_jobs
2024-W13,java,56.2,linkedin_jobs
2024-W14,java,59.7,linkedin_jobs
2024-W15,java,63.2,linkedin_jobs
2024-W16,java,59.1,linkedin_jobs
2024-W17,java,56.2,linkedin_jobs
2024-W18,java,58.4,linkedin_jobs
2024-W19,java,58.6,linkedin_jobs
2024-W20,java,65.2,linkedin_jobs
2024-W21,java,58.7,linkedin_jobs
2024-W22,java,56.7,linkedin_jobs
2024-W23,java,63.0,linkedin_jobs
2024-W24,java,58.8,linkedin_jobs
2024-W25,java,66.2,linkedin_jobs
2024-W26,java,54.8,linkedin_jobs
2024-W27,java,64.3,linkedin_jobs
2024-W28,java,62.9,linkedin_jobs
2024-W29,java,58.4,linkedin_jobs
2024-W30,java,60.3,linkedin_jobs
2024-W31,java,60.2,linkedin_jobs
2024-W32,java,56.5,linkedin_jobs
2024-W33,java,55.1,linkedin_jobs
2024-W34,java,62.0,linkedin_jobs
2024-W35,java,59.9,linkedin_jobs
2024-W36,java,58.2,linkedin_jobs
2024-W37,java,61.2,linkedin_jobs
2024-W38,java,57.0,linkedin_jobs
2024-W39,java,60.0,linkedin_jobs
2024-W40,java,58.0,linkedin_jobs
2024-W41,java,51.8,linkedin_jobs
2024-W42,java,57.7,linkedin_jobs
2024-W43,java,61.6,linkedin_jobs
2024-W44,java,59.6,linkedin_jobs
2024-W45,java,55.4,linkedin_jobs
2024-W46,java,58.4,linkedin_jobs
2024-W47,java,55.2,linkedin_jobs
2024-W48,java,58.0,linkedin_jobs
2024-W49,java,59.7,linkedin_jobs
2024-W50,java,58.3,linkedin_jobs
2024-W51,java,57.3,linkedin_jobs
2024-W52,java,60.4,linkedin_jobs
2024-W53,java,59.7,linkedin_jobs
2025-W01,java,52.5,linkedin_jobs
2025-W02,java,55.8,linkedin_jobs
2025-W03,java,59.1,linkedin_jobs
2025-W04,java,54.6,linkedin_jobs
2025-W05,java,61.0,linkedin_jobs
2025-W06,java,53.4,linkedin_jobs
2025-W07,java,55.6,linkedin_jobs
2025-W08,java,55.3,linkedin_jobs
2025-W09,java,57.5,linkedin_jobs
2025-W10,java,58.7,linkedin_jobs
2025-W11,java,60.7,linkedin_jobs
2025-W12,java,58.0,linkedin_jobs
2025-W13,java,60.8,linkedin_jobs
2025-W14,java,57.6,linkedin_jobs
2025-W15,java,57.3,linkedin_jobs
2025-W16,java,54.1,linkedin_jobs
2025-W17,java,58.3,linkedin_jobs
2025-W18,java,56.1,linkedin_jobs
2025-W19,java,51.8,linkedin_jobs
2025-W20,java,56.6,linkedin_jobs
2025-W21,java,55.8,linkedin_jobs
2025-W22,java,53.7,linkedin_jobs
2025-W23,java,55.8,linkedin_jobs
2025-W24,java,53.7,linkedin_jobs
2025-W25,java,61.5,linkedin_jobs
2025-W26,java,55.5,linkedin_jobs
2025-W27,java,55.3,linkedin_jobs
2025-W28,java,58.5,linkedin_jobs
2025-W29,java,57.1,linkedin_jobs
2025-W30,java,58.8,linkedin_jobs
2025-W31,java,59.6,linkedin_jobs
2025-W32,java,61.0,linkedin_jobs
2025-W33,java,58.0,linkedin_jobs
2025-W34,java,57.2,linkedin_jobs
2025-W35,java,56.5,linkedin_jobs
2025-W36,java,57.9,linkedin_jobs
2025-W37,java,53.9,linkedin_jobs
2025-W38,java,53.2,linkedin_jobs
2025-W39,java,62.4,linkedin_jobs
2025-W40,java,55.1,linkedin_jobs
2025-W41,java,55.0,linkedin_jobs
2025-W42,java,56.9,linkedin_jobs
2025-W43,java,55.5,linkedin_jobs
2025-W44,java,57.5,linkedin_jobs
2025-W45,java,57.4,linkedin_jobs
2025-W46,java,54.4,linkedin_jobs
2025-W47,java,55.6,linkedin_jobs
2025-W48,java,57.9,linkedin_jobs
2025-W49,java,53.0,linkedin_jobs
2025-W50,java,54.0,linkedin_jobs
2025-W51,java,55.0,linkedin_jobs
2025-W52,java,59.2,linkedin_jobs
2026-W01,java,60.7,linkedin_jobs
2026-W02,java,58.2,linkedin_jobs
2026-W03,java,60.5,linkedin_jobs
2026-W04,java,53.4,linkedin_jobs
2026-W05,java,53.0,linkedin_jobs
2026-W06,java,59.6,linkedin_jobs
2026-W07,java,54.2,linkedin_jobs
2026-W08,java,54.6,linkedin_jobs
2026-W09,java,53.7,linkedin_jobs
2026-W10,java,53.9,linkedin_jobs
2026-W11,java,52.4,linkedin_jobs
2026-W12,java,54.5,linkedin_jobs
2026-W13,java,54.7,linkedin_jobs
2026-W14,java,57.7,linkedin_jobs
2026-W15,java,55.3,linkedin_jobs
2026-W16,java,57.3,linkedin_jobs
2026-W17,java,52.9,linkedin_jobs
2026-W18,java,52.1,linkedin_jobs
2026-W19,java,58.9,linkedin_jobs
2026-W20,java,59.8,linkedin_jobs
2026-W21,java,57.9,linkedin_jobs
2026-W22,java,52.6,linkedin_jobs
2026-W23,java,53.6,linkedin_jobs
2026-W24,java,54.9,linkedin_jobs
2026-W25,java,53.0,linkedin_jobs
2024-W01,javascript,72.0,linkedin_jobs
2024-W02,javascript,72.4,linkedin_jobs
2024-W03,javascript,69.8,linkedin_jobs
2024-W04,javascript,69.9,linkedin_jobs
2024-W05,javascript,69.7,linkedin_jobs
2024-W06,javascript,73.7,linkedin_jobs
2024-W07,javascript,68.0,linkedin_jobs
2024-W08,javascript,73.6,linkedin_jobs
2024-W09,javascript,71.3,linkedin_jobs
2024-W10,javascript,74.5,linkedin_jobs
2024-W11,javascript,68.2,linkedin_jobs
2024-W12,javascript,73.3,linkedin_jobs
2024-W13,javascript,67.0,linkedin_jobs
2024-W14,javascript,64.7,linkedin_jobs
2024-W15,javascript,69.7,linkedin_jobs
2024-W16,javascript,71.5,linkedin_jobs
2024-W17,javascript,64.4,linkedin_jobs
2024-W18,javascript,66.9,linkedin_jobs
2024-W19,javascript,72.7,linkedin_jobs
2024-W20,javascript,71.9,linkedin_jobs
2024-W21,javascript,71.2,linkedin_jobs
2024-W22,javascript,72.2,linkedin_jobs
2024-W23,javascript,71.5,linkedin_jobs
2024-W24,javascript,68.6,linkedin_jobs
2024-W25,javascript,69.7,linkedin_jobs
2024-W26,javascript,67.9,linkedin_jobs
2024-W27,javascript,69.9,linkedin_jobs
2024-W28,javascript,65.2,linkedin_jobs
2024-W29,javascript,71.2,linkedin_jobs
2024-W30,javascript,65.8,linkedin_jobs
2024-W31,javascript,63.4,linkedin_jobs
2024-W32,javascript,66.8,linkedin_jobs
2024-W33,javascript,72.8,linkedin_jobs
2024-W34,javascript,65.1,linkedin_jobs
2024-W35,javascript,67.6,linkedin_jobs
2024-W36,javascript,68.7,linkedin_jobs
2024-W37,javascript,66.3,linkedin_jobs
2024-W38,javascript,72.6,linkedin_jobs
2024-W39,javascript,70.0,linkedin_jobs
2024-W40,javascript,69.6,linkedin_jobs
2024-W41,javascript,72.2,linkedin_jobs
2024-W42,javascript,65.3,linkedin_jobs
2024-W43,javascript,68.4,linkedin_jobs
2024-W44,javascript,72.2,linkedin_jobs
2024-W45,javascript,65.2,linkedin_jobs
2024-W46,javascript,69.3,linkedin_jobs
2024-W47,javascript,64.7,linkedin_jobs
2024-W48,javascript,64.6,linkedin_jobs
2024-W49,javascript,65.8,linkedin_jobs
2024-W50,javascript,70.0,linkedin_jobs
2024-W51,javascript,75.5,linkedin_jobs
2024-W52,javascript,65.0,linkedin_jobs
2024-W53,javascript,69.4,linkedin_jobs
2025-W01,javascript,71.3,linkedin_jobs
2025-W02,javascript,67.3,linkedin_jobs
2025-W03,javascript,66.4,linkedin_jobs
2025-W04,javascript,71.5,linkedin_jobs
2025-W05,javascript,71.0,linkedin_jobs
2025-W06,javascript,64.7,linkedin_jobs
2025-W07,javascript,66.4,linkedin_jobs
2025-W08,javascript,71.9,linkedin_jobs
2025-W09,javascript,64.4,linkedin_jobs
2025-W10,javascript,67.0,linkedin_jobs
2025-W11,javascript,71.8,linkedin_jobs
2025-W12,javascript,70.0,linkedin_jobs
2025-W13,javascript,67.2,linkedin_jobs
2025-W14,javascript,70.1,linkedin_jobs
2025-W15,javascript,67.8,linkedin_jobs
2025-W16,javascript,62.9,linkedin_jobs
2025-W17,javascript,66.2,linkedin_jobs
2025-W18,javascript,70.0,linkedin_jobs
2025-W19,javascript,68.2,linkedin_jobs
2025-W20,javascript,71.6,linkedin_jobs
2025-W21,javascript,69.1,linkedin_jobs
2025-W22,javascript,67.3,linkedin_jobs
2025-W23,javascript,68.8,linkedin_jobs
2025-W24,javascript,73.6,linkedin_jobs
2025-W25,javascript,64.7,linkedin_jobs
2025-W26,javascript,65.5,linkedin_jobs
2025-W27,javascript,66.8,linkedin_jobs
2025-W28,javascript,68.2,linkedin_jobs
2025-W29,javascript,67.4,linkedin_jobs
2025-W30,javascript,70.0,linkedin_jobs
2025-W31,javascript,69.7,linkedin_jobs
2025-W32,javascript,68.0,linkedin_jobs
2025-W33,javascript,69.1,linkedin_jobs
2025-W34,javascript,65.8,linkedin_jobs
2025-W35,javascript,63.1,linkedin_jobs
2025-W36,javascript,61.9,linkedin_jobs
2025-W37,javascript,63.0,linkedin_jobs
2025-W38,javascript,70.6,linkedin_jobs
2025-W39,javascript,65.0,linkedin_jobs
2025-W40,javascript,64.2,linkedin_jobs
2025-W41,javascript,70.2,linkedin_jobs
2025-W42,javascript,65.5,linkedin_jobs
2025-W43,javascript,64.6,linkedin_jobs
2025-W44,javascript,65.9,linkedin_jobs
2025-W45,javascript,64.4,linkedin_jobs
2025-W46,javascript,63.0,linkedin_jobs
2025-W47,javascript,65.4,linkedin_jobs
2025-W48,javascript,71.5,linkedin_jobs
2025-W49,javascript,67.7,linkedin_jobs
2025-W50,javascript,61.7,linkedin_jobs
2025-W51,javascript,67.0,linkedin_jobs
2025-W52,javascript,67.4,linkedin_jobs
2026-W01,javascript,63.5,linkedin_jobs
2026-W02,javascript,72.1,linkedin_jobs
2026-W03,javascript,62.1,linkedin_jobs
2026-W04,javascript,62.3,linkedin_jobs
2026-W05,javascript,65.5,linkedin_jobs
2026-W06,javascript,64.5,linkedin_jobs
2026-W07,javascript,68.2,linkedin_jobs
2026-W08,javascript,65.7,linkedin_jobs
2026-W09,javascript,64.2,linkedin_jobs
2026-W10,javascript,65.2,linkedin_jobs
2026-W11,javascript,62.2,linkedin_jobs
2026-W12,javascript,65.9,linkedin_jobs
2026-W13,javascript,67.8,linkedin_jobs
2026-W14,javascript,67.7,linkedin_jobs
2026-W15,javascript,71.8,linkedin_jobs
2026-W16,javascript,64.7,linkedin_jobs
2026-W17,javascript,65.5,linkedin_jobs
2026-W18,javascript,66.5,linkedin_jobs
2026-W19,javascript,65.2,linkedin_jobs
2026-W20,javascript,60.8,linkedin_jobs
2026-W21,javascript,62.3,linkedin_jobs
2026-W22,javascript,63.7,linkedin_jobs
2026-W23,javascript,62.4,linkedin_jobs
2026-W24,javascript,65.7,linkedin_jobs
2026-W25,javascript,63.8,linkedin_jobs
2024-W01,typescript,35.2,linkedin_jobs
2024-W02,typescript,39.4,linkedin_jobs
2024-W03,typescript,31.9,linkedin_jobs
2024-W04,typescript,44.0,linkedin_jobs
2024-W05,typescript,38.9,linkedin_jobs
2024-W06,typescript,38.3,linkedin_jobs
2024-W07,typescript,34.8,linkedin_jobs
2024-W08,typescript,41.9,linkedin_jobs
2024-W09,typescript,38.0,linkedin_jobs
2024-W10,typescript,42.7,linkedin_jobs
2024-W11,typescript,32.7,linkedin_jobs
2024-W12,typescript,42.6,linkedin_jobs
2024-W13,typescript,43.6,linkedin_jobs
2024-W14,typescript,42.8,linkedin_jobs
2024-W15,typescript,41.2,linkedin_jobs
2024-W16,typescript,42.6,linkedin_jobs
2024-W17,typescript,37.3,linkedin_jobs
2024-W18,typescript,41.5,linkedin_jobs
2024-W19,typescript,43.5,linkedin_jobs
2024-W20,typescript,43.0,linkedin_jobs
2024-W21,typescript,42.6,linkedin_jobs
2024-W22,typescript,42.0,linkedin_jobs
2024-W23,typescript,39.6,linkedin_jobs
2024-W24,typescript,38.9,linkedin_jobs
2024-W25,typescript,37.7,linkedin_jobs
2024-W26,typescript,42.1,linkedin_jobs
2024-W27,typescript,41.8,linkedin_jobs
2024-W28,typescript,46.0,linkedin_jobs
2024-W29,typescript,42.0,linkedin_jobs
2024-W30,typescript,45.1,linkedin_jobs
2024-W31,typescript,40.8,linkedin_jobs
2024-W32,typescript,44.5,linkedin_jobs
2024-W33,typescript,47.7,linkedin_jobs
2024-W34,typescript,38.9,linkedin_jobs
2024-W35,typescript,47.4,linkedin_jobs
2024-W36,typescript,43.1,linkedin_jobs
2024-W37,typescript,44.4,linkedin_jobs
2024-W38,typescript,47.2,linkedin_jobs
2024-W39,typescript,48.0,linkedin_jobs
2024-W40,typescript,43.7,linkedin_jobs
2024-W41,typescript,45.1,linkedin_jobs
2024-W42,typescript,36.7,linkedin_jobs
2024-W43,typescript,43.2,linkedin_jobs
2024-W44,typescript,50.5,linkedin_jobs
2024-W45,typescript,50.4,linkedin_jobs
2024-W46,typescript,48.5,linkedin_jobs
2024-W47,typescript,49.9,linkedin_jobs
2024-W48,typescript,46.0,linkedin_jobs
2024-W49,typescript,50.8,linkedin_jobs
2024-W50,typescript,53.5,linkedin_jobs
2024-W51,typescript,47.3,linkedin_jobs
2024-W52,typescript,44.9,linkedin_jobs
2024-W53,typescript,45.3,linkedin_jobs
2025-W01,typescript,51.4,linkedin_jobs
2025-W02,typescript,50.3,linkedin_jobs
2025-W03,typescript,51.0,linkedin_jobs
2025-W04,typescript,43.9,linkedin_jobs
2025-W05,typescript,48.6,linkedin_jobs
2025-W06,typescript,53.0,linkedin_jobs
2025-W07,typescript,50.9,linkedin_jobs
2025-W08,typescript,50.4,linkedin_jobs
2025-W09,typescript,45.5,linkedin_jobs
2025-W10,typescript,48.5,linkedin_jobs
2025-W11,typescript,51.4,linkedin_jobs
2025-W12,typescript,55.4,linkedin_jobs
2025-W13,typescript,52.8,linkedin_jobs
2025-W14,typescript,54.0,linkedin_jobs
2025-W15,typescript,55.9,linkedin_jobs
2025-W16,typescript,56.7,linkedin_jobs
2025-W17,typescript,52.2,linkedin_jobs
2025-W18,typescript,52.0,linkedin_jobs
2025-W19,typescript,58.3,linkedin_jobs
2025-W20,typescript,53.4,linkedin_jobs
2025-W21,typescript,54.8,linkedin_jobs
2025-W22,typescript,56.2,linkedin_jobs
2025-W23,typescript,51.3,linkedin_jobs
2025-W24,typescript,54.0,linkedin_jobs
2025-W25,typescript,55.4,linkedin_jobs
2025-W26,typescript,53.8,linkedin_jobs
2025-W27,typescript,54.7,linkedin_jobs
2025-W28,typescript,51.4,linkedin_jobs
2025-W29,typescript,53.6,linkedin_jobs
2025-W30,typescript,57.2,linkedin_jobs
2025-W31,typescript,57.6,linkedin_jobs
2025-W32,typescript,46.8,linkedin_jobs
2025-W33,typescript,53.3,linkedin_jobs
2025-W34,typescript,60.8,linkedin_jobs
2025-W35,typescript,60.2,linkedin_jobs
2025-W36,typescript,58.8,linkedin_jobs
2025-W37,typescript,57.5,linkedin_jobs
2025-W38,typescript,54.7,linkedin_jobs
2025-W39,typescript,57.1,linkedin_jobs
2025-W40,typescript,59.8,linkedin_jobs
2025-W41,typescript,61.1,linkedin_jobs
2025-W42,typescript,56.3,linkedin_jobs
2025-W43,typescript,56.8,linkedin_jobs
2025-W44,typescript,58.1,linkedin_jobs
2025-W45,typescript,55.8,linkedin_jobs
2025-W46,typescript,58.6,linkedin_jobs
2025-W47,typescript,61.9,linkedin_jobs
2025-W48,typescript,58.2,linkedin_jobs
2025-W49,typescript,58.6,linkedin_jobs
2025-W50,typescript,60.4,linkedin_jobs
2025-W51,typescript,58.2,linkedin_jobs
2025-W52,typescript,59.8,linkedin_jobs
2026-W01,typescript,67.1,linkedin_jobs
2026-W02,typescript,56.6,linkedin_jobs
2026-W03,typescript,62.5,linkedin_jobs
2026-W04,typescript,64.7,linkedin_jobs
2026-W05,typescript,64.0,linkedin_jobs
2026-W06,typescript,59.2,linkedin_jobs
2026-W07,typescript,57.3,linkedin_jobs
2026-W08,typescript,60.9,linkedin_jobs
2026-W09,typescript,56.9,linkedin_jobs
2026-W10,typescript,65.5,linkedin_jobs
2026-W11,typescript,66.0,linkedin_jobs
2026-W12,typescript,63.3,linkedin_jobs
2026-W13,typescript,63.6,linkedin_jobs
2026-W14,typescript,66.5,linkedin_jobs
2026-W15,typescript,63.2,linkedin_jobs
2026-W16,typescript,65.2,linkedin_jobs
2026-W17,typescript,62.5,linkedin_jobs
2026-W18,typescript,64.0,linkedin_jobs
2026-W19,typescript,69.1,linkedin_jobs
2026-W20,typescript,62.3,linkedin_jobs
2026-W21,typescript,69.6,linkedin_jobs
2026-W22,typescript,61.0,linkedin_jobs
2026-W23,typescript,68.5,linkedin_jobs
2026-W24,typescript,64.9,linkedin_jobs
2026-W25,typescript,67.8,linkedin_jobs
2024-W01,go,29.4,linkedin_jobs
2024-W02,go,30.6,linkedin_jobs
2024-W03,go,25.7,linkedin_jobs
2024-W04,go,28.1,linkedin_jobs
2024-W05,go,25.6,linkedin_jobs
2024-W06,go,26.7,linkedin_jobs
2024-W07,go,22.4,linkedin_jobs
2024-W08,go,27.2,linkedin_jobs
2024-W09,go,27.1,linkedin_jobs
2024-W10,go,32.9,linkedin_jobs
2024-W11,go,27.2,linkedin_jobs
2024-W12,go,21.6,linkedin_jobs
2024-W13,go,30.4,linkedin_jobs
2024-W14,go,29.0,linkedin_jobs
2024-W15,go,31.8,linkedin_jobs
2024-W16,go,24.6,linkedin_jobs
2024-W17,go,27.6,linkedin_jobs
2024-W18,go,28.1,linkedin_jobs
2024-W19,go,31.1,linkedin_jobs
2024-W20,go,29.5,linkedin_jobs
2024-W21,go,32.0,linkedin_jobs
2024-W22,go,30.2,linkedin_jobs
2024-W23,go,29.8,linkedin_jobs
2024-W24,go,24.2,linkedin_jobs
2024-W25,go,28.3,linkedin_jobs
2024-W26,go,25.4,linkedin_jobs
2024-W27,go,26.8,linkedin_jobs
2024-W28,go,32.5,linkedin_jobs
2024-W29,go,32.0,linkedin_jobs
2024-W30,go,29.5,linkedin_jobs
2024-W31,go,28.7,linkedin_jobs
2024-W32,go,30.3,linkedin_jobs
2024-W33,go,29.6,linkedin_jobs
2024-W34,go,31.2,linkedin_jobs
2024-W35,go,29.0,linkedin_jobs
2024-W36,go,35.0,linkedin_jobs
2024-W37,go,28.0,linkedin_jobs
2024-W38,go,30.5,linkedin_jobs
2024-W39,go,30.0,linkedin_jobs
2024-W40,go,33.4,linkedin_jobs
2024-W41,go,35.1,linkedin_jobs
2024-W42,go,28.6,linkedin_jobs
2024-W43,go,31.0,linkedin_jobs
2024-W44,go,37.5,linkedin_jobs
2024-W45,go,34.4,linkedin_jobs
2024-W46,go,29.4,linkedin_jobs
2024-W47,go,39.1,linkedin_jobs
2024-W48,go,30.8,linkedin_jobs
2024-W49,go,33.3,linkedin_jobs
2024-W50,go,36.2,linkedin_jobs
2024-W51,go,30.1,linkedin_jobs
2024-W52,go,33.0,linkedin_jobs
2024-W53,go,31.7,linkedin_jobs
2025-W01,go,34.9,linkedin_jobs
2025-W02,go,33.4,linkedin_jobs
2025-W03,go,36.0,linkedin_jobs
2025-W04,go,32.7,linkedin_jobs
2025-W05,go,36.7,linkedin_jobs
2025-W06,go,27.6,linkedin_jobs
2025-W07,go,38.1,linkedin_jobs
2025-W08,go,34.9,linkedin_jobs
2025-W09,go,31.8,linkedin_jobs
2025-W10,go,34.7,linkedin_jobs
2025-W11,go,40.1,linkedin_jobs
2025-W12,go,29.4,linkedin_jobs
2025-W13,go,31.7,linkedin_jobs
2025-W14,go,32.6,linkedin_jobs
2025-W15,go,31.0,linkedin_jobs
2025-W16,go,36.6,linkedin_jobs
2025-W17,go,37.1,linkedin_jobs
2025-W18,go,35.1,linkedin_jobs
2025-W19,go,38.0,linkedin_jobs
2025-W20,go,34.9,linkedin_jobs
2025-W21,go,37.1,linkedin_jobs
2025-W22,go,32.2,linkedin_jobs
2025-W23,go,41.0,linkedin_jobs
2025-W24,go,32.9,linkedin_jobs
2025-W25,go,32.7,linkedin_jobs
2025-W26,go,35.7,linkedin_jobs
2025-W27,go,35.3,linkedin_jobs
2025-W28,go,36.1,linkedin_jobs
2025-W29,go,42.1,linkedin_jobs
2025-W30,go,40.8,linkedin_jobs
2025-W31,go,32.4,linkedin_jobs
2025-W32,go,39.6,linkedin_jobs
2025-W33,go,39.2,linkedin_jobs
2025-W34,go,33.6,linkedin_jobs
2025-W35,go,32.3,linkedin_jobs
2025-W36,go,40.3,linkedin_jobs
2025-W37,go,41.7,linkedin_jobs
2025-W38,go,37.1,linkedin_jobs
2025-W39,go,44.0,linkedin_jobs
2025-W40,go,45.8,linkedin_jobs
2025-W41,go,37.6,linkedin_jobs
2025-W42,go,41.8,linkedin_jobs
2025-W43,go,32.0,linkedin_jobs
2025-W44,go,41.3,linkedin_jobs
2025-W45,go,41.1,linkedin_jobs
2025-W46,go,38.1,linkedin_jobs
2025-W47,go,32.6,linkedin_jobs
2025-W48,go,38.9,linkedin_jobs
2025-W49,go,42.3,linkedin_jobs
2025-W50,go,38.8,linkedin_jobs
2025-W51,go,38.1,linkedin_jobs
2025-W52,go,42.9,linkedin_jobs
2026-W01,go,37.8,linkedin_jobs
2026-W02,go,40.7,linkedin_jobs
2026-W03,go,45.9,linkedin_jobs
2026-W04,go,40.7,linkedin_jobs
2026-W05,go,42.4,linkedin_jobs
2026-W06,go,40.6,linkedin_jobs
2026-W07,go,47.4,linkedin_jobs
2026-W08,go,43.1,linkedin_jobs
2026-W09,go,37.8,linkedin_jobs
2026-W10,go,44.9,linkedin_jobs
2026-W11,go,42.3,linkedin_jobs
2026-W12,go,44.3,linkedin_jobs
2026-W13,go,43.4,linkedin_jobs
2026-W14,go,41.1,linkedin_jobs
2026-W15,go,44.2,linkedin_jobs
2026-W16,go,44.4,linkedin_jobs
2026-W17,go,44.7,linkedin_jobs
2026-W18,go,44.1,linkedin_jobs
2026-W19,go,48.8,linkedin_jobs
2026-W20,go,46.1,linkedin_jobs
2026-W21,go,45.1,linkedin_jobs
2026-W22,go,48.9,linkedin_jobs
2026-W23,go,48.5,linkedin_jobs
2026-W24,go,48.9,linkedin_jobs
2026-W25,go,43.9,linkedin_jobs
2024-W01,rust,19.5,linkedin_jobs
2024-W02,rust,16.1,linkedin_jobs
2024-W03,rust,16.1,linkedin_jobs
2024-W04,rust,22.3,linkedin_jobs
2024-W05,rust,20.1,linkedin_jobs
2024-W06,rust,11.3,linkedin_jobs
2024-W07,rust,21.8,linkedin_jobs
2024-W08,rust,16.1,linkedin_jobs
2024-W09,rust,19.3,linkedin_jobs
2024-W10,rust,15.7,linkedin_jobs
2024-W11,rust,19.5,linkedin_jobs
2024-W12,rust,12.8,linkedin_jobs
2024-W13,rust,23.4,linkedin_jobs
2024-W14,rust,16.2,linkedin_jobs
2024-W15,rust,19.9,linkedin_jobs
2024-W16,rust,18.3,linkedin_jobs
2024-W17,rust,18.1,linkedin_jobs
2024-W18,rust,13.2,linkedin_jobs
2024-W19,rust,16.4,linkedin_jobs
2024-W20,rust,17.1,linkedin_jobs
2024-W21,rust,16.1,linkedin_jobs
2024-W22,rust,14.9,linkedin_jobs
2024-W23,rust,19.5,linkedin_jobs
2024-W24,rust,12.4,linkedin_jobs
2024-W25,rust,16.9,linkedin_jobs
2024-W26,rust,15.6,linkedin_jobs
2024-W27,rust,19.7,linkedin_jobs
2024-W28,rust,17.0,linkedin_jobs
2024-W29,rust,11.0,linkedin_jobs
2024-W30,rust,22.9,linkedin_jobs
2024-W31,rust,16.0,linkedin_jobs
2024-W32,rust,24.9,linkedin_jobs
2024-W33,rust,21.7,linkedin_jobs
2024-W34,rust,21.3,linkedin_jobs
2024-W35,rust,21.9,linkedin_jobs
2024-W36,rust,19.6,linkedin_jobs
2024-W37,rust,24.2,linkedin_jobs
2024-W38,rust,21.3,linkedin_jobs
2024-W39,rust,17.2,linkedin_jobs
2024-W40,rust,19.4,linkedin_jobs
2024-W41,rust,21.8,linkedin_jobs
2024-W42,rust,16.1,linkedin_jobs
2024-W43,rust,13.6,linkedin_jobs
2024-W44,rust,19.0,linkedin_jobs
2024-W45,rust,21.7,linkedin_jobs
2024-W46,rust,18.4,linkedin_jobs
2024-W47,rust,18.7,linkedin_jobs
2024-W48,rust,16.2,linkedin_jobs
2024-W49,rust,19.6,linkedin_jobs
2024-W50,rust,21.4,linkedin_jobs
2024-W51,rust,22.6,linkedin_jobs
2024-W52,rust,23.3,linkedin_jobs
2024-W53,rust,22.2,linkedin_jobs
2025-W01,rust,13.0,linkedin_jobs
2025-W02,rust,24.1,linkedin_jobs
2025-W03,rust,17.4,linkedin_jobs
2025-W04,rust,22.1,linkedin_jobs
2025-W05,rust,25.1,linkedin_jobs
2025-W06,rust,28.7,linkedin_jobs
2025-W07,rust,19.0,linkedin_jobs
2025-W08,rust,25.0,linkedin_jobs
2025-W09,rust,23.8,linkedin_jobs
2025-W10,rust,16.3,linkedin_jobs
2025-W11,rust,26.3,linkedin_jobs
2025-W12,rust,24.4,linkedin_jobs
2025-W13,rust,22.9,linkedin_jobs
2025-W14,rust,21.8,linkedin_jobs
2025-W15,rust,23.7,linkedin_jobs
2025-W16,rust,20.7,linkedin_jobs
2025-W17,rust,20.5,linkedin_jobs
2025-W18,rust,19.0,linkedin_jobs
2025-W19,rust,25.9,linkedin_jobs
2025-W20,rust,26.0,linkedin_jobs
2025-W21,rust,27.5,linkedin_jobs
2025-W22,rust,25.5,linkedin_jobs
2025-W23,rust,16.9,linkedin_jobs
2025-W24,rust,22.7,linkedin_jobs
2025-W25,rust,22.2,linkedin_jobs
2025-W26,rust,20.7,linkedin_jobs
2025-W27,rust,24.0,linkedin_jobs
2025-W28,rust,24.8,linkedin_jobs
2025-W29,rust,22.8,linkedin_jobs
2025-W30,rust,20.9,linkedin_jobs
2025-W31,rust,22.4,linkedin_jobs
2025-W32,rust,24.5,linkedin_jobs
2025-W33,rust,20.9,linkedin_jobs
2025-W34,rust,23.8,linkedin_jobs
2025-W35,rust,24.8,linkedin_jobs
2025-W36,rust,28.5,linkedin_jobs
2025-W37,rust,27.3,linkedin_jobs
2025-W38,rust,26.8,linkedin_jobs
2025-W39,rust,22.8,linkedin_jobs
2025-W40,rust,27.4,linkedin_jobs
2025-W41,rust,25.7,linkedin_jobs
2025-W42,rust,25.9,linkedin_jobs
2025-W43,rust,28.9,linkedin_jobs
2025-W44,rust,25.7,linkedin_jobs
2025-W45,rust,26.7,linkedin_jobs
2025-W46,rust,24.1,linkedin_jobs
2025-W47,rust,25.9,linkedin_jobs
2025-W48,rust,22.5,linkedin_jobs
2025-W49,rust,27.0,linkedin_jobs
2025-W50,rust,23.9,linkedin_jobs
2025-W51,rust,26.2,linkedin_jobs
2025-W52,rust,28.0,linkedin_jobs
2026-W01,rust,31.1,linkedin_jobs
2026-W02,rust,23.9,linkedin_jobs
2026-W03,rust,29.2,linkedin_jobs
2026-W04,rust,25.7,linkedin_jobs
2026-W05,rust,24.5,linkedin_jobs
2026-W06,rust,21.1,linkedin_jobs
2026-W07,rust,23.0,linkedin_jobs
2026-W08,rust,29.3,linkedin_jobs
2026-W09,rust,26.0,linkedin_jobs
2026-W10,rust,23.7,linkedin_jobs
2026-W11,rust,27.4,linkedin_jobs
2026-W12,rust,27.2,linkedin_jobs
2026-W13,rust,29.6,linkedin_jobs
2026-W14,rust,24.5,linkedin_jobs
2026-W15,rust,30.7,linkedin_jobs
2026-W16,rust,29.8,linkedin_jobs
2026-W17,rust,26.6,linkedin_jobs
2026-W18,rust,28.2,linkedin_jobs
2026-W19,rust,26.5,linkedin_jobs
2026-W20,rust,27.0,linkedin_jobs
2026-W21,rust,29.8,linkedin_jobs
2026-W22,rust,28.5,linkedin_jobs
2026-W23,rust,27.3,linkedin_jobs
2026-W24,rust,25.5,linkedin_jobs
2026-W25,rust,24.1,linkedin_jobs
2024-W01,php,34.3,linkedin_jobs
2024-W02,php,27.5,linkedin_jobs
2024-W03,php,34.5,linkedin_jobs
2024-W04,php,31.9,linkedin_jobs
2024-W05,php,39.3,linkedin_jobs
2024-W06,php,32.7,linkedin_jobs
2024-W07,php,29.1,linkedin_jobs
2024-W08,php,33.2,linkedin_jobs
2024-W09,php,29.0,linkedin_jobs
2024-W10,php,32.3,linkedin_jobs
2024-W11,php,34.0,linkedin_jobs
2024-W12,php,30.9,linkedin_jobs
2024-W13,php,35.2,linkedin_jobs
2024-W14,php,35.6,linkedin_jobs
2024-W15,php,28.3,linkedin_jobs
2024-W16,php,38.5,linkedin_jobs
2024-W17,php,28.3,linkedin_jobs
2024-W18,php,31.3,linkedin_jobs
2024-W19,php,32.5,linkedin_jobs
2024-W20,php,35.9,linkedin_jobs
2024-W21,php,29.6,linkedin_jobs
2024-W22,php,32.8,linkedin_jobs
2024-W23,php,25.9,linkedin_jobs
2024-W24,php,33.7,linkedin_jobs
2024-W25,php,31.4,linkedin_jobs
2024-W26,php,35.9,linkedin_jobs
2024-W27,php,30.1,linkedin_jobs
2024-W28,php,30.5,linkedin_jobs
2024-W29,php,28.5,linkedin_jobs
2024-W30,php,33.4,linkedin_jobs
2024-W31,php,33.9,linkedin_jobs
2024-W32,php,27.8,linkedin_jobs
2024-W33,php,31.1,linkedin_jobs
2024-W34,php,31.8,linkedin_jobs
2024-W35,php,31.7,linkedin_jobs
2024-W36,php,31.6,linkedin_jobs
2024-W37,php,29.7,linkedin_jobs
2024-W38,php,30.4,linkedin_jobs
2024-W39,php,31.5,linkedin_jobs
2024-W40,php,29.1,linkedin_jobs
2024-W41,php,26.9,linkedin_jobs
2024-W42,php,25.4,linkedin_jobs
2024-W43,php,31.8,linkedin_jobs
2024-W44,php,32.8,linkedin_jobs
2024-W45,php,32.5,linkedin_jobs
2024-W46,php,35.9,linkedin_jobs
2024-W47,php,32.2,linkedin_jobs
2024-W48,php,29.1,linkedin_jobs
2024-W49,php,31.7,linkedin_jobs
2024-W50,php,26.7,linkedin_jobs
2024-W51,php,28.5,linkedin_jobs
2024-W52,php,31.1,linkedin_jobs
2024-W53,php,31.2,linkedin_jobs
2025-W01,php,26.9,linkedin_jobs
2025-W02,php,26.5,linkedin_jobs
2025-W03,php,27.5,linkedin_jobs
2025-W04,php,31.2,linkedin_jobs
2025-W05,php,26.0,linkedin_jobs
2025-W06,php,28.2,linkedin_jobs
2025-W07,php,30.4,linkedin_jobs
2025-W08,php,26.4,linkedin_jobs
2025-W09,php,26.0,linkedin_jobs
2025-W10,php,30.7,linkedin_jobs
2025-W11,php,26.2,linkedin_jobs
2025-W12,php,25.8,linkedin_jobs
2025-W13,php,26.6,linkedin_jobs
2025-W14,php,32.4,linkedin_jobs
2025-W15,php,30.4,linkedin_jobs
2025-W16,php,25.7,linkedin_jobs
2025-W17,php,27.7,linkedin_jobs
2025-W18,php,24.8,linkedin_jobs
2025-W19,php,25.7,linkedin_jobs
2025-W20,php,22.6,linkedin_jobs
2025-W21,php,27.4,linkedin_jobs
2025-W22,php,25.8,linkedin_jobs
2025-W23,php,29.4,linkedin_jobs
2025-W24,php,30.9,linkedin_jobs
2025-W25,php,30.3,linkedin_jobs
2025-W26,php,26.6,linkedin_jobs
2025-W27,php,23.2,linkedin_jobs
2025-W28,php,23.4,linkedin_jobs
2025-W29,php,25.7,linkedin_jobs
2025-W30,php,28.2,linkedin_jobs
2025-W31,php,25.1,linkedin_jobs
2025-W32,php,19.3,linkedin_jobs
2025-W33,php,25.9,linkedin_jobs
2025-W34,php,21.5,linkedin_jobs
2025-W35,php,22.5,linkedin_jobs
2025-W36,php,25.3,linkedin_jobs
2025-W37,php,26.4,linkedin_jobs
2025-W38,php,22.5,linkedin_jobs
2025-W39,php,25.0,linkedin_jobs
2025-W40,php,22.7,linkedin_jobs
2025-W41,php,24.2,linkedin_jobs
2025-W42,php,23.4,linkedin_jobs
2025-W43,php,20.2,linkedin_jobs
2025-W44,php,25.0,linkedin_jobs
2025-W45,php,22.8,linkedin_jobs
2025-W46,php,20.9,linkedin_jobs
2025-W47,php,26.3,linkedin_jobs
2025-W48,php,24.0,linkedin_jobs
2025-W49,php,24.2,linkedin_jobs
2025-W50,php,20.7,linkedin_jobs
2025-W51,php,25.2,linkedin_jobs
2025-W52,php,29.0,linkedin_jobs
2026-W01,php,24.8,linkedin_jobs
2026-W02,php,20.0,linkedin_jobs
2026-W03,php,21.5,linkedin_jobs
2026-W04,php,20.9,linkedin_jobs
2026-W05,php,17.4,linkedin_jobs
2026-W06,php,24.1,linkedin_jobs
2026-W07,php,24.1,linkedin_jobs
2026-W08,php,18.4,linkedin_jobs
2026-W09,php,18.7,linkedin_jobs
2026-W10,php,17.7,linkedin_jobs
2026-W11,php,24.3,linkedin_jobs
2026-W12,php,21.9,linkedin_jobs
2026-W13,php,22.6,linkedin_jobs
2026-W14,php,19.3,linkedin_jobs
2026-W15,php,22.2,linkedin_jobs
2026-W16,php,21.5,linkedin_jobs
2026-W17,php,12.8,linkedin_jobs
2026-W18,php,22.1,linkedin_jobs
2026-W19,php,20.9,linkedin_jobs
2026-W20,php,21.6,linkedin_jobs
2026-W21,php,21.1,linkedin_jobs
2026-W22,php,18.6,linkedin_jobs
2026-W23,php,27.4,linkedin_jobs
2026-W24,php,27.4,linkedin_jobs
2026-W25,php,15.8,linkedin_jobs
2024-W01,csharp,35.8,linkedin_jobs
2024-W02,csharp,27.2,linkedin_jobs
2024-W03,csharp,41.6,linkedin_jobs
2024-W04,csharp,32.3,linkedin_jobs
2024-W05,csharp,29.3,linkedin_jobs
2024-W06,csharp,36.5,linkedin_jobs
2024-W07,csharp,34.6,linkedin_jobs
2024-W08,csharp,30.7,linkedin_jobs
2024-W09,csharp,24.5,linkedin_jobs
2024-W10,csharp,35.7,linkedin_jobs
2024-W11,csharp,31.3,linkedin_jobs
2024-W12,csharp,37.2,linkedin_jobs
2024-W13,csharp,34.4,linkedin_jobs
2024-W14,csharp,34.4,linkedin_jobs
2024-W15,csharp,31.9,linkedin_jobs
2024-W16,csharp,30.3,linkedin_jobs
2024-W17,csharp,33.1,linkedin_jobs
2024-W18,csharp,28.8,linkedin_jobs
2024-W19,csharp,35.5,linkedin_jobs
2024-W20,csharp,31.1,linkedin_jobs
2024-W21,csharp,30.9,linkedin_jobs
2024-W22,csharp,30.6,linkedin_jobs
2024-W23,csharp,32.8,linkedin_jobs
2024-W24,csharp,33.6,linkedin_jobs
2024-W25,csharp,33.6,linkedin_jobs
2024-W26,csharp,34.4,linkedin_jobs
2024-W27,csharp,37.5,linkedin_jobs
2024-W28,csharp,33.5,linkedin_jobs
2024-W29,csharp,30.5,linkedin_jobs
2024-W30,csharp,34.2,linkedin_jobs
2024-W31,csharp,31.7,linkedin_jobs
2024-W32,csharp,34.6,linkedin_jobs
2024-W33,csharp,33.7,linkedin_jobs
2024-W34,csharp,32.2,linkedin_jobs
2024-W35,csharp,32.4,linkedin_jobs
2024-W36,csharp,32.9,linkedin_jobs
2024-W37,csharp,34.5,linkedin_jobs
2024-W38,csharp,34.4,linkedin_jobs
2024-W39,csharp,37.6,linkedin_jobs
2024-W40,csharp,31.3,linkedin_jobs
2024-W41,csharp,31.1,linkedin_jobs
2024-W42,csharp,33.1,linkedin_jobs
2024-W43,csharp,31.3,linkedin_jobs
2024-W44,csharp,27.3,linkedin_jobs
2024-W45,csharp,31.7,linkedin_jobs
2024-W46,csharp,30.8,linkedin_jobs
2024-W47,csharp,30.7,linkedin_jobs
2024-W48,csharp,32.8,linkedin_jobs
2024-W49,csharp,31.0,linkedin_jobs
2024-W50,csharp,31.4,linkedin_jobs
2024-W51,csharp,29.7,linkedin_jobs
2024-W52,csharp,34.4,linkedin_jobs
2024-W53,csharp,33.2,linkedin_jobs
2025-W01,csharp,30.9,linkedin_jobs
2025-W02,csharp,30.8,linkedin_jobs
2025-W03,csharp,35.0,linkedin_jobs
2025-W04,csharp,37.0,linkedin_jobs
2025-W05,csharp,27.7,linkedin_jobs
2025-W06,csharp,38.1,linkedin_jobs
2025-W07,csharp,30.8,linkedin_jobs
2025-W08,csharp,27.6,linkedin_jobs
2025-W09,csharp,32.0,linkedin_jobs
2025-W10,csharp,29.1,linkedin_jobs
2025-W11,csharp,31.5,linkedin_jobs
2025-W12,csharp,32.6,linkedin_jobs
2025-W13,csharp,29.8,linkedin_jobs
2025-W14,csharp,30.4,linkedin_jobs
2025-W15,csharp,28.3,linkedin_jobs
2025-W16,csharp,35.3,linkedin_jobs
2025-W17,csharp,31.8,linkedin_jobs
2025-W18,csharp,25.3,linkedin_jobs
2025-W19,csharp,32.6,linkedin_jobs
2025-W20,csharp,34.5,linkedin_jobs
2025-W21,csharp,31.5,linkedin_jobs
2025-W22,csharp,25.7,linkedin_jobs
2025-W23,csharp,31.8,linkedin_jobs
2025-W24,csharp,30.8,linkedin_jobs
2025-W25,csharp,30.9,linkedin_jobs
2025-W26,csharp,31.8,linkedin_jobs
2025-W27,csharp,29.2,linkedin_jobs
2025-W28,csharp,36.4,linkedin_jobs
2025-W29,csharp,32.5,linkedin_jobs
2025-W30,csharp,27.8,linkedin_jobs
2025-W31,csharp,31.5,linkedin_jobs
2025-W32,csharp,28.9,linkedin_jobs
2025-W33,csharp,37.9,linkedin_jobs
2025-W34,csharp,35.2,linkedin_jobs
2025-W35,csharp,32.6,linkedin_jobs
2025-W36,csharp,29.4,linkedin_jobs
2025-W37,csharp,26.1,linkedin_jobs
2025-W38,csharp,32.0,linkedin_jobs
2025-W39,csharp,30.4,linkedin_jobs
2025-W40,csharp,31.0,linkedin_jobs
2025-W41,csharp,28.6,linkedin_jobs
2025-W42,csharp,25.4,linkedin_jobs
2025-W43,csharp,28.5,linkedin_jobs
2025-W44,csharp,28.7,linkedin_jobs
2025-W45,csharp,33.8,linkedin_jobs
2025-W46,csharp,34.9,linkedin_jobs
2025-W47,csharp,23.9,linkedin_jobs
2025-W48,csharp,30.6,linkedin_jobs
2025-W49,csharp,27.9,linkedin_jobs
2025-W50,csharp,33.9,linkedin_jobs
2025-W51,csharp,32.5,linkedin_jobs
2025-W52,csharp,32.3,linkedin_jobs
2026-W01,csharp,31.1,linkedin_jobs
2026-W02,csharp,30.5,linkedin_jobs
2026-W03,csharp,31.1,linkedin_jobs
2026-W04,csharp,33.9,linkedin_jobs
2026-W05,csharp,28.1,linkedin_jobs
2026-W06,csharp,32.4,linkedin_jobs
2026-W07,csharp,30.8,linkedin_jobs
2026-W08,csharp,26.4,linkedin_jobs
2026-W09,csharp,27.8,linkedin_jobs
2026-W10,csharp,30.3,linkedin_jobs
2026-W11,csharp,29.5,linkedin_jobs
2026-W12,csharp,29.6,linkedin_jobs
2026-W13,csharp,31.7,linkedin_jobs
2026-W14,csharp,30.9,linkedin_jobs
2026-W15,csharp,31.5,linkedin_jobs
2026-W16,csharp,30.4,linkedin_jobs
2026-W17,csharp,25.7,linkedin_jobs
2026-W18,csharp,35.2,linkedin_jobs
2026-W19,csharp,31.2,linkedin_jobs
2026-W20,csharp,27.5,linkedin_jobs
2026-W21,csharp,28.6,linkedin_jobs
2026-W22,csharp,32.5,linkedin_jobs
2026-W23,csharp,30.7,linkedin_jobs
2026-W24,csharp,27.3,linkedin_jobs
2026-W25,csharp,34.1,linkedin_jobs
2024-W01,cpp,18.9,linkedin_jobs
2024-W02,cpp,27.8,linkedin_jobs
2024-W03,cpp,28.1,linkedin_jobs
2024-W04,cpp,22.2,linkedin_jobs
2024-W05,cpp,21.8,linkedin_jobs
2024-W06,cpp,22.6,linkedin_jobs
2024-W07,cpp,23.7,linkedin_jobs
2024-W08,cpp,20.0,linkedin_jobs
2024-W09,cpp,15.4,linkedin_jobs
2024-W10,cpp,24.5,linkedin_jobs
2024-W11,cpp,25.8,linkedin_jobs
2024-W12,cpp,24.1,linkedin_jobs
2024-W13,cpp,20.9,linkedin_jobs
2024-W14,cpp,25.1,linkedin_jobs
2024-W15,cpp,17.9,linkedin_jobs
2024-W16,cpp,16.2,linkedin_jobs
2024-W17,cpp,19.3,linkedin_jobs
2024-W18,cpp,21.9,linkedin_jobs
2024-W19,cpp,24.8,linkedin_jobs
2024-W20,cpp,21.4,linkedin_jobs
2024-W21,cpp,25.8,linkedin_jobs
2024-W22,cpp,22.2,linkedin_jobs
2024-W23,cpp,22.5,linkedin_jobs
2024-W24,cpp,21.5,linkedin_jobs
2024-W25,cpp,20.3,linkedin_jobs
2024-W26,cpp,25.1,linkedin_jobs
2024-W27,cpp,18.3,linkedin_jobs
2024-W28,cpp,14.3,linkedin_jobs
2024-W29,cpp,25.4,linkedin_jobs
2024-W30,cpp,18.1,linkedin_jobs
2024-W31,cpp,24.6,linkedin_jobs
2024-W32,cpp,22.1,linkedin_jobs
2024-W33,cpp,22.9,linkedin_jobs
2024-W34,cpp,26.4,linkedin_jobs
2024-W35,cpp,21.2,linkedin_jobs
2024-W36,cpp,23.6,linkedin_jobs
2024-W37,cpp,30.9,linkedin_jobs
2024-W38,cpp,19.1,linkedin_jobs
2024-W39,cpp,26.2,linkedin_jobs
2024-W40,cpp,19.5,linkedin_jobs
2024-W41,cpp,22.0,linkedin_jobs
2024-W42,cpp,18.5,linkedin_jobs
2024-W43,cpp,20.3,linkedin_jobs
2024-W44,cpp,26.3,linkedin_jobs
2024-W45,cpp,28.8,linkedin_jobs
2024-W46,cpp,20.0,linkedin_jobs
2024-W47,cpp,20.3,linkedin_jobs
2024-W48,cpp,21.1,linkedin_jobs
2024-W49,cpp,15.5,linkedin_jobs
2024-W50,cpp,18.0,linkedin_jobs
2024-W51,cpp,17.4,linkedin_jobs
2024-W52,cpp,24.1,linkedin_jobs
2024-W53,cpp,22.7,linkedin_jobs
2025-W01,cpp,16.0,linkedin_jobs
2025-W02,cpp,25.0,linkedin_jobs
2025-W03,cpp,20.5,linkedin_jobs
2025-W04,cpp,19.3,linkedin_jobs
2025-W05,cpp,21.7,linkedin_jobs
2025-W06,cpp,19.7,linkedin_jobs
2025-W07,cpp,21.9,linkedin_jobs
2025-W08,cpp,18.8,linkedin_jobs
2025-W09,cpp,21.3,linkedin_jobs
2025-W10,cpp,20.0,linkedin_jobs
2025-W11,cpp,17.4,linkedin_jobs
2025-W12,cpp,22.0,linkedin_jobs
2025-W13,cpp,20.1,linkedin_jobs
2025-W14,cpp,22.0,linkedin_jobs
2025-W15,cpp,20.3,linkedin_jobs
2025-W16,cpp,20.6,linkedin_jobs
2025-W17,cpp,19.6,linkedin_jobs
2025-W18,cpp,24.5,linkedin_jobs
2025-W19,cpp,22.2,linkedin_jobs
2025-W20,cpp,20.5,linkedin_jobs
2025-W21,cpp,23.5,linkedin_jobs
2025-W22,cpp,21.0,linkedin_jobs
2025-W23,cpp,24.8,linkedin_jobs
2025-W24,cpp,24.1,linkedin_jobs
2025-W25,cpp,24.5,linkedin_jobs
2025-W26,cpp,17.9,linkedin_jobs
2025-W27,cpp,15.9,linkedin_jobs
2025-W28,cpp,19.0,linkedin_jobs
2025-W29,cpp,20.5,linkedin_jobs
2025-W30,cpp,21.2,linkedin_jobs
2025-W31,cpp,21.6,linkedin_jobs
2025-W32,cpp,15.1,linkedin_jobs
2025-W33,cpp,18.6,linkedin_jobs
2025-W34,cpp,20.3,linkedin_jobs
2025-W35,cpp,20.8,linkedin_jobs
2025-W36,cpp,16.8,linkedin_jobs
2025-W37,cpp,21.7,linkedin_jobs
2025-W38,cpp,17.8,linkedin_jobs
2025-W39,cpp,23.6,linkedin_jobs
2025-W40,cpp,20.3,linkedin_jobs
2025-W41,cpp,21.0,linkedin_jobs
2025-W42,cpp,25.6,linkedin_jobs
2025-W43,cpp,22.5,linkedin_jobs
2025-W44,cpp,15.8,linkedin_jobs
2025-W45,cpp,17.9,linkedin_jobs
2025-W46,cpp,26.3,linkedin_jobs
2025-W47,cpp,23.1,linkedin_jobs
2025-W48,cpp,16.9,linkedin_jobs
2025-W49,cpp,15.6,linkedin_jobs
2025-W50,cpp,17.0,linkedin_jobs
2025-W51,cpp,22.6,linkedin_jobs
2025-W52,cpp,21.6,linkedin_jobs
2026-W01,cpp,16.3,linkedin_jobs
2026-W02,cpp,23.7,linkedin_jobs
2026-W03,cpp,17.2,linkedin_jobs
2026-W04,cpp,20.1,linkedin_jobs
2026-W05,cpp,19.7,linkedin_jobs
2026-W06,cpp,15.9,linkedin_jobs
2026-W07,cpp,20.8,linkedin_jobs
2026-W08,cpp,18.6,linkedin_jobs
2026-W09,cpp,18.0,linkedin_jobs
2026-W10,cpp,19.4,linkedin_jobs
2026-W11,cpp,19.4,linkedin_jobs
2026-W12,cpp,23.7,linkedin_jobs
2026-W13,cpp,18.5,linkedin_jobs
2026-W14,cpp,19.1,linkedin_jobs
2026-W15,cpp,20.5,linkedin_jobs
2026-W16,cpp,21.7,linkedin_jobs
2026-W17,cpp,25.2,linkedin_jobs
2026-W18,cpp,18.0,linkedin_jobs
2026-W19,cpp,20.9,linkedin_jobs
2026-W20,cpp,22.5,linkedin_jobs
2026-W21,cpp,18.9,linkedin_jobs
2026-W22,cpp,23.3,linkedin_jobs
2026-W23,cpp,12.7,linkedin_jobs
2026-W24,cpp,16.9,linkedin_jobs
2026-W25,cpp,16.1,linkedin_jobs
2024-W01,kotlin,21.0,linkedin_jobs
2024-W02,kotlin,18.6,linkedin_jobs
2024-W03,kotlin,16.9,linkedin_jobs
2024-W04,kotlin,14.2,linkedin_jobs
2024-W05,kotlin,17.7,linkedin_jobs
2024-W06,kotlin,20.1,linkedin_jobs
2024-W07,kotlin,22.5,linkedin_jobs
2024-W08,kotlin,18.1,linkedin_jobs
2024-W09,kotlin,17.3,linkedin_jobs
2024-W10,kotlin,22.4,linkedin_jobs
2024-W11,kotlin,16.1,linkedin_jobs
2024-W12,kotlin,20.9,linkedin_jobs
2024-W13,kotlin,22.6,linkedin_jobs
2024-W14,kotlin,17.9,linkedin_jobs
2024-W15,kotlin,18.6,linkedin_jobs
2024-W16,kotlin,17.1,linkedin_jobs
2024-W17,kotlin,15.7,linkedin_jobs
2024-W18,kotlin,24.9,linkedin_jobs
2024-W19,kotlin,21.6,linkedin_jobs
2024-W20,kotlin,19.8,linkedin_jobs
2024-W21,kotlin,22.7,linkedin_jobs
2024-W22,kotlin,19.7,linkedin_jobs
2024-W23,kotlin,13.1,linkedin_jobs
2024-W24,kotlin,19.4,linkedin_jobs
2024-W25,kotlin,10.5,linkedin_jobs
2024-W26,kotlin,14.7,linkedin_jobs
2024-W27,kotlin,19.5,linkedin_jobs
2024-W28,kotlin,18.6,linkedin_jobs
2024-W29,kotlin,14.0,linkedin_jobs
2024-W30,kotlin,20.8,linkedin_jobs
2024-W31,kotlin,18.6,linkedin_jobs
2024-W32,kotlin,19.4,linkedin_jobs
2024-W33,kotlin,19.8,linkedin_jobs
2024-W34,kotlin,18.0,linkedin_jobs
2024-W35,kotlin,17.8,linkedin_jobs
2024-W36,kotlin,20.6,linkedin_jobs
2024-W37,kotlin,20.9,linkedin_jobs
2024-W38,kotlin,17.7,linkedin_jobs
2024-W39,kotlin,20.1,linkedin_jobs
2024-W40,kotlin,15.7,linkedin_jobs
2024-W41,kotlin,19.9,linkedin_jobs
2024-W42,kotlin,16.1,linkedin_jobs
2024-W43,kotlin,17.0,linkedin_jobs
2024-W44,kotlin,17.7,linkedin_jobs
2024-W45,kotlin,21.3,linkedin_jobs
2024-W46,kotlin,22.2,linkedin_jobs
2024-W47,kotlin,17.9,linkedin_jobs
2024-W48,kotlin,20.1,linkedin_jobs
2024-W49,kotlin,20.3,linkedin_jobs
2024-W50,kotlin,20.0,linkedin_jobs
2024-W51,kotlin,22.5,linkedin_jobs
2024-W52,kotlin,22.0,linkedin_jobs
2024-W53,kotlin,23.3,linkedin_jobs
2025-W01,kotlin,23.5,linkedin_jobs
2025-W02,kotlin,24.7,linkedin_jobs
2025-W03,kotlin,16.4,linkedin_jobs
2025-W04,kotlin,20.8,linkedin_jobs
2025-W05,kotlin,20.3,linkedin_jobs
2025-W06,kotlin,19.2,linkedin_jobs
2025-W07,kotlin,24.6,linkedin_jobs
2025-W08,kotlin,24.1,linkedin_jobs
2025-W09,kotlin,17.3,linkedin_jobs
2025-W10,kotlin,21.1,linkedin_jobs
2025-W11,kotlin,13.9,linkedin_jobs
2025-W12,kotlin,24.8,linkedin_jobs
2025-W13,kotlin,19.8,linkedin_jobs
2025-W14,kotlin,21.0,linkedin_jobs
2025-W15,kotlin,21.2,linkedin_jobs
2025-W16,kotlin,19.3,linkedin_jobs
2025-W17,kotlin,16.3,linkedin_jobs
2025-W18,kotlin,20.0,linkedin_jobs
2025-W19,kotlin,25.7,linkedin_jobs
2025-W20,kotlin,18.5,linkedin_jobs
2025-W21,kotlin,22.4,linkedin_jobs
2025-W22,kotlin,23.1,linkedin_jobs
2025-W23,kotlin,22.0,linkedin_jobs
2025-W24,kotlin,22.2,linkedin_jobs
2025-W25,kotlin,24.7,linkedin_jobs
2025-W26,kotlin,17.3,linkedin_jobs
2025-W27,kotlin,21.3,linkedin_jobs
2025-W28,kotlin,26.7,linkedin_jobs
2025-W29,kotlin,25.2,linkedin_jobs
2025-W30,kotlin,20.2,linkedin_jobs
2025-W31,kotlin,18.7,linkedin_jobs
2025-W32,kotlin,19.4,linkedin_jobs
2025-W33,kotlin,20.1,linkedin_jobs
2025-W34,kotlin,23.2,linkedin_jobs
2025-W35,kotlin,16.3,linkedin_jobs
2025-W36,kotlin,23.2,linkedin_jobs
2025-W37,kotlin,22.0,linkedin_jobs
2025-W38,kotlin,14.8,linkedin_jobs
2025-W39,kotlin,24.1,linkedin_jobs
2025-W40,kotlin,23.4,linkedin_jobs
2025-W41,kotlin,20.7,linkedin_jobs
2025-W42,kotlin,20.5,linkedin_jobs
2025-W43,kotlin,24.2,linkedin_jobs
2025-W44,kotlin,21.3,linkedin_jobs
2025-W45,kotlin,23.1,linkedin_jobs
2025-W46,kotlin,19.8,linkedin_jobs
2025-W47,kotlin,27.5,linkedin_jobs
2025-W48,kotlin,17.1,linkedin_jobs
2025-W49,kotlin,25.2,linkedin_jobs
2025-W50,kotlin,18.8,linkedin_jobs
2025-W51,kotlin,23.0,linkedin_jobs
2025-W52,kotlin,16.7,linkedin_jobs
2026-W01,kotlin,18.9,linkedin_jobs
2026-W02,kotlin,20.5,linkedin_jobs
2026-W03,kotlin,23.8,linkedin_jobs
2026-W04,kotlin,19.5,linkedin_jobs
2026-W05,kotlin,19.2,linkedin_jobs
2026-W06,kotlin,21.9,linkedin_jobs
2026-W07,kotlin,19.9,linkedin_jobs
2026-W08,kotlin,23.4,linkedin_jobs
2026-W09,kotlin,18.5,linkedin_jobs
2026-W10,kotlin,26.8,linkedin_jobs
2026-W11,kotlin,24.5,linkedin_jobs
2026-W12,kotlin,21.0,linkedin_jobs
2026-W13,kotlin,19.1,linkedin_jobs
2026-W14,kotlin,18.1,linkedin_jobs
2026-W15,kotlin,17.6,linkedin_jobs
2026-W16,kotlin,21.3,linkedin_jobs
2026-W17,kotlin,18.6,linkedin_jobs
2026-W18,kotlin,25.5,linkedin_jobs
2026-W19,kotlin,24.6,linkedin_jobs
2026-W20,kotlin,21.5,linkedin_jobs
2026-W21,kotlin,22.0,linkedin_jobs
2026-W22,kotlin,25.9,linkedin_jobs
2026-W23,kotlin,21.2,linkedin_jobs
2026-W24,kotlin,19.4,linkedin_jobs
2026-W25,kotlin,18.6,linkedin_jobs
2024-W01,swift,18.4,linkedin_jobs
2024-W02,swift,16.0,linkedin_jobs
2024-W03,swift,17.7,linkedin_jobs
2024-W04,swift,23.2,linkedin_jobs
2024-W05,swift,16.0,linkedin_jobs
2024-W06,swift,19.3,linkedin_jobs
2024-W07,swift,19.4,linkedin_jobs
2024-W08,swift,22.3,linkedin_jobs
2024-W09,swift,15.4,linkedin_jobs
2024-W10,swift,13.4,linkedin_jobs
2024-W11,swift,25.4,linkedin_jobs
2024-W12,swift,14.2,linkedin_jobs
2024-W13,swift,19.2,linkedin_jobs
2024-W14,swift,19.0,linkedin_jobs
2024-W15,swift,19.6,linkedin_jobs
2024-W16,swift,18.8,linkedin_jobs
2024-W17,swift,21.8,linkedin_jobs
2024-W18,swift,14.1,linkedin_jobs
2024-W19,swift,25.4,linkedin_jobs
2024-W20,swift,18.2,linkedin_jobs
2024-W21,swift,23.2,linkedin_jobs
2024-W22,swift,19.0,linkedin_jobs
2024-W23,swift,17.3,linkedin_jobs
2024-W24,swift,18.3,linkedin_jobs
2024-W25,swift,18.7,linkedin_jobs
2024-W26,swift,15.5,linkedin_jobs
2024-W27,swift,18.5,linkedin_jobs
2024-W28,swift,15.8,linkedin_jobs
2024-W29,swift,15.6,linkedin_jobs
2024-W30,swift,22.8,linkedin_jobs
2024-W31,swift,19.8,linkedin_jobs
2024-W32,swift,17.9,linkedin_jobs
2024-W33,swift,21.0,linkedin_jobs
2024-W34,swift,18.3,linkedin_jobs
2024-W35,swift,16.7,linkedin_jobs
2024-W36,swift,19.0,linkedin_jobs
2024-W37,swift,19.1,linkedin_jobs
2024-W38,swift,14.7,linkedin_jobs
2024-W39,swift,19.3,linkedin_jobs
2024-W40,swift,22.0,linkedin_jobs
2024-W41,swift,11.3,linkedin_jobs
2024-W42,swift,16.9,linkedin_jobs
2024-W43,swift,12.9,linkedin_jobs
2024-W44,swift,18.3,linkedin_jobs
2024-W45,swift,21.1,linkedin_jobs
2024-W46,swift,18.1,linkedin_jobs
2024-W47,swift,13.7,linkedin_jobs
2024-W48,swift,16.2,linkedin_jobs
2024-W49,swift,21.4,linkedin_jobs
2024-W50,swift,12.4,linkedin_jobs
2024-W51,swift,16.5,linkedin_jobs
2024-W52,swift,21.5,linkedin_jobs
2024-W53,swift,18.6,linkedin_jobs
2025-W01,swift,19.0,linkedin_jobs
2025-W02,swift,15.4,linkedin_jobs
2025-W03,swift,19.2,linkedin_jobs
2025-W04,swift,16.9,linkedin_jobs
2025-W05,swift,20.6,linkedin_jobs
2025-W06,swift,15.8,linkedin_jobs
2025-W07,swift,23.2,linkedin_jobs
2025-W08,swift,12.7,linkedin_jobs
2025-W09,swift,21.4,linkedin_jobs
2025-W10,swift,20.2,linkedin_jobs
2025-W11,swift,16.2,linkedin_jobs
2025-W12,swift,21.2,linkedin_jobs
2025-W13,swift,18.0,linkedin_jobs
2025-W14,swift,16.1,linkedin_jobs
2025-W15,swift,23.0,linkedin_jobs
2025-W16,swift,17.7,linkedin_jobs
2025-W17,swift,19.3,linkedin_jobs
2025-W18,swift,15.3,linkedin_jobs
2025-W19,swift,19.1,linkedin_jobs
2025-W20,swift,20.4,linkedin_jobs
2025-W21,swift,22.8,linkedin_jobs
2025-W22,swift,17.2,linkedin_jobs
2025-W23,swift,16.8,linkedin_jobs
2025-W24,swift,19.4,linkedin_jobs
2025-W25,swift,14.6,linkedin_jobs
2025-W26,swift,16.0,linkedin_jobs
2025-W27,swift,15.4,linkedin_jobs
2025-W28,swift,17.7,linkedin_jobs
2025-W29,swift,20.4,linkedin_jobs
2025-W30,swift,17.8,linkedin_jobs
2025-W31,swift,12.5,linkedin_jobs
2025-W32,swift,19.4,linkedin_jobs
2025-W33,swift,16.3,linkedin_jobs
2025-W34,swift,12.1,linkedin_jobs
2025-W35,swift,16.6,linkedin_jobs
2025-W36,swift,16.1,linkedin_jobs
2025-W37,swift,19.8,linkedin_jobs
2025-W38,swift,14.9,linkedin_jobs
2025-W39,swift,15.4,linkedin_jobs
2025-W40,swift,19.1,linkedin_jobs
2025-W41,swift,17.5,linkedin_jobs
2025-W42,swift,19.0,linkedin_jobs
2025-W43,swift,20.4,linkedin_jobs
2025-W44,swift,15.8,linkedin_jobs
2025-W45,swift,16.8,linkedin_jobs
2025-W46,swift,15.1,linkedin_jobs
2025-W47,swift,14.5,linkedin_jobs
2025-W48,swift,20.1,linkedin_jobs
2025-W49,swift,19.9,linkedin_jobs
2025-W50,swift,16.0,linkedin_jobs
2025-W51,swift,14.0,linkedin_jobs
2025-W52,swift,12.9,linkedin_jobs
2026-W01,swift,16.4,linkedin_jobs
2026-W02,swift,14.8,linkedin_jobs
2026-W03,swift,14.4,linkedin_jobs
2026-W04,swift,20.2,linkedin_jobs
2026-W05,swift,11.5,linkedin_jobs
2026-W06,swift,18.6,linkedin_jobs
2026-W07,swift,14.7,linkedin_jobs
2026-W08,swift,14.2,linkedin_jobs
2026-W09,swift,13.1,linkedin_jobs
2026-W10,swift,14.7,linkedin_jobs
2026-W11,swift,13.2,linkedin_jobs
2026-W12,swift,13.1,linkedin_jobs
2026-W13,swift,17.2,linkedin_jobs
2026-W14,swift,14.7,linkedin_jobs
2026-W15,swift,17.1,linkedin_jobs
2026-W16,swift,17.9,linkedin_jobs
2026-W17,swift,13.8,linkedin_jobs
2026-W18,swift,17.0,linkedin_jobs
2026-W19,swift,15.0,linkedin_jobs
2026-W20,swift,14.9,linkedin_jobs
2026-W21,swift,15.9,linkedin_jobs
2026-W22,swift,10.2,linkedin_jobs
2026-W23,swift,13.0,linkedin_jobs
2026-W24,swift,20.0,linkedin_jobs
2026-W25,swift,13.5,linkedin_jobs
2024-W01,ruby,11.8,linkedin_jobs
2024-W02,ruby,11.3,linkedin_jobs
2024-W03,ruby,13.7,linkedin_jobs
2024-W04,ruby,14.4,linkedin_jobs
2024-W05,ruby,19.7,linkedin_jobs
2024-W06,ruby,11.4,linkedin_jobs
2024-W07,ruby,8.9,linkedin_jobs
2024-W08,ruby,15.0,linkedin_jobs
2024-W09,ruby,15.4,linkedin_jobs
2024-W10,ruby,9.2,linkedin_jobs
2024-W11,ruby,12.3,linkedin_jobs
2024-W12,ruby,13.8,linkedin_jobs
2024-W13,ruby,13.1,linkedin_jobs
2024-W14,ruby,21.6,linkedin_jobs
2024-W15,ruby,15.7,linkedin_jobs
2024-W16,ruby,14.6,linkedin_jobs
2024-W17,ruby,13.6,linkedin_jobs
2024-W18,ruby,17.9,linkedin_jobs
2024-W19,ruby,15.4,linkedin_jobs
2024-W20,ruby,11.1,linkedin_jobs
2024-W21,ruby,8.6,linkedin_jobs
2024-W22,ruby,13.4,linkedin_jobs
2024-W23,ruby,10.1,linkedin_jobs
2024-W24,ruby,8.3,linkedin_jobs
2024-W25,ruby,10.6,linkedin_jobs
2024-W26,ruby,15.4,linkedin_jobs
2024-W27,ruby,15.7,linkedin_jobs
2024-W28,ruby,11.9,linkedin_jobs
2024-W29,ruby,15.8,linkedin_jobs
2024-W30,ruby,15.2,linkedin_jobs
2024-W31,ruby,10.7,linkedin_jobs
2024-W32,ruby,13.3,linkedin_jobs
2024-W33,ruby,19.0,linkedin_jobs
2024-W34,ruby,13.7,linkedin_jobs
2024-W35,ruby,9.0,linkedin_jobs
2024-W36,ruby,13.8,linkedin_jobs
2024-W37,ruby,12.5,linkedin_jobs
2024-W38,ruby,18.1,linkedin_jobs
2024-W39,ruby,13.0,linkedin_jobs
2024-W40,ruby,10.9,linkedin_jobs
2024-W41,ruby,12.0,linkedin_jobs
2024-W42,ruby,14.1,linkedin_jobs
2024-W43,ruby,15.1,linkedin_jobs
2024-W44,ruby,16.3,linkedin_jobs
2024-W45,ruby,14.7,linkedin_jobs
2024-W46,ruby,12.9,linkedin_jobs
2024-W47,ruby,10.5,linkedin_jobs
2024-W48,ruby,14.0,linkedin_jobs
2024-W49,ruby,9.7,linkedin_jobs
2024-W50,ruby,14.9,linkedin_jobs
2024-W51,ruby,12.4,linkedin_jobs
2024-W52,ruby,12.3,linkedin_jobs
2024-W53,ruby,10.9,linkedin_jobs
2025-W01,ruby,15.5,linkedin_jobs
2025-W02,ruby,8.2,linkedin_jobs
2025-W03,ruby,18.7,linkedin_jobs
2025-W04,ruby,15.7,linkedin_jobs
2025-W05,ruby,11.7,linkedin_jobs
2025-W06,ruby,13.1,linkedin_jobs
2025-W07,ruby,13.1,linkedin_jobs
2025-W08,ruby,6.5,linkedin_jobs
2025-W09,ruby,12.6,linkedin_jobs
2025-W10,ruby,9.8,linkedin_jobs
2025-W11,ruby,10.3,linkedin_jobs
2025-W12,ruby,10.6,linkedin_jobs
2025-W13,ruby,14.8,linkedin_jobs
2025-W14,ruby,8.6,linkedin_jobs
2025-W15,ruby,13.7,linkedin_jobs
2025-W16,ruby,8.0,linkedin_jobs
2025-W17,ruby,13.6,linkedin_jobs
2025-W18,ruby,9.5,linkedin_jobs
2025-W19,ruby,7.4,linkedin_jobs
2025-W20,ruby,8.9,linkedin_jobs
2025-W21,ruby,9.7,linkedin_jobs
2025-W22,ruby,15.3,linkedin_jobs
2025-W23,ruby,15.0,linkedin_jobs
2025-W24,ruby,13.3,linkedin_jobs
2025-W25,ruby,10.3,linkedin_jobs
2025-W26,ruby,4.5,linkedin_jobs
2025-W27,ruby,13.0,linkedin_jobs
2025-W28,ruby,5.0,linkedin_jobs
2025-W29,ruby,5.5,linkedin_jobs
2025-W30,ruby,6.7,linkedin_jobs
2025-W31,ruby,11.3,linkedin_jobs
2025-W32,ruby,13.6,linkedin_jobs
2025-W33,ruby,7.9,linkedin_jobs
2025-W34,ruby,10.9,linkedin_jobs
2025-W35,ruby,11.9,linkedin_jobs
2025-W36,ruby,6.1,linkedin_jobs
2025-W37,ruby,6.8,linkedin_jobs
2025-W38,ruby,10.7,linkedin_jobs
2025-W39,ruby,15.9,linkedin_jobs
2025-W40,ruby,5.7,linkedin_jobs
2025-W41,ruby,13.9,linkedin_jobs
2025-W42,ruby,12.1,linkedin_jobs
2025-W43,ruby,11.3,linkedin_jobs
2025-W44,ruby,16.1,linkedin_jobs
2025-W45,ruby,7.2,linkedin_jobs
2025-W46,ruby,10.1,linkedin_jobs
2025-W47,ruby,9.5,linkedin_jobs
2025-W48,ruby,13.9,linkedin_jobs
2025-W49,ruby,12.1,linkedin_jobs
2025-W50,ruby,14.4,linkedin_jobs
2025-W51,ruby,6.6,linkedin_jobs
2025-W52,ruby,11.8,linkedin_jobs
2026-W01,ruby,12.7,linkedin_jobs
2026-W02,ruby,9.2,linkedin_jobs
2026-W03,ruby,10.7,linkedin_jobs
2026-W04,ruby,11.5,linkedin_jobs
2026-W05,ruby,10.9,linkedin_jobs
2026-W06,ruby,10.7,linkedin_jobs
2026-W07,ruby,8.4,linkedin_jobs
2026-W08,ruby,11.8,linkedin_jobs
2026-W09,ruby,7.9,linkedin_jobs
2026-W10,ruby,6.5,linkedin_jobs
2026-W11,ruby,9.4,linkedin_jobs
2026-W12,ruby,4.5,linkedin_jobs
2026-W13,ruby,11.8,linkedin_jobs
2026-W14,ruby,9.0,linkedin_jobs
2026-W15,ruby,11.1,linkedin_jobs
2026-W16,ruby,4.5,linkedin_jobs
2026-W17,ruby,11.0,linkedin_jobs
2026-W18,ruby,4.9,linkedin_jobs
2026-W19,ruby,8.2,linkedin_jobs
2026-W20,ruby,5.5,linkedin_jobs
2026-W21,ruby,9.8,linkedin_jobs
2026-W22,ruby,6.3,linkedin_jobs
2026-W23,ruby,7.4,linkedin_jobs
2026-W24,ruby,9.7,linkedin_jobs
2026-W25,ruby,12.0,linkedin_jobs
2024-W01,scala,13.6,linkedin_jobs
2024-W02,scala,9.9,linkedin_jobs
2024-W03,scala,9.9,linkedin_jobs
2024-W04,scala,12.3,linkedin_jobs
2024-W05,scala,7.0,linkedin_jobs
2024-W06,scala,16.6,linkedin_jobs
2024-W07,scala,8.9,linkedin_jobs
2024-W08,scala,16.8,linkedin_jobs
2024-W09,scala,13.8,linkedin_jobs
2024-W10,scala,13.0,linkedin_jobs
2024-W11,scala,12.4,linkedin_jobs
2024-W12,scala,10.9,linkedin_jobs
2024-W13,scala,13.1,linkedin_jobs
2024-W14,scala,12.6,linkedin_jobs
2024-W15,scala,9.7,linkedin_jobs
2024-W16,scala,12.5,linkedin_jobs
2024-W17,scala,9.0,linkedin_jobs
2024-W18,scala,10.7,linkedin_jobs
2024-W19,scala,10.3,linkedin_jobs
2024-W20,scala,11.5,linkedin_jobs
2024-W21,scala,14.2,linkedin_jobs
2024-W22,scala,10.7,linkedin_jobs
2024-W23,scala,12.6,linkedin_jobs
2024-W24,scala,15.4,linkedin_jobs
2024-W25,scala,8.9,linkedin_jobs
2024-W26,scala,9.8,linkedin_jobs
2024-W27,scala,10.6,linkedin_jobs
2024-W28,scala,13.3,linkedin_jobs
2024-W29,scala,7.7,linkedin_jobs
2024-W30,scala,16.4,linkedin_jobs
2024-W31,scala,7.4,linkedin_jobs
2024-W32,scala,18.7,linkedin_jobs
2024-W33,scala,9.2,linkedin_jobs
2024-W34,scala,13.1,linkedin_jobs
2024-W35,scala,19.5,linkedin_jobs
2024-W36,scala,9.8,linkedin_jobs
2024-W37,scala,9.9,linkedin_jobs
2024-W38,scala,14.1,linkedin_jobs
2024-W39,scala,10.7,linkedin_jobs
2024-W40,scala,9.6,linkedin_jobs
2024-W41,scala,16.6,linkedin_jobs
2024-W42,scala,7.3,linkedin_jobs
2024-W43,scala,14.7,linkedin_jobs
2024-W44,scala,12.6,linkedin_jobs
2024-W45,scala,13.7,linkedin_jobs
2024-W46,scala,11.3,linkedin_jobs
2024-W47,scala,14.6,linkedin_jobs
2024-W48,scala,9.8,linkedin_jobs
2024-W49,scala,14.8,linkedin_jobs
2024-W50,scala,16.3,linkedin_jobs
2024-W51,scala,14.3,linkedin_jobs
2024-W52,scala,8.2,linkedin_jobs
2024-W53,scala,9.0,linkedin_jobs
2025-W01,scala,14.0,linkedin_jobs
2025-W02,scala,11.4,linkedin_jobs
2025-W03,scala,15.4,linkedin_jobs
2025-W04,scala,10.6,linkedin_jobs
2025-W05,scala,12.3,linkedin_jobs
2025-W06,scala,14.3,linkedin_jobs
2025-W07,scala,9.5,linkedin_jobs
2025-W08,scala,12.3,linkedin_jobs
2025-W09,scala,9.2,linkedin_jobs
2025-W10,scala,14.4,linkedin_jobs
2025-W11,scala,9.9,linkedin_jobs
2025-W12,scala,7.5,linkedin_jobs
2025-W13,scala,11.4,linkedin_jobs
2025-W14,scala,9.7,linkedin_jobs
2025-W15,scala,14.3,linkedin_jobs
2025-W16,scala,6.3,linkedin_jobs
2025-W17,scala,8.7,linkedin_jobs
2025-W18,scala,12.4,linkedin_jobs
2025-W19,scala,12.0,linkedin_jobs
2025-W20,scala,6.0,linkedin_jobs
2025-W21,scala,15.6,linkedin_jobs
2025-W22,scala,10.2,linkedin_jobs
2025-W23,scala,9.4,linkedin_jobs
2025-W24,scala,10.1,linkedin_jobs
2025-W25,scala,12.0,linkedin_jobs
2025-W26,scala,10.8,linkedin_jobs
2025-W27,scala,14.0,linkedin_jobs
2025-W28,scala,11.7,linkedin_jobs
2025-W29,scala,10.0,linkedin_jobs
2025-W30,scala,5.8,linkedin_jobs
2025-W31,scala,7.0,linkedin_jobs
2025-W32,scala,10.4,linkedin_jobs
2025-W33,scala,12.5,linkedin_jobs
2025-W34,scala,13.6,linkedin_jobs
2025-W35,scala,8.9,linkedin_jobs
2025-W36,scala,11.5,linkedin_jobs
2025-W37,scala,12.9,linkedin_jobs
2025-W38,scala,8.8,linkedin_jobs
2025-W39,scala,12.2,linkedin_jobs
2025-W40,scala,8.7,linkedin_jobs
2025-W41,scala,4.1,linkedin_jobs
2025-W42,scala,7.0,linkedin_jobs
2025-W43,scala,8.3,linkedin_jobs
2025-W44,scala,4.4,linkedin_jobs
2025-W45,scala,11.4,linkedin_jobs
2025-W46,scala,6.5,linkedin_jobs
2025-W47,scala,11.0,linkedin_jobs
2025-W48,scala,13.0,linkedin_jobs
2025-W49,scala,8.9,linkedin_jobs
2025-W50,scala,9.0,linkedin_jobs
2025-W51,scala,5.0,linkedin_jobs
2025-W52,scala,7.5,linkedin_jobs
2026-W01,scala,11.7,linkedin_jobs
2026-W02,scala,4.4,linkedin_jobs
2026-W03,scala,13.7,linkedin_jobs
2026-W04,scala,9.1,linkedin_jobs
2026-W05,scala,6.9,linkedin_jobs
2026-W06,scala,10.5,linkedin_jobs
2026-W07,scala,4.9,linkedin_jobs
2026-W08,scala,12.9,linkedin_jobs
2026-W09,scala,12.3,linkedin_jobs
2026-W10,scala,14.4,linkedin_jobs
2026-W11,scala,9.4,linkedin_jobs
2026-W12,scala,9.3,linkedin_jobs
2026-W13,scala,12.9,linkedin_jobs
2026-W14,scala,13.4,linkedin_jobs
2026-W15,scala,12.1,linkedin_jobs
2026-W16,scala,9.3,linkedin_jobs
2026-W17,scala,4.0,linkedin_jobs
2026-W18,scala,10.3,linkedin_jobs
2026-W19,scala,12.4,linkedin_jobs
2026-W20,scala,7.4,linkedin_jobs
2026-W21,scala,4.0,linkedin_jobs
2026-W22,scala,15.1,linkedin_jobs
2026-W23,scala,12.4,linkedin_jobs
2026-W24,scala,7.3,linkedin_jobs
2026-W25,scala,10.9,linkedin_jobs
2024-W01,dart,16.1,linkedin_jobs
2024-W02,dart,9.8,linkedin_jobs
2024-W03,dart,11.0,linkedin_jobs
2024-W04,dart,22.2,linkedin_jobs
2024-W05,dart,13.4,linkedin_jobs
2024-W06,dart,10.0,linkedin_jobs
2024-W07,dart,16.2,linkedin_jobs
2024-W08,dart,15.2,linkedin_jobs
2024-W09,dart,14.0,linkedin_jobs
2024-W10,dart,14.2,linkedin_jobs
2024-W11,dart,11.2,linkedin_jobs
2024-W12,dart,18.5,linkedin_jobs
2024-W13,dart,12.4,linkedin_jobs
2024-W14,dart,15.0,linkedin_jobs
2024-W15,dart,8.6,linkedin_jobs
2024-W16,dart,7.0,linkedin_jobs
2024-W17,dart,17.0,linkedin_jobs
2024-W18,dart,15.8,linkedin_jobs
2024-W19,dart,13.3,linkedin_jobs
2024-W20,dart,15.7,linkedin_jobs
2024-W21,dart,12.0,linkedin_jobs
2024-W22,dart,16.5,linkedin_jobs
2024-W23,dart,11.1,linkedin_jobs
2024-W24,dart,18.3,linkedin_jobs
2024-W25,dart,15.0,linkedin_jobs
2024-W26,dart,12.0,linkedin_jobs
2024-W27,dart,20.2,linkedin_jobs
2024-W28,dart,13.7,linkedin_jobs
2024-W29,dart,15.8,linkedin_jobs
2024-W30,dart,12.6,linkedin_jobs
2024-W31,dart,9.6,linkedin_jobs
2024-W32,dart,14.4,linkedin_jobs
2024-W33,dart,14.6,linkedin_jobs
2024-W34,dart,15.1,linkedin_jobs
2024-W35,dart,16.3,linkedin_jobs
2024-W36,dart,17.4,linkedin_jobs
2024-W37,dart,14.4,linkedin_jobs
2024-W38,dart,17.9,linkedin_jobs
2024-W39,dart,14.7,linkedin_jobs
2024-W40,dart,11.7,linkedin_jobs
2024-W41,dart,12.8,linkedin_jobs
2024-W42,dart,8.7,linkedin_jobs
2024-W43,dart,20.5,linkedin_jobs
2024-W44,dart,12.3,linkedin_jobs
2024-W45,dart,14.5,linkedin_jobs
2024-W46,dart,15.1,linkedin_jobs
2024-W47,dart,12.8,linkedin_jobs
2024-W48,dart,18.7,linkedin_jobs
2024-W49,dart,13.0,linkedin_jobs
2024-W50,dart,15.4,linkedin_jobs
2024-W51,dart,14.2,linkedin_jobs
2024-W52,dart,14.9,linkedin_jobs
2024-W53,dart,17.6,linkedin_jobs
2025-W01,dart,13.8,linkedin_jobs
2025-W02,dart,15.1,linkedin_jobs
2025-W03,dart,15.5,linkedin_jobs
2025-W04,dart,16.7,linkedin_jobs
2025-W05,dart,17.9,linkedin_jobs
2025-W06,dart,17.4,linkedin_jobs
2025-W07,dart,22.4,linkedin_jobs
2025-W08,dart,16.2,linkedin_jobs
2025-W09,dart,16.1,linkedin_jobs
2025-W10,dart,16.6,linkedin_jobs
2025-W11,dart,24.8,linkedin_jobs
2025-W12,dart,14.1,linkedin_jobs
2025-W13,dart,13.8,linkedin_jobs
2025-W14,dart,14.2,linkedin_jobs
2025-W15,dart,11.7,linkedin_jobs
2025-W16,dart,20.3,linkedin_jobs
2025-W17,dart,13.9,linkedin_jobs
2025-W18,dart,23.5,linkedin_jobs
2025-W19,dart,16.7,linkedin_jobs
2025-W20,dart,26.2,linkedin_jobs
2025-W21,dart,13.7,linkedin_jobs
2025-W22,dart,15.0,linkedin_jobs
2025-W23,dart,17.3,linkedin_jobs
2025-W24,dart,20.4,linkedin_jobs
2025-W25,dart,13.9,linkedin_jobs
2025-W26,dart,15.2,linkedin_jobs
2025-W27,dart,18.1,linkedin_jobs
2025-W28,dart,17.7,linkedin_jobs
2025-W29,dart,15.7,linkedin_jobs
2025-W30,dart,14.4,linkedin_jobs
2025-W31,dart,21.2,linkedin_jobs
2025-W32,dart,14.7,linkedin_jobs
2025-W33,dart,18.5,linkedin_jobs
2025-W34,dart,15.7,linkedin_jobs
2025-W35,dart,18.4,linkedin_jobs
2025-W36,dart,21.4,linkedin_jobs
2025-W37,dart,15.7,linkedin_jobs
2025-W38,dart,18.7,linkedin_jobs
2025-W39,dart,15.3,linkedin_jobs
2025-W40,dart,17.8,linkedin_jobs
2025-W41,dart,15.6,linkedin_jobs
2025-W42,dart,17.9,linkedin_jobs
2025-W43,dart,16.7,linkedin_jobs
2025-W44,dart,24.1,linkedin_jobs
2025-W45,dart,16.1,linkedin_jobs
2025-W46,dart,19.3,linkedin_jobs
2025-W47,dart,19.9,linkedin_jobs
2025-W48,dart,13.1,linkedin_jobs
2025-W49,dart,18.5,linkedin_jobs
2025-W50,dart,20.6,linkedin_jobs
2025-W51,dart,23.1,linkedin_jobs
2025-W52,dart,16.1,linkedin_jobs
2026-W01,dart,14.9,linkedin_jobs
2026-W02,dart,19.9,linkedin_jobs
2026-W03,dart,19.0,linkedin_jobs
2026-W04,dart,15.6,linkedin_jobs
2026-W05,dart,16.8,linkedin_jobs
2026-W06,dart,13.1,linkedin_jobs
2026-W07,dart,15.2,linkedin_jobs
2026-W08,dart,17.0,linkedin_jobs
2026-W09,dart,17.6,linkedin_jobs
2026-W10,dart,20.2,linkedin_jobs
2026-W11,dart,20.6,linkedin_jobs
2026-W12,dart,17.2,linkedin_jobs
2026-W13,dart,22.7,linkedin_jobs
2026-W14,dart,18.4,linkedin_jobs
2026-W15,dart,17.2,linkedin_jobs
2026-W16,dart,16.3,linkedin_jobs
2026-W17,dart,16.6,linkedin_jobs
2026-W18,dart,21.9,linkedin_jobs
2026-W19,dart,15.8,linkedin_jobs
2026-W20,dart,16.5,linkedin_jobs
2026-W21,dart,22.0,linkedin_jobs
2026-W22,dart,15.8,linkedin_jobs
2026-W23,dart,23.3,linkedin_jobs
2026-W24,dart,14.6,linkedin_jobs
2026-W25,dart,18.3,linkedin_jobs
2024-W01,react,62.0,linkedin_jobs
2024-W02,react,69.7,linkedin_jobs
2024-W03,react,67.7,linkedin_jobs
2024-W04,react,65.5,linkedin_jobs
2024-W05,react,65.8,linkedin_jobs
2024-W06,react,62.9,linkedin_jobs
2024-W07,react,67.0,linkedin_jobs
2024-W08,react,60.6,linkedin_jobs
2024-W09,react,63.7,linkedin_jobs
2024-W10,react,64.5,linkedin_jobs
2024-W11,react,67.4,linkedin_jobs
2024-W12,react,63.0,linkedin_jobs
2024-W13,react,62.8,linkedin_jobs
2024-W14,react,61.1,linkedin_jobs
2024-W15,react,63.5,linkedin_jobs
2024-W16,react,64.8,linkedin_jobs
2024-W17,react,68.3,linkedin_jobs
2024-W18,react,62.1,linkedin_jobs
2024-W19,react,67.4,linkedin_jobs
2024-W20,react,63.7,linkedin_jobs
2024-W21,react,63.6,linkedin_jobs
2024-W22,react,68.7,linkedin_jobs
2024-W23,react,63.3,linkedin_jobs
2024-W24,react,65.1,linkedin_jobs
2024-W25,react,61.1,linkedin_jobs
2024-W26,react,69.6,linkedin_jobs
2024-W27,react,62.2,linkedin_jobs
2024-W28,react,64.1,linkedin_jobs
2024-W29,react,64.1,linkedin_jobs
2024-W30,react,60.0,linkedin_jobs
2024-W31,react,62.8,linkedin_jobs
2024-W32,react,66.4,linkedin_jobs
2024-W33,react,63.8,linkedin_jobs
2024-W34,react,64.5,linkedin_jobs
2024-W35,react,61.9,linkedin_jobs
2024-W36,react,65.5,linkedin_jobs
2024-W37,react,64.1,linkedin_jobs
2024-W38,react,72.2,linkedin_jobs
2024-W39,react,63.3,linkedin_jobs
2024-W40,react,66.3,linkedin_jobs
2024-W41,react,65.3,linkedin_jobs
2024-W42,react,62.8,linkedin_jobs
2024-W43,react,64.5,linkedin_jobs
2024-W44,react,63.1,linkedin_jobs
2024-W45,react,61.3,linkedin_jobs
2024-W46,react,62.1,linkedin_jobs
2024-W47,react,63.2,linkedin_jobs
2024-W48,react,62.2,linkedin_jobs
2024-W49,react,63.1,linkedin_jobs
2024-W50,react,57.9,linkedin_jobs
2024-W51,react,66.5,linkedin_jobs
2024-W52,react,66.5,linkedin_jobs
2024-W53,react,60.5,linkedin_jobs
2025-W01,react,63.7,linkedin_jobs
2025-W02,react,66.1,linkedin_jobs
2025-W03,react,56.8,linkedin_jobs
2025-W04,react,67.2,linkedin_jobs
2025-W05,react,62.3,linkedin_jobs
2025-W06,react,66.1,linkedin_jobs
2025-W07,react,65.1,linkedin_jobs
2025-W08,react,56.7,linkedin_jobs
2025-W09,react,68.8,linkedin_jobs
2025-W10,react,64.7,linkedin_jobs
2025-W11,react,60.8,linkedin_jobs
2025-W12,react,62.1,linkedin_jobs
2025-W13,react,63.6,linkedin_jobs
2025-W14,react,62.4,linkedin_jobs
2025-W15,react,64.5,linkedin_jobs
2025-W16,react,65.1,linkedin_jobs
2025-W17,react,59.2,linkedin_jobs
2025-W18,react,64.7,linkedin_jobs
2025-W19,react,63.8,linkedin_jobs
2025-W20,react,62.7,linkedin_jobs
2025-W21,react,65.7,linkedin_jobs
2025-W22,react,62.0,linkedin_jobs
2025-W23,react,59.5,linkedin_jobs
2025-W24,react,59.2,linkedin_jobs
2025-W25,react,60.5,linkedin_jobs
2025-W26,react,64.1,linkedin_jobs
2025-W27,react,66.0,linkedin_jobs
2025-W28,react,58.3,linkedin_jobs
2025-W29,react,59.7,linkedin_jobs
2025-W30,react,63.1,linkedin_jobs
2025-W31,react,62.4,linkedin_jobs
2025-W32,react,64.2,linkedin_jobs
2025-W33,react,60.4,linkedin_jobs
2025-W34,react,63.9,linkedin_jobs
2025-W35,react,60.6,linkedin_jobs
2025-W36,react,61.8,linkedin_jobs
2025-W37,react,63.3,linkedin_jobs
2025-W38,react,64.0,linkedin_jobs
2025-W39,react,64.7,linkedin_jobs
2025-W40,react,59.2,linkedin_jobs
2025-W41,react,63.1,linkedin_jobs
2025-W42,react,66.1,linkedin_jobs
2025-W43,react,63.9,linkedin_jobs
2025-W44,react,62.2,linkedin_jobs
2025-W45,react,65.4,linkedin_jobs
2025-W46,react,63.0,linkedin_jobs
2025-W47,react,60.4,linkedin_jobs
2025-W48,react,65.0,linkedin_jobs
2025-W49,react,59.2,linkedin_jobs
2025-W50,react,64.8,linkedin_jobs
2025-W51,react,67.4,linkedin_jobs
2025-W52,react,64.5,linkedin_jobs
2026-W01,react,56.6,linkedin_jobs
2026-W02,react,67.7,linkedin_jobs
2026-W03,react,61.4,linkedin_jobs
2026-W04,react,58.9,linkedin_jobs
2026-W05,react,62.3,linkedin_jobs
2026-W06,react,60.1,linkedin_jobs
2026-W07,react,62.7,linkedin_jobs
2026-W08,react,63.8,linkedin_jobs
2026-W09,react,59.8,linkedin_jobs
2026-W10,react,60.9,linkedin_jobs
2026-W11,react,57.2,linkedin_jobs
2026-W12,react,62.9,linkedin_jobs
2026-W13,react,63.8,linkedin_jobs
2026-W14,react,65.5,linkedin_jobs
2026-W15,react,60.5,linkedin_jobs
2026-W16,react,63.2,linkedin_jobs
2026-W17,react,60.2,linkedin_jobs
2026-W18,react,60.6,linkedin_jobs
2026-W19,react,60.0,linkedin_jobs
2026-W20,react,57.8,linkedin_jobs
2026-W21,react,62.0,linkedin_jobs
2026-W22,react,56.4,linkedin_jobs
2026-W23,react,59.1,linkedin_jobs
2026-W24,react,61.7,linkedin_jobs
2026-W25,react,61.3,linkedin_jobs
2024-W01,angular,33.9,linkedin_jobs
2024-W02,angular,33.0,linkedin_jobs
2024-W03,angular,28.7,linkedin_jobs
2024-W04,angular,31.0,linkedin_jobs
2024-W05,angular,33.8,linkedin_jobs
2024-W06,angular,27.0,linkedin_jobs
2024-W07,angular,31.9,linkedin_jobs
2024-W08,angular,32.7,linkedin_jobs
2024-W09,angular,33.7,linkedin_jobs
2024-W10,angular,30.1,linkedin_jobs
2024-W11,angular,31.6,linkedin_jobs
2024-W12,angular,29.6,linkedin_jobs
2024-W13,angular,29.4,linkedin_jobs
2024-W14,angular,29.1,linkedin_jobs
2024-W15,angular,32.5,linkedin_jobs
2024-W16,angular,31.4,linkedin_jobs
2024-W17,angular,31.1,linkedin_jobs
2024-W18,angular,31.4,linkedin_jobs
2024-W19,angular,30.7,linkedin_jobs
2024-W20,angular,31.8,linkedin_jobs
2024-W21,angular,39.0,linkedin_jobs
2024-W22,angular,36.1,linkedin_jobs
2024-W23,angular,32.0,linkedin_jobs
2024-W24,angular,33.0,linkedin_jobs
2024-W25,angular,33.7,linkedin_jobs
2024-W26,angular,28.1,linkedin_jobs
2024-W27,angular,27.7,linkedin_jobs
2024-W28,angular,28.5,linkedin_jobs
2024-W29,angular,29.7,linkedin_jobs
2024-W30,angular,30.1,linkedin_jobs
2024-W31,angular,28.2,linkedin_jobs
2024-W32,angular,29.5,linkedin_jobs
2024-W33,angular,34.7,linkedin_jobs
2024-W34,angular,26.3,linkedin_jobs
2024-W35,angular,31.0,linkedin_jobs
2024-W36,angular,27.2,linkedin_jobs
2024-W37,angular,36.7,linkedin_jobs
2024-W38,angular,25.9,linkedin_jobs
2024-W39,angular,32.9,linkedin_jobs
2024-W40,angular,29.9,linkedin_jobs
2024-W41,angular,30.5,linkedin_jobs
2024-W42,angular,29.1,linkedin_jobs
2024-W43,angular,28.3,linkedin_jobs
2024-W44,angular,25.8,linkedin_jobs
2024-W45,angular,35.9,linkedin_jobs
2024-W46,angular,30.3,linkedin_jobs
2024-W47,angular,27.3,linkedin_jobs
2024-W48,angular,30.0,linkedin_jobs
2024-W49,angular,31.2,linkedin_jobs
2024-W50,angular,29.4,linkedin_jobs
2024-W51,angular,29.4,linkedin_jobs
2024-W52,angular,29.2,linkedin_jobs
2024-W53,angular,29.4,linkedin_jobs
2025-W01,angular,25.9,linkedin_jobs
2025-W02,angular,34.8,linkedin_jobs
2025-W03,angular,31.3,linkedin_jobs
2025-W04,angular,34.7,linkedin_jobs
2025-W05,angular,29.3,linkedin_jobs
2025-W06,angular,31.7,linkedin_jobs
2025-W07,angular,29.5,linkedin_jobs
2025-W08,angular,32.8,linkedin_jobs
2025-W09,angular,29.3,linkedin_jobs
2025-W10,angular,30.0,linkedin_jobs
2025-W11,angular,26.3,linkedin_jobs
2025-W12,angular,33.6,linkedin_jobs
2025-W13,angular,30.6,linkedin_jobs
2025-W14,angular,29.3,linkedin_jobs
2025-W15,angular,30.1,linkedin_jobs
2025-W16,angular,32.7,linkedin_jobs
2025-W17,angular,32.8,linkedin_jobs
2025-W18,angular,32.7,linkedin_jobs
2025-W19,angular,32.0,linkedin_jobs
2025-W20,angular,35.6,linkedin_jobs
2025-W21,angular,26.8,linkedin_jobs
2025-W22,angular,26.7,linkedin_jobs
2025-W23,angular,32.3,linkedin_jobs
2025-W24,angular,29.7,linkedin_jobs
2025-W25,angular,28.7,linkedin_jobs
2025-W26,angular,22.3,linkedin_jobs
2025-W27,angular,29.6,linkedin_jobs
2025-W28,angular,24.0,linkedin_jobs
2025-W29,angular,27.3,linkedin_jobs
2025-W30,angular,28.6,linkedin_jobs
2025-W31,angular,26.0,linkedin_jobs
2025-W32,angular,28.1,linkedin_jobs
2025-W33,angular,29.0,linkedin_jobs
2025-W34,angular,32.5,linkedin_jobs
2025-W35,angular,23.6,linkedin_jobs
2025-W36,angular,31.5,linkedin_jobs
2025-W37,angular,27.3,linkedin_jobs
2025-W38,angular,32.7,linkedin_jobs
2025-W39,angular,24.8,linkedin_jobs
2025-W40,angular,23.8,linkedin_jobs
2025-W41,angular,30.3,linkedin_jobs
2025-W42,angular,27.2,linkedin_jobs
2025-W43,angular,27.9,linkedin_jobs
2025-W44,angular,26.9,linkedin_jobs
2025-W45,angular,32.4,linkedin_jobs
2025-W46,angular,28.3,linkedin_jobs
2025-W47,angular,23.5,linkedin_jobs
2025-W48,angular,20.7,linkedin_jobs
2025-W49,angular,24.2,linkedin_jobs
2025-W50,angular,27.5,linkedin_jobs
2025-W51,angular,24.2,linkedin_jobs
2025-W52,angular,29.4,linkedin_jobs
2026-W01,angular,23.6,linkedin_jobs
2026-W02,angular,29.5,linkedin_jobs
2026-W03,angular,23.3,linkedin_jobs
2026-W04,angular,23.2,linkedin_jobs
2026-W05,angular,22.9,linkedin_jobs
2026-W06,angular,31.5,linkedin_jobs
2026-W07,angular,27.9,linkedin_jobs
2026-W08,angular,29.3,linkedin_jobs
2026-W09,angular,21.9,linkedin_jobs
2026-W10,angular,22.4,linkedin_jobs
2026-W11,angular,29.2,linkedin_jobs
2026-W12,angular,27.1,linkedin_jobs
2026-W13,angular,28.1,linkedin_jobs
2026-W14,angular,24.2,linkedin_jobs
2026-W15,angular,25.4,linkedin_jobs
2026-W16,angular,25.5,linkedin_jobs
2026-W17,angular,22.1,linkedin_jobs
2026-W18,angular,24.9,linkedin_jobs
2026-W19,angular,28.5,linkedin_jobs
2026-W20,angular,24.9,linkedin_jobs
2026-W21,angular,24.9,linkedin_jobs
2026-W22,angular,29.8,linkedin_jobs
2026-W23,angular,35.8,linkedin_jobs
2026-W24,angular,20.9,linkedin_jobs
2026-W25,angular,24.6,linkedin_jobs
2024-W01,vue,27.0,linkedin_jobs
2024-W02,vue,22.5,linkedin_jobs
2024-W03,vue,19.0,linkedin_jobs
2024-W04,vue,23.1,linkedin_jobs
2024-W05,vue,25.3,linkedin_jobs
2024-W06,vue,18.6,linkedin_jobs
2024-W07,vue,23.4,linkedin_jobs
2024-W08,vue,15.6,linkedin_jobs
2024-W09,vue,18.1,linkedin_jobs
2024-W10,vue,17.7,linkedin_jobs
2024-W11,vue,23.9,linkedin_jobs
2024-W12,vue,21.5,linkedin_jobs
2024-W13,vue,25.2,linkedin_jobs
2024-W14,vue,18.8,linkedin_jobs
2024-W15,vue,24.7,linkedin_jobs
2024-W16,vue,18.6,linkedin_jobs
2024-W17,vue,21.1,linkedin_jobs
2024-W18,vue,22.1,linkedin_jobs
2024-W19,vue,13.0,linkedin_jobs
2024-W20,vue,15.2,linkedin_jobs
2024-W21,vue,20.7,linkedin_jobs
2024-W22,vue,18.5,linkedin_jobs
2024-W23,vue,19.2,linkedin_jobs
2024-W24,vue,20.4,linkedin_jobs
2024-W25,vue,20.5,linkedin_jobs
2024-W26,vue,16.8,linkedin_jobs
2024-W27,vue,22.2,linkedin_jobs
2024-W28,vue,20.0,linkedin_jobs
2024-W29,vue,17.3,linkedin_jobs
2024-W30,vue,17.1,linkedin_jobs
2024-W31,vue,15.0,linkedin_jobs
2024-W32,vue,23.5,linkedin_jobs
2024-W33,vue,18.2,linkedin_jobs
2024-W34,vue,22.3,linkedin_jobs
2024-W35,vue,24.3,linkedin_jobs
2024-W36,vue,23.7,linkedin_jobs
2024-W37,vue,21.1,linkedin_jobs
2024-W38,vue,19.5,linkedin_jobs
2024-W39,vue,22.8,linkedin_jobs
2024-W40,vue,22.9,linkedin_jobs
2024-W41,vue,18.2,linkedin_jobs
2024-W42,vue,14.1,linkedin_jobs
2024-W43,vue,22.0,linkedin_jobs
2024-W44,vue,12.9,linkedin_jobs
2024-W45,vue,19.7,linkedin_jobs
2024-W46,vue,23.1,linkedin_jobs
2024-W47,vue,14.7,linkedin_jobs
2024-W48,vue,22.6,linkedin_jobs
2024-W49,vue,15.7,linkedin_jobs
2024-W50,vue,20.4,linkedin_jobs
2024-W51,vue,25.2,linkedin_jobs
2024-W52,vue,17.5,linkedin_jobs
2024-W53,vue,19.3,linkedin_jobs
2025-W01,vue,20.6,linkedin_jobs
2025-W02,vue,19.6,linkedin_jobs
2025-W03,vue,14.4,linkedin_jobs
2025-W04,vue,21.2,linkedin_jobs
2025-W05,vue,22.2,linkedin_jobs
2025-W06,vue,17.0,linkedin_jobs
2025-W07,vue,21.7,linkedin_jobs
2025-W08,vue,19.4,linkedin_jobs
2025-W09,vue,19.4,linkedin_jobs
2025-W10,vue,19.0,linkedin_jobs
2025-W11,vue,10.9,linkedin_jobs
2025-W12,vue,11.9,linkedin_jobs
2025-W13,vue,21.2,linkedin_jobs
2025-W14,vue,16.1,linkedin_jobs
2025-W15,vue,17.4,linkedin_jobs
2025-W16,vue,19.4,linkedin_jobs
2025-W17,vue,19.1,linkedin_jobs
2025-W18,vue,15.4,linkedin_jobs
2025-W19,vue,24.1,linkedin_jobs
2025-W20,vue,17.2,linkedin_jobs
2025-W21,vue,14.7,linkedin_jobs
2025-W22,vue,22.2,linkedin_jobs
2025-W23,vue,16.0,linkedin_jobs
2025-W24,vue,17.9,linkedin_jobs
2025-W25,vue,24.4,linkedin_jobs
2025-W26,vue,19.2,linkedin_jobs
2025-W27,vue,18.3,linkedin_jobs
2025-W28,vue,24.0,linkedin_jobs
2025-W29,vue,20.5,linkedin_jobs
2025-W30,vue,21.6,linkedin_jobs
2025-W31,vue,13.6,linkedin_jobs
2025-W32,vue,15.6,linkedin_jobs
2025-W33,vue,21.7,linkedin_jobs
2025-W34,vue,17.1,linkedin_jobs
2025-W35,vue,14.5,linkedin_jobs
2025-W36,vue,14.8,linkedin_jobs
2025-W37,vue,20.1,linkedin_jobs
2025-W38,vue,14.9,linkedin_jobs
2025-W39,vue,16.9,linkedin_jobs
2025-W40,vue,17.6,linkedin_jobs
2025-W41,vue,16.0,linkedin_jobs
2025-W42,vue,19.5,linkedin_jobs
2025-W43,vue,15.2,linkedin_jobs
2025-W44,vue,16.9,linkedin_jobs
2025-W45,vue,22.0,linkedin_jobs
2025-W46,vue,9.9,linkedin_jobs
2025-W47,vue,17.4,linkedin_jobs
2025-W48,vue,17.9,linkedin_jobs
2025-W49,vue,16.1,linkedin_jobs
2025-W50,vue,11.7,linkedin_jobs
2025-W51,vue,11.6,linkedin_jobs
2025-W52,vue,13.9,linkedin_jobs
2026-W01,vue,12.6,linkedin_jobs
2026-W02,vue,16.5,linkedin_jobs
2026-W03,vue,15.5,linkedin_jobs
2026-W04,vue,18.5,linkedin_jobs
2026-W05,vue,16.4,linkedin_jobs
2026-W06,vue,19.6,linkedin_jobs
2026-W07,vue,19.6,linkedin_jobs
2026-W08,vue,12.2,linkedin_jobs
2026-W09,vue,18.0,linkedin_jobs
2026-W10,vue,13.1,linkedin_jobs
2026-W11,vue,17.3,linkedin_jobs
2026-W12,vue,18.1,linkedin_jobs
2026-W13,vue,18.2,linkedin_jobs
2026-W14,vue,15.4,linkedin_jobs
2026-W15,vue,16.6,linkedin_jobs
2026-W16,vue,14.6,linkedin_jobs
2026-W17,vue,16.6,linkedin_jobs
2026-W18,vue,21.0,linkedin_jobs
2026-W19,vue,18.5,linkedin_jobs
2026-W20,vue,23.9,linkedin_jobs
2026-W21,vue,18.0,linkedin_jobs
2026-W22,vue,15.0,linkedin_jobs
2026-W23,vue,15.0,linkedin_jobs
2026-W24,vue,15.2,linkedin_jobs
2026-W25,vue,19.7,linkedin_jobs
2024-W01,next.js,30.7,linkedin_jobs
2024-W02,next.js,27.8,linkedin_jobs
2024-W03,next.js,30.1,linkedin_jobs
2024-W04,next.js,26.0,linkedin_jobs
2024-W05,next.js,28.2,linkedin_jobs
2024-W06,next.js,28.7,linkedin_jobs
2024-W07,next.js,31.1,linkedin_jobs
2024-W08,next.js,31.1,linkedin_jobs
2024-W09,next.js,36.2,linkedin_jobs
2024-W10,next.js,33.5,linkedin_jobs
2024-W11,next.js,32.8,linkedin_jobs
2024-W12,next.js,31.8,linkedin_jobs
2024-W13,next.js,28.2,linkedin_jobs
2024-W14,next.js,34.3,linkedin_jobs
2024-W15,next.js,36.1,linkedin_jobs
2024-W16,next.js,40.0,linkedin_jobs
2024-W17,next.js,33.5,linkedin_jobs
2024-W18,next.js,28.5,linkedin_jobs
2024-W19,next.js,36.4,linkedin_jobs
2024-W20,next.js,35.4,linkedin_jobs
2024-W21,next.js,31.6,linkedin_jobs
2024-W22,next.js,35.1,linkedin_jobs
2024-W23,next.js,34.8,linkedin_jobs
2024-W24,next.js,33.6,linkedin_jobs
2024-W25,next.js,27.7,linkedin_jobs
2024-W26,next.js,34.0,linkedin_jobs
2024-W27,next.js,32.5,linkedin_jobs
2024-W28,next.js,35.3,linkedin_jobs
2024-W29,next.js,34.7,linkedin_jobs
2024-W30,next.js,33.6,linkedin_jobs
2024-W31,next.js,37.6,linkedin_jobs
2024-W32,next.js,33.5,linkedin_jobs
2024-W33,next.js,33.1,linkedin_jobs
2024-W34,next.js,33.9,linkedin_jobs
2024-W35,next.js,36.4,linkedin_jobs
2024-W36,next.js,35.2,linkedin_jobs
2024-W37,next.js,33.5,linkedin_jobs
2024-W38,next.js,42.3,linkedin_jobs
2024-W39,next.js,34.2,linkedin_jobs
2024-W40,next.js,39.2,linkedin_jobs
2024-W41,next.js,39.2,linkedin_jobs
2024-W42,next.js,38.6,linkedin_jobs
2024-W43,next.js,39.3,linkedin_jobs
2024-W44,next.js,34.4,linkedin_jobs
2024-W45,next.js,32.6,linkedin_jobs
2024-W46,next.js,32.0,linkedin_jobs
2024-W47,next.js,36.1,linkedin_jobs
2024-W48,next.js,35.6,linkedin_jobs
2024-W49,next.js,42.9,linkedin_jobs
2024-W50,next.js,38.2,linkedin_jobs
2024-W51,next.js,41.0,linkedin_jobs
2024-W52,next.js,42.9,linkedin_jobs
2024-W53,next.js,37.0,linkedin_jobs
2025-W01,next.js,40.2,linkedin_jobs
2025-W02,next.js,43.3,linkedin_jobs
2025-W03,next.js,40.3,linkedin_jobs
2025-W04,next.js,40.5,linkedin_jobs
2025-W05,next.js,46.2,linkedin_jobs
2025-W06,next.js,40.4,linkedin_jobs
2025-W07,next.js,40.4,linkedin_jobs
2025-W08,next.js,42.2,linkedin_jobs
2025-W09,next.js,42.6,linkedin_jobs
2025-W10,next.js,41.0,linkedin_jobs
2025-W11,next.js,41.7,linkedin_jobs
2025-W12,next.js,36.0,linkedin_jobs
2025-W13,next.js,34.7,linkedin_jobs
2025-W14,next.js,39.8,linkedin_jobs
2025-W15,next.js,45.9,linkedin_jobs
2025-W16,next.js,39.6,linkedin_jobs
2025-W17,next.js,43.8,linkedin_jobs
2025-W18,next.js,44.7,linkedin_jobs
2025-W19,next.js,44.7,linkedin_jobs
2025-W20,next.js,42.0,linkedin_jobs
2025-W21,next.js,43.9,linkedin_jobs
2025-W22,next.js,44.2,linkedin_jobs
2025-W23,next.js,44.0,linkedin_jobs
2025-W24,next.js,44.5,linkedin_jobs
2025-W25,next.js,39.2,linkedin_jobs
2025-W26,next.js,47.3,linkedin_jobs
2025-W27,next.js,39.4,linkedin_jobs
2025-W28,next.js,46.6,linkedin_jobs
2025-W29,next.js,44.1,linkedin_jobs
2025-W30,next.js,42.6,linkedin_jobs
2025-W31,next.js,43.2,linkedin_jobs
2025-W32,next.js,43.3,linkedin_jobs
2025-W33,next.js,44.5,linkedin_jobs
2025-W34,next.js,47.9,linkedin_jobs
2025-W35,next.js,42.0,linkedin_jobs
2025-W36,next.js,44.0,linkedin_jobs
2025-W37,next.js,47.3,linkedin_jobs
2025-W38,next.js,44.3,linkedin_jobs
2025-W39,next.js,40.7,linkedin_jobs
2025-W40,next.js,47.6,linkedin_jobs
2025-W41,next.js,47.0,linkedin_jobs
2025-W42,next.js,43.6,linkedin_jobs
2025-W43,next.js,47.6,linkedin_jobs
2025-W44,next.js,52.9,linkedin_jobs
2025-W45,next.js,47.9,linkedin_jobs
2025-W46,next.js,45.0,linkedin_jobs
2025-W47,next.js,47.5,linkedin_jobs
2025-W48,next.js,45.1,linkedin_jobs
2025-W49,next.js,50.4,linkedin_jobs
2025-W50,next.js,45.7,linkedin_jobs
2025-W51,next.js,47.6,linkedin_jobs
2025-W52,next.js,52.1,linkedin_jobs
2026-W01,next.js,54.6,linkedin_jobs
2026-W02,next.js,52.1,linkedin_jobs
2026-W03,next.js,53.4,linkedin_jobs
2026-W04,next.js,51.5,linkedin_jobs
2026-W05,next.js,49.9,linkedin_jobs
2026-W06,next.js,52.1,linkedin_jobs
2026-W07,next.js,50.4,linkedin_jobs
2026-W08,next.js,54.4,linkedin_jobs
2026-W09,next.js,55.6,linkedin_jobs
2026-W10,next.js,48.0,linkedin_jobs
2026-W11,next.js,52.5,linkedin_jobs
2026-W12,next.js,51.3,linkedin_jobs
2026-W13,next.js,57.5,linkedin_jobs
2026-W14,next.js,53.1,linkedin_jobs
2026-W15,next.js,50.5,linkedin_jobs
2026-W16,next.js,53.8,linkedin_jobs
2026-W17,next.js,52.6,linkedin_jobs
2026-W18,next.js,50.9,linkedin_jobs
2026-W19,next.js,54.5,linkedin_jobs
2026-W20,next.js,52.2,linkedin_jobs
2026-W21,next.js,50.9,linkedin_jobs
2026-W22,next.js,56.9,linkedin_jobs
2026-W23,next.js,59.4,linkedin_jobs
2026-W24,next.js,50.2,linkedin_jobs
2026-W25,next.js,48.5,linkedin_jobs
2024-W01,svelte,9.0,linkedin_jobs
2024-W02,svelte,11.4,linkedin_jobs
2024-W03,svelte,14.3,linkedin_jobs
2024-W04,svelte,7.7,linkedin_jobs
2024-W05,svelte,8.7,linkedin_jobs
2024-W06,svelte,9.3,linkedin_jobs
2024-W07,svelte,4.9,linkedin_jobs
2024-W08,svelte,2.2,linkedin_jobs
2024-W09,svelte,10.5,linkedin_jobs
2024-W10,svelte,5.0,linkedin_jobs
2024-W11,svelte,10.2,linkedin_jobs
2024-W12,svelte,8.9,linkedin_jobs
2024-W13,svelte,8.6,linkedin_jobs
2024-W14,svelte,6.5,linkedin_jobs
2024-W15,svelte,8.5,linkedin_jobs
2024-W16,svelte,14.8,linkedin_jobs
2024-W17,svelte,9.8,linkedin_jobs
2024-W18,svelte,15.8,linkedin_jobs
2024-W19,svelte,10.0,linkedin_jobs
2024-W20,svelte,6.2,linkedin_jobs
2024-W21,svelte,10.8,linkedin_jobs
2024-W22,svelte,10.6,linkedin_jobs
2024-W23,svelte,11.4,linkedin_jobs
2024-W24,svelte,9.6,linkedin_jobs
2024-W25,svelte,8.3,linkedin_jobs
2024-W26,svelte,15.2,linkedin_jobs
2024-W27,svelte,9.9,linkedin_jobs
2024-W28,svelte,10.1,linkedin_jobs
2024-W29,svelte,9.8,linkedin_jobs
2024-W30,svelte,16.1,linkedin_jobs
2024-W31,svelte,8.1,linkedin_jobs
2024-W32,svelte,12.8,linkedin_jobs
2024-W33,svelte,11.1,linkedin_jobs
2024-W34,svelte,12.4,linkedin_jobs
2024-W35,svelte,6.1,linkedin_jobs
2024-W36,svelte,13.8,linkedin_jobs
2024-W37,svelte,10.0,linkedin_jobs
2024-W38,svelte,11.8,linkedin_jobs
2024-W39,svelte,11.5,linkedin_jobs
2024-W40,svelte,14.6,linkedin_jobs
2024-W41,svelte,10.2,linkedin_jobs
2024-W42,svelte,9.7,linkedin_jobs
2024-W43,svelte,6.6,linkedin_jobs
2024-W44,svelte,14.9,linkedin_jobs
2024-W45,svelte,12.2,linkedin_jobs
2024-W46,svelte,8.6,linkedin_jobs
2024-W47,svelte,14.4,linkedin_jobs
2024-W48,svelte,8.4,linkedin_jobs
2024-W49,svelte,7.3,linkedin_jobs
2024-W50,svelte,10.4,linkedin_jobs
2024-W51,svelte,10.0,linkedin_jobs
2024-W52,svelte,15.6,linkedin_jobs
2024-W53,svelte,9.8,linkedin_jobs
2025-W01,svelte,11.2,linkedin_jobs
2025-W02,svelte,15.1,linkedin_jobs
2025-W03,svelte,14.1,linkedin_jobs
2025-W04,svelte,13.0,linkedin_jobs
2025-W05,svelte,11.1,linkedin_jobs
2025-W06,svelte,10.0,linkedin_jobs
2025-W07,svelte,14.3,linkedin_jobs
2025-W08,svelte,15.8,linkedin_jobs
2025-W09,svelte,8.2,linkedin_jobs
2025-W10,svelte,12.3,linkedin_jobs
2025-W11,svelte,11.4,linkedin_jobs
2025-W12,svelte,14.3,linkedin_jobs
2025-W13,svelte,11.4,linkedin_jobs
2025-W14,svelte,11.9,linkedin_jobs
2025-W15,svelte,18.0,linkedin_jobs
2025-W16,svelte,14.6,linkedin_jobs
2025-W17,svelte,8.3,linkedin_jobs
2025-W18,svelte,9.9,linkedin_jobs
2025-W19,svelte,18.8,linkedin_jobs
2025-W20,svelte,15.8,linkedin_jobs
2025-W21,svelte,13.5,linkedin_jobs
2025-W22,svelte,7.3,linkedin_jobs
2025-W23,svelte,16.9,linkedin_jobs
2025-W24,svelte,9.6,linkedin_jobs
2025-W25,svelte,12.6,linkedin_jobs
2025-W26,svelte,9.0,linkedin_jobs
2025-W27,svelte,12.5,linkedin_jobs
2025-W28,svelte,12.3,linkedin_jobs
2025-W29,svelte,11.1,linkedin_jobs
2025-W30,svelte,15.0,linkedin_jobs
2025-W31,svelte,9.6,linkedin_jobs
2025-W32,svelte,13.1,linkedin_jobs
2025-W33,svelte,7.3,linkedin_jobs
2025-W34,svelte,13.1,linkedin_jobs
2025-W35,svelte,7.3,linkedin_jobs
2025-W36,svelte,14.1,linkedin_jobs
2025-W37,svelte,8.3,linkedin_jobs
2025-W38,svelte,16.7,linkedin_jobs
2025-W39,svelte,13.0,linkedin_jobs
2025-W40,svelte,7.5,linkedin_jobs
2025-W41,svelte,12.1,linkedin_jobs
2025-W42,svelte,9.0,linkedin_jobs
2025-W43,svelte,13.9,linkedin_jobs
2025-W44,svelte,19.5,linkedin_jobs
2025-W45,svelte,5.6,linkedin_jobs
2025-W46,svelte,12.2,linkedin_jobs
2025-W47,svelte,12.5,linkedin_jobs
2025-W48,svelte,16.9,linkedin_jobs
2025-W49,svelte,14.8,linkedin_jobs
2025-W50,svelte,12.6,linkedin_jobs
2025-W51,svelte,20.0,linkedin_jobs
2025-W52,svelte,9.3,linkedin_jobs
2026-W01,svelte,12.1,linkedin_jobs
2026-W02,svelte,13.7,linkedin_jobs
2026-W03,svelte,16.3,linkedin_jobs
2026-W04,svelte,16.5,linkedin_jobs
2026-W05,svelte,9.5,linkedin_jobs
2026-W06,svelte,12.5,linkedin_jobs
2026-W07,svelte,15.1,linkedin_jobs
2026-W08,svelte,14.3,linkedin_jobs
2026-W09,svelte,16.3,linkedin_jobs
2026-W10,svelte,12.3,linkedin_jobs
2026-W11,svelte,16.3,linkedin_jobs
2026-W12,svelte,12.7,linkedin_jobs
2026-W13,svelte,17.2,linkedin_jobs
2026-W14,svelte,14.6,linkedin_jobs
2026-W15,svelte,15.5,linkedin_jobs
2026-W16,svelte,14.8,linkedin_jobs
2026-W17,svelte,12.5,linkedin_jobs
2026-W18,svelte,15.1,linkedin_jobs
2026-W19,svelte,13.7,linkedin_jobs
2026-W20,svelte,15.6,linkedin_jobs
2026-W21,svelte,13.0,linkedin_jobs
2026-W22,svelte,14.1,linkedin_jobs
2026-W23,svelte,9.9,linkedin_jobs
2026-W24,svelte,13.8,linkedin_jobs
2026-W25,svelte,16.1,linkedin_jobs
2024-W01,tailwind,21.8,linkedin_jobs
2024-W02,tailwind,24.1,linkedin_jobs
2024-W03,tailwind,23.0,linkedin_jobs
2024-W04,tailwind,24.6,linkedin_jobs
2024-W05,tailwind,25.8,linkedin_jobs
2024-W06,tailwind,23.8,linkedin_jobs
2024-W07,tailwind,20.3,linkedin_jobs
2024-W08,tailwind,25.7,linkedin_jobs
2024-W09,tailwind,23.9,linkedin_jobs
2024-W10,tailwind,24.7,linkedin_jobs
2024-W11,tailwind,24.1,linkedin_jobs
2024-W12,tailwind,19.6,linkedin_jobs
2024-W13,tailwind,22.6,linkedin_jobs
2024-W14,tailwind,25.5,linkedin_jobs
2024-W15,tailwind,21.9,linkedin_jobs
2024-W16,tailwind,23.6,linkedin_jobs
2024-W17,tailwind,31.5,linkedin_jobs
2024-W18,tailwind,29.0,linkedin_jobs
2024-W19,tailwind,21.0,linkedin_jobs
2024-W20,tailwind,27.1,linkedin_jobs
2024-W21,tailwind,29.7,linkedin_jobs
2024-W22,tailwind,28.7,linkedin_jobs
2024-W23,tailwind,29.7,linkedin_jobs
2024-W24,tailwind,27.8,linkedin_jobs
2024-W25,tailwind,30.6,linkedin_jobs
2024-W26,tailwind,25.5,linkedin_jobs
2024-W27,tailwind,26.7,linkedin_jobs
2024-W28,tailwind,24.9,linkedin_jobs
2024-W29,tailwind,23.1,linkedin_jobs
2024-W30,tailwind,31.2,linkedin_jobs
2024-W31,tailwind,29.3,linkedin_jobs
2024-W32,tailwind,27.6,linkedin_jobs
2024-W33,tailwind,26.0,linkedin_jobs
2024-W34,tailwind,32.3,linkedin_jobs
2024-W35,tailwind,31.6,linkedin_jobs
2024-W36,tailwind,29.1,linkedin_jobs
2024-W37,tailwind,28.7,linkedin_jobs
2024-W38,tailwind,29.2,linkedin_jobs
2024-W39,tailwind,28.5,linkedin_jobs
2024-W40,tailwind,29.6,linkedin_jobs
2024-W41,tailwind,27.9,linkedin_jobs
2024-W42,tailwind,37.4,linkedin_jobs
2024-W43,tailwind,32.5,linkedin_jobs
2024-W44,tailwind,30.5,linkedin_jobs
2024-W45,tailwind,28.6,linkedin_jobs
2024-W46,tailwind,29.4,linkedin_jobs
2024-W47,tailwind,32.5,linkedin_jobs
2024-W48,tailwind,31.0,linkedin_jobs
2024-W49,tailwind,33.0,linkedin_jobs
2024-W50,tailwind,30.3,linkedin_jobs
2024-W51,tailwind,33.4,linkedin_jobs
2024-W52,tailwind,30.6,linkedin_jobs
2024-W53,tailwind,30.2,linkedin_jobs
2025-W01,tailwind,35.1,linkedin_jobs
2025-W02,tailwind,29.6,linkedin_jobs
2025-W03,tailwind,30.9,linkedin_jobs
2025-W04,tailwind,31.0,linkedin_jobs
2025-W05,tailwind,33.0,linkedin_jobs
2025-W06,tailwind,30.4,linkedin_jobs
2025-W07,tailwind,35.7,linkedin_jobs
2025-W08,tailwind,30.5,linkedin_jobs
2025-W09,tailwind,31.4,linkedin_jobs
2025-W10,tailwind,24.7,linkedin_jobs
2025-W11,tailwind,28.2,linkedin_jobs
2025-W12,tailwind,37.7,linkedin_jobs
2025-W13,tailwind,27.9,linkedin_jobs
2025-W14,tailwind,28.6,linkedin_jobs
2025-W15,tailwind,37.3,linkedin_jobs
2025-W16,tailwind,36.6,linkedin_jobs
2025-W17,tailwind,34.5,linkedin_jobs
2025-W18,tailwind,34.8,linkedin_jobs
2025-W19,tailwind,34.6,linkedin_jobs
2025-W20,tailwind,34.7,linkedin_jobs
2025-W21,tailwind,31.4,linkedin_jobs
2025-W22,tailwind,33.0,linkedin_jobs
2025-W23,tailwind,33.6,linkedin_jobs
2025-W24,tailwind,37.7,linkedin_jobs
2025-W25,tailwind,35.4,linkedin_jobs
2025-W26,tailwind,36.0,linkedin_jobs
2025-W27,tailwind,34.9,linkedin_jobs
2025-W28,tailwind,35.8,linkedin_jobs
2025-W29,tailwind,29.1,linkedin_jobs
2025-W30,tailwind,36.9,linkedin_jobs
2025-W31,tailwind,35.4,linkedin_jobs
2025-W32,tailwind,40.4,linkedin_jobs
2025-W33,tailwind,38.0,linkedin_jobs
2025-W34,tailwind,40.2,linkedin_jobs
2025-W35,tailwind,39.9,linkedin_jobs
2025-W36,tailwind,39.7,linkedin_jobs
2025-W37,tailwind,36.0,linkedin_jobs
2025-W38,tailwind,46.3,linkedin_jobs
2025-W39,tailwind,40.8,linkedin_jobs
2025-W40,tailwind,38.9,linkedin_jobs
2025-W41,tailwind,35.7,linkedin_jobs
2025-W42,tailwind,37.7,linkedin_jobs
2025-W43,tailwind,37.2,linkedin_jobs
2025-W44,tailwind,40.5,linkedin_jobs
2025-W45,tailwind,39.6,linkedin_jobs
2025-W46,tailwind,36.2,linkedin_jobs
2025-W47,tailwind,37.5,linkedin_jobs
2025-W48,tailwind,40.7,linkedin_jobs
2025-W49,tailwind,38.2,linkedin_jobs
2025-W50,tailwind,41.0,linkedin_jobs
2025-W51,tailwind,41.8,linkedin_jobs
2025-W52,tailwind,38.4,linkedin_jobs
2026-W01,tailwind,40.6,linkedin_jobs
2026-W02,tailwind,34.7,linkedin_jobs
2026-W03,tailwind,40.3,linkedin_jobs
2026-W04,tailwind,43.0,linkedin_jobs
2026-W05,tailwind,41.6,linkedin_jobs
2026-W06,tailwind,38.6,linkedin_jobs
2026-W07,tailwind,40.4,linkedin_jobs
2026-W08,tailwind,40.4,linkedin_jobs
2026-W09,tailwind,42.8,linkedin_jobs
2026-W10,tailwind,42.8,linkedin_jobs
2026-W11,tailwind,41.4,linkedin_jobs
2026-W12,tailwind,39.7,linkedin_jobs
2026-W13,tailwind,42.2,linkedin_jobs
2026-W14,tailwind,42.2,linkedin_jobs
2026-W15,tailwind,38.5,linkedin_jobs
2026-W16,tailwind,40.4,linkedin_jobs
2026-W17,tailwind,42.4,linkedin_jobs
2026-W18,tailwind,44.7,linkedin_jobs
2026-W19,tailwind,43.9,linkedin_jobs
2026-W20,tailwind,41.7,linkedin_jobs
2026-W21,tailwind,47.3,linkedin_jobs
2026-W22,tailwind,40.5,linkedin_jobs
2026-W23,tailwind,39.8,linkedin_jobs
2026-W24,tailwind,36.5,linkedin_jobs
2026-W25,tailwind,43.6,linkedin_jobs
2024-W01,graphql,16.7,linkedin_jobs
2024-W02,graphql,19.6,linkedin_jobs
2024-W03,graphql,21.0,linkedin_jobs
2024-W04,graphql,25.2,linkedin_jobs
2024-W05,graphql,15.3,linkedin_jobs
2024-W06,graphql,24.4,linkedin_jobs
2024-W07,graphql,20.0,linkedin_jobs
2024-W08,graphql,21.2,linkedin_jobs
2024-W09,graphql,22.1,linkedin_jobs
2024-W10,graphql,17.6,linkedin_jobs
2024-W11,graphql,20.3,linkedin_jobs
2024-W12,graphql,21.3,linkedin_jobs
2024-W13,graphql,16.1,linkedin_jobs
2024-W14,graphql,15.9,linkedin_jobs
2024-W15,graphql,18.9,linkedin_jobs
2024-W16,graphql,17.1,linkedin_jobs
2024-W17,graphql,20.5,linkedin_jobs
2024-W18,graphql,20.5,linkedin_jobs
2024-W19,graphql,28.0,linkedin_jobs
2024-W20,graphql,24.7,linkedin_jobs
2024-W21,graphql,22.7,linkedin_jobs
2024-W22,graphql,19.6,linkedin_jobs
2024-W23,graphql,21.6,linkedin_jobs
2024-W24,graphql,17.8,linkedin_jobs
2024-W25,graphql,22.7,linkedin_jobs
2024-W26,graphql,23.9,linkedin_jobs
2024-W27,graphql,20.0,linkedin_jobs
2024-W28,graphql,18.4,linkedin_jobs
2024-W29,graphql,23.7,linkedin_jobs
2024-W30,graphql,19.6,linkedin_jobs
2024-W31,graphql,18.6,linkedin_jobs
2024-W32,graphql,24.2,linkedin_jobs
2024-W33,graphql,19.9,linkedin_jobs
2024-W34,graphql,18.0,linkedin_jobs
2024-W35,graphql,17.7,linkedin_jobs
2024-W36,graphql,23.2,linkedin_jobs
2024-W37,graphql,20.2,linkedin_jobs
2024-W38,graphql,21.9,linkedin_jobs
2024-W39,graphql,21.7,linkedin_jobs
2024-W40,graphql,22.5,linkedin_jobs
2024-W41,graphql,19.9,linkedin_jobs
2024-W42,graphql,23.3,linkedin_jobs
2024-W43,graphql,20.5,linkedin_jobs
2024-W44,graphql,21.6,linkedin_jobs
2024-W45,graphql,20.6,linkedin_jobs
2024-W46,graphql,20.2,linkedin_jobs
2024-W47,graphql,24.1,linkedin_jobs
2024-W48,graphql,19.4,linkedin_jobs
2024-W49,graphql,24.2,linkedin_jobs
2024-W50,graphql,23.0,linkedin_jobs
2024-W51,graphql,15.8,linkedin_jobs
2024-W52,graphql,23.0,linkedin_jobs
2024-W53,graphql,20.1,linkedin_jobs
2025-W01,graphql,24.2,linkedin_jobs
2025-W02,graphql,23.3,linkedin_jobs
2025-W03,graphql,24.1,linkedin_jobs
2025-W04,graphql,19.9,linkedin_jobs
2025-W05,graphql,23.3,linkedin_jobs
2025-W06,graphql,19.8,linkedin_jobs
2025-W07,graphql,18.7,linkedin_jobs
2025-W08,graphql,21.3,linkedin_jobs
2025-W09,graphql,18.4,linkedin_jobs
2025-W10,graphql,23.4,linkedin_jobs
2025-W11,graphql,25.1,linkedin_jobs
2025-W12,graphql,24.8,linkedin_jobs
2025-W13,graphql,25.4,linkedin_jobs
2025-W14,graphql,23.2,linkedin_jobs
2025-W15,graphql,29.7,linkedin_jobs
2025-W16,graphql,22.5,linkedin_jobs
2025-W17,graphql,23.2,linkedin_jobs
2025-W18,graphql,20.6,linkedin_jobs
2025-W19,graphql,25.5,linkedin_jobs
2025-W20,graphql,27.8,linkedin_jobs
2025-W21,graphql,23.2,linkedin_jobs
2025-W22,graphql,20.7,linkedin_jobs
2025-W23,graphql,23.2,linkedin_jobs
2025-W24,graphql,24.6,linkedin_jobs
2025-W25,graphql,27.5,linkedin_jobs
2025-W26,graphql,28.2,linkedin_jobs
2025-W27,graphql,18.4,linkedin_jobs
2025-W28,graphql,21.1,linkedin_jobs
2025-W29,graphql,22.8,linkedin_jobs
2025-W30,graphql,24.4,linkedin_jobs
2025-W31,graphql,19.7,linkedin_jobs
2025-W32,graphql,23.7,linkedin_jobs
2025-W33,graphql,21.1,linkedin_jobs
2025-W34,graphql,23.3,linkedin_jobs
2025-W35,graphql,24.9,linkedin_jobs
2025-W36,graphql,24.3,linkedin_jobs
2025-W37,graphql,27.3,linkedin_jobs
2025-W38,graphql,22.2,linkedin_jobs
2025-W39,graphql,26.1,linkedin_jobs
2025-W40,graphql,23.1,linkedin_jobs
2025-W41,graphql,22.5,linkedin_jobs
2025-W42,graphql,24.9,linkedin_jobs
2025-W43,graphql,23.7,linkedin_jobs
2025-W44,graphql,28.8,linkedin_jobs
2025-W45,graphql,18.5,linkedin_jobs
2025-W46,graphql,26.0,linkedin_jobs
2025-W47,graphql,28.8,linkedin_jobs
2025-W48,graphql,25.3,linkedin_jobs
2025-W49,graphql,29.6,linkedin_jobs
2025-W50,graphql,23.7,linkedin_jobs
2025-W51,graphql,28.9,linkedin_jobs
2025-W52,graphql,27.0,linkedin_jobs
2026-W01,graphql,21.2,linkedin_jobs
2026-W02,graphql,25.2,linkedin_jobs
2026-W03,graphql,20.6,linkedin_jobs
2026-W04,graphql,24.9,linkedin_jobs
2026-W05,graphql,25.5,linkedin_jobs
2026-W06,graphql,24.8,linkedin_jobs
2026-W07,graphql,26.3,linkedin_jobs
2026-W08,graphql,24.4,linkedin_jobs
2026-W09,graphql,26.3,linkedin_jobs
2026-W10,graphql,24.3,linkedin_jobs
2026-W11,graphql,24.0,linkedin_jobs
2026-W12,graphql,21.3,linkedin_jobs
2026-W13,graphql,27.4,linkedin_jobs
2026-W14,graphql,20.8,linkedin_jobs
2026-W15,graphql,27.8,linkedin_jobs
2026-W16,graphql,20.9,linkedin_jobs
2026-W17,graphql,26.6,linkedin_jobs
2026-W18,graphql,28.3,linkedin_jobs
2026-W19,graphql,29.7,linkedin_jobs
2026-W20,graphql,28.7,linkedin_jobs
2026-W21,graphql,27.6,linkedin_jobs
2026-W22,graphql,26.5,linkedin_jobs
2026-W23,graphql,28.3,linkedin_jobs
2026-W24,graphql,29.1,linkedin_jobs
2026-W25,graphql,26.6,linkedin_jobs
2024-W01,nodejs,52.9,linkedin_jobs
2024-W02,nodejs,47.4,linkedin_jobs
2024-W03,nodejs,53.0,linkedin_jobs
2024-W04,nodejs,52.0,linkedin_jobs
2024-W05,nodejs,51.1,linkedin_jobs
2024-W06,nodejs,53.5,linkedin_jobs
2024-W07,nodejs,49.2,linkedin_jobs
2024-W08,nodejs,53.9,linkedin_jobs
2024-W09,nodejs,48.8,linkedin_jobs
2024-W10,nodejs,57.0,linkedin_jobs
2024-W11,nodejs,49.9,linkedin_jobs
2024-W12,nodejs,52.7,linkedin_jobs
2024-W13,nodejs,55.7,linkedin_jobs
2024-W14,nodejs,48.5,linkedin_jobs
2024-W15,nodejs,52.6,linkedin_jobs
2024-W16,nodejs,54.7,linkedin_jobs
2024-W17,nodejs,52.0,linkedin_jobs
2024-W18,nodejs,51.7,linkedin_jobs
2024-W19,nodejs,53.1,linkedin_jobs
2024-W20,nodejs,52.0,linkedin_jobs
2024-W21,nodejs,54.7,linkedin_jobs
2024-W22,nodejs,43.6,linkedin_jobs
2024-W23,nodejs,52.8,linkedin_jobs
2024-W24,nodejs,53.4,linkedin_jobs
2024-W25,nodejs,51.7,linkedin_jobs
2024-W26,nodejs,57.8,linkedin_jobs
2024-W27,nodejs,56.5,linkedin_jobs
2024-W28,nodejs,47.4,linkedin_jobs
2024-W29,nodejs,54.0,linkedin_jobs
2024-W30,nodejs,51.4,linkedin_jobs
2024-W31,nodejs,43.8,linkedin_jobs
2024-W32,nodejs,50.0,linkedin_jobs
2024-W33,nodejs,49.9,linkedin_jobs
2024-W34,nodejs,51.1,linkedin_jobs
2024-W35,nodejs,56.0,linkedin_jobs
2024-W36,nodejs,53.6,linkedin_jobs
2024-W37,nodejs,47.1,linkedin_jobs
2024-W38,nodejs,52.2,linkedin_jobs
2024-W39,nodejs,55.4,linkedin_jobs
2024-W40,nodejs,52.0,linkedin_jobs
2024-W41,nodejs,52.9,linkedin_jobs
2024-W42,nodejs,51.6,linkedin_jobs
2024-W43,nodejs,56.1,linkedin_jobs
2024-W44,nodejs,51.3,linkedin_jobs
2024-W45,nodejs,53.5,linkedin_jobs
2024-W46,nodejs,49.1,linkedin_jobs
2024-W47,nodejs,48.1,linkedin_jobs
2024-W48,nodejs,47.4,linkedin_jobs
2024-W49,nodejs,50.5,linkedin_jobs
2024-W50,nodejs,48.8,linkedin_jobs
2024-W51,nodejs,53.5,linkedin_jobs
2024-W52,nodejs,48.4,linkedin_jobs
2024-W53,nodejs,52.6,linkedin_jobs
2025-W01,nodejs,55.8,linkedin_jobs
2025-W02,nodejs,51.8,linkedin_jobs
2025-W03,nodejs,53.5,linkedin_jobs
2025-W04,nodejs,49.0,linkedin_jobs
2025-W05,nodejs,47.9,linkedin_jobs
2025-W06,nodejs,56.7,linkedin_jobs
2025-W07,nodejs,50.5,linkedin_jobs
2025-W08,nodejs,52.4,linkedin_jobs
2025-W09,nodejs,47.2,linkedin_jobs
2025-W10,nodejs,52.5,linkedin_jobs
2025-W11,nodejs,53.0,linkedin_jobs
2025-W12,nodejs,48.2,linkedin_jobs
2025-W13,nodejs,48.6,linkedin_jobs
2025-W14,nodejs,52.3,linkedin_jobs
2025-W15,nodejs,48.4,linkedin_jobs
2025-W16,nodejs,49.7,linkedin_jobs
2025-W17,nodejs,49.3,linkedin_jobs
2025-W18,nodejs,45.3,linkedin_jobs
2025-W19,nodejs,50.0,linkedin_jobs
2025-W20,nodejs,49.7,linkedin_jobs
2025-W21,nodejs,50.1,linkedin_jobs
2025-W22,nodejs,51.5,linkedin_jobs
2025-W23,nodejs,50.6,linkedin_jobs
2025-W24,nodejs,48.6,linkedin_jobs
2025-W25,nodejs,50.2,linkedin_jobs
2025-W26,nodejs,49.0,linkedin_jobs
2025-W27,nodejs,49.8,linkedin_jobs
2025-W28,nodejs,48.6,linkedin_jobs
2025-W29,nodejs,41.8,linkedin_jobs
2025-W30,nodejs,41.9,linkedin_jobs
2025-W31,nodejs,48.8,linkedin_jobs
2025-W32,nodejs,51.8,linkedin_jobs
2025-W33,nodejs,53.5,linkedin_jobs
2025-W34,nodejs,46.0,linkedin_jobs
2025-W35,nodejs,50.4,linkedin_jobs
2025-W36,nodejs,52.3,linkedin_jobs
2025-W37,nodejs,51.7,linkedin_jobs
2025-W38,nodejs,53.7,linkedin_jobs
2025-W39,nodejs,52.4,linkedin_jobs
2025-W40,nodejs,50.6,linkedin_jobs
2025-W41,nodejs,49.1,linkedin_jobs
2025-W42,nodejs,45.8,linkedin_jobs
2025-W43,nodejs,49.3,linkedin_jobs
2025-W44,nodejs,48.4,linkedin_jobs
2025-W45,nodejs,51.3,linkedin_jobs
2025-W46,nodejs,48.9,linkedin_jobs
2025-W47,nodejs,45.0,linkedin_jobs
2025-W48,nodejs,51.4,linkedin_jobs
2025-W49,nodejs,51.3,linkedin_jobs
2025-W50,nodejs,51.6,linkedin_jobs
2025-W51,nodejs,54.3,linkedin_jobs
2025-W52,nodejs,47.9,linkedin_jobs
2026-W01,nodejs,51.3,linkedin_jobs
2026-W02,nodejs,50.4,linkedin_jobs
2026-W03,nodejs,51.9,linkedin_jobs
2026-W04,nodejs,47.4,linkedin_jobs
2026-W05,nodejs,49.3,linkedin_jobs
2026-W06,nodejs,47.6,linkedin_jobs
2026-W07,nodejs,47.4,linkedin_jobs
2026-W08,nodejs,46.1,linkedin_jobs
2026-W09,nodejs,46.3,linkedin_jobs
2026-W10,nodejs,49.1,linkedin_jobs
2026-W11,nodejs,47.8,linkedin_jobs
2026-W12,nodejs,42.4,linkedin_jobs
2026-W13,nodejs,48.3,linkedin_jobs
2026-W14,nodejs,55.6,linkedin_jobs
2026-W15,nodejs,49.2,linkedin_jobs
2026-W16,nodejs,44.6,linkedin_jobs
2026-W17,nodejs,45.7,linkedin_jobs
2026-W18,nodejs,46.2,linkedin_jobs
2026-W19,nodejs,51.2,linkedin_jobs
2026-W20,nodejs,44.6,linkedin_jobs
2026-W21,nodejs,48.4,linkedin_jobs
2026-W22,nodejs,45.5,linkedin_jobs
2026-W23,nodejs,52.3,linkedin_jobs
2026-W24,nodejs,46.7,linkedin_jobs
2026-W25,nodejs,47.7,linkedin_jobs
2024-W01,django,24.2,linkedin_jobs
2024-W02,django,22.2,linkedin_jobs
2024-W03,django,23.9,linkedin_jobs
2024-W04,django,22.2,linkedin_jobs
2024-W05,django,23.2,linkedin_jobs
2024-W06,django,20.2,linkedin_jobs
2024-W07,django,20.2,linkedin_jobs
2024-W08,django,25.3,linkedin_jobs
2024-W09,django,23.4,linkedin_jobs
2024-W10,django,25.6,linkedin_jobs
2024-W11,django,24.6,linkedin_jobs
2024-W12,django,26.6,linkedin_jobs
2024-W13,django,23.8,linkedin_jobs
2024-W14,django,23.9,linkedin_jobs
2024-W15,django,25.5,linkedin_jobs
2024-W16,django,33.3,linkedin_jobs
2024-W17,django,28.7,linkedin_jobs
2024-W18,django,26.7,linkedin_jobs
2024-W19,django,24.0,linkedin_jobs
2024-W20,django,25.8,linkedin_jobs
2024-W21,django,29.0,linkedin_jobs
2024-W22,django,25.6,linkedin_jobs
2024-W23,django,29.8,linkedin_jobs
2024-W24,django,25.1,linkedin_jobs
2024-W25,django,20.2,linkedin_jobs
2024-W26,django,20.6,linkedin_jobs
2024-W27,django,30.6,linkedin_jobs
2024-W28,django,26.5,linkedin_jobs
2024-W29,django,26.5,linkedin_jobs
2024-W30,django,25.9,linkedin_jobs
2024-W31,django,26.1,linkedin_jobs
2024-W32,django,24.6,linkedin_jobs
2024-W33,django,23.0,linkedin_jobs
2024-W34,django,22.7,linkedin_jobs
2024-W35,django,32.1,linkedin_jobs
2024-W36,django,25.2,linkedin_jobs
2024-W37,django,24.6,linkedin_jobs
2024-W38,django,26.9,linkedin_jobs
2024-W39,django,20.6,linkedin_jobs
2024-W40,django,30.1,linkedin_jobs
2024-W41,django,28.1,linkedin_jobs
2024-W42,django,26.6,linkedin_jobs
2024-W43,django,24.5,linkedin_jobs
2024-W44,django,29.8,linkedin_jobs
2024-W45,django,28.9,linkedin_jobs
2024-W46,django,31.5,linkedin_jobs
2024-W47,django,25.8,linkedin_jobs
2024-W48,django,27.3,linkedin_jobs
2024-W49,django,25.1,linkedin_jobs
2024-W50,django,29.8,linkedin_jobs
2024-W51,django,22.2,linkedin_jobs
2024-W52,django,27.4,linkedin_jobs
2024-W53,django,21.3,linkedin_jobs
2025-W01,django,32.2,linkedin_jobs
2025-W02,django,28.6,linkedin_jobs
2025-W03,django,20.2,linkedin_jobs
2025-W04,django,29.1,linkedin_jobs
2025-W05,django,24.7,linkedin_jobs
2025-W06,django,26.9,linkedin_jobs
2025-W07,django,26.5,linkedin_jobs
2025-W08,django,21.2,linkedin_jobs
2025-W09,django,31.8,linkedin_jobs
2025-W10,django,30.5,linkedin_jobs
2025-W11,django,28.4,linkedin_jobs
2025-W12,django,29.0,linkedin_jobs
2025-W13,django,25.4,linkedin_jobs
2025-W14,django,19.1,linkedin_jobs
2025-W15,django,23.3,linkedin_jobs
2025-W16,django,29.3,linkedin_jobs
2025-W17,django,26.0,linkedin_jobs
2025-W18,django,26.4,linkedin_jobs
2025-W19,django,26.3,linkedin_jobs
2025-W20,django,31.1,linkedin_jobs
2025-W21,django,25.8,linkedin_jobs
2025-W22,django,27.3,linkedin_jobs
2025-W23,django,25.1,linkedin_jobs
2025-W24,django,25.3,linkedin_jobs
2025-W25,django,24.9,linkedin_jobs
2025-W26,django,22.9,linkedin_jobs
2025-W27,django,25.8,linkedin_jobs
2025-W28,django,25.8,linkedin_jobs
2025-W29,django,22.4,linkedin_jobs
2025-W30,django,24.5,linkedin_jobs
2025-W31,django,22.4,linkedin_jobs
2025-W32,django,30.9,linkedin_jobs
2025-W33,django,25.4,linkedin_jobs
2025-W34,django,26.4,linkedin_jobs
2025-W35,django,26.5,linkedin_jobs
2025-W36,django,27.7,linkedin_jobs
2025-W37,django,28.2,linkedin_jobs
2025-W38,django,28.5,linkedin_jobs
2025-W39,django,30.3,linkedin_jobs
2025-W40,django,30.3,linkedin_jobs
2025-W41,django,25.0,linkedin_jobs
2025-W42,django,26.1,linkedin_jobs
2025-W43,django,21.9,linkedin_jobs
2025-W44,django,29.8,linkedin_jobs
2025-W45,django,32.2,linkedin_jobs
2025-W46,django,27.1,linkedin_jobs
2025-W47,django,31.4,linkedin_jobs
2025-W48,django,23.2,linkedin_jobs
2025-W49,django,29.6,linkedin_jobs
2025-W50,django,22.6,linkedin_jobs
2025-W51,django,24.9,linkedin_jobs
2025-W52,django,31.6,linkedin_jobs
2026-W01,django,29.3,linkedin_jobs
2026-W02,django,28.1,linkedin_jobs
2026-W03,django,30.2,linkedin_jobs
2026-W04,django,29.7,linkedin_jobs
2026-W05,django,27.2,linkedin_jobs
2026-W06,django,31.2,linkedin_jobs
2026-W07,django,23.1,linkedin_jobs
2026-W08,django,28.9,linkedin_jobs
2026-W09,django,32.3,linkedin_jobs
2026-W10,django,24.5,linkedin_jobs
2026-W11,django,25.5,linkedin_jobs
2026-W12,django,29.1,linkedin_jobs
2026-W13,django,26.4,linkedin_jobs
2026-W14,django,27.7,linkedin_jobs
2026-W15,django,27.6,linkedin_jobs
2026-W16,django,28.8,linkedin_jobs
2026-W17,django,35.8,linkedin_jobs
2026-W18,django,27.7,linkedin_jobs
2026-W19,django,23.9,linkedin_jobs
2026-W20,django,26.0,linkedin_jobs
2026-W21,django,31.1,linkedin_jobs
2026-W22,django,23.9,linkedin_jobs
2026-W23,django,26.1,linkedin_jobs
2026-W24,django,24.3,linkedin_jobs
2026-W25,django,22.6,linkedin_jobs
2024-W01,flask,17.7,linkedin_jobs
2024-W02,flask,26.8,linkedin_jobs
2024-W03,flask,14.5,linkedin_jobs
2024-W04,flask,21.6,linkedin_jobs
2024-W05,flask,16.6,linkedin_jobs
2024-W06,flask,15.5,linkedin_jobs
2024-W07,flask,17.5,linkedin_jobs
2024-W08,flask,17.4,linkedin_jobs
2024-W09,flask,19.4,linkedin_jobs
2024-W10,flask,17.3,linkedin_jobs
2024-W11,flask,16.8,linkedin_jobs
2024-W12,flask,19.0,linkedin_jobs
2024-W13,flask,20.5,linkedin_jobs
2024-W14,flask,21.6,linkedin_jobs
2024-W15,flask,17.7,linkedin_jobs
2024-W16,flask,19.2,linkedin_jobs
2024-W17,flask,18.3,linkedin_jobs
2024-W18,flask,18.5,linkedin_jobs
2024-W19,flask,26.2,linkedin_jobs
2024-W20,flask,17.3,linkedin_jobs
2024-W21,flask,17.3,linkedin_jobs
2024-W22,flask,19.0,linkedin_jobs
2024-W23,flask,23.7,linkedin_jobs
2024-W24,flask,19.9,linkedin_jobs
2024-W25,flask,19.2,linkedin_jobs
2024-W26,flask,15.4,linkedin_jobs
2024-W27,flask,25.8,linkedin_jobs
2024-W28,flask,15.3,linkedin_jobs
2024-W29,flask,14.8,linkedin_jobs
2024-W30,flask,22.1,linkedin_jobs
2024-W31,flask,18.5,linkedin_jobs
2024-W32,flask,18.6,linkedin_jobs
2024-W33,flask,19.4,linkedin_jobs
2024-W34,flask,16.8,linkedin_jobs
2024-W35,flask,17.6,linkedin_jobs
2024-W36,flask,15.1,linkedin_jobs
2024-W37,flask,24.3,linkedin_jobs
2024-W38,flask,14.8,linkedin_jobs
2024-W39,flask,19.9,linkedin_jobs
2024-W40,flask,17.2,linkedin_jobs
2024-W41,flask,16.8,linkedin_jobs
2024-W42,flask,18.4,linkedin_jobs
2024-W43,flask,15.3,linkedin_jobs
2024-W44,flask,11.2,linkedin_jobs
2024-W45,flask,17.5,linkedin_jobs
2024-W46,flask,22.0,linkedin_jobs
2024-W47,flask,18.3,linkedin_jobs
2024-W48,flask,21.2,linkedin_jobs
2024-W49,flask,23.8,linkedin_jobs
2024-W50,flask,11.7,linkedin_jobs
2024-W51,flask,16.7,linkedin_jobs
2024-W52,flask,18.6,linkedin_jobs
2024-W53,flask,22.0,linkedin_jobs
2025-W01,flask,10.7,linkedin_jobs
2025-W02,flask,16.9,linkedin_jobs
2025-W03,flask,21.0,linkedin_jobs
2025-W04,flask,18.3,linkedin_jobs
2025-W05,flask,12.8,linkedin_jobs
2025-W06,flask,19.7,linkedin_jobs
2025-W07,flask,21.4,linkedin_jobs
2025-W08,flask,17.5,linkedin_jobs
2025-W09,flask,18.4,linkedin_jobs
2025-W10,flask,17.3,linkedin_jobs
2025-W11,flask,18.0,linkedin_jobs
2025-W12,flask,14.8,linkedin_jobs
2025-W13,flask,19.0,linkedin_jobs
2025-W14,flask,19.2,linkedin_jobs
2025-W15,flask,18.3,linkedin_jobs
2025-W16,flask,18.8,linkedin_jobs
2025-W17,flask,19.0,linkedin_jobs
2025-W18,flask,18.8,linkedin_jobs
2025-W19,flask,20.1,linkedin_jobs
2025-W20,flask,13.6,linkedin_jobs
2025-W21,flask,11.0,linkedin_jobs
2025-W22,flask,19.9,linkedin_jobs
2025-W23,flask,9.3,linkedin_jobs
2025-W24,flask,12.2,linkedin_jobs
2025-W25,flask,23.8,linkedin_jobs
2025-W26,flask,19.3,linkedin_jobs
2025-W27,flask,20.8,linkedin_jobs
2025-W28,flask,17.7,linkedin_jobs
2025-W29,flask,16.9,linkedin_jobs
2025-W30,flask,22.0,linkedin_jobs
2025-W31,flask,14.5,linkedin_jobs
2025-W32,flask,20.5,linkedin_jobs
2025-W33,flask,16.8,linkedin_jobs
2025-W34,flask,22.8,linkedin_jobs
2025-W35,flask,15.9,linkedin_jobs
2025-W36,flask,23.5,linkedin_jobs
2025-W37,flask,18.8,linkedin_jobs
2025-W38,flask,20.8,linkedin_jobs
2025-W39,flask,13.1,linkedin_jobs
2025-W40,flask,19.7,linkedin_jobs
2025-W41,flask,15.4,linkedin_jobs
2025-W42,flask,21.5,linkedin_jobs
2025-W43,flask,19.8,linkedin_jobs
2025-W44,flask,19.7,linkedin_jobs
2025-W45,flask,17.0,linkedin_jobs
2025-W46,flask,13.5,linkedin_jobs
2025-W47,flask,17.8,linkedin_jobs
2025-W48,flask,18.7,linkedin_jobs
2025-W49,flask,17.3,linkedin_jobs
2025-W50,flask,16.3,linkedin_jobs
2025-W51,flask,16.7,linkedin_jobs
2025-W52,flask,11.3,linkedin_jobs
2026-W01,flask,21.8,linkedin_jobs
2026-W02,flask,19.3,linkedin_jobs
2026-W03,flask,16.1,linkedin_jobs
2026-W04,flask,21.7,linkedin_jobs
2026-W05,flask,14.0,linkedin_jobs
2026-W06,flask,14.9,linkedin_jobs
2026-W07,flask,22.5,linkedin_jobs
2026-W08,flask,16.9,linkedin_jobs
2026-W09,flask,16.8,linkedin_jobs
2026-W10,flask,16.2,linkedin_jobs
2026-W11,flask,18.0,linkedin_jobs
2026-W12,flask,19.4,linkedin_jobs
2026-W13,flask,16.6,linkedin_jobs
2026-W14,flask,15.0,linkedin_jobs
2026-W15,flask,16.7,linkedin_jobs
2026-W16,flask,16.2,linkedin_jobs
2026-W17,flask,13.4,linkedin_jobs
2026-W18,flask,17.4,linkedin_jobs
2026-W19,flask,15.5,linkedin_jobs
2026-W20,flask,18.1,linkedin_jobs
2026-W21,flask,12.0,linkedin_jobs
2026-W22,flask,13.0,linkedin_jobs
2026-W23,flask,15.8,linkedin_jobs
2026-W24,flask,17.1,linkedin_jobs
2026-W25,flask,17.0,linkedin_jobs
2024-W01,fastapi,13.6,linkedin_jobs
2024-W02,fastapi,15.2,linkedin_jobs
2024-W03,fastapi,17.2,linkedin_jobs
2024-W04,fastapi,15.0,linkedin_jobs
2024-W05,fastapi,12.1,linkedin_jobs
2024-W06,fastapi,13.6,linkedin_jobs
2024-W07,fastapi,8.5,linkedin_jobs
2024-W08,fastapi,15.0,linkedin_jobs
2024-W09,fastapi,11.7,linkedin_jobs
2024-W10,fastapi,12.9,linkedin_jobs
2024-W11,fastapi,18.2,linkedin_jobs
2024-W12,fastapi,13.1,linkedin_jobs
2024-W13,fastapi,11.0,linkedin_jobs
2024-W14,fastapi,11.7,linkedin_jobs
2024-W15,fastapi,14.0,linkedin_jobs
2024-W16,fastapi,14.2,linkedin_jobs
2024-W17,fastapi,11.7,linkedin_jobs
2024-W18,fastapi,11.8,linkedin_jobs
2024-W19,fastapi,11.3,linkedin_jobs
2024-W20,fastapi,14.9,linkedin_jobs
2024-W21,fastapi,13.6,linkedin_jobs
2024-W22,fastapi,11.6,linkedin_jobs
2024-W23,fastapi,16.8,linkedin_jobs
2024-W24,fastapi,20.0,linkedin_jobs
2024-W25,fastapi,16.7,linkedin_jobs
2024-W26,fastapi,13.5,linkedin_jobs
2024-W27,fastapi,15.2,linkedin_jobs
2024-W28,fastapi,17.4,linkedin_jobs
2024-W29,fastapi,9.3,linkedin_jobs
2024-W30,fastapi,10.0,linkedin_jobs
2024-W31,fastapi,17.8,linkedin_jobs
2024-W32,fastapi,13.6,linkedin_jobs
2024-W33,fastapi,17.3,linkedin_jobs
2024-W34,fastapi,15.6,linkedin_jobs
2024-W35,fastapi,16.6,linkedin_jobs
2024-W36,fastapi,16.3,linkedin_jobs
2024-W37,fastapi,15.9,linkedin_jobs
2024-W38,fastapi,23.0,linkedin_jobs
2024-W39,fastapi,14.2,linkedin_jobs
2024-W40,fastapi,20.2,linkedin_jobs
2024-W41,fastapi,18.1,linkedin_jobs
2024-W42,fastapi,19.8,linkedin_jobs
2024-W43,fastapi,21.9,linkedin_jobs
2024-W44,fastapi,19.1,linkedin_jobs
2024-W45,fastapi,24.4,linkedin_jobs
2024-W46,fastapi,24.1,linkedin_jobs
2024-W47,fastapi,24.3,linkedin_jobs
2024-W48,fastapi,18.4,linkedin_jobs
2024-W49,fastapi,23.2,linkedin_jobs
2024-W50,fastapi,19.9,linkedin_jobs
2024-W51,fastapi,23.2,linkedin_jobs
2024-W52,fastapi,23.8,linkedin_jobs
2024-W53,fastapi,29.4,linkedin_jobs
2025-W01,fastapi,25.0,linkedin_jobs
2025-W02,fastapi,28.5,linkedin_jobs
2025-W03,fastapi,31.4,linkedin_jobs
2025-W04,fastapi,29.1,linkedin_jobs
2025-W05,fastapi,29.2,linkedin_jobs
2025-W06,fastapi,32.8,linkedin_jobs
2025-W07,fastapi,33.2,linkedin_jobs
2025-W08,fastapi,38.2,linkedin_jobs
2025-W09,fastapi,37.3,linkedin_jobs
2025-W10,fastapi,37.5,linkedin_jobs
2025-W11,fastapi,38.3,linkedin_jobs
2025-W12,fastapi,46.0,linkedin_jobs
2025-W13,fastapi,40.3,linkedin_jobs
2025-W14,fastapi,44.3,linkedin_jobs
2025-W15,fastapi,43.1,linkedin_jobs
2025-W16,fastapi,41.6,linkedin_jobs
2025-W17,fastapi,46.2,linkedin_jobs
2025-W18,fastapi,47.1,linkedin_jobs
2025-W19,fastapi,42.2,linkedin_jobs
2025-W20,fastapi,48.4,linkedin_jobs
2025-W21,fastapi,50.0,linkedin_jobs
2025-W22,fastapi,46.7,linkedin_jobs
2025-W23,fastapi,51.5,linkedin_jobs
2025-W24,fastapi,41.8,linkedin_jobs
2025-W25,fastapi,49.6,linkedin_jobs
2025-W26,fastapi,51.1,linkedin_jobs
2025-W27,fastapi,49.0,linkedin_jobs
2025-W28,fastapi,45.7,linkedin_jobs
2025-W29,fastapi,50.6,linkedin_jobs
2025-W30,fastapi,53.0,linkedin_jobs
2025-W31,fastapi,52.9,linkedin_jobs
2025-W32,fastapi,49.5,linkedin_jobs
2025-W33,fastapi,48.1,linkedin_jobs
2025-W34,fastapi,51.8,linkedin_jobs
2025-W35,fastapi,47.9,linkedin_jobs
2025-W36,fastapi,50.0,linkedin_jobs
2025-W37,fastapi,54.3,linkedin_jobs
2025-W38,fastapi,50.6,linkedin_jobs
2025-W39,fastapi,51.6,linkedin_jobs
2025-W40,fastapi,52.2,linkedin_jobs
2025-W41,fastapi,48.0,linkedin_jobs
2025-W42,fastapi,52.0,linkedin_jobs
2025-W43,fastapi,51.3,linkedin_jobs
2025-W44,fastapi,51.0,linkedin_jobs
2025-W45,fastapi,56.3,linkedin_jobs
2025-W46,fastapi,53.2,linkedin_jobs
2025-W47,fastapi,50.7,linkedin_jobs
2025-W48,fastapi,50.1,linkedin_jobs
2025-W49,fastapi,56.3,linkedin_jobs
2025-W50,fastapi,47.4,linkedin_jobs
2025-W51,fastapi,50.4,linkedin_jobs
2025-W52,fastapi,51.2,linkedin_jobs
2026-W01,fastapi,55.2,linkedin_jobs
2026-W02,fastapi,55.6,linkedin_jobs
2026-W03,fastapi,54.2,linkedin_jobs
2026-W04,fastapi,50.8,linkedin_jobs
2026-W05,fastapi,56.8,linkedin_jobs
2026-W06,fastapi,50.2,linkedin_jobs
2026-W07,fastapi,48.1,linkedin_jobs
2026-W08,fastapi,47.0,linkedin_jobs
2026-W09,fastapi,42.3,linkedin_jobs
2026-W10,fastapi,51.1,linkedin_jobs
2026-W11,fastapi,49.6,linkedin_jobs
2026-W12,fastapi,54.3,linkedin_jobs
2026-W13,fastapi,56.7,linkedin_jobs
2026-W14,fastapi,47.2,linkedin_jobs
2026-W15,fastapi,52.9,linkedin_jobs
2026-W16,fastapi,56.1,linkedin_jobs
2026-W17,fastapi,53.9,linkedin_jobs
2026-W18,fastapi,49.7,linkedin_jobs
2026-W19,fastapi,55.9,linkedin_jobs
2026-W20,fastapi,53.9,linkedin_jobs
2026-W21,fastapi,51.3,linkedin_jobs
2026-W22,fastapi,55.3,linkedin_jobs
2026-W23,fastapi,51.8,linkedin_jobs
2026-W24,fastapi,43.9,linkedin_jobs
2026-W25,fastapi,56.4,linkedin_jobs
2024-W01,spring,33.4,linkedin_jobs
2024-W02,spring,33.6,linkedin_jobs
2024-W03,spring,24.4,linkedin_jobs
2024-W04,spring,33.0,linkedin_jobs
2024-W05,spring,32.1,linkedin_jobs
2024-W06,spring,34.5,linkedin_jobs
2024-W07,spring,31.1,linkedin_jobs
2024-W08,spring,30.1,linkedin_jobs
2024-W09,spring,30.7,linkedin_jobs
2024-W10,spring,27.0,linkedin_jobs
2024-W11,spring,28.6,linkedin_jobs
2024-W12,spring,32.0,linkedin_jobs
2024-W13,spring,34.0,linkedin_jobs
2024-W14,spring,33.5,linkedin_jobs
2024-W15,spring,30.7,linkedin_jobs
2024-W16,spring,29.7,linkedin_jobs
2024-W17,spring,34.7,linkedin_jobs
2024-W18,spring,29.6,linkedin_jobs
2024-W19,spring,17.9,linkedin_jobs
2024-W20,spring,29.4,linkedin_jobs
2024-W21,spring,34.6,linkedin_jobs
2024-W22,spring,29.7,linkedin_jobs
2024-W23,spring,34.5,linkedin_jobs
2024-W24,spring,29.4,linkedin_jobs
2024-W25,spring,32.0,linkedin_jobs
2024-W26,spring,37.7,linkedin_jobs
2024-W27,spring,28.5,linkedin_jobs
2024-W28,spring,29.8,linkedin_jobs
2024-W29,spring,36.2,linkedin_jobs
2024-W30,spring,28.7,linkedin_jobs
2024-W31,spring,33.8,linkedin_jobs
2024-W32,spring,28.7,linkedin_jobs
2024-W33,spring,30.7,linkedin_jobs
2024-W34,spring,30.2,linkedin_jobs
2024-W35,spring,27.9,linkedin_jobs
2024-W36,spring,28.6,linkedin_jobs
2024-W37,spring,31.5,linkedin_jobs
2024-W38,spring,33.9,linkedin_jobs
2024-W39,spring,25.5,linkedin_jobs
2024-W40,spring,31.4,linkedin_jobs
2024-W41,spring,29.0,linkedin_jobs
2024-W42,spring,31.2,linkedin_jobs
2024-W43,spring,26.3,linkedin_jobs
2024-W44,spring,24.8,linkedin_jobs
2024-W45,spring,34.8,linkedin_jobs
2024-W46,spring,30.8,linkedin_jobs
2024-W47,spring,23.7,linkedin_jobs
2024-W48,spring,26.2,linkedin_jobs
2024-W49,spring,30.3,linkedin_jobs
2024-W50,spring,34.3,linkedin_jobs
2024-W51,spring,27.3,linkedin_jobs
2024-W52,spring,26.7,linkedin_jobs
2024-W53,spring,30.1,linkedin_jobs
2025-W01,spring,31.5,linkedin_jobs
2025-W02,spring,21.7,linkedin_jobs
2025-W03,spring,29.4,linkedin_jobs
2025-W04,spring,30.3,linkedin_jobs
2025-W05,spring,26.0,linkedin_jobs
2025-W06,spring,33.3,linkedin_jobs
2025-W07,spring,30.4,linkedin_jobs
2025-W08,spring,26.9,linkedin_jobs
2025-W09,spring,27.8,linkedin_jobs
2025-W10,spring,31.3,linkedin_jobs
2025-W11,spring,29.6,linkedin_jobs
2025-W12,spring,33.7,linkedin_jobs
2025-W13,spring,30.3,linkedin_jobs
2025-W14,spring,28.0,linkedin_jobs
2025-W15,spring,23.6,linkedin_jobs
2025-W16,spring,31.1,linkedin_jobs
2025-W17,spring,22.3,linkedin_jobs
2025-W18,spring,25.9,linkedin_jobs
2025-W19,spring,29.3,linkedin_jobs
2025-W20,spring,24.2,linkedin_jobs
2025-W21,spring,29.0,linkedin_jobs
2025-W22,spring,23.3,linkedin_jobs
2025-W23,spring,26.7,linkedin_jobs
2025-W24,spring,32.8,linkedin_jobs
2025-W25,spring,25.9,linkedin_jobs
2025-W26,spring,26.8,linkedin_jobs
2025-W27,spring,31.5,linkedin_jobs
2025-W28,spring,31.7,linkedin_jobs
2025-W29,spring,31.8,linkedin_jobs
2025-W30,spring,31.2,linkedin_jobs
2025-W31,spring,32.1,linkedin_jobs
2025-W32,spring,21.4,linkedin_jobs
2025-W33,spring,25.6,linkedin_jobs
2025-W34,spring,28.9,linkedin_jobs
2025-W35,spring,26.9,linkedin_jobs
2025-W36,spring,28.4,linkedin_jobs
2025-W37,spring,28.5,linkedin_jobs
2025-W38,spring,27.6,linkedin_jobs
2025-W39,spring,31.4,linkedin_jobs
2025-W40,spring,30.6,linkedin_jobs
2025-W41,spring,23.6,linkedin_jobs
2025-W42,spring,34.1,linkedin_jobs
2025-W43,spring,30.8,linkedin_jobs
2025-W44,spring,29.0,linkedin_jobs
2025-W45,spring,28.0,linkedin_jobs
2025-W46,spring,33.4,linkedin_jobs
2025-W47,spring,28.2,linkedin_jobs
2025-W48,spring,22.9,linkedin_jobs
2025-W49,spring,30.0,linkedin_jobs
2025-W50,spring,28.6,linkedin_jobs
2025-W51,spring,27.5,linkedin_jobs
2025-W52,spring,34.5,linkedin_jobs
2026-W01,spring,28.3,linkedin_jobs
2026-W02,spring,30.9,linkedin_jobs
2026-W03,spring,25.0,linkedin_jobs
2026-W04,spring,29.2,linkedin_jobs
2026-W05,spring,30.8,linkedin_jobs
2026-W06,spring,32.0,linkedin_jobs
2026-W07,spring,29.0,linkedin_jobs
2026-W08,spring,27.4,linkedin_jobs
2026-W09,spring,29.4,linkedin_jobs
2026-W10,spring,30.5,linkedin_jobs
2026-W11,spring,29.1,linkedin_jobs
2026-W12,spring,28.2,linkedin_jobs
2026-W13,spring,20.4,linkedin_jobs
2026-W14,spring,23.0,linkedin_jobs
2026-W15,spring,27.5,linkedin_jobs
2026-W16,spring,28.4,linkedin_jobs
2026-W17,spring,31.7,linkedin_jobs
2026-W18,spring,28.4,linkedin_jobs
2026-W19,spring,28.3,linkedin_jobs
2026-W20,spring,24.6,linkedin_jobs
2026-W21,spring,22.8,linkedin_jobs
2026-W22,spring,24.6,linkedin_jobs
2026-W23,spring,25.0,linkedin_jobs
2026-W24,spring,26.1,linkedin_jobs
2026-W25,spring,27.7,linkedin_jobs
2024-W01,dotnet,29.9,linkedin_jobs
2024-W02,dotnet,32.0,linkedin_jobs
2024-W03,dotnet,34.0,linkedin_jobs
2024-W04,dotnet,30.7,linkedin_jobs
2024-W05,dotnet,33.4,linkedin_jobs
2024-W06,dotnet,38.4,linkedin_jobs
2024-W07,dotnet,33.2,linkedin_jobs
2024-W08,dotnet,30.9,linkedin_jobs
2024-W09,dotnet,34.3,linkedin_jobs
2024-W10,dotnet,35.3,linkedin_jobs
2024-W11,dotnet,34.4,linkedin_jobs
2024-W12,dotnet,33.4,linkedin_jobs
2024-W13,dotnet,27.2,linkedin_jobs
2024-W14,dotnet,28.7,linkedin_jobs
2024-W15,dotnet,33.8,linkedin_jobs
2024-W16,dotnet,32.6,linkedin_jobs
2024-W17,dotnet,34.9,linkedin_jobs
2024-W18,dotnet,33.3,linkedin_jobs
2024-W19,dotnet,35.3,linkedin_jobs
2024-W20,dotnet,34.5,linkedin_jobs
2024-W21,dotnet,37.2,linkedin_jobs
2024-W22,dotnet,30.9,linkedin_jobs
2024-W23,dotnet,30.6,linkedin_jobs
2024-W24,dotnet,31.8,linkedin_jobs
2024-W25,dotnet,28.6,linkedin_jobs
2024-W26,dotnet,33.0,linkedin_jobs
2024-W27,dotnet,35.0,linkedin_jobs
2024-W28,dotnet,35.8,linkedin_jobs
2024-W29,dotnet,30.5,linkedin_jobs
2024-W30,dotnet,28.9,linkedin_jobs
2024-W31,dotnet,34.3,linkedin_jobs
2024-W32,dotnet,33.8,linkedin_jobs
2024-W33,dotnet,32.8,linkedin_jobs
2024-W34,dotnet,39.1,linkedin_jobs
2024-W35,dotnet,28.7,linkedin_jobs
2024-W36,dotnet,32.2,linkedin_jobs
2024-W37,dotnet,37.6,linkedin_jobs
2024-W38,dotnet,38.7,linkedin_jobs
2024-W39,dotnet,32.4,linkedin_jobs
2024-W40,dotnet,33.9,linkedin_jobs
2024-W41,dotnet,33.1,linkedin_jobs
2024-W42,dotnet,30.2,linkedin_jobs
2024-W43,dotnet,33.8,linkedin_jobs
2024-W44,dotnet,34.0,linkedin_jobs
2024-W45,dotnet,32.7,linkedin_jobs
2024-W46,dotnet,29.5,linkedin_jobs
2024-W47,dotnet,28.0,linkedin_jobs
2024-W48,dotnet,28.6,linkedin_jobs
2024-W49,dotnet,29.3,linkedin_jobs
2024-W50,dotnet,31.0,linkedin_jobs
2024-W51,dotnet,31.3,linkedin_jobs
2024-W52,dotnet,26.7,linkedin_jobs
2024-W53,dotnet,30.4,linkedin_jobs
2025-W01,dotnet,25.9,linkedin_jobs
2025-W02,dotnet,34.5,linkedin_jobs
2025-W03,dotnet,35.9,linkedin_jobs
2025-W04,dotnet,35.2,linkedin_jobs
2025-W05,dotnet,31.0,linkedin_jobs
2025-W06,dotnet,33.5,linkedin_jobs
2025-W07,dotnet,26.4,linkedin_jobs
2025-W08,dotnet,28.8,linkedin_jobs
2025-W09,dotnet,33.7,linkedin_jobs
2025-W10,dotnet,31.3,linkedin_jobs
2025-W11,dotnet,33.6,linkedin_jobs
2025-W12,dotnet,30.6,linkedin_jobs
2025-W13,dotnet,31.7,linkedin_jobs
2025-W14,dotnet,29.5,linkedin_jobs
2025-W15,dotnet,34.3,linkedin_jobs
2025-W16,dotnet,26.6,linkedin_jobs
2025-W17,dotnet,30.4,linkedin_jobs
2025-W18,dotnet,34.0,linkedin_jobs
2025-W19,dotnet,35.4,linkedin_jobs
2025-W20,dotnet,30.8,linkedin_jobs
2025-W21,dotnet,29.7,linkedin_jobs
2025-W22,dotnet,31.3,linkedin_jobs
2025-W23,dotnet,34.8,linkedin_jobs
2025-W24,dotnet,34.3,linkedin_jobs
2025-W25,dotnet,28.9,linkedin_jobs
2025-W26,dotnet,30.4,linkedin_jobs
2025-W27,dotnet,27.2,linkedin_jobs
2025-W28,dotnet,32.3,linkedin_jobs
2025-W29,dotnet,31.0,linkedin_jobs
2025-W30,dotnet,37.2,linkedin_jobs
2025-W31,dotnet,28.3,linkedin_jobs
2025-W32,dotnet,26.9,linkedin_jobs
2025-W33,dotnet,38.4,linkedin_jobs
2025-W34,dotnet,35.4,linkedin_jobs
2025-W35,dotnet,37.9,linkedin_jobs
2025-W36,dotnet,29.3,linkedin_jobs
2025-W37,dotnet,36.0,linkedin_jobs
2025-W38,dotnet,34.2,linkedin_jobs
2025-W39,dotnet,32.4,linkedin_jobs
2025-W40,dotnet,32.7,linkedin_jobs
2025-W41,dotnet,30.6,linkedin_jobs
2025-W42,dotnet,25.8,linkedin_jobs
2025-W43,dotnet,28.0,linkedin_jobs
2025-W44,dotnet,31.0,linkedin_jobs
2025-W45,dotnet,31.5,linkedin_jobs
2025-W46,dotnet,27.8,linkedin_jobs
2025-W47,dotnet,31.6,linkedin_jobs
2025-W48,dotnet,32.9,linkedin_jobs
2025-W49,dotnet,27.6,linkedin_jobs
2025-W50,dotnet,29.9,linkedin_jobs
2025-W51,dotnet,27.3,linkedin_jobs
2025-W52,dotnet,34.2,linkedin_jobs
2026-W01,dotnet,30.8,linkedin_jobs
2026-W02,dotnet,32.1,linkedin_jobs
2026-W03,dotnet,29.9,linkedin_jobs
2026-W04,dotnet,28.9,linkedin_jobs
2026-W05,dotnet,31.5,linkedin_jobs
2026-W06,dotnet,27.1,linkedin_jobs
2026-W07,dotnet,29.2,linkedin_jobs
2026-W08,dotnet,30.2,linkedin_jobs
2026-W09,dotnet,30.1,linkedin_jobs
2026-W10,dotnet,29.9,linkedin_jobs
2026-W11,dotnet,29.3,linkedin_jobs
2026-W12,dotnet,34.0,linkedin_jobs
2026-W13,dotnet,31.6,linkedin_jobs
2026-W14,dotnet,31.1,linkedin_jobs
2026-W15,dotnet,33.4,linkedin_jobs
2026-W16,dotnet,32.8,linkedin_jobs
2026-W17,dotnet,34.8,linkedin_jobs
2026-W18,dotnet,31.5,linkedin_jobs
2026-W19,dotnet,35.6,linkedin_jobs
2026-W20,dotnet,28.3,linkedin_jobs
2026-W21,dotnet,25.5,linkedin_jobs
2026-W22,dotnet,26.2,linkedin_jobs
2026-W23,dotnet,28.5,linkedin_jobs
2026-W24,dotnet,26.3,linkedin_jobs
2026-W25,dotnet,34.8,linkedin_jobs
2024-W01,laravel,17.3,linkedin_jobs
2024-W02,laravel,20.3,linkedin_jobs
2024-W03,laravel,17.5,linkedin_jobs
2024-W04,laravel,25.6,linkedin_jobs
2024-W05,laravel,23.0,linkedin_jobs
2024-W06,laravel,23.4,linkedin_jobs
2024-W07,laravel,24.8,linkedin_jobs
2024-W08,laravel,13.0,linkedin_jobs
2024-W09,laravel,23.0,linkedin_jobs
2024-W10,laravel,21.1,linkedin_jobs
2024-W11,laravel,26.3,linkedin_jobs
2024-W12,laravel,16.1,linkedin_jobs
2024-W13,laravel,25.2,linkedin_jobs
2024-W14,laravel,15.3,linkedin_jobs
2024-W15,laravel,17.9,linkedin_jobs
2024-W16,laravel,23.7,linkedin_jobs
2024-W17,laravel,23.7,linkedin_jobs
2024-W18,laravel,22.1,linkedin_jobs
2024-W19,laravel,21.1,linkedin_jobs
2024-W20,laravel,15.5,linkedin_jobs
2024-W21,laravel,22.8,linkedin_jobs
2024-W22,laravel,18.5,linkedin_jobs
2024-W23,laravel,20.0,linkedin_jobs
2024-W24,laravel,21.4,linkedin_jobs
2024-W25,laravel,20.2,linkedin_jobs
2024-W26,laravel,15.6,linkedin_jobs
2024-W27,laravel,14.5,linkedin_jobs
2024-W28,laravel,21.9,linkedin_jobs
2024-W29,laravel,15.4,linkedin_jobs
2024-W30,laravel,22.1,linkedin_jobs
2024-W31,laravel,19.6,linkedin_jobs
2024-W32,laravel,20.3,linkedin_jobs
2024-W33,laravel,17.0,linkedin_jobs
2024-W34,laravel,24.3,linkedin_jobs
2024-W35,laravel,19.9,linkedin_jobs
2024-W36,laravel,20.1,linkedin_jobs
2024-W37,laravel,16.5,linkedin_jobs
2024-W38,laravel,19.3,linkedin_jobs
2024-W39,laravel,21.8,linkedin_jobs
2024-W40,laravel,18.6,linkedin_jobs
2024-W41,laravel,18.5,linkedin_jobs
2024-W42,laravel,22.9,linkedin_jobs
2024-W43,laravel,21.3,linkedin_jobs
2024-W44,laravel,16.5,linkedin_jobs
2024-W45,laravel,21.6,linkedin_jobs
2024-W46,laravel,22.7,linkedin_jobs
2024-W47,laravel,22.2,linkedin_jobs
2024-W48,laravel,23.8,linkedin_jobs
2024-W49,laravel,20.6,linkedin_jobs
2024-W50,laravel,19.7,linkedin_jobs
2024-W51,laravel,20.8,linkedin_jobs
2024-W52,laravel,15.8,linkedin_jobs
2024-W53,laravel,21.9,linkedin_jobs
2025-W01,laravel,19.5,linkedin_jobs
2025-W02,laravel,22.2,linkedin_jobs
2025-W03,laravel,21.5,linkedin_jobs
2025-W04,laravel,15.7,linkedin_jobs
2025-W05,laravel,15.0,linkedin_jobs
2025-W06,laravel,15.5,linkedin_jobs
2025-W07,laravel,16.8,linkedin_jobs
2025-W08,laravel,14.6,linkedin_jobs
2025-W09,laravel,14.4,linkedin_jobs
2025-W10,laravel,15.3,linkedin_jobs
2025-W11,laravel,17.9,linkedin_jobs
2025-W12,laravel,22.5,linkedin_jobs
2025-W13,laravel,21.1,linkedin_jobs
2025-W14,laravel,22.2,linkedin_jobs
2025-W15,laravel,19.2,linkedin_jobs
2025-W16,laravel,16.3,linkedin_jobs
2025-W17,laravel,20.8,linkedin_jobs
2025-W18,laravel,14.5,linkedin_jobs
2025-W19,laravel,28.7,linkedin_jobs
2025-W20,laravel,15.7,linkedin_jobs
2025-W21,laravel,16.2,linkedin_jobs
2025-W22,laravel,23.4,linkedin_jobs
2025-W23,laravel,16.6,linkedin_jobs
2025-W24,laravel,16.4,linkedin_jobs
2025-W25,laravel,12.9,linkedin_jobs
2025-W26,laravel,14.6,linkedin_jobs
2025-W27,laravel,18.4,linkedin_jobs
2025-W28,laravel,19.4,linkedin_jobs
2025-W29,laravel,16.2,linkedin_jobs
2025-W30,laravel,20.7,linkedin_jobs
2025-W31,laravel,16.0,linkedin_jobs
2025-W32,laravel,21.3,linkedin_jobs
2025-W33,laravel,21.7,linkedin_jobs
2025-W34,laravel,18.2,linkedin_jobs
2025-W35,laravel,19.6,linkedin_jobs
2025-W36,laravel,16.7,linkedin_jobs
2025-W37,laravel,14.2,linkedin_jobs
2025-W38,laravel,21.9,linkedin_jobs
2025-W39,laravel,14.3,linkedin_jobs
2025-W40,laravel,20.5,linkedin_jobs
2025-W41,laravel,18.4,linkedin_jobs
2025-W42,laravel,18.6,linkedin_jobs
2025-W43,laravel,20.5,linkedin_jobs
2025-W44,laravel,19.7,linkedin_jobs
2025-W45,laravel,14.8,linkedin_jobs
2025-W46,laravel,18.6,linkedin_jobs
2025-W47,laravel,17.2,linkedin_jobs
2025-W48,laravel,14.9,linkedin_jobs
2025-W49,laravel,16.0,linkedin_jobs
2025-W50,laravel,17.9,linkedin_jobs
2025-W51,laravel,14.4,linkedin_jobs
2025-W52,laravel,15.7,linkedin_jobs
2026-W01,laravel,20.1,linkedin_jobs
2026-W02,laravel,14.5,linkedin_jobs
2026-W03,laravel,9.6,linkedin_jobs
2026-W04,laravel,19.6,linkedin_jobs
2026-W05,laravel,19.7,linkedin_jobs
2026-W06,laravel,18.1,linkedin_jobs
2026-W07,laravel,20.0,linkedin_jobs
2026-W08,laravel,17.4,linkedin_jobs
2026-W09,laravel,18.7,linkedin_jobs
2026-W10,laravel,17.0,linkedin_jobs
2026-W11,laravel,23.1,linkedin_jobs
2026-W12,laravel,18.5,linkedin_jobs
2026-W13,laravel,15.2,linkedin_jobs
2026-W14,laravel,22.4,linkedin_jobs
2026-W15,laravel,15.5,linkedin_jobs
2026-W16,laravel,15.6,linkedin_jobs
2026-W17,laravel,13.5,linkedin_jobs
2026-W18,laravel,21.2,linkedin_jobs
2026-W19,laravel,15.2,linkedin_jobs
2026-W20,laravel,10.7,linkedin_jobs
2026-W21,laravel,16.3,linkedin_jobs
2026-W22,laravel,11.7,linkedin_jobs
2026-W23,laravel,15.1,linkedin_jobs
2026-W24,laravel,11.2,linkedin_jobs
2026-W25,laravel,19.4,linkedin_jobs
2024-W01,aws,75.5,linkedin_jobs
2024-W02,aws,65.9,linkedin_jobs
2024-W03,aws,68.9,linkedin_jobs
2024-W04,aws,67.4,linkedin_jobs
2024-W05,aws,64.3,linkedin_jobs
2024-W06,aws,70.3,linkedin_jobs
2024-W07,aws,67.2,linkedin_jobs
2024-W08,aws,69.8,linkedin_jobs
2024-W09,aws,69.6,linkedin_jobs
2024-W10,aws,67.3,linkedin_jobs
2024-W11,aws,67.4,linkedin_jobs
2024-W12,aws,65.1,linkedin_jobs
2024-W13,aws,70.8,linkedin_jobs
2024-W14,aws,77.1,linkedin_jobs
2024-W15,aws,71.8,linkedin_jobs
2024-W16,aws,69.4,linkedin_jobs
2024-W17,aws,71.8,linkedin_jobs
2024-W18,aws,65.8,linkedin_jobs
2024-W19,aws,67.0,linkedin_jobs
2024-W20,aws,70.1,linkedin_jobs
2024-W21,aws,72.1,linkedin_jobs
2024-W22,aws,75.1,linkedin_jobs
2024-W23,aws,67.6,linkedin_jobs
2024-W24,aws,74.7,linkedin_jobs
2024-W25,aws,71.5,linkedin_jobs
2024-W26,aws,67.5,linkedin_jobs
2024-W27,aws,70.4,linkedin_jobs
2024-W28,aws,73.8,linkedin_jobs
2024-W29,aws,68.2,linkedin_jobs
2024-W30,aws,69.9,linkedin_jobs
2024-W31,aws,65.8,linkedin_jobs
2024-W32,aws,72.4,linkedin_jobs
2024-W33,aws,75.0,linkedin_jobs
2024-W34,aws,70.0,linkedin_jobs
2024-W35,aws,72.2,linkedin_jobs
2024-W36,aws,74.4,linkedin_jobs
2024-W37,aws,71.0,linkedin_jobs
2024-W38,aws,70.4,linkedin_jobs
2024-W39,aws,67.2,linkedin_jobs
2024-W40,aws,71.4,linkedin_jobs
2024-W41,aws,66.2,linkedin_jobs
2024-W42,aws,66.0,linkedin_jobs
2024-W43,aws,68.7,linkedin_jobs
2024-W44,aws,69.6,linkedin_jobs
2024-W45,aws,78.5,linkedin_jobs
2024-W46,aws,68.3,linkedin_jobs
2024-W47,aws,66.8,linkedin_jobs
2024-W48,aws,74.1,linkedin_jobs
2024-W49,aws,72.0,linkedin_jobs
2024-W50,aws,74.9,linkedin_jobs
2024-W51,aws,70.9,linkedin_jobs
2024-W52,aws,73.3,linkedin_jobs
2024-W53,aws,74.2,linkedin_jobs
2025-W01,aws,72.5,linkedin_jobs
2025-W02,aws,71.5,linkedin_jobs
2025-W03,aws,72.4,linkedin_jobs
2025-W04,aws,71.1,linkedin_jobs
2025-W05,aws,73.1,linkedin_jobs
2025-W06,aws,76.0,linkedin_jobs
2025-W07,aws,76.4,linkedin_jobs
2025-W08,aws,72.9,linkedin_jobs
2025-W09,aws,75.6,linkedin_jobs
2025-W10,aws,73.8,linkedin_jobs
2025-W11,aws,73.8,linkedin_jobs
2025-W12,aws,72.2,linkedin_jobs
2025-W13,aws,71.9,linkedin_jobs
2025-W14,aws,69.2,linkedin_jobs
2025-W15,aws,72.0,linkedin_jobs
2025-W16,aws,71.0,linkedin_jobs
2025-W17,aws,76.7,linkedin_jobs
2025-W18,aws,77.3,linkedin_jobs
2025-W19,aws,69.8,linkedin_jobs
2025-W20,aws,77.6,linkedin_jobs
2025-W21,aws,73.7,linkedin_jobs
2025-W22,aws,77.6,linkedin_jobs
2025-W23,aws,68.7,linkedin_jobs
2025-W24,aws,67.2,linkedin_jobs
2025-W25,aws,74.3,linkedin_jobs
2025-W26,aws,70.8,linkedin_jobs
2025-W27,aws,77.2,linkedin_jobs
2025-W28,aws,75.4,linkedin_jobs
2025-W29,aws,71.4,linkedin_jobs
2025-W30,aws,70.8,linkedin_jobs
2025-W31,aws,73.4,linkedin_jobs
2025-W32,aws,74.5,linkedin_jobs
2025-W33,aws,67.8,linkedin_jobs
2025-W34,aws,69.7,linkedin_jobs
2025-W35,aws,69.1,linkedin_jobs
2025-W36,aws,72.9,linkedin_jobs
2025-W37,aws,74.4,linkedin_jobs
2025-W38,aws,71.7,linkedin_jobs
2025-W39,aws,73.9,linkedin_jobs
2025-W40,aws,75.5,linkedin_jobs
2025-W41,aws,76.7,linkedin_jobs
2025-W42,aws,80.0,linkedin_jobs
2025-W43,aws,72.7,linkedin_jobs
2025-W44,aws,77.7,linkedin_jobs
2025-W45,aws,70.7,linkedin_jobs
2025-W46,aws,74.2,linkedin_jobs
2025-W47,aws,70.5,linkedin_jobs
2025-W48,aws,77.9,linkedin_jobs
2025-W49,aws,73.4,linkedin_jobs
2025-W50,aws,73.0,linkedin_jobs
2025-W51,aws,76.3,linkedin_jobs
2025-W52,aws,81.5,linkedin_jobs
2026-W01,aws,74.6,linkedin_jobs
2026-W02,aws,71.3,linkedin_jobs
2026-W03,aws,74.0,linkedin_jobs
2026-W04,aws,71.7,linkedin_jobs
2026-W05,aws,73.8,linkedin_jobs
2026-W06,aws,77.2,linkedin_jobs
2026-W07,aws,75.9,linkedin_jobs
2026-W08,aws,76.2,linkedin_jobs
2026-W09,aws,78.2,linkedin_jobs
2026-W10,aws,72.6,linkedin_jobs
2026-W11,aws,72.8,linkedin_jobs
2026-W12,aws,72.2,linkedin_jobs
2026-W13,aws,74.0,linkedin_jobs
2026-W14,aws,77.7,linkedin_jobs
2026-W15,aws,77.5,linkedin_jobs
2026-W16,aws,75.8,linkedin_jobs
2026-W17,aws,74.2,linkedin_jobs
2026-W18,aws,70.3,linkedin_jobs
2026-W19,aws,81.8,linkedin_jobs
2026-W20,aws,80.1,linkedin_jobs
2026-W21,aws,76.6,linkedin_jobs
2026-W22,aws,73.0,linkedin_jobs
2026-W23,aws,78.4,linkedin_jobs
2026-W24,aws,78.9,linkedin_jobs
2026-W25,aws,74.9,linkedin_jobs
2024-W01,azure,45.4,linkedin_jobs
2024-W02,azure,48.8,linkedin_jobs
2024-W03,azure,53.1,linkedin_jobs
2024-W04,azure,56.9,linkedin_jobs
2024-W05,azure,51.9,linkedin_jobs
2024-W06,azure,54.2,linkedin_jobs
2024-W07,azure,52.7,linkedin_jobs
2024-W08,azure,47.6,linkedin_jobs
2024-W09,azure,52.9,linkedin_jobs
2024-W10,azure,50.4,linkedin_jobs
2024-W11,azure,51.7,linkedin_jobs
2024-W12,azure,52.7,linkedin_jobs
2024-W13,azure,52.7,linkedin_jobs
2024-W14,azure,51.4,linkedin_jobs
2024-W15,azure,51.7,linkedin_jobs
2024-W16,azure,45.6,linkedin_jobs
2024-W17,azure,54.5,linkedin_jobs
2024-W18,azure,51.7,linkedin_jobs
2024-W19,azure,52.0,linkedin_jobs
2024-W20,azure,53.7,linkedin_jobs
2024-W21,azure,57.8,linkedin_jobs
2024-W22,azure,54.6,linkedin_jobs
2024-W23,azure,46.6,linkedin_jobs
2024-W24,azure,55.0,linkedin_jobs
2024-W25,azure,51.2,linkedin_jobs
2024-W26,azure,54.1,linkedin_jobs
2024-W27,azure,52.5,linkedin_jobs
2024-W28,azure,55.6,linkedin_jobs
2024-W29,azure,52.6,linkedin_jobs
2024-W30,azure,52.1,linkedin_jobs
2024-W31,azure,54.5,linkedin_jobs
2024-W32,azure,48.7,linkedin_jobs
2024-W33,azure,54.0,linkedin_jobs
2024-W34,azure,46.7,linkedin_jobs
2024-W35,azure,49.9,linkedin_jobs
2024-W36,azure,52.0,linkedin_jobs
2024-W37,azure,53.9,linkedin_jobs
2024-W38,azure,56.4,linkedin_jobs
2024-W39,azure,55.7,linkedin_jobs
2024-W40,azure,52.3,linkedin_jobs
2024-W41,azure,51.4,linkedin_jobs
2024-W42,azure,53.7,linkedin_jobs
2024-W43,azure,52.3,linkedin_jobs
2024-W44,azure,56.9,linkedin_jobs
2024-W45,azure,51.7,linkedin_jobs
2024-W46,azure,53.3,linkedin_jobs
2024-W47,azure,57.6,linkedin_jobs
2024-W48,azure,53.9,linkedin_jobs
2024-W49,azure,50.0,linkedin_jobs
2024-W50,azure,55.4,linkedin_jobs
2024-W51,azure,53.4,linkedin_jobs
2024-W52,azure,53.2,linkedin_jobs
2024-W53,azure,58.0,linkedin_jobs
2025-W01,azure,51.3,linkedin_jobs
2025-W02,azure,51.8,linkedin_jobs
2025-W03,azure,52.4,linkedin_jobs
2025-W04,azure,53.2,linkedin_jobs
2025-W05,azure,60.8,linkedin_jobs
2025-W06,azure,51.3,linkedin_jobs
2025-W07,azure,58.0,linkedin_jobs
2025-W08,azure,55.7,linkedin_jobs
2025-W09,azure,59.7,linkedin_jobs
2025-W10,azure,53.2,linkedin_jobs
2025-W11,azure,56.8,linkedin_jobs
2025-W12,azure,56.3,linkedin_jobs
2025-W13,azure,58.0,linkedin_jobs
2025-W14,azure,52.9,linkedin_jobs
2025-W15,azure,54.4,linkedin_jobs
2025-W16,azure,50.9,linkedin_jobs
2025-W17,azure,55.4,linkedin_jobs
2025-W18,azure,55.0,linkedin_jobs
2025-W19,azure,53.3,linkedin_jobs
2025-W20,azure,60.3,linkedin_jobs
2025-W21,azure,55.1,linkedin_jobs
2025-W22,azure,51.4,linkedin_jobs
2025-W23,azure,58.6,linkedin_jobs
2025-W24,azure,53.3,linkedin_jobs
2025-W25,azure,50.3,linkedin_jobs
2025-W26,azure,62.8,linkedin_jobs
2025-W27,azure,53.8,linkedin_jobs
2025-W28,azure,56.5,linkedin_jobs
2025-W29,azure,58.1,linkedin_jobs
2025-W30,azure,52.2,linkedin_jobs
2025-W31,azure,58.6,linkedin_jobs
2025-W32,azure,58.7,linkedin_jobs
2025-W33,azure,56.2,linkedin_jobs
2025-W34,azure,59.2,linkedin_jobs
2025-W35,azure,54.2,linkedin_jobs
2025-W36,azure,59.0,linkedin_jobs
2025-W37,azure,50.2,linkedin_jobs
2025-W38,azure,53.2,linkedin_jobs
2025-W39,azure,55.9,linkedin_jobs
2025-W40,azure,57.4,linkedin_jobs
2025-W41,azure,57.6,linkedin_jobs
2025-W42,azure,57.4,linkedin_jobs
2025-W43,azure,52.5,linkedin_jobs
2025-W44,azure,55.8,linkedin_jobs
2025-W45,azure,57.9,linkedin_jobs
2025-W46,azure,56.7,linkedin_jobs
2025-W47,azure,58.5,linkedin_jobs
2025-W48,azure,58.7,linkedin_jobs
2025-W49,azure,56.7,linkedin_jobs
2025-W50,azure,59.3,linkedin_jobs
2025-W51,azure,53.9,linkedin_jobs
2025-W52,azure,59.5,linkedin_jobs
2026-W01,azure,55.9,linkedin_jobs
2026-W02,azure,57.0,linkedin_jobs
2026-W03,azure,53.0,linkedin_jobs
2026-W04,azure,59.3,linkedin_jobs
2026-W05,azure,56.5,linkedin_jobs
2026-W06,azure,59.6,linkedin_jobs
2026-W07,azure,56.1,linkedin_jobs
2026-W08,azure,50.8,linkedin_jobs
2026-W09,azure,59.6,linkedin_jobs
2026-W10,azure,61.0,linkedin_jobs
2026-W11,azure,58.8,linkedin_jobs
2026-W12,azure,63.8,linkedin_jobs
2026-W13,azure,59.5,linkedin_jobs
2026-W14,azure,54.1,linkedin_jobs
2026-W15,azure,61.3,linkedin_jobs
2026-W16,azure,62.7,linkedin_jobs
2026-W17,azure,58.4,linkedin_jobs
2026-W18,azure,60.4,linkedin_jobs
2026-W19,azure,60.7,linkedin_jobs
2026-W20,azure,62.0,linkedin_jobs
2026-W21,azure,57.7,linkedin_jobs
2026-W22,azure,61.2,linkedin_jobs
2026-W23,azure,59.2,linkedin_jobs
2026-W24,azure,54.1,linkedin_jobs
2026-W25,azure,58.9,linkedin_jobs
2024-W01,google cloud,32.7,linkedin_jobs
2024-W02,google cloud,34.3,linkedin_jobs
2024-W03,google cloud,38.6,linkedin_jobs
2024-W04,google cloud,35.8,linkedin_jobs
2024-W05,google cloud,33.2,linkedin_jobs
2024-W06,google cloud,33.3,linkedin_jobs
2024-W07,google cloud,27.3,linkedin_jobs
2024-W08,google cloud,33.4,linkedin_jobs
2024-W09,google cloud,37.5,linkedin_jobs
2024-W10,google cloud,36.5,linkedin_jobs
2024-W11,google cloud,34.3,linkedin_jobs
2024-W12,google cloud,38.3,linkedin_jobs
2024-W13,google cloud,37.0,linkedin_jobs
2024-W14,google cloud,37.4,linkedin_jobs
2024-W15,google cloud,34.8,linkedin_jobs
2024-W16,google cloud,37.9,linkedin_jobs
2024-W17,google cloud,31.5,linkedin_jobs
2024-W18,google cloud,32.8,linkedin_jobs
2024-W19,google cloud,31.5,linkedin_jobs
2024-W20,google cloud,30.7,linkedin_jobs
2024-W21,google cloud,32.5,linkedin_jobs
2024-W22,google cloud,37.4,linkedin_jobs
2024-W23,google cloud,37.4,linkedin_jobs
2024-W24,google cloud,32.5,linkedin_jobs
2024-W25,google cloud,32.4,linkedin_jobs
2024-W26,google cloud,31.7,linkedin_jobs
2024-W27,google cloud,39.1,linkedin_jobs
2024-W28,google cloud,32.6,linkedin_jobs
2024-W29,google cloud,35.3,linkedin_jobs
2024-W30,google cloud,39.3,linkedin_jobs
2024-W31,google cloud,41.2,linkedin_jobs
2024-W32,google cloud,42.7,linkedin_jobs
2024-W33,google cloud,40.8,linkedin_jobs
2024-W34,google cloud,34.8,linkedin_jobs
2024-W35,google cloud,34.8,linkedin_jobs
2024-W36,google cloud,38.1,linkedin_jobs
2024-W37,google cloud,37.5,linkedin_jobs
2024-W38,google cloud,39.1,linkedin_jobs
2024-W39,google cloud,31.3,linkedin_jobs
2024-W40,google cloud,38.5,linkedin_jobs
2024-W41,google cloud,39.6,linkedin_jobs
2024-W42,google cloud,40.0,linkedin_jobs
2024-W43,google cloud,38.9,linkedin_jobs
2024-W44,google cloud,43.2,linkedin_jobs
2024-W45,google cloud,35.6,linkedin_jobs
2024-W46,google cloud,36.1,linkedin_jobs
2024-W47,google cloud,34.8,linkedin_jobs
2024-W48,google cloud,42.5,linkedin_jobs
2024-W49,google cloud,35.6,linkedin_jobs
2024-W50,google cloud,43.6,linkedin_jobs
2024-W51,google cloud,34.8,linkedin_jobs
2024-W52,google cloud,35.3,linkedin_jobs
2024-W53,google cloud,39.7,linkedin_jobs
2025-W01,google cloud,33.5,linkedin_jobs
2025-W02,google cloud,40.4,linkedin_jobs
2025-W03,google cloud,39.8,linkedin_jobs
2025-W04,google cloud,36.9,linkedin_jobs
2025-W05,google cloud,40.9,linkedin_jobs
2025-W06,google cloud,36.8,linkedin_jobs
2025-W07,google cloud,35.3,linkedin_jobs
2025-W08,google cloud,37.7,linkedin_jobs
2025-W09,google cloud,40.5,linkedin_jobs
2025-W10,google cloud,35.8,linkedin_jobs
2025-W11,google cloud,42.6,linkedin_jobs
2025-W12,google cloud,34.0,linkedin_jobs
2025-W13,google cloud,34.0,linkedin_jobs
2025-W14,google cloud,43.3,linkedin_jobs
2025-W15,google cloud,38.5,linkedin_jobs
2025-W16,google cloud,39.8,linkedin_jobs
2025-W17,google cloud,37.4,linkedin_jobs
2025-W18,google cloud,37.8,linkedin_jobs
2025-W19,google cloud,38.2,linkedin_jobs
2025-W20,google cloud,40.9,linkedin_jobs
2025-W21,google cloud,41.0,linkedin_jobs
2025-W22,google cloud,37.8,linkedin_jobs
2025-W23,google cloud,43.8,linkedin_jobs
2025-W24,google cloud,42.4,linkedin_jobs
2025-W25,google cloud,32.3,linkedin_jobs
2025-W26,google cloud,32.5,linkedin_jobs
2025-W27,google cloud,35.3,linkedin_jobs
2025-W28,google cloud,41.2,linkedin_jobs
2025-W29,google cloud,42.5,linkedin_jobs
2025-W30,google cloud,37.5,linkedin_jobs
2025-W31,google cloud,41.6,linkedin_jobs
2025-W32,google cloud,43.3,linkedin_jobs
2025-W33,google cloud,43.5,linkedin_jobs
2025-W34,google cloud,42.0,linkedin_jobs
2025-W35,google cloud,37.9,linkedin_jobs
2025-W36,google cloud,38.1,linkedin_jobs
2025-W37,google cloud,39.4,linkedin_jobs
2025-W38,google cloud,35.5,linkedin_jobs
2025-W39,google cloud,34.7,linkedin_jobs
2025-W40,google cloud,40.1,linkedin_jobs
2025-W41,google cloud,42.0,linkedin_jobs
2025-W42,google cloud,40.9,linkedin_jobs
2025-W43,google cloud,38.6,linkedin_jobs
2025-W44,google cloud,36.7,linkedin_jobs
2025-W45,google cloud,34.9,linkedin_jobs
2025-W46,google cloud,42.8,linkedin_jobs
2025-W47,google cloud,38.5,linkedin_jobs
2025-W48,google cloud,41.0,linkedin_jobs
2025-W49,google cloud,41.0,linkedin_jobs
2025-W50,google cloud,41.4,linkedin_jobs
2025-W51,google cloud,41.3,linkedin_jobs
2025-W52,google cloud,40.8,linkedin_jobs
2026-W01,google cloud,41.7,linkedin_jobs
2026-W02,google cloud,44.3,linkedin_jobs
2026-W03,google cloud,39.2,linkedin_jobs
2026-W04,google cloud,36.3,linkedin_jobs
2026-W05,google cloud,34.8,linkedin_jobs
2026-W06,google cloud,39.7,linkedin_jobs
2026-W07,google cloud,38.8,linkedin_jobs
2026-W08,google cloud,44.9,linkedin_jobs
2026-W09,google cloud,41.7,linkedin_jobs
2026-W10,google cloud,38.0,linkedin_jobs
2026-W11,google cloud,47.5,linkedin_jobs
2026-W12,google cloud,39.1,linkedin_jobs
2026-W13,google cloud,37.4,linkedin_jobs
2026-W14,google cloud,40.0,linkedin_jobs
2026-W15,google cloud,42.1,linkedin_jobs
2026-W16,google cloud,42.2,linkedin_jobs
2026-W17,google cloud,44.3,linkedin_jobs
2026-W18,google cloud,43.8,linkedin_jobs
2026-W19,google cloud,43.6,linkedin_jobs
2026-W20,google cloud,43.6,linkedin_jobs
2026-W21,google cloud,41.7,linkedin_jobs
2026-W22,google cloud,38.4,linkedin_jobs
2026-W23,google cloud,38.4,linkedin_jobs
2026-W24,google cloud,38.9,linkedin_jobs
2026-W25,google cloud,38.9,linkedin_jobs
2024-W01,docker,64.2,linkedin_jobs
2024-W02,docker,66.0,linkedin_jobs
2024-W03,docker,66.1,linkedin_jobs
2024-W04,docker,58.3,linkedin_jobs
2024-W05,docker,54.4,linkedin_jobs
2024-W06,docker,65.3,linkedin_jobs
2024-W07,docker,57.6,linkedin_jobs
2024-W08,docker,60.8,linkedin_jobs
2024-W09,docker,59.0,linkedin_jobs
2024-W10,docker,61.9,linkedin_jobs
2024-W11,docker,62.6,linkedin_jobs
2024-W12,docker,58.5,linkedin_jobs
2024-W13,docker,54.5,linkedin_jobs
2024-W14,docker,55.1,linkedin_jobs
2024-W15,docker,59.9,linkedin_jobs
2024-W16,docker,57.3,linkedin_jobs
2024-W17,docker,65.1,linkedin_jobs
2024-W18,docker,62.7,linkedin_jobs
2024-W19,docker,56.4,linkedin_jobs
2024-W20,docker,60.8,linkedin_jobs
2024-W21,docker,61.8,linkedin_jobs
2024-W22,docker,63.1,linkedin_jobs
2024-W23,docker,58.0,linkedin_jobs
2024-W24,docker,56.8,linkedin_jobs
2024-W25,docker,60.8,linkedin_jobs
2024-W26,docker,58.2,linkedin_jobs
2024-W27,docker,60.1,linkedin_jobs
2024-W28,docker,62.2,linkedin_jobs
2024-W29,docker,55.6,linkedin_jobs
2024-W30,docker,56.2,linkedin_jobs
2024-W31,docker,62.0,linkedin_jobs
2024-W32,docker,59.9,linkedin_jobs
2024-W33,docker,69.3,linkedin_jobs
2024-W34,docker,59.6,linkedin_jobs
2024-W35,docker,59.8,linkedin_jobs
2024-W36,docker,61.4,linkedin_jobs
2024-W37,docker,64.3,linkedin_jobs
2024-W38,docker,55.5,linkedin_jobs
2024-W39,docker,64.4,linkedin_jobs
2024-W40,docker,56.8,linkedin_jobs
2024-W41,docker,63.3,linkedin_jobs
2024-W42,docker,68.3,linkedin_jobs
2024-W43,docker,64.9,linkedin_jobs
2024-W44,docker,61.7,linkedin_jobs
2024-W45,docker,62.5,linkedin_jobs
2024-W46,docker,63.9,linkedin_jobs
2024-W47,docker,67.3,linkedin_jobs
2024-W48,docker,60.6,linkedin_jobs
2024-W49,docker,61.1,linkedin_jobs
2024-W50,docker,63.5,linkedin_jobs
2024-W51,docker,61.7,linkedin_jobs
2024-W52,docker,56.7,linkedin_jobs
2024-W53,docker,66.9,linkedin_jobs
2025-W01,docker,58.8,linkedin_jobs
2025-W02,docker,59.9,linkedin_jobs
2025-W03,docker,64.1,linkedin_jobs
2025-W04,docker,63.5,linkedin_jobs
2025-W05,docker,59.5,linkedin_jobs
2025-W06,docker,55.2,linkedin_jobs
2025-W07,docker,60.5,linkedin_jobs
2025-W08,docker,63.0,linkedin_jobs
2025-W09,docker,66.0,linkedin_jobs
2025-W10,docker,67.0,linkedin_jobs
2025-W11,docker,56.6,linkedin_jobs
2025-W12,docker,64.0,linkedin_jobs
2025-W13,docker,61.9,linkedin_jobs
2025-W14,docker,60.4,linkedin_jobs
2025-W15,docker,64.5,linkedin_jobs
2025-W16,docker,61.1,linkedin_jobs
2025-W17,docker,63.8,linkedin_jobs
2025-W18,docker,65.1,linkedin_jobs
2025-W19,docker,63.5,linkedin_jobs
2025-W20,docker,60.0,linkedin_jobs
2025-W21,docker,58.4,linkedin_jobs
2025-W22,docker,63.9,linkedin_jobs
2025-W23,docker,63.3,linkedin_jobs
2025-W24,docker,71.0,linkedin_jobs
2025-W25,docker,68.7,linkedin_jobs
2025-W26,docker,64.6,linkedin_jobs
2025-W27,docker,58.1,linkedin_jobs
2025-W28,docker,61.8,linkedin_jobs
2025-W29,docker,56.9,linkedin_jobs
2025-W30,docker,63.5,linkedin_jobs
2025-W31,docker,60.8,linkedin_jobs
2025-W32,docker,60.3,linkedin_jobs
2025-W33,docker,65.7,linkedin_jobs
2025-W34,docker,64.2,linkedin_jobs
2025-W35,docker,66.7,linkedin_jobs
2025-W36,docker,62.0,linkedin_jobs
2025-W37,docker,62.9,linkedin_jobs
2025-W38,docker,61.3,linkedin_jobs
2025-W39,docker,61.6,linkedin_jobs
2025-W40,docker,63.5,linkedin_jobs
2025-W41,docker,61.7,linkedin_jobs
2025-W42,docker,60.9,linkedin_jobs
2025-W43,docker,59.9,linkedin_jobs
2025-W44,docker,60.2,linkedin_jobs
2025-W45,docker,62.0,linkedin_jobs
2025-W46,docker,63.7,linkedin_jobs
2025-W47,docker,63.8,linkedin_jobs
2025-W48,docker,65.8,linkedin_jobs
2025-W49,docker,64.4,linkedin_jobs
2025-W50,docker,70.0,linkedin_jobs
2025-W51,docker,61.6,linkedin_jobs
2025-W52,docker,59.8,linkedin_jobs
2026-W01,docker,61.8,linkedin_jobs
2026-W02,docker,60.2,linkedin_jobs
2026-W03,docker,61.0,linkedin_jobs
2026-W04,docker,66.3,linkedin_jobs
2026-W05,docker,62.7,linkedin_jobs
2026-W06,docker,63.6,linkedin_jobs
2026-W07,docker,64.7,linkedin_jobs
2026-W08,docker,70.9,linkedin_jobs
2026-W09,docker,64.1,linkedin_jobs
2026-W10,docker,61.6,linkedin_jobs
2026-W11,docker,58.0,linkedin_jobs
2026-W12,docker,62.0,linkedin_jobs
2026-W13,docker,64.1,linkedin_jobs
2026-W14,docker,63.5,linkedin_jobs
2026-W15,docker,59.0,linkedin_jobs
2026-W16,docker,63.6,linkedin_jobs
2026-W17,docker,59.6,linkedin_jobs
2026-W18,docker,63.2,linkedin_jobs
2026-W19,docker,62.8,linkedin_jobs
2026-W20,docker,61.1,linkedin_jobs
2026-W21,docker,64.0,linkedin_jobs
2026-W22,docker,64.9,linkedin_jobs
2026-W23,docker,62.7,linkedin_jobs
2026-W24,docker,66.1,linkedin_jobs
2026-W25,docker,63.1,linkedin_jobs
2024-W01,kubernetes,39.8,linkedin_jobs
2024-W02,kubernetes,41.8,linkedin_jobs
2024-W03,kubernetes,40.4,linkedin_jobs
2024-W04,kubernetes,36.0,linkedin_jobs
2024-W05,kubernetes,38.6,linkedin_jobs
2024-W06,kubernetes,44.3,linkedin_jobs
2024-W07,kubernetes,39.2,linkedin_jobs
2024-W08,kubernetes,42.2,linkedin_jobs
2024-W09,kubernetes,47.2,linkedin_jobs
2024-W10,kubernetes,40.9,linkedin_jobs
2024-W11,kubernetes,39.3,linkedin_jobs
2024-W12,kubernetes,46.5,linkedin_jobs
2024-W13,kubernetes,41.6,linkedin_jobs
2024-W14,kubernetes,41.6,linkedin_jobs
2024-W15,kubernetes,43.2,linkedin_jobs
2024-W16,kubernetes,38.1,linkedin_jobs
2024-W17,kubernetes,39.7,linkedin_jobs
2024-W18,kubernetes,36.2,linkedin_jobs
2024-W19,kubernetes,39.7,linkedin_jobs
2024-W20,kubernetes,46.7,linkedin_jobs
2024-W21,kubernetes,41.1,linkedin_jobs
2024-W22,kubernetes,40.8,linkedin_jobs
2024-W23,kubernetes,43.7,linkedin_jobs
2024-W24,kubernetes,48.2,linkedin_jobs
2024-W25,kubernetes,43.7,linkedin_jobs
2024-W26,kubernetes,40.0,linkedin_jobs
2024-W27,kubernetes,43.1,linkedin_jobs
2024-W28,kubernetes,44.8,linkedin_jobs
2024-W29,kubernetes,40.5,linkedin_jobs
2024-W30,kubernetes,46.3,linkedin_jobs
2024-W31,kubernetes,45.7,linkedin_jobs
2024-W32,kubernetes,42.9,linkedin_jobs
2024-W33,kubernetes,40.5,linkedin_jobs
2024-W34,kubernetes,41.8,linkedin_jobs
2024-W35,kubernetes,42.2,linkedin_jobs
2024-W36,kubernetes,36.0,linkedin_jobs
2024-W37,kubernetes,36.9,linkedin_jobs
2024-W38,kubernetes,38.5,linkedin_jobs
2024-W39,kubernetes,42.8,linkedin_jobs
2024-W40,kubernetes,40.8,linkedin_jobs
2024-W41,kubernetes,44.8,linkedin_jobs
2024-W42,kubernetes,39.5,linkedin_jobs
2024-W43,kubernetes,41.8,linkedin_jobs
2024-W44,kubernetes,42.3,linkedin_jobs
2024-W45,kubernetes,42.2,linkedin_jobs
2024-W46,kubernetes,42.4,linkedin_jobs
2024-W47,kubernetes,39.6,linkedin_jobs
2024-W48,kubernetes,37.9,linkedin_jobs
2024-W49,kubernetes,41.6,linkedin_jobs
2024-W50,kubernetes,44.4,linkedin_jobs
2024-W51,kubernetes,39.6,linkedin_jobs
2024-W52,kubernetes,41.6,linkedin_jobs
2024-W53,kubernetes,40.6,linkedin_jobs
2025-W01,kubernetes,52.9,linkedin_jobs
2025-W02,kubernetes,35.7,linkedin_jobs
2025-W03,kubernetes,47.1,linkedin_jobs
2025-W04,kubernetes,42.0,linkedin_jobs
2025-W05,kubernetes,42.8,linkedin_jobs
2025-W06,kubernetes,45.3,linkedin_jobs
2025-W07,kubernetes,46.7,linkedin_jobs
2025-W08,kubernetes,42.7,linkedin_jobs
2025-W09,kubernetes,44.6,linkedin_jobs
2025-W10,kubernetes,41.8,linkedin_jobs
2025-W11,kubernetes,42.7,linkedin_jobs
2025-W12,kubernetes,41.9,linkedin_jobs
2025-W13,kubernetes,37.1,linkedin_jobs
2025-W14,kubernetes,44.0,linkedin_jobs
2025-W15,kubernetes,38.1,linkedin_jobs
2025-W16,kubernetes,46.3,linkedin_jobs
2025-W17,kubernetes,43.0,linkedin_jobs
2025-W18,kubernetes,40.1,linkedin_jobs
2025-W19,kubernetes,38.2,linkedin_jobs
2025-W20,kubernetes,44.5,linkedin_jobs
2025-W21,kubernetes,41.9,linkedin_jobs
2025-W22,kubernetes,42.5,linkedin_jobs
2025-W23,kubernetes,44.1,linkedin_jobs
2025-W24,kubernetes,43.9,linkedin_jobs
2025-W25,kubernetes,47.7,linkedin_jobs
2025-W26,kubernetes,43.1,linkedin_jobs
2025-W27,kubernetes,43.5,linkedin_jobs
2025-W28,kubernetes,48.9,linkedin_jobs
2025-W29,kubernetes,47.8,linkedin_jobs
2025-W30,kubernetes,43.0,linkedin_jobs
2025-W31,kubernetes,50.0,linkedin_jobs
2025-W32,kubernetes,45.4,linkedin_jobs
2025-W33,kubernetes,52.9,linkedin_jobs
2025-W34,kubernetes,45.7,linkedin_jobs
2025-W35,kubernetes,44.3,linkedin_jobs
2025-W36,kubernetes,38.1,linkedin_jobs
2025-W37,kubernetes,46.5,linkedin_jobs
2025-W38,kubernetes,45.7,linkedin_jobs
2025-W39,kubernetes,47.3,linkedin_jobs
2025-W40,kubernetes,42.5,linkedin_jobs
2025-W41,kubernetes,45.2,linkedin_jobs
2025-W42,kubernetes,45.6,linkedin_jobs
2025-W43,kubernetes,41.1,linkedin_jobs
2025-W44,kubernetes,43.8,linkedin_jobs
2025-W45,kubernetes,44.0,linkedin_jobs
2025-W46,kubernetes,46.1,linkedin_jobs
2025-W47,kubernetes,48.0,linkedin_jobs
2025-W48,kubernetes,50.1,linkedin_jobs
2025-W49,kubernetes,44.8,linkedin_jobs
2025-W50,kubernetes,42.9,linkedin_jobs
2025-W51,kubernetes,46.8,linkedin_jobs
2025-W52,kubernetes,47.5,linkedin_jobs
2026-W01,kubernetes,46.2,linkedin_jobs
2026-W02,kubernetes,48.2,linkedin_jobs
2026-W03,kubernetes,47.8,linkedin_jobs
2026-W04,kubernetes,43.5,linkedin_jobs
2026-W05,kubernetes,53.6,linkedin_jobs
2026-W06,kubernetes,48.1,linkedin_jobs
2026-W07,kubernetes,47.1,linkedin_jobs
2026-W08,kubernetes,45.7,linkedin_jobs
2026-W09,kubernetes,42.6,linkedin_jobs
2026-W10,kubernetes,44.2,linkedin_jobs
2026-W11,kubernetes,46.1,linkedin_jobs
2026-W12,kubernetes,45.5,linkedin_jobs
2026-W13,kubernetes,49.1,linkedin_jobs
2026-W14,kubernetes,44.5,linkedin_jobs
2026-W15,kubernetes,45.0,linkedin_jobs
2026-W16,kubernetes,45.9,linkedin_jobs
2026-W17,kubernetes,46.2,linkedin_jobs
2026-W18,kubernetes,46.3,linkedin_jobs
2026-W19,kubernetes,47.1,linkedin_jobs
2026-W20,kubernetes,49.8,linkedin_jobs
2026-W21,kubernetes,43.5,linkedin_jobs
2026-W22,kubernetes,49.8,linkedin_jobs
2026-W23,kubernetes,48.7,linkedin_jobs
2026-W24,kubernetes,49.7,linkedin_jobs
2026-W25,kubernetes,47.1,linkedin_jobs
2024-W01,terraform,28.3,linkedin_jobs
2024-W02,terraform,26.9,linkedin_jobs
2024-W03,terraform,29.0,linkedin_jobs
2024-W04,terraform,20.8,linkedin_jobs
2024-W05,terraform,28.8,linkedin_jobs
2024-W06,terraform,29.9,linkedin_jobs
2024-W07,terraform,28.0,linkedin_jobs
2024-W08,terraform,31.3,linkedin_jobs
2024-W09,terraform,30.5,linkedin_jobs
2024-W10,terraform,25.9,linkedin_jobs
2024-W11,terraform,27.3,linkedin_jobs
2024-W12,terraform,29.7,linkedin_jobs
2024-W13,terraform,35.0,linkedin_jobs
2024-W14,terraform,27.5,linkedin_jobs
2024-W15,terraform,32.5,linkedin_jobs
2024-W16,terraform,26.1,linkedin_jobs
2024-W17,terraform,27.8,linkedin_jobs
2024-W18,terraform,35.8,linkedin_jobs
2024-W19,terraform,26.5,linkedin_jobs
2024-W20,terraform,29.2,linkedin_jobs
2024-W21,terraform,26.4,linkedin_jobs
2024-W22,terraform,32.0,linkedin_jobs
2024-W23,terraform,35.0,linkedin_jobs
2024-W24,terraform,28.2,linkedin_jobs
2024-W25,terraform,32.1,linkedin_jobs
2024-W26,terraform,32.5,linkedin_jobs
2024-W27,terraform,25.7,linkedin_jobs
2024-W28,terraform,33.1,linkedin_jobs
2024-W29,terraform,26.6,linkedin_jobs
2024-W30,terraform,30.8,linkedin_jobs
2024-W31,terraform,38.6,linkedin_jobs
2024-W32,terraform,29.4,linkedin_jobs
2024-W33,terraform,37.0,linkedin_jobs
2024-W34,terraform,28.3,linkedin_jobs
2024-W35,terraform,33.7,linkedin_jobs
2024-W36,terraform,29.8,linkedin_jobs
2024-W37,terraform,25.7,linkedin_jobs
2024-W38,terraform,34.0,linkedin_jobs
2024-W39,terraform,31.7,linkedin_jobs
2024-W40,terraform,25.6,linkedin_jobs
2024-W41,terraform,29.3,linkedin_jobs
2024-W42,terraform,34.2,linkedin_jobs
2024-W43,terraform,30.0,linkedin_jobs
2024-W44,terraform,31.4,linkedin_jobs
2024-W45,terraform,33.0,linkedin_jobs
2024-W46,terraform,32.4,linkedin_jobs
2024-W47,terraform,31.0,linkedin_jobs
2024-W48,terraform,34.7,linkedin_jobs
2024-W49,terraform,32.0,linkedin_jobs
2024-W50,terraform,35.1,linkedin_jobs
2024-W51,terraform,24.9,linkedin_jobs
2024-W52,terraform,26.2,linkedin_jobs
2024-W53,terraform,32.8,linkedin_jobs
2025-W01,terraform,29.4,linkedin_jobs
2025-W02,terraform,26.2,linkedin_jobs
2025-W03,terraform,30.8,linkedin_jobs
2025-W04,terraform,32.9,linkedin_jobs
2025-W05,terraform,28.6,linkedin_jobs
2025-W06,terraform,38.8,linkedin_jobs
2025-W07,terraform,35.8,linkedin_jobs
2025-W08,terraform,33.6,linkedin_jobs
2025-W09,terraform,31.7,linkedin_jobs
2025-W10,terraform,28.4,linkedin_jobs
2025-W11,terraform,28.2,linkedin_jobs
2025-W12,terraform,34.0,linkedin_jobs
2025-W13,terraform,28.4,linkedin_jobs
2025-W14,terraform,30.9,linkedin_jobs
2025-W15,terraform,30.2,linkedin_jobs
2025-W16,terraform,32.9,linkedin_jobs
2025-W17,terraform,31.5,linkedin_jobs
2025-W18,terraform,30.7,linkedin_jobs
2025-W19,terraform,35.2,linkedin_jobs
2025-W20,terraform,32.0,linkedin_jobs
2025-W21,terraform,37.0,linkedin_jobs
2025-W22,terraform,28.3,linkedin_jobs
2025-W23,terraform,28.1,linkedin_jobs
2025-W24,terraform,33.4,linkedin_jobs
2025-W25,terraform,34.6,linkedin_jobs
2025-W26,terraform,34.7,linkedin_jobs
2025-W27,terraform,28.5,linkedin_jobs
2025-W28,terraform,34.6,linkedin_jobs
2025-W29,terraform,36.3,linkedin_jobs
2025-W30,terraform,35.2,linkedin_jobs
2025-W31,terraform,30.9,linkedin_jobs
2025-W32,terraform,34.6,linkedin_jobs
2025-W33,terraform,35.4,linkedin_jobs
2025-W34,terraform,36.9,linkedin_jobs
2025-W35,terraform,33.1,linkedin_jobs
2025-W36,terraform,31.5,linkedin_jobs
2025-W37,terraform,34.8,linkedin_jobs
2025-W38,terraform,32.9,linkedin_jobs
2025-W39,terraform,34.0,linkedin_jobs
2025-W40,terraform,34.6,linkedin_jobs
2025-W41,terraform,35.7,linkedin_jobs
2025-W42,terraform,41.9,linkedin_jobs
2025-W43,terraform,33.8,linkedin_jobs
2025-W44,terraform,31.0,linkedin_jobs
2025-W45,terraform,35.0,linkedin_jobs
2025-W46,terraform,36.6,linkedin_jobs
2025-W47,terraform,33.8,linkedin_jobs
2025-W48,terraform,32.9,linkedin_jobs
2025-W49,terraform,35.6,linkedin_jobs
2025-W50,terraform,36.4,linkedin_jobs
2025-W51,terraform,34.9,linkedin_jobs
2025-W52,terraform,38.8,linkedin_jobs
2026-W01,terraform,33.8,linkedin_jobs
2026-W02,terraform,38.6,linkedin_jobs
2026-W03,terraform,35.7,linkedin_jobs
2026-W04,terraform,32.9,linkedin_jobs
2026-W05,terraform,40.1,linkedin_jobs
2026-W06,terraform,39.0,linkedin_jobs
2026-W07,terraform,35.7,linkedin_jobs
2026-W08,terraform,33.8,linkedin_jobs
2026-W09,terraform,31.8,linkedin_jobs
2026-W10,terraform,34.1,linkedin_jobs
2026-W11,terraform,35.7,linkedin_jobs
2026-W12,terraform,37.5,linkedin_jobs
2026-W13,terraform,35.9,linkedin_jobs
2026-W14,terraform,26.1,linkedin_jobs
2026-W15,terraform,39.5,linkedin_jobs
2026-W16,terraform,34.7,linkedin_jobs
2026-W17,terraform,37.5,linkedin_jobs
2026-W18,terraform,36.2,linkedin_jobs
2026-W19,terraform,30.1,linkedin_jobs
2026-W20,terraform,35.3,linkedin_jobs
2026-W21,terraform,38.4,linkedin_jobs
2026-W22,terraform,31.7,linkedin_jobs
2026-W23,terraform,32.3,linkedin_jobs
2026-W24,terraform,38.0,linkedin_jobs
2026-W25,terraform,30.2,linkedin_jobs
2024-W01,postgresql,38.7,linkedin_jobs
2024-W02,postgresql,37.4,linkedin_jobs
2024-W03,postgresql,36.9,linkedin_jobs
2024-W04,postgresql,40.5,linkedin_jobs
2024-W05,postgresql,37.8,linkedin_jobs
2024-W06,postgresql,35.9,linkedin_jobs
2024-W07,postgresql,44.5,linkedin_jobs
2024-W08,postgresql,39.1,linkedin_jobs
2024-W09,postgresql,32.4,linkedin_jobs
2024-W10,postgresql,40.1,linkedin_jobs
2024-W11,postgresql,40.7,linkedin_jobs
2024-W12,postgresql,41.9,linkedin_jobs
2024-W13,postgresql,40.0,linkedin_jobs
2024-W14,postgresql,38.1,linkedin_jobs
2024-W15,postgresql,37.2,linkedin_jobs
2024-W16,postgresql,40.7,linkedin_jobs
2024-W17,postgresql,39.3,linkedin_jobs
2024-W18,postgresql,32.2,linkedin_jobs
2024-W19,postgresql,37.1,linkedin_jobs
2024-W20,postgresql,39.6,linkedin_jobs
2024-W21,postgresql,35.1,linkedin_jobs
2024-W22,postgresql,42.1,linkedin_jobs
2024-W23,postgresql,36.2,linkedin_jobs
2024-W24,postgresql,33.0,linkedin_jobs
2024-W25,postgresql,34.8,linkedin_jobs
2024-W26,postgresql,36.5,linkedin_jobs
2024-W27,postgresql,41.6,linkedin_jobs
2024-W28,postgresql,41.2,linkedin_jobs
2024-W29,postgresql,41.0,linkedin_jobs
2024-W30,postgresql,36.9,linkedin_jobs
2024-W31,postgresql,37.9,linkedin_jobs
2024-W32,postgresql,38.9,linkedin_jobs
2024-W33,postgresql,38.1,linkedin_jobs
2024-W34,postgresql,44.6,linkedin_jobs
2024-W35,postgresql,37.9,linkedin_jobs
2024-W36,postgresql,36.9,linkedin_jobs
2024-W37,postgresql,42.5,linkedin_jobs
2024-W38,postgresql,39.7,linkedin_jobs
2024-W39,postgresql,43.1,linkedin_jobs
2024-W40,postgresql,40.4,linkedin_jobs
2024-W41,postgresql,39.2,linkedin_jobs
2024-W42,postgresql,38.9,linkedin_jobs
2024-W43,postgresql,43.8,linkedin_jobs
2024-W44,postgresql,38.6,linkedin_jobs
2024-W45,postgresql,41.2,linkedin_jobs
2024-W46,postgresql,42.6,linkedin_jobs
2024-W47,postgresql,49.4,linkedin_jobs
2024-W48,postgresql,39.2,linkedin_jobs
2024-W49,postgresql,40.0,linkedin_jobs
2024-W50,postgresql,43.9,linkedin_jobs
2024-W51,postgresql,43.9,linkedin_jobs
2024-W52,postgresql,40.8,linkedin_jobs
2024-W53,postgresql,43.8,linkedin_jobs
2025-W01,postgresql,37.9,linkedin_jobs
2025-W02,postgresql,37.9,linkedin_jobs
2025-W03,postgresql,43.5,linkedin_jobs
2025-W04,postgresql,39.2,linkedin_jobs
2025-W05,postgresql,45.9,linkedin_jobs
2025-W06,postgresql,40.6,linkedin_jobs
2025-W07,postgresql,44.0,linkedin_jobs
2025-W08,postgresql,37.9,linkedin_jobs
2025-W09,postgresql,40.7,linkedin_jobs
2025-W10,postgresql,41.7,linkedin_jobs
2025-W11,postgresql,49.4,linkedin_jobs
2025-W12,postgresql,38.6,linkedin_jobs
2025-W13,postgresql,47.1,linkedin_jobs
2025-W14,postgresql,37.0,linkedin_jobs
2025-W15,postgresql,43.9,linkedin_jobs
2025-W16,postgresql,40.1,linkedin_jobs
2025-W17,postgresql,45.5,linkedin_jobs
2025-W18,postgresql,45.1,linkedin_jobs
2025-W19,postgresql,43.8,linkedin_jobs
2025-W20,postgresql,42.0,linkedin_jobs
2025-W21,postgresql,45.3,linkedin_jobs
2025-W22,postgresql,44.4,linkedin_jobs
2025-W23,postgresql,41.8,linkedin_jobs
2025-W24,postgresql,42.9,linkedin_jobs
2025-W25,postgresql,39.9,linkedin_jobs
2025-W26,postgresql,41.2,linkedin_jobs
2025-W27,postgresql,42.4,linkedin_jobs
2025-W28,postgresql,47.7,linkedin_jobs
2025-W29,postgresql,42.4,linkedin_jobs
2025-W30,postgresql,45.5,linkedin_jobs
2025-W31,postgresql,38.3,linkedin_jobs
2025-W32,postgresql,41.0,linkedin_jobs
2025-W33,postgresql,47.0,linkedin_jobs
2025-W34,postgresql,44.1,linkedin_jobs
2025-W35,postgresql,45.3,linkedin_jobs
2025-W36,postgresql,44.6,linkedin_jobs
2025-W37,postgresql,44.7,linkedin_jobs
2025-W38,postgresql,44.4,linkedin_jobs
2025-W39,postgresql,42.3,linkedin_jobs
2025-W40,postgresql,44.2,linkedin_jobs
2025-W41,postgresql,48.6,linkedin_jobs
2025-W42,postgresql,44.3,linkedin_jobs
2025-W43,postgresql,45.0,linkedin_jobs
2025-W44,postgresql,37.2,linkedin_jobs
2025-W45,postgresql,46.8,linkedin_jobs
2025-W46,postgresql,43.4,linkedin_jobs
2025-W47,postgresql,39.1,linkedin_jobs
2025-W48,postgresql,48.5,linkedin_jobs
2025-W49,postgresql,40.2,linkedin_jobs
2025-W50,postgresql,42.6,linkedin_jobs
2025-W51,postgresql,45.4,linkedin_jobs
2025-W52,postgresql,48.2,linkedin_jobs
2026-W01,postgresql,40.5,linkedin_jobs
2026-W02,postgresql,48.3,linkedin_jobs
2026-W03,postgresql,47.3,linkedin_jobs
2026-W04,postgresql,43.3,linkedin_jobs
2026-W05,postgresql,45.2,linkedin_jobs
2026-W06,postgresql,46.4,linkedin_jobs
2026-W07,postgresql,43.0,linkedin_jobs
2026-W08,postgresql,46.6,linkedin_jobs
2026-W09,postgresql,41.9,linkedin_jobs
2026-W10,postgresql,49.4,linkedin_jobs
2026-W11,postgresql,44.2,linkedin_jobs
2026-W12,postgresql,47.7,linkedin_jobs
2026-W13,postgresql,43.5,linkedin_jobs
2026-W14,postgresql,46.2,linkedin_jobs
2026-W15,postgresql,49.2,linkedin_jobs
2026-W16,postgresql,42.9,linkedin_jobs
2026-W17,postgresql,44.3,linkedin_jobs
2026-W18,postgresql,45.5,linkedin_jobs
2026-W19,postgresql,45.1,linkedin_jobs
2026-W20,postgresql,42.3,linkedin_jobs
2026-W21,postgresql,48.9,linkedin_jobs
2026-W22,postgresql,43.6,linkedin_jobs
2026-W23,postgresql,42.3,linkedin_jobs
2026-W24,postgresql,47.5,linkedin_jobs
2026-W25,postgresql,45.9,linkedin_jobs
2024-W01,mysql,38.2,linkedin_jobs
2024-W02,mysql,36.2,linkedin_jobs
2024-W03,mysql,37.6,linkedin_jobs
2024-W04,mysql,35.5,linkedin_jobs
2024-W05,mysql,38.3,linkedin_jobs
2024-W06,mysql,37.0,linkedin_jobs
2024-W07,mysql,35.8,linkedin_jobs
2024-W08,mysql,37.1,linkedin_jobs
2024-W09,mysql,37.1,linkedin_jobs
2024-W10,mysql,32.5,linkedin_jobs
2024-W11,mysql,31.6,linkedin_jobs
2024-W12,mysql,36.4,linkedin_jobs
2024-W13,mysql,40.2,linkedin_jobs
2024-W14,mysql,39.1,linkedin_jobs
2024-W15,mysql,34.7,linkedin_jobs
2024-W16,mysql,40.5,linkedin_jobs
2024-W17,mysql,38.2,linkedin_jobs
2024-W18,mysql,36.3,linkedin_jobs
2024-W19,mysql,36.6,linkedin_jobs
2024-W20,mysql,38.5,linkedin_jobs
2024-W21,mysql,37.7,linkedin_jobs
2024-W22,mysql,32.9,linkedin_jobs
2024-W23,mysql,39.9,linkedin_jobs
2024-W24,mysql,35.7,linkedin_jobs
2024-W25,mysql,35.2,linkedin_jobs
2024-W26,mysql,31.9,linkedin_jobs
2024-W27,mysql,38.7,linkedin_jobs
2024-W28,mysql,33.1,linkedin_jobs
2024-W29,mysql,37.6,linkedin_jobs
2024-W30,mysql,34.3,linkedin_jobs
2024-W31,mysql,36.2,linkedin_jobs
2024-W32,mysql,36.4,linkedin_jobs
2024-W33,mysql,41.0,linkedin_jobs
2024-W34,mysql,34.5,linkedin_jobs
2024-W35,mysql,36.0,linkedin_jobs
2024-W36,mysql,38.1,linkedin_jobs
2024-W37,mysql,31.4,linkedin_jobs
2024-W38,mysql,32.5,linkedin_jobs
2024-W39,mysql,39.3,linkedin_jobs
2024-W40,mysql,30.7,linkedin_jobs
2024-W41,mysql,33.6,linkedin_jobs
2024-W42,mysql,36.8,linkedin_jobs
2024-W43,mysql,39.1,linkedin_jobs
2024-W44,mysql,31.1,linkedin_jobs
2024-W45,mysql,35.3,linkedin_jobs
2024-W46,mysql,32.7,linkedin_jobs
2024-W47,mysql,34.5,linkedin_jobs
2024-W48,mysql,40.6,linkedin_jobs
2024-W49,mysql,35.0,linkedin_jobs
2024-W50,mysql,39.4,linkedin_jobs
2024-W51,mysql,34.8,linkedin_jobs
2024-W52,mysql,35.1,linkedin_jobs
2024-W53,mysql,33.1,linkedin_jobs
2025-W01,mysql,36.9,linkedin_jobs
2025-W02,mysql,36.2,linkedin_jobs
2025-W03,mysql,35.4,linkedin_jobs
2025-W04,mysql,35.8,linkedin_jobs
2025-W05,mysql,36.2,linkedin_jobs
2025-W06,mysql,40.1,linkedin_jobs
2025-W07,mysql,30.6,linkedin_jobs
2025-W08,mysql,30.1,linkedin_jobs
2025-W09,mysql,37.4,linkedin_jobs
2025-W10,mysql,38.4,linkedin_jobs
2025-W11,mysql,33.2,linkedin_jobs
2025-W12,mysql,30.8,linkedin_jobs
2025-W13,mysql,36.0,linkedin_jobs
2025-W14,mysql,32.7,linkedin_jobs
2025-W15,mysql,32.2,linkedin_jobs
2025-W16,mysql,35.6,linkedin_jobs
2025-W17,mysql,30.7,linkedin_jobs
2025-W18,mysql,31.5,linkedin_jobs
2025-W19,mysql,33.2,linkedin_jobs
2025-W20,mysql,34.0,linkedin_jobs
2025-W21,mysql,27.3,linkedin_jobs
2025-W22,mysql,31.1,linkedin_jobs
2025-W23,mysql,32.4,linkedin_jobs
2025-W24,mysql,32.4,linkedin_jobs
2025-W25,mysql,32.0,linkedin_jobs
2025-W26,mysql,30.6,linkedin_jobs
2025-W27,mysql,29.3,linkedin_jobs
2025-W28,mysql,33.5,linkedin_jobs
2025-W29,mysql,30.6,linkedin_jobs
2025-W30,mysql,35.4,linkedin_jobs
2025-W31,mysql,30.4,linkedin_jobs
2025-W32,mysql,41.4,linkedin_jobs
2025-W33,mysql,32.1,linkedin_jobs
2025-W34,mysql,33.0,linkedin_jobs
2025-W35,mysql,33.3,linkedin_jobs
2025-W36,mysql,35.8,linkedin_jobs
2025-W37,mysql,30.9,linkedin_jobs
2025-W38,mysql,31.7,linkedin_jobs
2025-W39,mysql,31.2,linkedin_jobs
2025-W40,mysql,31.7,linkedin_jobs
2025-W41,mysql,33.2,linkedin_jobs
2025-W42,mysql,30.1,linkedin_jobs
2025-W43,mysql,29.5,linkedin_jobs
2025-W44,mysql,35.0,linkedin_jobs
2025-W45,mysql,33.6,linkedin_jobs
2025-W46,mysql,29.3,linkedin_jobs
2025-W47,mysql,29.6,linkedin_jobs
2025-W48,mysql,38.6,linkedin_jobs
2025-W49,mysql,31.5,linkedin_jobs
2025-W50,mysql,34.7,linkedin_jobs
2025-W51,mysql,29.9,linkedin_jobs
2025-W52,mysql,35.5,linkedin_jobs
2026-W01,mysql,32.1,linkedin_jobs
2026-W02,mysql,28.9,linkedin_jobs
2026-W03,mysql,30.1,linkedin_jobs
2026-W04,mysql,30.7,linkedin_jobs
2026-W05,mysql,32.0,linkedin_jobs
2026-W06,mysql,33.8,linkedin_jobs
2026-W07,mysql,33.8,linkedin_jobs
2026-W08,mysql,38.2,linkedin_jobs
2026-W09,mysql,38.4,linkedin_jobs
2026-W10,mysql,31.8,linkedin_jobs
2026-W11,mysql,35.0,linkedin_jobs
2026-W12,mysql,36.1,linkedin_jobs
2026-W13,mysql,31.0,linkedin_jobs
2026-W14,mysql,33.7,linkedin_jobs
2026-W15,mysql,33.3,linkedin_jobs
2026-W16,mysql,33.1,linkedin_jobs
2026-W17,mysql,34.4,linkedin_jobs
2026-W18,mysql,36.1,linkedin_jobs
2026-W19,mysql,37.1,linkedin_jobs
2026-W20,mysql,36.3,linkedin_jobs
2026-W21,mysql,33.0,linkedin_jobs
2026-W22,mysql,28.0,linkedin_jobs
2026-W23,mysql,32.7,linkedin_jobs
2026-W24,mysql,28.8,linkedin_jobs
2026-W25,mysql,36.4,linkedin_jobs
2024-W01,mongodb,35.8,linkedin_jobs
2024-W02,mongodb,31.5,linkedin_jobs
2024-W03,mongodb,30.9,linkedin_jobs
2024-W04,mongodb,33.3,linkedin_jobs
2024-W05,mongodb,27.9,linkedin_jobs
2024-W06,mongodb,27.4,linkedin_jobs
2024-W07,mongodb,30.7,linkedin_jobs
2024-W08,mongodb,33.4,linkedin_jobs
2024-W09,mongodb,32.3,linkedin_jobs
2024-W10,mongodb,27.8,linkedin_jobs
2024-W11,mongodb,35.6,linkedin_jobs
2024-W12,mongodb,30.4,linkedin_jobs
2024-W13,mongodb,30.6,linkedin_jobs
2024-W14,mongodb,35.4,linkedin_jobs
2024-W15,mongodb,32.9,linkedin_jobs
2024-W16,mongodb,35.7,linkedin_jobs
2024-W17,mongodb,31.0,linkedin_jobs
2024-W18,mongodb,34.7,linkedin_jobs
2024-W19,mongodb,32.5,linkedin_jobs
2024-W20,mongodb,31.9,linkedin_jobs
2024-W21,mongodb,27.4,linkedin_jobs
2024-W22,mongodb,32.4,linkedin_jobs
2024-W23,mongodb,29.6,linkedin_jobs
2024-W24,mongodb,30.2,linkedin_jobs
2024-W25,mongodb,27.4,linkedin_jobs
2024-W26,mongodb,31.2,linkedin_jobs
2024-W27,mongodb,28.2,linkedin_jobs
2024-W28,mongodb,27.9,linkedin_jobs
2024-W29,mongodb,29.4,linkedin_jobs
2024-W30,mongodb,36.5,linkedin_jobs
2024-W31,mongodb,32.6,linkedin_jobs
2024-W32,mongodb,32.3,linkedin_jobs
2024-W33,mongodb,35.4,linkedin_jobs
2024-W34,mongodb,34.8,linkedin_jobs
2024-W35,mongodb,31.7,linkedin_jobs
2024-W36,mongodb,33.3,linkedin_jobs
2024-W37,mongodb,33.0,linkedin_jobs
2024-W38,mongodb,26.6,linkedin_jobs
2024-W39,mongodb,31.8,linkedin_jobs
2024-W40,mongodb,32.3,linkedin_jobs
2024-W41,mongodb,33.6,linkedin_jobs
2024-W42,mongodb,26.9,linkedin_jobs
2024-W43,mongodb,33.1,linkedin_jobs
2024-W44,mongodb,33.2,linkedin_jobs
2024-W45,mongodb,25.1,linkedin_jobs
2024-W46,mongodb,30.2,linkedin_jobs
2024-W47,mongodb,33.8,linkedin_jobs
2024-W48,mongodb,28.1,linkedin_jobs
2024-W49,mongodb,26.4,linkedin_jobs
2024-W50,mongodb,30.6,linkedin_jobs
2024-W51,mongodb,35.4,linkedin_jobs
2024-W52,mongodb,33.5,linkedin_jobs
2024-W53,mongodb,35.1,linkedin_jobs
2025-W01,mongodb,27.3,linkedin_jobs
2025-W02,mongodb,21.3,linkedin_jobs
2025-W03,mongodb,27.0,linkedin_jobs
2025-W04,mongodb,26.4,linkedin_jobs
2025-W05,mongodb,27.5,linkedin_jobs
2025-W06,mongodb,27.8,linkedin_jobs
2025-W07,mongodb,26.2,linkedin_jobs
2025-W08,mongodb,29.6,linkedin_jobs
2025-W09,mongodb,33.8,linkedin_jobs
2025-W10,mongodb,30.0,linkedin_jobs
2025-W11,mongodb,34.6,linkedin_jobs
2025-W12,mongodb,31.2,linkedin_jobs
2025-W13,mongodb,28.6,linkedin_jobs
2025-W14,mongodb,30.0,linkedin_jobs
2025-W15,mongodb,27.2,linkedin_jobs
2025-W16,mongodb,27.4,linkedin_jobs
2025-W17,mongodb,31.3,linkedin_jobs
2025-W18,mongodb,28.9,linkedin_jobs
2025-W19,mongodb,31.0,linkedin_jobs
2025-W20,mongodb,28.3,linkedin_jobs
2025-W21,mongodb,31.1,linkedin_jobs
2025-W22,mongodb,29.5,linkedin_jobs
2025-W23,mongodb,34.9,linkedin_jobs
2025-W24,mongodb,31.1,linkedin_jobs
2025-W25,mongodb,32.3,linkedin_jobs
2025-W26,mongodb,27.7,linkedin_jobs
2025-W27,mongodb,26.7,linkedin_jobs
2025-W28,mongodb,28.7,linkedin_jobs
2025-W29,mongodb,29.3,linkedin_jobs
2025-W30,mongodb,32.8,linkedin_jobs
2025-W31,mongodb,27.2,linkedin_jobs
2025-W32,mongodb,28.0,linkedin_jobs
2025-W33,mongodb,27.4,linkedin_jobs
2025-W34,mongodb,34.6,linkedin_jobs
2025-W35,mongodb,36.0,linkedin_jobs
2025-W36,mongodb,25.7,linkedin_jobs
2025-W37,mongodb,26.4,linkedin_jobs
2025-W38,mongodb,28.1,linkedin_jobs
2025-W39,mongodb,25.7,linkedin_jobs
2025-W40,mongodb,25.9,linkedin_jobs
2025-W41,mongodb,31.8,linkedin_jobs
2025-W42,mongodb,23.0,linkedin_jobs
2025-W43,mongodb,30.3,linkedin_jobs
2025-W44,mongodb,29.1,linkedin_jobs
2025-W45,mongodb,30.2,linkedin_jobs
2025-W46,mongodb,26.2,linkedin_jobs
2025-W47,mongodb,24.9,linkedin_jobs
2025-W48,mongodb,29.3,linkedin_jobs
2025-W49,mongodb,27.1,linkedin_jobs
2025-W50,mongodb,29.0,linkedin_jobs
2025-W51,mongodb,30.4,linkedin_jobs
2025-W52,mongodb,26.3,linkedin_jobs
2026-W01,mongodb,32.2,linkedin_jobs
2026-W02,mongodb,23.1,linkedin_jobs
2026-W03,mongodb,29.2,linkedin_jobs
2026-W04,mongodb,29.2,linkedin_jobs
2026-W05,mongodb,30.6,linkedin_jobs
2026-W06,mongodb,29.0,linkedin_jobs
2026-W07,mongodb,24.1,linkedin_jobs
2026-W08,mongodb,23.0,linkedin_jobs
2026-W09,mongodb,25.8,linkedin_jobs
2026-W10,mongodb,26.1,linkedin_jobs
2026-W11,mongodb,24.8,linkedin_jobs
2026-W12,mongodb,25.9,linkedin_jobs
2026-W13,mongodb,21.3,linkedin_jobs
2026-W14,mongodb,23.4,linkedin_jobs
2026-W15,mongodb,27.6,linkedin_jobs
2026-W16,mongodb,26.8,linkedin_jobs
2026-W17,mongodb,28.0,linkedin_jobs
2026-W18,mongodb,26.4,linkedin_jobs
2026-W19,mongodb,23.6,linkedin_jobs
2026-W20,mongodb,25.0,linkedin_jobs
2026-W21,mongodb,29.2,linkedin_jobs
2026-W22,mongodb,21.5,linkedin_jobs
2026-W23,mongodb,28.1,linkedin_jobs
2026-W24,mongodb,23.6,linkedin_jobs
2026-W25,mongodb,26.5,linkedin_jobs
2024-W01,redis,22.2,linkedin_jobs
2024-W02,redis,23.4,linkedin_jobs
2024-W03,redis,24.8,linkedin_jobs
2024-W04,redis,24.5,linkedin_jobs
2024-W05,redis,26.3,linkedin_jobs
2024-W06,redis,22.6,linkedin_jobs
2024-W07,redis,24.0,linkedin_jobs
2024-W08,redis,26.3,linkedin_jobs
2024-W09,redis,19.7,linkedin_jobs
2024-W10,redis,26.0,linkedin_jobs
2024-W11,redis,16.2,linkedin_jobs
2024-W12,redis,22.2,linkedin_jobs
2024-W13,redis,26.8,linkedin_jobs
2024-W14,redis,21.9,linkedin_jobs
2024-W15,redis,24.6,linkedin_jobs
2024-W16,redis,23.7,linkedin_jobs
2024-W17,redis,29.9,linkedin_jobs
2024-W18,redis,24.8,linkedin_jobs
2024-W19,redis,22.8,linkedin_jobs
2024-W20,redis,20.5,linkedin_jobs
2024-W21,redis,31.5,linkedin_jobs
2024-W22,redis,25.0,linkedin_jobs
2024-W23,redis,20.6,linkedin_jobs
2024-W24,redis,21.8,linkedin_jobs
2024-W25,redis,27.2,linkedin_jobs
2024-W26,redis,24.9,linkedin_jobs
2024-W27,redis,28.5,linkedin_jobs
2024-W28,redis,26.7,linkedin_jobs
2024-W29,redis,27.4,linkedin_jobs
2024-W30,redis,29.2,linkedin_jobs
2024-W31,redis,24.5,linkedin_jobs
2024-W32,redis,26.2,linkedin_jobs
2024-W33,redis,20.7,linkedin_jobs
2024-W34,redis,23.3,linkedin_jobs
2024-W35,redis,25.3,linkedin_jobs
2024-W36,redis,24.3,linkedin_jobs
2024-W37,redis,19.9,linkedin_jobs
2024-W38,redis,25.6,linkedin_jobs
2024-W39,redis,24.9,linkedin_jobs
2024-W40,redis,32.6,linkedin_jobs
2024-W41,redis,29.0,linkedin_jobs
2024-W42,redis,23.5,linkedin_jobs
2024-W43,redis,25.4,linkedin_jobs
2024-W44,redis,24.9,linkedin_jobs
2024-W45,redis,29.0,linkedin_jobs
2024-W46,redis,27.7,linkedin_jobs
2024-W47,redis,26.3,linkedin_jobs
2024-W48,redis,25.6,linkedin_jobs
2024-W49,redis,21.7,linkedin_jobs
2024-W50,redis,27.3,linkedin_jobs
2024-W51,redis,24.3,linkedin_jobs
2024-W52,redis,27.0,linkedin_jobs
2024-W53,redis,25.3,linkedin_jobs
2025-W01,redis,28.3,linkedin_jobs
2025-W02,redis,22.1,linkedin_jobs
2025-W03,redis,26.5,linkedin_jobs
2025-W04,redis,24.4,linkedin_jobs
2025-W05,redis,23.6,linkedin_jobs
2025-W06,redis,25.1,linkedin_jobs
2025-W07,redis,27.7,linkedin_jobs
2025-W08,redis,26.1,linkedin_jobs
2025-W09,redis,29.7,linkedin_jobs
2025-W10,redis,34.9,linkedin_jobs
2025-W11,redis,29.3,linkedin_jobs
2025-W12,redis,29.1,linkedin_jobs
2025-W13,redis,22.9,linkedin_jobs
2025-W14,redis,31.4,linkedin_jobs
2025-W15,redis,23.8,linkedin_jobs
2025-W16,redis,26.7,linkedin_jobs
2025-W17,redis,22.1,linkedin_jobs
2025-W18,redis,22.6,linkedin_jobs
2025-W19,redis,27.8,linkedin_jobs
2025-W20,redis,25.4,linkedin_jobs
2025-W21,redis,27.4,linkedin_jobs
2025-W22,redis,27.0,linkedin_jobs
2025-W23,redis,28.2,linkedin_jobs
2025-W24,redis,28.7,linkedin_jobs
2025-W25,redis,32.0,linkedin_jobs
2025-W26,redis,21.2,linkedin_jobs
2025-W27,redis,24.3,linkedin_jobs
2025-W28,redis,32.1,linkedin_jobs
2025-W29,redis,24.9,linkedin_jobs
2025-W30,redis,24.4,linkedin_jobs
2025-W31,redis,20.9,linkedin_jobs
2025-W32,redis,25.1,linkedin_jobs
2025-W33,redis,29.4,linkedin_jobs
2025-W34,redis,32.3,linkedin_jobs
2025-W35,redis,26.3,linkedin_jobs
2025-W36,redis,26.9,linkedin_jobs
2025-W37,redis,28.4,linkedin_jobs
2025-W38,redis,28.2,linkedin_jobs
2025-W39,redis,27.2,linkedin_jobs
2025-W40,redis,25.2,linkedin_jobs
2025-W41,redis,25.8,linkedin_jobs
2025-W42,redis,25.5,linkedin_jobs
2025-W43,redis,26.1,linkedin_jobs
2025-W44,redis,33.0,linkedin_jobs
2025-W45,redis,28.5,linkedin_jobs
2025-W46,redis,28.8,linkedin_jobs
2025-W47,redis,21.0,linkedin_jobs
2025-W48,redis,28.2,linkedin_jobs
2025-W49,redis,27.9,linkedin_jobs
2025-W50,redis,25.4,linkedin_jobs
2025-W51,redis,25.8,linkedin_jobs
2025-W52,redis,29.2,linkedin_jobs
2026-W01,redis,28.8,linkedin_jobs
2026-W02,redis,24.9,linkedin_jobs
2026-W03,redis,26.4,linkedin_jobs
2026-W04,redis,24.8,linkedin_jobs
2026-W05,redis,31.1,linkedin_jobs
2026-W06,redis,29.7,linkedin_jobs
2026-W07,redis,30.8,linkedin_jobs
2026-W08,redis,29.1,linkedin_jobs
2026-W09,redis,24.8,linkedin_jobs
2026-W10,redis,29.3,linkedin_jobs
2026-W11,redis,31.7,linkedin_jobs
2026-W12,redis,31.1,linkedin_jobs
2026-W13,redis,23.9,linkedin_jobs
2026-W14,redis,35.2,linkedin_jobs
2026-W15,redis,25.9,linkedin_jobs
2026-W16,redis,30.0,linkedin_jobs
2026-W17,redis,27.7,linkedin_jobs
2026-W18,redis,23.1,linkedin_jobs
2026-W19,redis,25.5,linkedin_jobs
2026-W20,redis,29.0,linkedin_jobs
2026-W21,redis,29.7,linkedin_jobs
2026-W22,redis,26.9,linkedin_jobs
2026-W23,redis,29.4,linkedin_jobs
2026-W24,redis,29.9,linkedin_jobs
2026-W25,redis,28.0,linkedin_jobs
2024-W01,elasticsearch,16.3,linkedin_jobs
2024-W02,elasticsearch,25.3,linkedin_jobs
2024-W03,elasticsearch,16.8,linkedin_jobs
2024-W04,elasticsearch,21.0,linkedin_jobs
2024-W05,elasticsearch,16.2,linkedin_jobs
2024-W06,elasticsearch,19.5,linkedin_jobs
2024-W07,elasticsearch,17.3,linkedin_jobs
2024-W08,elasticsearch,22.7,linkedin_jobs
2024-W09,elasticsearch,25.7,linkedin_jobs
2024-W10,elasticsearch,20.4,linkedin_jobs
2024-W11,elasticsearch,19.2,linkedin_jobs
2024-W12,elasticsearch,23.3,linkedin_jobs
2024-W13,elasticsearch,19.7,linkedin_jobs
2024-W14,elasticsearch,19.1,linkedin_jobs
2024-W15,elasticsearch,24.1,linkedin_jobs
2024-W16,elasticsearch,19.7,linkedin_jobs
2024-W17,elasticsearch,18.2,linkedin_jobs
2024-W18,elasticsearch,21.8,linkedin_jobs
2024-W19,elasticsearch,16.9,linkedin_jobs
2024-W20,elasticsearch,25.3,linkedin_jobs
2024-W21,elasticsearch,20.7,linkedin_jobs
2024-W22,elasticsearch,23.5,linkedin_jobs
2024-W23,elasticsearch,21.4,linkedin_jobs
2024-W24,elasticsearch,19.6,linkedin_jobs
2024-W25,elasticsearch,18.2,linkedin_jobs
2024-W26,elasticsearch,17.2,linkedin_jobs
2024-W27,elasticsearch,22.7,linkedin_jobs
2024-W28,elasticsearch,20.5,linkedin_jobs
2024-W29,elasticsearch,20.3,linkedin_jobs
2024-W30,elasticsearch,20.9,linkedin_jobs
2024-W31,elasticsearch,17.0,linkedin_jobs
2024-W32,elasticsearch,19.7,linkedin_jobs
2024-W33,elasticsearch,22.2,linkedin_jobs
2024-W34,elasticsearch,25.6,linkedin_jobs
2024-W35,elasticsearch,20.6,linkedin_jobs
2024-W36,elasticsearch,15.6,linkedin_jobs
2024-W37,elasticsearch,22.9,linkedin_jobs
2024-W38,elasticsearch,19.7,linkedin_jobs
2024-W39,elasticsearch,24.4,linkedin_jobs
2024-W40,elasticsearch,23.8,linkedin_jobs
2024-W41,elasticsearch,16.2,linkedin_jobs
2024-W42,elasticsearch,20.6,linkedin_jobs
2024-W43,elasticsearch,24.0,linkedin_jobs
2024-W44,elasticsearch,17.3,linkedin_jobs
2024-W45,elasticsearch,18.6,linkedin_jobs
2024-W46,elasticsearch,19.6,linkedin_jobs
2024-W47,elasticsearch,23.1,linkedin_jobs
2024-W48,elasticsearch,20.7,linkedin_jobs
2024-W49,elasticsearch,18.2,linkedin_jobs
2024-W50,elasticsearch,16.8,linkedin_jobs
2024-W51,elasticsearch,21.3,linkedin_jobs
2024-W52,elasticsearch,21.6,linkedin_jobs
2024-W53,elasticsearch,21.2,linkedin_jobs
2025-W01,elasticsearch,18.1,linkedin_jobs
2025-W02,elasticsearch,20.0,linkedin_jobs
2025-W03,elasticsearch,22.4,linkedin_jobs
2025-W04,elasticsearch,15.3,linkedin_jobs
2025-W05,elasticsearch,15.6,linkedin_jobs
2025-W06,elasticsearch,20.9,linkedin_jobs
2025-W07,elasticsearch,22.3,linkedin_jobs
2025-W08,elasticsearch,22.7,linkedin_jobs
2025-W09,elasticsearch,20.2,linkedin_jobs
2025-W10,elasticsearch,22.7,linkedin_jobs
2025-W11,elasticsearch,17.1,linkedin_jobs
2025-W12,elasticsearch,19.1,linkedin_jobs
2025-W13,elasticsearch,15.9,linkedin_jobs
2025-W14,elasticsearch,20.7,linkedin_jobs
2025-W15,elasticsearch,20.2,linkedin_jobs
2025-W16,elasticsearch,14.4,linkedin_jobs
2025-W17,elasticsearch,28.8,linkedin_jobs
2025-W18,elasticsearch,20.0,linkedin_jobs
2025-W19,elasticsearch,21.6,linkedin_jobs
2025-W20,elasticsearch,19.0,linkedin_jobs
2025-W21,elasticsearch,20.6,linkedin_jobs
2025-W22,elasticsearch,21.6,linkedin_jobs
2025-W23,elasticsearch,23.0,linkedin_jobs
2025-W24,elasticsearch,23.2,linkedin_jobs
2025-W25,elasticsearch,23.0,linkedin_jobs
2025-W26,elasticsearch,24.6,linkedin_jobs
2025-W27,elasticsearch,24.5,linkedin_jobs
2025-W28,elasticsearch,19.2,linkedin_jobs
2025-W29,elasticsearch,26.1,linkedin_jobs
2025-W30,elasticsearch,25.9,linkedin_jobs
2025-W31,elasticsearch,20.5,linkedin_jobs
2025-W32,elasticsearch,22.1,linkedin_jobs
2025-W33,elasticsearch,23.6,linkedin_jobs
2025-W34,elasticsearch,23.6,linkedin_jobs
2025-W35,elasticsearch,20.0,linkedin_jobs
2025-W36,elasticsearch,23.9,linkedin_jobs
2025-W37,elasticsearch,15.5,linkedin_jobs
2025-W38,elasticsearch,23.9,linkedin_jobs
2025-W39,elasticsearch,25.7,linkedin_jobs
2025-W40,elasticsearch,20.8,linkedin_jobs
2025-W41,elasticsearch,21.2,linkedin_jobs
2025-W42,elasticsearch,22.9,linkedin_jobs
2025-W43,elasticsearch,19.9,linkedin_jobs
2025-W44,elasticsearch,20.3,linkedin_jobs
2025-W45,elasticsearch,23.4,linkedin_jobs
2025-W46,elasticsearch,24.0,linkedin_jobs
2025-W47,elasticsearch,18.2,linkedin_jobs
2025-W48,elasticsearch,21.3,linkedin_jobs
2025-W49,elasticsearch,18.0,linkedin_jobs
2025-W50,elasticsearch,18.1,linkedin_jobs
2025-W51,elasticsearch,17.1,linkedin_jobs
2025-W52,elasticsearch,17.1,linkedin_jobs
2026-W01,elasticsearch,21.6,linkedin_jobs
2026-W02,elasticsearch,21.5,linkedin_jobs
2026-W03,elasticsearch,17.5,linkedin_jobs
2026-W04,elasticsearch,23.3,linkedin_jobs
2026-W05,elasticsearch,19.1,linkedin_jobs
2026-W06,elasticsearch,16.9,linkedin_jobs
2026-W07,elasticsearch,14.4,linkedin_jobs
2026-W08,elasticsearch,12.6,linkedin_jobs
2026-W09,elasticsearch,25.8,linkedin_jobs
2026-W10,elasticsearch,23.8,linkedin_jobs
2026-W11,elasticsearch,24.6,linkedin_jobs
2026-W12,elasticsearch,23.5,linkedin_jobs
2026-W13,elasticsearch,20.6,linkedin_jobs
2026-W14,elasticsearch,19.9,linkedin_jobs
2026-W15,elasticsearch,25.4,linkedin_jobs
2026-W16,elasticsearch,24.6,linkedin_jobs
2026-W17,elasticsearch,22.8,linkedin_jobs
2026-W18,elasticsearch,20.3,linkedin_jobs
2026-W19,elasticsearch,22.0,linkedin_jobs
2026-W20,elasticsearch,20.0,linkedin_jobs
2026-W21,elasticsearch,19.4,linkedin_jobs
2026-W22,elasticsearch,17.8,linkedin_jobs
2026-W23,elasticsearch,21.3,linkedin_jobs
2026-W24,elasticsearch,21.5,linkedin_jobs
2026-W25,elasticsearch,24.3,linkedin_jobs
2024-W01,machine learning,55.7,linkedin_jobs
2024-W02,machine learning,51.0,linkedin_jobs
2024-W03,machine learning,47.9,linkedin_jobs
2024-W04,machine learning,53.3,linkedin_jobs
2024-W05,machine learning,52.3,linkedin_jobs
2024-W06,machine learning,53.0,linkedin_jobs
2024-W07,machine learning,54.9,linkedin_jobs
2024-W08,machine learning,49.3,linkedin_jobs
2024-W09,machine learning,52.0,linkedin_jobs
2024-W10,machine learning,52.9,linkedin_jobs
2024-W11,machine learning,51.8,linkedin_jobs
2024-W12,machine learning,52.8,linkedin_jobs
2024-W13,machine learning,54.6,linkedin_jobs
2024-W14,machine learning,56.9,linkedin_jobs
2024-W15,machine learning,55.6,linkedin_jobs
2024-W16,machine learning,53.1,linkedin_jobs
2024-W17,machine learning,54.2,linkedin_jobs
2024-W18,machine learning,52.3,linkedin_jobs
2024-W19,machine learning,52.1,linkedin_jobs
2024-W20,machine learning,54.9,linkedin_jobs
2024-W21,machine learning,54.7,linkedin_jobs
2024-W22,machine learning,54.9,linkedin_jobs
2024-W23,machine learning,62.8,linkedin_jobs
2024-W24,machine learning,59.2,linkedin_jobs
2024-W25,machine learning,57.0,linkedin_jobs
2024-W26,machine learning,55.7,linkedin_jobs
2024-W27,machine learning,55.4,linkedin_jobs
2024-W28,machine learning,56.2,linkedin_jobs
2024-W29,machine learning,58.5,linkedin_jobs
2024-W30,machine learning,60.4,linkedin_jobs
2024-W31,machine learning,54.0,linkedin_jobs
2024-W32,machine learning,57.0,linkedin_jobs
2024-W33,machine learning,60.5,linkedin_jobs
2024-W34,machine learning,55.1,linkedin_jobs
2024-W35,machine learning,57.7,linkedin_jobs
2024-W36,machine learning,62.3,linkedin_jobs
2024-W37,machine learning,55.2,linkedin_jobs
2024-W38,machine learning,56.3,linkedin_jobs
2024-W39,machine learning,58.5,linkedin_jobs
2024-W40,machine learning,56.1,linkedin_jobs
2024-W41,machine learning,60.7,linkedin_jobs
2024-W42,machine learning,59.9,linkedin_jobs
2024-W43,machine learning,62.5,linkedin_jobs
2024-W44,machine learning,66.6,linkedin_jobs
2024-W45,machine learning,54.9,linkedin_jobs
2024-W46,machine learning,59.3,linkedin_jobs
2024-W47,machine learning,63.1,linkedin_jobs
2024-W48,machine learning,61.7,linkedin_jobs
2024-W49,machine learning,63.2,linkedin_jobs
2024-W50,machine learning,61.8,linkedin_jobs
2024-W51,machine learning,62.4,linkedin_jobs
2024-W52,machine learning,61.0,linkedin_jobs
2024-W53,machine learning,58.6,linkedin_jobs
2025-W01,machine learning,64.4,linkedin_jobs
2025-W02,machine learning,65.5,linkedin_jobs
2025-W03,machine learning,62.2,linkedin_jobs
2025-W04,machine learning,68.3,linkedin_jobs
2025-W05,machine learning,59.4,linkedin_jobs
2025-W06,machine learning,64.0,linkedin_jobs
2025-W07,machine learning,66.3,linkedin_jobs
2025-W08,machine learning,67.4,linkedin_jobs
2025-W09,machine learning,64.6,linkedin_jobs
2025-W10,machine learning,65.1,linkedin_jobs
2025-W11,machine learning,60.0,linkedin_jobs
2025-W12,machine learning,63.1,linkedin_jobs
2025-W13,machine learning,66.4,linkedin_jobs
2025-W14,machine learning,69.6,linkedin_jobs
2025-W15,machine learning,66.1,linkedin_jobs
2025-W16,machine learning,68.5,linkedin_jobs
2025-W17,machine learning,70.9,linkedin_jobs
2025-W18,machine learning,68.0,linkedin_jobs
2025-W19,machine learning,67.8,linkedin_jobs
2025-W20,machine learning,66.9,linkedin_jobs
2025-W21,machine learning,65.5,linkedin_jobs
2025-W22,machine learning,71.5,linkedin_jobs
2025-W23,machine learning,65.7,linkedin_jobs
2025-W24,machine learning,72.1,linkedin_jobs
2025-W25,machine learning,64.7,linkedin_jobs
2025-W26,machine learning,68.8,linkedin_jobs
2025-W27,machine learning,70.8,linkedin_jobs
2025-W28,machine learning,71.5,linkedin_jobs
2025-W29,machine learning,70.2,linkedin_jobs
2025-W30,machine learning,75.0,linkedin_jobs
2025-W31,machine learning,68.1,linkedin_jobs
2025-W32,machine learning,67.7,linkedin_jobs
2025-W33,machine learning,69.1,linkedin_jobs
2025-W34,machine learning,70.9,linkedin_jobs
2025-W35,machine learning,69.5,linkedin_jobs
2025-W36,machine learning,74.9,linkedin_jobs
2025-W37,machine learning,69.1,linkedin_jobs
2025-W38,machine learning,71.0,linkedin_jobs
2025-W39,machine learning,66.5,linkedin_jobs
2025-W40,machine learning,68.4,linkedin_jobs
2025-W41,machine learning,69.2,linkedin_jobs
2025-W42,machine learning,72.5,linkedin_jobs
2025-W43,machine learning,73.9,linkedin_jobs
2025-W44,machine learning,73.6,linkedin_jobs
2025-W45,machine learning,80.9,linkedin_jobs
2025-W46,machine learning,73.1,linkedin_jobs
2025-W47,machine learning,69.7,linkedin_jobs
2025-W48,machine learning,71.0,linkedin_jobs
2025-W49,machine learning,73.9,linkedin_jobs
2025-W50,machine learning,73.2,linkedin_jobs
2025-W51,machine learning,75.4,linkedin_jobs
2025-W52,machine learning,73.2,linkedin_jobs
2026-W01,machine learning,74.7,linkedin_jobs
2026-W02,machine learning,73.7,linkedin_jobs
2026-W03,machine learning,70.5,linkedin_jobs
2026-W04,machine learning,78.9,linkedin_jobs
2026-W05,machine learning,81.8,linkedin_jobs
2026-W06,machine learning,77.0,linkedin_jobs
2026-W07,machine learning,74.4,linkedin_jobs
2026-W08,machine learning,69.4,linkedin_jobs
2026-W09,machine learning,81.6,linkedin_jobs
2026-W10,machine learning,80.9,linkedin_jobs
2026-W11,machine learning,79.1,linkedin_jobs
2026-W12,machine learning,80.4,linkedin_jobs
2026-W13,machine learning,82.5,linkedin_jobs
2026-W14,machine learning,77.4,linkedin_jobs
2026-W15,machine learning,78.6,linkedin_jobs
2026-W16,machine learning,71.1,linkedin_jobs
2026-W17,machine learning,76.5,linkedin_jobs
2026-W18,machine learning,74.2,linkedin_jobs
2026-W19,machine learning,82.3,linkedin_jobs
2026-W20,machine learning,76.7,linkedin_jobs
2026-W21,machine learning,75.3,linkedin_jobs
2026-W22,machine learning,82.7,linkedin_jobs
2026-W23,machine learning,85.4,linkedin_jobs
2026-W24,machine learning,85.1,linkedin_jobs
2026-W25,machine learning,81.9,linkedin_jobs
2024-W01,deep learning,39.3,linkedin_jobs
2024-W02,deep learning,33.7,linkedin_jobs
2024-W03,deep learning,32.9,linkedin_jobs
2024-W04,deep learning,31.7,linkedin_jobs
2024-W05,deep learning,33.0,linkedin_jobs
2024-W06,deep learning,36.0,linkedin_jobs
2024-W07,deep learning,30.8,linkedin_jobs
2024-W08,deep learning,38.4,linkedin_jobs
2024-W09,deep learning,29.4,linkedin_jobs
2024-W10,deep learning,36.9,linkedin_jobs
2024-W11,deep learning,39.5,linkedin_jobs
2024-W12,deep learning,35.8,linkedin_jobs
2024-W13,deep learning,31.7,linkedin_jobs
2024-W14,deep learning,34.9,linkedin_jobs
2024-W15,deep learning,38.6,linkedin_jobs
2024-W16,deep learning,32.3,linkedin_jobs
2024-W17,deep learning,38.3,linkedin_jobs
2024-W18,deep learning,38.3,linkedin_jobs
2024-W19,deep learning,40.0,linkedin_jobs
2024-W20,deep learning,34.8,linkedin_jobs
2024-W21,deep learning,29.3,linkedin_jobs
2024-W22,deep learning,39.9,linkedin_jobs
2024-W23,deep learning,31.8,linkedin_jobs
2024-W24,deep learning,35.7,linkedin_jobs
2024-W25,deep learning,38.0,linkedin_jobs
2024-W26,deep learning,33.3,linkedin_jobs
2024-W27,deep learning,40.1,linkedin_jobs
2024-W28,deep learning,39.7,linkedin_jobs
2024-W29,deep learning,36.9,linkedin_jobs
2024-W30,deep learning,34.0,linkedin_jobs
2024-W31,deep learning,33.3,linkedin_jobs
2024-W32,deep learning,39.1,linkedin_jobs
2024-W33,deep learning,40.9,linkedin_jobs
2024-W34,deep learning,35.7,linkedin_jobs
2024-W35,deep learning,32.7,linkedin_jobs
2024-W36,deep learning,38.7,linkedin_jobs
2024-W37,deep learning,35.4,linkedin_jobs
2024-W38,deep learning,38.7,linkedin_jobs
2024-W39,deep learning,31.4,linkedin_jobs
2024-W40,deep learning,42.0,linkedin_jobs
2024-W41,deep learning,36.6,linkedin_jobs
2024-W42,deep learning,41.9,linkedin_jobs
2024-W43,deep learning,35.2,linkedin_jobs
2024-W44,deep learning,42.5,linkedin_jobs
2024-W45,deep learning,42.3,linkedin_jobs
2024-W46,deep learning,41.0,linkedin_jobs
2024-W47,deep learning,41.3,linkedin_jobs
2024-W48,deep learning,43.1,linkedin_jobs
2024-W49,deep learning,41.5,linkedin_jobs
2024-W50,deep learning,40.5,linkedin_jobs
2024-W51,deep learning,39.0,linkedin_jobs
2024-W52,deep learning,46.3,linkedin_jobs
2024-W53,deep learning,40.8,linkedin_jobs
2025-W01,deep learning,37.2,linkedin_jobs
2025-W02,deep learning,41.7,linkedin_jobs
2025-W03,deep learning,39.6,linkedin_jobs
2025-W04,deep learning,43.7,linkedin_jobs
2025-W05,deep learning,40.0,linkedin_jobs
2025-W06,deep learning,39.4,linkedin_jobs
2025-W07,deep learning,42.7,linkedin_jobs
2025-W08,deep learning,42.7,linkedin_jobs
2025-W09,deep learning,42.5,linkedin_jobs
2025-W10,deep learning,40.8,linkedin_jobs
2025-W11,deep learning,45.9,linkedin_jobs
2025-W12,deep learning,49.4,linkedin_jobs
2025-W13,deep learning,42.3,linkedin_jobs
2025-W14,deep learning,46.3,linkedin_jobs
2025-W15,deep learning,41.5,linkedin_jobs
2025-W16,deep learning,45.1,linkedin_jobs
2025-W17,deep learning,49.2,linkedin_jobs
2025-W18,deep learning,41.1,linkedin_jobs
2025-W19,deep learning,43.0,linkedin_jobs
2025-W20,deep learning,44.9,linkedin_jobs
2025-W21,deep learning,48.4,linkedin_jobs
2025-W22,deep learning,46.7,linkedin_jobs
2025-W23,deep learning,46.1,linkedin_jobs
2025-W24,deep learning,47.4,linkedin_jobs
2025-W25,deep learning,49.4,linkedin_jobs
2025-W26,deep learning,47.7,linkedin_jobs
2025-W27,deep learning,48.8,linkedin_jobs
2025-W28,deep learning,51.9,linkedin_jobs
2025-W29,deep learning,48.7,linkedin_jobs
2025-W30,deep learning,46.4,linkedin_jobs
2025-W31,deep learning,50.0,linkedin_jobs
2025-W32,deep learning,46.8,linkedin_jobs
2025-W33,deep learning,47.4,linkedin_jobs
2025-W34,deep learning,50.1,linkedin_jobs
2025-W35,deep learning,46.3,linkedin_jobs
2025-W36,deep learning,46.0,linkedin_jobs
2025-W37,deep learning,54.1,linkedin_jobs
2025-W38,deep learning,49.7,linkedin_jobs
2025-W39,deep learning,54.0,linkedin_jobs
2025-W40,deep learning,48.4,linkedin_jobs
2025-W41,deep learning,47.0,linkedin_jobs
2025-W42,deep learning,52.4,linkedin_jobs
2025-W43,deep learning,54.8,linkedin_jobs
2025-W44,deep learning,47.0,linkedin_jobs
2025-W45,deep learning,53.2,linkedin_jobs
2025-W46,deep learning,50.2,linkedin_jobs
2025-W47,deep learning,53.8,linkedin_jobs
2025-W48,deep learning,54.9,linkedin_jobs
2025-W49,deep learning,51.6,linkedin_jobs
2025-W50,deep learning,49.8,linkedin_jobs
2025-W51,deep learning,46.9,linkedin_jobs
2025-W52,deep learning,45.5,linkedin_jobs
2026-W01,deep learning,53.1,linkedin_jobs
2026-W02,deep learning,53.0,linkedin_jobs
2026-W03,deep learning,55.6,linkedin_jobs
2026-W04,deep learning,45.2,linkedin_jobs
2026-W05,deep learning,53.2,linkedin_jobs
2026-W06,deep learning,47.5,linkedin_jobs
2026-W07,deep learning,54.7,linkedin_jobs
2026-W08,deep learning,51.8,linkedin_jobs
2026-W09,deep learning,55.8,linkedin_jobs
2026-W10,deep learning,55.7,linkedin_jobs
2026-W11,deep learning,51.6,linkedin_jobs
2026-W12,deep learning,52.0,linkedin_jobs
2026-W13,deep learning,53.7,linkedin_jobs
2026-W14,deep learning,51.5,linkedin_jobs
2026-W15,deep learning,53.6,linkedin_jobs
2026-W16,deep learning,55.0,linkedin_jobs
2026-W17,deep learning,54.9,linkedin_jobs
2026-W18,deep learning,57.2,linkedin_jobs
2026-W19,deep learning,60.7,linkedin_jobs
2026-W20,deep learning,55.3,linkedin_jobs
2026-W21,deep learning,56.9,linkedin_jobs
2026-W22,deep learning,52.7,linkedin_jobs
2026-W23,deep learning,57.2,linkedin_jobs
2026-W24,deep learning,54.5,linkedin_jobs
2026-W25,deep learning,52.2,linkedin_jobs
2024-W01,data science,50.0,linkedin_jobs
2024-W02,data science,40.3,linkedin_jobs
2024-W03,data science,45.2,linkedin_jobs
2024-W04,data science,44.5,linkedin_jobs
2024-W05,data science,46.0,linkedin_jobs
2024-W06,data science,41.6,linkedin_jobs
2024-W07,data science,45.3,linkedin_jobs
2024-W08,data science,46.2,linkedin_jobs
2024-W09,data science,47.9,linkedin_jobs
2024-W10,data science,43.5,linkedin_jobs
2024-W11,data science,53.9,linkedin_jobs
2024-W12,data science,51.0,linkedin_jobs
2024-W13,data science,48.9,linkedin_jobs
2024-W14,data science,47.5,linkedin_jobs
2024-W15,data science,46.4,linkedin_jobs
2024-W16,data science,49.9,linkedin_jobs
2024-W17,data science,50.8,linkedin_jobs
2024-W18,data science,46.3,linkedin_jobs
2024-W19,data science,51.0,linkedin_jobs
2024-W20,data science,46.3,linkedin_jobs
2024-W21,data science,46.5,linkedin_jobs
2024-W22,data science,45.6,linkedin_jobs
2024-W23,data science,44.2,linkedin_jobs
2024-W24,data science,42.8,linkedin_jobs
2024-W25,data science,49.3,linkedin_jobs
2024-W26,data science,51.7,linkedin_jobs
2024-W27,data science,50.6,linkedin_jobs
2024-W28,data science,46.8,linkedin_jobs
2024-W29,data science,55.8,linkedin_jobs
2024-W30,data science,45.5,linkedin_jobs
2024-W31,data science,50.0,linkedin_jobs
2024-W32,data science,50.1,linkedin_jobs
2024-W33,data science,44.5,linkedin_jobs
2024-W34,data science,44.8,linkedin_jobs
2024-W35,data science,52.4,linkedin_jobs
2024-W36,data science,47.5,linkedin_jobs
2024-W37,data science,55.0,linkedin_jobs
2024-W38,data science,49.5,linkedin_jobs
2024-W39,data science,49.1,linkedin_jobs
2024-W40,data science,42.5,linkedin_jobs
2024-W41,data science,46.5,linkedin_jobs
2024-W42,data science,50.2,linkedin_jobs
2024-W43,data science,51.9,linkedin_jobs
2024-W44,data science,47.7,linkedin_jobs
2024-W45,data science,43.4,linkedin_jobs
2024-W46,data science,50.8,linkedin_jobs
2024-W47,data science,44.3,linkedin_jobs
2024-W48,data science,47.2,linkedin_jobs
2024-W49,data science,44.9,linkedin_jobs
2024-W50,data science,52.1,linkedin_jobs
2024-W51,data science,60.3,linkedin_jobs
2024-W52,data science,54.7,linkedin_jobs
2024-W53,data science,49.9,linkedin_jobs
2025-W01,data science,51.9,linkedin_jobs
2025-W02,data science,51.4,linkedin_jobs
2025-W03,data science,56.7,linkedin_jobs
2025-W04,data science,49.7,linkedin_jobs
2025-W05,data science,56.9,linkedin_jobs
2025-W06,data science,53.6,linkedin_jobs
2025-W07,data science,53.1,linkedin_jobs
2025-W08,data science,51.4,linkedin_jobs
2025-W09,data science,49.1,linkedin_jobs
2025-W10,data science,54.3,linkedin_jobs
2025-W11,data science,53.8,linkedin_jobs
2025-W12,data science,56.3,linkedin_jobs
2025-W13,data science,55.6,linkedin_jobs
2025-W14,data science,52.7,linkedin_jobs
2025-W15,data science,56.6,linkedin_jobs
2025-W16,data science,52.9,linkedin_jobs
2025-W17,data science,56.5,linkedin_jobs
2025-W18,data science,52.0,linkedin_jobs
2025-W19,data science,55.2,linkedin_jobs
2025-W20,data science,60.9,linkedin_jobs
2025-W21,data science,51.7,linkedin_jobs
2025-W22,data science,51.0,linkedin_jobs
2025-W23,data science,50.4,linkedin_jobs
2025-W24,data science,57.0,linkedin_jobs
2025-W25,data science,53.4,linkedin_jobs
2025-W26,data science,52.2,linkedin_jobs
2025-W27,data science,57.8,linkedin_jobs
2025-W28,data science,59.4,linkedin_jobs
2025-W29,data science,55.7,linkedin_jobs
2025-W30,data science,57.7,linkedin_jobs
2025-W31,data science,57.7,linkedin_jobs
2025-W32,data science,53.9,linkedin_jobs
2025-W33,data science,57.7,linkedin_jobs
2025-W34,data science,51.8,linkedin_jobs
2025-W35,data science,56.7,linkedin_jobs
2025-W36,data science,51.8,linkedin_jobs
2025-W37,data science,56.2,linkedin_jobs
2025-W38,data science,56.6,linkedin_jobs
2025-W39,data science,60.8,linkedin_jobs
2025-W40,data science,54.7,linkedin_jobs
2025-W41,data science,60.5,linkedin_jobs
2025-W42,data science,60.3,linkedin_jobs
2025-W43,data science,54.5,linkedin_jobs
2025-W44,data science,57.0,linkedin_jobs
2025-W45,data science,61.9,linkedin_jobs
2025-W46,data science,62.3,linkedin_jobs
2025-W47,data science,60.1,linkedin_jobs
2025-W48,data science,57.4,linkedin_jobs
2025-W49,data science,58.6,linkedin_jobs
2025-W50,data science,54.1,linkedin_jobs
2025-W51,data science,63.4,linkedin_jobs
2025-W52,data science,55.3,linkedin_jobs
2026-W01,data science,52.4,linkedin_jobs
2026-W02,data science,54.9,linkedin_jobs
2026-W03,data science,58.4,linkedin_jobs
2026-W04,data science,53.6,linkedin_jobs
2026-W05,data science,62.4,linkedin_jobs
2026-W06,data science,57.5,linkedin_jobs
2026-W07,data science,58.9,linkedin_jobs
2026-W08,data science,60.6,linkedin_jobs
2026-W09,data science,60.7,linkedin_jobs
2026-W10,data science,56.5,linkedin_jobs
2026-W11,data science,62.1,linkedin_jobs
2026-W12,data science,55.5,linkedin_jobs
2026-W13,data science,58.7,linkedin_jobs
2026-W14,data science,62.2,linkedin_jobs
2026-W15,data science,55.1,linkedin_jobs
2026-W16,data science,61.4,linkedin_jobs
2026-W17,data science,66.0,linkedin_jobs
2026-W18,data science,56.9,linkedin_jobs
2026-W19,data science,58.1,linkedin_jobs
2026-W20,data science,55.8,linkedin_jobs
2026-W21,data science,63.4,linkedin_jobs
2026-W22,data science,61.7,linkedin_jobs
2026-W23,data science,64.0,linkedin_jobs
2026-W24,data science,62.1,linkedin_jobs
2026-W25,data science,60.0,linkedin_jobs
2024-W01,data engineering,32.2,linkedin_jobs
2024-W02,data engineering,33.8,linkedin_jobs
2024-W03,data engineering,33.2,linkedin_jobs
2024-W04,data engineering,30.3,linkedin_jobs
2024-W05,data engineering,35.1,linkedin_jobs
2024-W06,data engineering,33.1,linkedin_jobs
2024-W07,data engineering,35.4,linkedin_jobs
2024-W08,data engineering,34.0,linkedin_jobs
2024-W09,data engineering,29.1,linkedin_jobs
2024-W10,data engineering,36.2,linkedin_jobs
2024-W11,data engineering,31.2,linkedin_jobs
2024-W12,data engineering,36.4,linkedin_jobs
2024-W13,data engineering,31.5,linkedin_jobs
2024-W14,data engineering,37.9,linkedin_jobs
2024-W15,data engineering,37.8,linkedin_jobs
2024-W16,data engineering,26.3,linkedin_jobs
2024-W17,data engineering,34.5,linkedin_jobs
2024-W18,data engineering,37.2,linkedin_jobs
2024-W19,data engineering,39.9,linkedin_jobs
2024-W20,data engineering,28.6,linkedin_jobs
2024-W21,data engineering,37.8,linkedin_jobs
2024-W22,data engineering,30.6,linkedin_jobs
2024-W23,data engineering,31.2,linkedin_jobs
2024-W24,data engineering,39.1,linkedin_jobs
2024-W25,data engineering,39.2,linkedin_jobs
2024-W26,data engineering,30.4,linkedin_jobs
2024-W27,data engineering,41.0,linkedin_jobs
2024-W28,data engineering,39.2,linkedin_jobs
2024-W29,data engineering,30.7,linkedin_jobs
2024-W30,data engineering,34.1,linkedin_jobs
2024-W31,data engineering,35.0,linkedin_jobs
2024-W32,data engineering,40.2,linkedin_jobs
2024-W33,data engineering,36.2,linkedin_jobs
2024-W34,data engineering,35.3,linkedin_jobs
2024-W35,data engineering,33.4,linkedin_jobs
2024-W36,data engineering,32.4,linkedin_jobs
2024-W37,data engineering,44.3,linkedin_jobs
2024-W38,data engineering,36.1,linkedin_jobs
2024-W39,data engineering,37.4,linkedin_jobs
2024-W40,data engineering,37.3,linkedin_jobs
2024-W41,data engineering,36.0,linkedin_jobs
2024-W42,data engineering,36.6,linkedin_jobs
2024-W43,data engineering,36.1,linkedin_jobs
2024-W44,data engineering,42.2,linkedin_jobs
2024-W45,data engineering,37.7,linkedin_jobs
2024-W46,data engineering,36.2,linkedin_jobs
2024-W47,data engineering,41.8,linkedin_jobs
2024-W48,data engineering,42.3,linkedin_jobs
2024-W49,data engineering,45.5,linkedin_jobs
2024-W50,data engineering,35.8,linkedin_jobs
2024-W51,data engineering,35.8,linkedin_jobs
2024-W52,data engineering,38.3,linkedin_jobs
2024-W53,data engineering,40.9,linkedin_jobs
2025-W01,data engineering,39.5,linkedin_jobs
2025-W02,data engineering,37.5,linkedin_jobs
2025-W03,data engineering,38.8,linkedin_jobs
2025-W04,data engineering,37.7,linkedin_jobs
2025-W05,data engineering,37.6,linkedin_jobs
2025-W06,data engineering,45.5,linkedin_jobs
2025-W07,data engineering,37.7,linkedin_jobs
2025-W08,data engineering,44.8,linkedin_jobs
2025-W09,data engineering,41.8,linkedin_jobs
2025-W10,data engineering,36.4,linkedin_jobs
2025-W11,data engineering,43.9,linkedin_jobs
2025-W12,data engineering,41.2,linkedin_jobs
2025-W13,data engineering,43.4,linkedin_jobs
2025-W14,data engineering,39.5,linkedin_jobs
2025-W15,data engineering,41.2,linkedin_jobs
2025-W16,data engineering,45.4,linkedin_jobs
2025-W17,data engineering,39.4,linkedin_jobs
2025-W18,data engineering,40.5,linkedin_jobs
2025-W19,data engineering,46.2,linkedin_jobs
2025-W20,data engineering,45.2,linkedin_jobs
2025-W21,data engineering,40.7,linkedin_jobs
2025-W22,data engineering,43.0,linkedin_jobs
2025-W23,data engineering,40.2,linkedin_jobs
2025-W24,data engineering,36.7,linkedin_jobs
2025-W25,data engineering,46.2,linkedin_jobs
2025-W26,data engineering,40.2,linkedin_jobs
2025-W27,data engineering,45.9,linkedin_jobs
2025-W28,data engineering,46.7,linkedin_jobs
2025-W29,data engineering,45.6,linkedin_jobs
2025-W30,data engineering,43.1,linkedin_jobs
2025-W31,data engineering,43.9,linkedin_jobs
2025-W32,data engineering,44.6,linkedin_jobs
2025-W33,data engineering,44.1,linkedin_jobs
2025-W34,data engineering,39.8,linkedin_jobs
2025-W35,data engineering,45.2,linkedin_jobs
2025-W36,data engineering,46.5,linkedin_jobs
2025-W37,data engineering,46.7,linkedin_jobs
2025-W38,data engineering,42.2,linkedin_jobs
2025-W39,data engineering,46.7,linkedin_jobs
2025-W40,data engineering,44.7,linkedin_jobs
2025-W41,data engineering,44.2,linkedin_jobs
2025-W42,data engineering,43.1,linkedin_jobs
2025-W43,data engineering,38.9,linkedin_jobs
2025-W44,data engineering,43.8,linkedin_jobs
2025-W45,data engineering,46.4,linkedin_jobs
2025-W46,data engineering,42.6,linkedin_jobs
2025-W47,data engineering,47.3,linkedin_jobs
2025-W48,data engineering,48.0,linkedin_jobs
2025-W49,data engineering,40.9,linkedin_jobs
2025-W50,data engineering,47.5,linkedin_jobs
2025-W51,data engineering,40.5,linkedin_jobs
2025-W52,data engineering,48.2,linkedin_jobs
2026-W01,data engineering,43.1,linkedin_jobs
2026-W02,data engineering,52.7,linkedin_jobs
2026-W03,data engineering,45.0,linkedin_jobs
2026-W04,data engineering,45.9,linkedin_jobs
2026-W05,data engineering,51.7,linkedin_jobs
2026-W06,data engineering,46.7,linkedin_jobs
2026-W07,data engineering,46.0,linkedin_jobs
2026-W08,data engineering,45.5,linkedin_jobs
2026-W09,data engineering,49.6,linkedin_jobs
2026-W10,data engineering,45.8,linkedin_jobs
2026-W11,data engineering,51.5,linkedin_jobs
2026-W12,data engineering,49.5,linkedin_jobs
2026-W13,data engineering,52.1,linkedin_jobs
2026-W14,data engineering,50.3,linkedin_jobs
2026-W15,data engineering,50.9,linkedin_jobs
2026-W16,data engineering,51.0,linkedin_jobs
2026-W17,data engineering,45.4,linkedin_jobs
2026-W18,data engineering,47.1,linkedin_jobs
2026-W19,data engineering,49.9,linkedin_jobs
2026-W20,data engineering,49.9,linkedin_jobs
2026-W21,data engineering,50.5,linkedin_jobs
2026-W22,data engineering,52.9,linkedin_jobs
2026-W23,data engineering,49.4,linkedin_jobs
2026-W24,data engineering,53.3,linkedin_jobs
2026-W25,data engineering,50.1,linkedin_jobs
2024-W01,tensorflow,33.7,linkedin_jobs
2024-W02,tensorflow,30.0,linkedin_jobs
2024-W03,tensorflow,33.5,linkedin_jobs
2024-W04,tensorflow,27.4,linkedin_jobs
2024-W05,tensorflow,32.5,linkedin_jobs
2024-W06,tensorflow,23.4,linkedin_jobs
2024-W07,tensorflow,30.0,linkedin_jobs
2024-W08,tensorflow,31.3,linkedin_jobs
2024-W09,tensorflow,34.7,linkedin_jobs
2024-W10,tensorflow,29.1,linkedin_jobs
2024-W11,tensorflow,33.3,linkedin_jobs
2024-W12,tensorflow,25.2,linkedin_jobs
2024-W13,tensorflow,32.3,linkedin_jobs
2024-W14,tensorflow,24.2,linkedin_jobs
2024-W15,tensorflow,25.6,linkedin_jobs
2024-W16,tensorflow,28.0,linkedin_jobs
2024-W17,tensorflow,27.9,linkedin_jobs
2024-W18,tensorflow,25.4,linkedin_jobs
2024-W19,tensorflow,29.2,linkedin_jobs
2024-W20,tensorflow,30.1,linkedin_jobs
2024-W21,tensorflow,31.8,linkedin_jobs
2024-W22,tensorflow,24.0,linkedin_jobs
2024-W23,tensorflow,28.0,linkedin_jobs
2024-W24,tensorflow,29.1,linkedin_jobs
2024-W25,tensorflow,32.0,linkedin_jobs
2024-W26,tensorflow,29.4,linkedin_jobs
2024-W27,tensorflow,30.8,linkedin_jobs
2024-W28,tensorflow,22.2,linkedin_jobs
2024-W29,tensorflow,28.6,linkedin_jobs
2024-W30,tensorflow,28.2,linkedin_jobs
2024-W31,tensorflow,28.1,linkedin_jobs
2024-W32,tensorflow,27.2,linkedin_jobs
2024-W33,tensorflow,31.3,linkedin_jobs
2024-W34,tensorflow,24.2,linkedin_jobs
2024-W35,tensorflow,28.4,linkedin_jobs
2024-W36,tensorflow,33.4,linkedin_jobs
2024-W37,tensorflow,25.0,linkedin_jobs
2024-W38,tensorflow,29.8,linkedin_jobs
2024-W39,tensorflow,32.1,linkedin_jobs
2024-W40,tensorflow,27.5,linkedin_jobs
2024-W41,tensorflow,28.9,linkedin_jobs
2024-W42,tensorflow,25.9,linkedin_jobs
2024-W43,tensorflow,28.2,linkedin_jobs
2024-W44,tensorflow,25.5,linkedin_jobs
2024-W45,tensorflow,31.4,linkedin_jobs
2024-W46,tensorflow,24.0,linkedin_jobs
2024-W47,tensorflow,27.7,linkedin_jobs
2024-W48,tensorflow,25.3,linkedin_jobs
2024-W49,tensorflow,27.5,linkedin_jobs
2024-W50,tensorflow,31.1,linkedin_jobs
2024-W51,tensorflow,28.7,linkedin_jobs
2024-W52,tensorflow,31.0,linkedin_jobs
2024-W53,tensorflow,24.2,linkedin_jobs
2025-W01,tensorflow,33.2,linkedin_jobs
2025-W02,tensorflow,26.2,linkedin_jobs
2025-W03,tensorflow,23.5,linkedin_jobs
2025-W04,tensorflow,26.5,linkedin_jobs
2025-W05,tensorflow,31.4,linkedin_jobs
2025-W06,tensorflow,26.7,linkedin_jobs
2025-W07,tensorflow,29.9,linkedin_jobs
2025-W08,tensorflow,26.4,linkedin_jobs
2025-W09,tensorflow,34.9,linkedin_jobs
2025-W10,tensorflow,25.8,linkedin_jobs
2025-W11,tensorflow,31.1,linkedin_jobs
2025-W12,tensorflow,29.7,linkedin_jobs
2025-W13,tensorflow,24.0,linkedin_jobs
2025-W14,tensorflow,32.9,linkedin_jobs
2025-W15,tensorflow,36.0,linkedin_jobs
2025-W16,tensorflow,31.7,linkedin_jobs
2025-W17,tensorflow,27.7,linkedin_jobs
2025-W18,tensorflow,32.6,linkedin_jobs
2025-W19,tensorflow,26.2,linkedin_jobs
2025-W20,tensorflow,26.2,linkedin_jobs
2025-W21,tensorflow,25.7,linkedin_jobs
2025-W22,tensorflow,33.9,linkedin_jobs
2025-W23,tensorflow,29.9,linkedin_jobs
2025-W24,tensorflow,23.6,linkedin_jobs
2025-W25,tensorflow,29.2,linkedin_jobs
2025-W26,tensorflow,30.6,linkedin_jobs
2025-W27,tensorflow,26.6,linkedin_jobs
2025-W28,tensorflow,30.7,linkedin_jobs
2025-W29,tensorflow,30.9,linkedin_jobs
2025-W30,tensorflow,27.6,linkedin_jobs
2025-W31,tensorflow,26.6,linkedin_jobs
2025-W32,tensorflow,28.9,linkedin_jobs
2025-W33,tensorflow,24.1,linkedin_jobs
2025-W34,tensorflow,28.0,linkedin_jobs
2025-W35,tensorflow,24.9,linkedin_jobs
2025-W36,tensorflow,31.5,linkedin_jobs
2025-W37,tensorflow,32.2,linkedin_jobs
2025-W38,tensorflow,27.9,linkedin_jobs
2025-W39,tensorflow,28.6,linkedin_jobs
2025-W40,tensorflow,25.4,linkedin_jobs
2025-W41,tensorflow,30.1,linkedin_jobs
2025-W42,tensorflow,28.2,linkedin_jobs
2025-W43,tensorflow,28.2,linkedin_jobs
2025-W44,tensorflow,26.5,linkedin_jobs
2025-W45,tensorflow,32.6,linkedin_jobs
2025-W46,tensorflow,26.1,linkedin_jobs
2025-W47,tensorflow,30.4,linkedin_jobs
2025-W48,tensorflow,31.5,linkedin_jobs
2025-W49,tensorflow,26.3,linkedin_jobs
2025-W50,tensorflow,26.2,linkedin_jobs
2025-W51,tensorflow,23.5,linkedin_jobs
2025-W52,tensorflow,27.9,linkedin_jobs
2026-W01,tensorflow,28.5,linkedin_jobs
2026-W02,tensorflow,22.2,linkedin_jobs
2026-W03,tensorflow,25.0,linkedin_jobs
2026-W04,tensorflow,23.6,linkedin_jobs
2026-W05,tensorflow,22.3,linkedin_jobs
2026-W06,tensorflow,26.8,linkedin_jobs
2026-W07,tensorflow,27.7,linkedin_jobs
2026-W08,tensorflow,31.8,linkedin_jobs
2026-W09,tensorflow,27.7,linkedin_jobs
2026-W10,tensorflow,24.8,linkedin_jobs
2026-W11,tensorflow,28.0,linkedin_jobs
2026-W12,tensorflow,27.5,linkedin_jobs
2026-W13,tensorflow,26.2,linkedin_jobs
2026-W14,tensorflow,26.8,linkedin_jobs
2026-W15,tensorflow,25.4,linkedin_jobs
2026-W16,tensorflow,28.0,linkedin_jobs
2026-W17,tensorflow,30.6,linkedin_jobs
2026-W18,tensorflow,29.2,linkedin_jobs
2026-W19,tensorflow,22.1,linkedin_jobs
2026-W20,tensorflow,24.1,linkedin_jobs
2026-W21,tensorflow,27.1,linkedin_jobs
2026-W22,tensorflow,29.9,linkedin_jobs
2026-W23,tensorflow,24.3,linkedin_jobs
2026-W24,tensorflow,27.9,linkedin_jobs
2026-W25,tensorflow,28.2,linkedin_jobs
2024-W01,pytorch,27.8,linkedin_jobs
2024-W02,pytorch,26.0,linkedin_jobs
2024-W03,pytorch,32.4,linkedin_jobs
2024-W04,pytorch,31.5,linkedin_jobs
2024-W05,pytorch,28.4,linkedin_jobs
2024-W06,pytorch,31.2,linkedin_jobs
2024-W07,pytorch,30.1,linkedin_jobs
2024-W08,pytorch,28.6,linkedin_jobs
2024-W09,pytorch,32.5,linkedin_jobs
2024-W10,pytorch,28.1,linkedin_jobs
2024-W11,pytorch,33.3,linkedin_jobs
2024-W12,pytorch,30.3,linkedin_jobs
2024-W13,pytorch,27.4,linkedin_jobs
2024-W14,pytorch,31.2,linkedin_jobs
2024-W15,pytorch,27.0,linkedin_jobs
2024-W16,pytorch,33.2,linkedin_jobs
2024-W17,pytorch,34.8,linkedin_jobs
2024-W18,pytorch,35.4,linkedin_jobs
2024-W19,pytorch,31.6,linkedin_jobs
2024-W20,pytorch,37.7,linkedin_jobs
2024-W21,pytorch,35.1,linkedin_jobs
2024-W22,pytorch,34.7,linkedin_jobs
2024-W23,pytorch,35.8,linkedin_jobs
2024-W24,pytorch,31.2,linkedin_jobs
2024-W25,pytorch,39.4,linkedin_jobs
2024-W26,pytorch,34.9,linkedin_jobs
2024-W27,pytorch,39.0,linkedin_jobs
2024-W28,pytorch,37.3,linkedin_jobs
2024-W29,pytorch,41.8,linkedin_jobs
2024-W30,pytorch,31.8,linkedin_jobs
2024-W31,pytorch,33.6,linkedin_jobs
2024-W32,pytorch,36.1,linkedin_jobs
2024-W33,pytorch,34.1,linkedin_jobs
2024-W34,pytorch,40.7,linkedin_jobs
2024-W35,pytorch,39.0,linkedin_jobs
2024-W36,pytorch,38.0,linkedin_jobs
2024-W37,pytorch,35.1,linkedin_jobs
2024-W38,pytorch,41.2,linkedin_jobs
2024-W39,pytorch,34.8,linkedin_jobs
2024-W40,pytorch,36.9,linkedin_jobs
2024-W41,pytorch,40.3,linkedin_jobs
2024-W42,pytorch,37.7,linkedin_jobs
2024-W43,pytorch,30.4,linkedin_jobs
2024-W44,pytorch,37.5,linkedin_jobs
2024-W45,pytorch,43.2,linkedin_jobs
2024-W46,pytorch,38.6,linkedin_jobs
2024-W47,pytorch,37.0,linkedin_jobs
2024-W48,pytorch,36.6,linkedin_jobs
2024-W49,pytorch,36.2,linkedin_jobs
2024-W50,pytorch,37.3,linkedin_jobs
2024-W51,pytorch,36.9,linkedin_jobs
2024-W52,pytorch,39.9,linkedin_jobs
2024-W53,pytorch,42.6,linkedin_jobs
2025-W01,pytorch,35.3,linkedin_jobs
2025-W02,pytorch,43.6,linkedin_jobs
2025-W03,pytorch,37.5,linkedin_jobs
2025-W04,pytorch,40.7,linkedin_jobs
2025-W05,pytorch,40.1,linkedin_jobs
2025-W06,pytorch,41.7,linkedin_jobs
2025-W07,pytorch,40.0,linkedin_jobs
2025-W08,pytorch,43.8,linkedin_jobs
2025-W09,pytorch,40.7,linkedin_jobs
2025-W10,pytorch,37.4,linkedin_jobs
2025-W11,pytorch,43.4,linkedin_jobs
2025-W12,pytorch,41.5,linkedin_jobs
2025-W13,pytorch,41.6,linkedin_jobs
2025-W14,pytorch,39.7,linkedin_jobs
2025-W15,pytorch,45.8,linkedin_jobs
2025-W16,pytorch,42.2,linkedin_jobs
2025-W17,pytorch,41.0,linkedin_jobs
2025-W18,pytorch,41.0,linkedin_jobs
2025-W19,pytorch,37.8,linkedin_jobs
2025-W20,pytorch,52.1,linkedin_jobs
2025-W21,pytorch,45.9,linkedin_jobs
2025-W22,pytorch,40.7,linkedin_jobs
2025-W23,pytorch,45.4,linkedin_jobs
2025-W24,pytorch,49.1,linkedin_jobs
2025-W25,pytorch,44.6,linkedin_jobs
2025-W26,pytorch,41.9,linkedin_jobs
2025-W27,pytorch,44.6,linkedin_jobs
2025-W28,pytorch,46.8,linkedin_jobs
2025-W29,pytorch,52.6,linkedin_jobs
2025-W30,pytorch,43.8,linkedin_jobs
2025-W31,pytorch,43.1,linkedin_jobs
2025-W32,pytorch,46.4,linkedin_jobs
2025-W33,pytorch,48.4,linkedin_jobs
2025-W34,pytorch,44.1,linkedin_jobs
2025-W35,pytorch,46.5,linkedin_jobs
2025-W36,pytorch,46.3,linkedin_jobs
2025-W37,pytorch,49.1,linkedin_jobs
2025-W38,pytorch,44.2,linkedin_jobs
2025-W39,pytorch,49.0,linkedin_jobs
2025-W40,pytorch,47.2,linkedin_jobs
2025-W41,pytorch,48.3,linkedin_jobs
2025-W42,pytorch,52.6,linkedin_jobs
2025-W43,pytorch,46.2,linkedin_jobs
2025-W44,pytorch,42.6,linkedin_jobs
2025-W45,pytorch,48.5,linkedin_jobs
2025-W46,pytorch,45.0,linkedin_jobs
2025-W47,pytorch,48.8,linkedin_jobs
2025-W48,pytorch,54.0,linkedin_jobs
2025-W49,pytorch,52.5,linkedin_jobs
2025-W50,pytorch,53.7,linkedin_jobs
2025-W51,pytorch,45.0,linkedin_jobs
2025-W52,pytorch,51.5,linkedin_jobs
2026-W01,pytorch,49.8,linkedin_jobs
2026-W02,pytorch,47.9,linkedin_jobs
2026-W03,pytorch,48.8,linkedin_jobs
2026-W04,pytorch,50.1,linkedin_jobs
2026-W05,pytorch,52.2,linkedin_jobs
2026-W06,pytorch,50.9,linkedin_jobs
2026-W07,pytorch,54.5,linkedin_jobs
2026-W08,pytorch,46.3,linkedin_jobs
2026-W09,pytorch,51.1,linkedin_jobs
2026-W10,pytorch,47.9,linkedin_jobs
2026-W11,pytorch,52.8,linkedin_jobs
2026-W12,pytorch,53.2,linkedin_jobs
2026-W13,pytorch,52.3,linkedin_jobs
2026-W14,pytorch,54.8,linkedin_jobs
2026-W15,pytorch,55.7,linkedin_jobs
2026-W16,pytorch,49.2,linkedin_jobs
2026-W17,pytorch,56.7,linkedin_jobs
2026-W18,pytorch,53.5,linkedin_jobs
2026-W19,pytorch,58.9,linkedin_jobs
2026-W20,pytorch,52.1,linkedin_jobs
2026-W21,pytorch,54.6,linkedin_jobs
2026-W22,pytorch,52.3,linkedin_jobs
2026-W23,pytorch,58.6,linkedin_jobs
2026-W24,pytorch,56.1,linkedin_jobs
2026-W25,pytorch,54.8,linkedin_jobs
2024-W01,scikit-learn,18.7,linkedin_jobs
2024-W02,scikit-learn,24.3,linkedin_jobs
2024-W03,scikit-learn,15.8,linkedin_jobs
2024-W04,scikit-learn,20.6,linkedin_jobs
2024-W05,scikit-learn,20.5,linkedin_jobs
2024-W06,scikit-learn,24.0,linkedin_jobs
2024-W07,scikit-learn,16.6,linkedin_jobs
2024-W08,scikit-learn,26.8,linkedin_jobs
2024-W09,scikit-learn,16.9,linkedin_jobs
2024-W10,scikit-learn,23.0,linkedin_jobs
2024-W11,scikit-learn,20.0,linkedin_jobs
2024-W12,scikit-learn,25.2,linkedin_jobs
2024-W13,scikit-learn,17.2,linkedin_jobs
2024-W14,scikit-learn,15.7,linkedin_jobs
2024-W15,scikit-learn,18.6,linkedin_jobs
2024-W16,scikit-learn,23.4,linkedin_jobs
2024-W17,scikit-learn,23.1,linkedin_jobs
2024-W18,scikit-learn,25.7,linkedin_jobs
2024-W19,scikit-learn,21.5,linkedin_jobs
2024-W20,scikit-learn,21.4,linkedin_jobs
2024-W21,scikit-learn,24.9,linkedin_jobs
2024-W22,scikit-learn,24.0,linkedin_jobs
2024-W23,scikit-learn,22.4,linkedin_jobs
2024-W24,scikit-learn,20.2,linkedin_jobs
2024-W25,scikit-learn,23.7,linkedin_jobs
2024-W26,scikit-learn,15.9,linkedin_jobs
2024-W27,scikit-learn,26.4,linkedin_jobs
2024-W28,scikit-learn,15.1,linkedin_jobs
2024-W29,scikit-learn,19.0,linkedin_jobs
2024-W30,scikit-learn,22.8,linkedin_jobs
2024-W31,scikit-learn,25.3,linkedin_jobs
2024-W32,scikit-learn,21.0,linkedin_jobs
2024-W33,scikit-learn,15.1,linkedin_jobs
2024-W34,scikit-learn,25.8,linkedin_jobs
2024-W35,scikit-learn,21.5,linkedin_jobs
2024-W36,scikit-learn,18.5,linkedin_jobs
2024-W37,scikit-learn,18.6,linkedin_jobs
2024-W38,scikit-learn,16.0,linkedin_jobs
2024-W39,scikit-learn,19.8,linkedin_jobs
2024-W40,scikit-learn,21.0,linkedin_jobs
2024-W41,scikit-learn,17.9,linkedin_jobs
2024-W42,scikit-learn,24.8,linkedin_jobs
2024-W43,scikit-learn,25.2,linkedin_jobs
2024-W44,scikit-learn,20.1,linkedin_jobs
2024-W45,scikit-learn,17.3,linkedin_jobs
2024-W46,scikit-learn,16.6,linkedin_jobs
2024-W47,scikit-learn,21.5,linkedin_jobs
2024-W48,scikit-learn,18.8,linkedin_jobs
2024-W49,scikit-learn,22.2,linkedin_jobs
2024-W50,scikit-learn,16.5,linkedin_jobs
2024-W51,scikit-learn,19.8,linkedin_jobs
2024-W52,scikit-learn,24.0,linkedin_jobs
2024-W53,scikit-learn,19.7,linkedin_jobs
2025-W01,scikit-learn,22.8,linkedin_jobs
2025-W02,scikit-learn,26.1,linkedin_jobs
2025-W03,scikit-learn,19.0,linkedin_jobs
2025-W04,scikit-learn,16.3,linkedin_jobs
2025-W05,scikit-learn,22.2,linkedin_jobs
2025-W06,scikit-learn,20.4,linkedin_jobs
2025-W07,scikit-learn,21.6,linkedin_jobs
2025-W08,scikit-learn,20.0,linkedin_jobs
2025-W09,scikit-learn,22.6,linkedin_jobs
2025-W10,scikit-learn,23.9,linkedin_jobs
2025-W11,scikit-learn,19.3,linkedin_jobs
2025-W12,scikit-learn,22.6,linkedin_jobs
2025-W13,scikit-learn,30.3,linkedin_jobs
2025-W14,scikit-learn,23.4,linkedin_jobs
2025-W15,scikit-learn,24.9,linkedin_jobs
2025-W16,scikit-learn,20.8,linkedin_jobs
2025-W17,scikit-learn,24.0,linkedin_jobs
2025-W18,scikit-learn,20.8,linkedin_jobs
2025-W19,scikit-learn,26.1,linkedin_jobs
2025-W20,scikit-learn,20.1,linkedin_jobs
2025-W21,scikit-learn,20.7,linkedin_jobs
2025-W22,scikit-learn,25.0,linkedin_jobs
2025-W23,scikit-learn,25.4,linkedin_jobs
2025-W24,scikit-learn,27.3,linkedin_jobs
2025-W25,scikit-learn,22.9,linkedin_jobs
2025-W26,scikit-learn,23.5,linkedin_jobs
2025-W27,scikit-learn,18.3,linkedin_jobs
2025-W28,scikit-learn,21.0,linkedin_jobs
2025-W29,scikit-learn,18.5,linkedin_jobs
2025-W30,scikit-learn,22.0,linkedin_jobs
2025-W31,scikit-learn,15.8,linkedin_jobs
2025-W32,scikit-learn,24.7,linkedin_jobs
2025-W33,scikit-learn,21.8,linkedin_jobs
2025-W34,scikit-learn,24.8,linkedin_jobs
2025-W35,scikit-learn,25.1,linkedin_jobs
2025-W36,scikit-learn,20.2,linkedin_jobs
2025-W37,scikit-learn,19.2,linkedin_jobs
2025-W38,scikit-learn,23.6,linkedin_jobs
2025-W39,scikit-learn,23.1,linkedin_jobs
2025-W40,scikit-learn,22.5,linkedin_jobs
2025-W41,scikit-learn,27.8,linkedin_jobs
2025-W42,scikit-learn,23.0,linkedin_jobs
2025-W43,scikit-learn,25.5,linkedin_jobs
2025-W44,scikit-learn,25.1,linkedin_jobs
2025-W45,scikit-learn,25.8,linkedin_jobs
2025-W46,scikit-learn,25.5,linkedin_jobs
2025-W47,scikit-learn,20.5,linkedin_jobs
2025-W48,scikit-learn,21.7,linkedin_jobs
2025-W49,scikit-learn,28.2,linkedin_jobs
2025-W50,scikit-learn,24.3,linkedin_jobs
2025-W51,scikit-learn,27.6,linkedin_jobs
2025-W52,scikit-learn,21.0,linkedin_jobs
2026-W01,scikit-learn,24.4,linkedin_jobs
2026-W02,scikit-learn,17.9,linkedin_jobs
2026-W03,scikit-learn,24.9,linkedin_jobs
2026-W04,scikit-learn,23.0,linkedin_jobs
2026-W05,scikit-learn,28.6,linkedin_jobs
2026-W06,scikit-learn,24.7,linkedin_jobs
2026-W07,scikit-learn,24.6,linkedin_jobs
2026-W08,scikit-learn,25.0,linkedin_jobs
2026-W09,scikit-learn,28.2,linkedin_jobs
2026-W10,scikit-learn,23.4,linkedin_jobs
2026-W11,scikit-learn,23.7,linkedin_jobs
2026-W12,scikit-learn,28.2,linkedin_jobs
2026-W13,scikit-learn,22.4,linkedin_jobs
2026-W14,scikit-learn,30.3,linkedin_jobs
2026-W15,scikit-learn,23.8,linkedin_jobs
2026-W16,scikit-learn,20.1,linkedin_jobs
2026-W17,scikit-learn,24.8,linkedin_jobs
2026-W18,scikit-learn,24.1,linkedin_jobs
2026-W19,scikit-learn,26.4,linkedin_jobs
2026-W20,scikit-learn,26.2,linkedin_jobs
2026-W21,scikit-learn,23.5,linkedin_jobs
2026-W22,scikit-learn,23.8,linkedin_jobs
2026-W23,scikit-learn,25.5,linkedin_jobs
2026-W24,scikit-learn,20.7,linkedin_jobs
2026-W25,scikit-learn,23.9,linkedin_jobs
2024-W01,llm,16.9,linkedin_jobs
2024-W02,llm,13.4,linkedin_jobs
2024-W03,llm,7.3,linkedin_jobs
2024-W04,llm,4.4,linkedin_jobs
2024-W05,llm,14.3,linkedin_jobs
2024-W06,llm,12.3,linkedin_jobs
2024-W07,llm,4.7,linkedin_jobs
2024-W08,llm,10.5,linkedin_jobs
2024-W09,llm,14.9,linkedin_jobs
2024-W10,llm,9.7,linkedin_jobs
2024-W11,llm,8.9,linkedin_jobs
2024-W12,llm,6.6,linkedin_jobs
2024-W13,llm,6.0,linkedin_jobs
2024-W14,llm,10.0,linkedin_jobs
2024-W15,llm,14.0,linkedin_jobs
2024-W16,llm,8.9,linkedin_jobs
2024-W17,llm,12.4,linkedin_jobs
2024-W18,llm,9.0,linkedin_jobs
2024-W19,llm,12.8,linkedin_jobs
2024-W20,llm,7.5,linkedin_jobs
2024-W21,llm,7.6,linkedin_jobs
2024-W22,llm,10.6,linkedin_jobs
2024-W23,llm,14.4,linkedin_jobs
2024-W24,llm,8.0,linkedin_jobs
2024-W25,llm,9.5,linkedin_jobs
2024-W26,llm,11.1,linkedin_jobs
2024-W27,llm,13.1,linkedin_jobs
2024-W28,llm,14.0,linkedin_jobs
2024-W29,llm,11.0,linkedin_jobs
2024-W30,llm,11.8,linkedin_jobs
2024-W31,llm,15.1,linkedin_jobs
2024-W32,llm,16.4,linkedin_jobs
2024-W33,llm,7.3,linkedin_jobs
2024-W34,llm,15.6,linkedin_jobs
2024-W35,llm,16.8,linkedin_jobs
2024-W36,llm,16.8,linkedin_jobs
2024-W37,llm,14.6,linkedin_jobs
2024-W38,llm,11.2,linkedin_jobs
2024-W39,llm,14.7,linkedin_jobs
2024-W40,llm,18.0,linkedin_jobs
2024-W41,llm,15.4,linkedin_jobs
2024-W42,llm,20.7,linkedin_jobs
2024-W43,llm,28.4,linkedin_jobs
2024-W44,llm,25.3,linkedin_jobs
2024-W45,llm,24.2,linkedin_jobs
2024-W46,llm,21.7,linkedin_jobs
2024-W47,llm,24.2,linkedin_jobs
2024-W48,llm,22.9,linkedin_jobs
2024-W49,llm,29.0,linkedin_jobs
2024-W50,llm,29.2,linkedin_jobs
2024-W51,llm,34.9,linkedin_jobs
2024-W52,llm,32.2,linkedin_jobs
2024-W53,llm,40.5,linkedin_jobs
2025-W01,llm,41.0,linkedin_jobs
2025-W02,llm,43.6,linkedin_jobs
2025-W03,llm,41.9,linkedin_jobs
2025-W04,llm,47.2,linkedin_jobs
2025-W05,llm,46.5,linkedin_jobs
2025-W06,llm,47.7,linkedin_jobs
2025-W07,llm,54.1,linkedin_jobs
2025-W08,llm,56.3,linkedin_jobs
2025-W09,llm,56.6,linkedin_jobs
2025-W10,llm,60.5,linkedin_jobs
2025-W11,llm,61.4,linkedin_jobs
2025-W12,llm,66.3,linkedin_jobs
2025-W13,llm,66.7,linkedin_jobs
2025-W14,llm,72.9,linkedin_jobs
2025-W15,llm,72.5,linkedin_jobs
2025-W16,llm,76.6,linkedin_jobs
2025-W17,llm,70.8,linkedin_jobs
2025-W18,llm,76.3,linkedin_jobs
2025-W19,llm,84.3,linkedin_jobs
2025-W20,llm,75.5,linkedin_jobs
2025-W21,llm,77.9,linkedin_jobs
2025-W22,llm,82.4,linkedin_jobs
2025-W23,llm,81.9,linkedin_jobs
2025-W24,llm,83.7,linkedin_jobs
2025-W25,llm,85.9,linkedin_jobs
2025-W26,llm,88.7,linkedin_jobs
2025-W27,llm,85.2,linkedin_jobs
2025-W28,llm,83.5,linkedin_jobs
2025-W29,llm,94.6,linkedin_jobs
2025-W30,llm,85.4,linkedin_jobs
2025-W31,llm,92.9,linkedin_jobs
2025-W32,llm,85.6,linkedin_jobs
2025-W33,llm,86.3,linkedin_jobs
2025-W34,llm,94.6,linkedin_jobs
2025-W35,llm,93.9,linkedin_jobs
2025-W36,llm,94.6,linkedin_jobs
2025-W37,llm,94.7,linkedin_jobs
2025-W38,llm,94.5,linkedin_jobs
2025-W39,llm,96.0,linkedin_jobs
2025-W40,llm,89.4,linkedin_jobs
2025-W41,llm,99.0,linkedin_jobs
2025-W42,llm,97.1,linkedin_jobs
2025-W43,llm,92.3,linkedin_jobs
2025-W44,llm,99.3,linkedin_jobs
2025-W45,llm,96.0,linkedin_jobs
2025-W46,llm,92.3,linkedin_jobs
2025-W47,llm,87.6,linkedin_jobs
2025-W48,llm,90.3,linkedin_jobs
2025-W49,llm,98.9,linkedin_jobs
2025-W50,llm,95.7,linkedin_jobs
2025-W51,llm,93.4,linkedin_jobs
2025-W52,llm,90.9,linkedin_jobs
2026-W01,llm,96.2,linkedin_jobs
2026-W02,llm,93.3,linkedin_jobs
2026-W03,llm,92.9,linkedin_jobs
2026-W04,llm,92.2,linkedin_jobs
2026-W05,llm,98.0,linkedin_jobs
2026-W06,llm,96.0,linkedin_jobs
2026-W07,llm,93.8,linkedin_jobs
2026-W08,llm,93.2,linkedin_jobs
2026-W09,llm,97.6,linkedin_jobs
2026-W10,llm,91.2,linkedin_jobs
2026-W11,llm,96.8,linkedin_jobs
2026-W12,llm,91.1,linkedin_jobs
2026-W13,llm,96.6,linkedin_jobs
2026-W14,llm,96.1,linkedin_jobs
2026-W15,llm,95.1,linkedin_jobs
2026-W16,llm,91.8,linkedin_jobs
2026-W17,llm,92.8,linkedin_jobs
2026-W18,llm,95.7,linkedin_jobs
2026-W19,llm,90.9,linkedin_jobs
2026-W20,llm,95.8,linkedin_jobs
2026-W21,llm,96.2,linkedin_jobs
2026-W22,llm,90.0,linkedin_jobs
2026-W23,llm,97.2,linkedin_jobs
2026-W24,llm,94.3,linkedin_jobs
2026-W25,llm,94.7,linkedin_jobs
2024-W01,langchain,12.6,linkedin_jobs
2024-W02,langchain,7.9,linkedin_jobs
2024-W03,langchain,6.8,linkedin_jobs
2024-W04,langchain,10.5,linkedin_jobs
2024-W05,langchain,2.0,linkedin_jobs
2024-W06,langchain,8.3,linkedin_jobs
2024-W07,langchain,10.2,linkedin_jobs
2024-W08,langchain,6.0,linkedin_jobs
2024-W09,langchain,2.5,linkedin_jobs
2024-W10,langchain,5.0,linkedin_jobs
2024-W11,langchain,5.5,linkedin_jobs
2024-W12,langchain,8.0,linkedin_jobs
2024-W13,langchain,4.7,linkedin_jobs
2024-W14,langchain,8.3,linkedin_jobs
2024-W15,langchain,2.0,linkedin_jobs
2024-W16,langchain,5.8,linkedin_jobs
2024-W17,langchain,2.2,linkedin_jobs
2024-W18,langchain,7.0,linkedin_jobs
2024-W19,langchain,7.6,linkedin_jobs
2024-W20,langchain,2.9,linkedin_jobs
2024-W21,langchain,8.2,linkedin_jobs
2024-W22,langchain,5.6,linkedin_jobs
2024-W23,langchain,2.7,linkedin_jobs
2024-W24,langchain,9.9,linkedin_jobs
2024-W25,langchain,6.2,linkedin_jobs
2024-W26,langchain,9.3,linkedin_jobs
2024-W27,langchain,8.7,linkedin_jobs
2024-W28,langchain,2.2,linkedin_jobs
2024-W29,langchain,7.3,linkedin_jobs
2024-W30,langchain,8.1,linkedin_jobs
2024-W31,langchain,8.8,linkedin_jobs
2024-W32,langchain,12.2,linkedin_jobs
2024-W33,langchain,11.2,linkedin_jobs
2024-W34,langchain,12.5,linkedin_jobs
2024-W35,langchain,7.0,linkedin_jobs
2024-W36,langchain,10.2,linkedin_jobs
2024-W37,langchain,11.8,linkedin_jobs
2024-W38,langchain,11.4,linkedin_jobs
2024-W39,langchain,14.3,linkedin_jobs
2024-W40,langchain,13.7,linkedin_jobs
2024-W41,langchain,17.0,linkedin_jobs
2024-W42,langchain,16.7,linkedin_jobs
2024-W43,langchain,15.4,linkedin_jobs
2024-W44,langchain,17.1,linkedin_jobs
2024-W45,langchain,13.5,linkedin_jobs
2024-W46,langchain,12.1,linkedin_jobs
2024-W47,langchain,23.2,linkedin_jobs
2024-W48,langchain,15.7,linkedin_jobs
2024-W49,langchain,17.6,linkedin_jobs
2024-W50,langchain,25.5,linkedin_jobs
2024-W51,langchain,24.5,linkedin_jobs
2024-W52,langchain,22.4,linkedin_jobs
2024-W53,langchain,21.7,linkedin_jobs
2025-W01,langchain,27.9,linkedin_jobs
2025-W02,langchain,30.9,linkedin_jobs
2025-W03,langchain,29.3,linkedin_jobs
2025-W04,langchain,33.3,linkedin_jobs
2025-W05,langchain,33.8,linkedin_jobs
2025-W06,langchain,35.5,linkedin_jobs
2025-W07,langchain,38.7,linkedin_jobs
2025-W08,langchain,40.5,linkedin_jobs
2025-W09,langchain,39.5,linkedin_jobs
2025-W10,langchain,40.4,linkedin_jobs
2025-W11,langchain,41.9,linkedin_jobs
2025-W12,langchain,48.9,linkedin_jobs
2025-W13,langchain,48.7,linkedin_jobs
2025-W14,langchain,52.6,linkedin_jobs
2025-W15,langchain,53.3,linkedin_jobs
2025-W16,langchain,46.2,linkedin_jobs
2025-W17,langchain,49.2,linkedin_jobs
2025-W18,langchain,52.0,linkedin_jobs
2025-W19,langchain,55.4,linkedin_jobs
2025-W20,langchain,60.7,linkedin_jobs
2025-W21,langchain,58.7,linkedin_jobs
2025-W22,langchain,57.9,linkedin_jobs
2025-W23,langchain,58.0,linkedin_jobs
2025-W24,langchain,56.0,linkedin_jobs
2025-W25,langchain,61.4,linkedin_jobs
2025-W26,langchain,64.9,linkedin_jobs
2025-W27,langchain,60.5,linkedin_jobs
2025-W28,langchain,61.6,linkedin_jobs
2025-W29,langchain,64.0,linkedin_jobs
2025-W30,langchain,64.2,linkedin_jobs
2025-W31,langchain,56.7,linkedin_jobs
2025-W32,langchain,61.4,linkedin_jobs
2025-W33,langchain,59.5,linkedin_jobs
2025-W34,langchain,59.7,linkedin_jobs
2025-W35,langchain,65.3,linkedin_jobs
2025-W36,langchain,60.0,linkedin_jobs
2025-W37,langchain,61.0,linkedin_jobs
2025-W38,langchain,67.8,linkedin_jobs
2025-W39,langchain,60.0,linkedin_jobs
2025-W40,langchain,60.5,linkedin_jobs
2025-W41,langchain,67.8,linkedin_jobs
2025-W42,langchain,66.1,linkedin_jobs
2025-W43,langchain,64.2,linkedin_jobs
2025-W44,langchain,67.0,linkedin_jobs
2025-W45,langchain,65.1,linkedin_jobs
2025-W46,langchain,60.9,linkedin_jobs
2025-W47,langchain,61.6,linkedin_jobs
2025-W48,langchain,61.2,linkedin_jobs
2025-W49,langchain,63.4,linkedin_jobs
2025-W50,langchain,63.2,linkedin_jobs
2025-W51,langchain,63.0,linkedin_jobs
2025-W52,langchain,64.8,linkedin_jobs
2026-W01,langchain,60.0,linkedin_jobs
2026-W02,langchain,58.9,linkedin_jobs
2026-W03,langchain,64.5,linkedin_jobs
2026-W04,langchain,65.5,linkedin_jobs
2026-W05,langchain,65.7,linkedin_jobs
2026-W06,langchain,63.2,linkedin_jobs
2026-W07,langchain,60.4,linkedin_jobs
2026-W08,langchain,63.2,linkedin_jobs
2026-W09,langchain,64.2,linkedin_jobs
2026-W10,langchain,61.6,linkedin_jobs
2026-W11,langchain,61.7,linkedin_jobs
2026-W12,langchain,60.4,linkedin_jobs
2026-W13,langchain,63.9,linkedin_jobs
2026-W14,langchain,60.5,linkedin_jobs
2026-W15,langchain,63.8,linkedin_jobs
2026-W16,langchain,66.6,linkedin_jobs
2026-W17,langchain,67.4,linkedin_jobs
2026-W18,langchain,59.3,linkedin_jobs
2026-W19,langchain,62.5,linkedin_jobs
2026-W20,langchain,63.8,linkedin_jobs
2026-W21,langchain,69.1,linkedin_jobs
2026-W22,langchain,63.6,linkedin_jobs
2026-W23,langchain,60.3,linkedin_jobs
2026-W24,langchain,61.3,linkedin_jobs
2026-W25,langchain,64.3,linkedin_jobs
2024-W01,flutter,26.0,linkedin_jobs
2024-W02,flutter,29.1,linkedin_jobs
2024-W03,flutter,27.7,linkedin_jobs
2024-W04,flutter,30.0,linkedin_jobs
2024-W05,flutter,21.6,linkedin_jobs
2024-W06,flutter,26.4,linkedin_jobs
2024-W07,flutter,32.3,linkedin_jobs
2024-W08,flutter,31.6,linkedin_jobs
2024-W09,flutter,33.7,linkedin_jobs
2024-W10,flutter,30.4,linkedin_jobs
2024-W11,flutter,28.1,linkedin_jobs
2024-W12,flutter,29.9,linkedin_jobs
2024-W13,flutter,32.8,linkedin_jobs
2024-W14,flutter,30.5,linkedin_jobs
2024-W15,flutter,33.4,linkedin_jobs
2024-W16,flutter,25.3,linkedin_jobs
2024-W17,flutter,31.7,linkedin_jobs
2024-W18,flutter,28.5,linkedin_jobs
2024-W19,flutter,25.4,linkedin_jobs
2024-W20,flutter,32.7,linkedin_jobs
2024-W21,flutter,29.2,linkedin_jobs
2024-W22,flutter,28.4,linkedin_jobs
2024-W23,flutter,32.6,linkedin_jobs
2024-W24,flutter,30.0,linkedin_jobs
2024-W25,flutter,28.4,linkedin_jobs
2024-W26,flutter,30.4,linkedin_jobs
2024-W27,flutter,30.3,linkedin_jobs
2024-W28,flutter,30.0,linkedin_jobs
2024-W29,flutter,26.9,linkedin_jobs
2024-W30,flutter,29.9,linkedin_jobs
2024-W31,flutter,32.6,linkedin_jobs
2024-W32,flutter,25.8,linkedin_jobs
2024-W33,flutter,35.1,linkedin_jobs
2024-W34,flutter,27.8,linkedin_jobs
2024-W35,flutter,34.3,linkedin_jobs
2024-W36,flutter,36.1,linkedin_jobs
2024-W37,flutter,33.8,linkedin_jobs
2024-W38,flutter,27.0,linkedin_jobs
2024-W39,flutter,26.8,linkedin_jobs
2024-W40,flutter,30.8,linkedin_jobs
2024-W41,flutter,30.9,linkedin_jobs
2024-W42,flutter,36.6,linkedin_jobs
2024-W43,flutter,31.8,linkedin_jobs
2024-W44,flutter,32.6,linkedin_jobs
2024-W45,flutter,28.6,linkedin_jobs
2024-W46,flutter,30.4,linkedin_jobs
2024-W47,flutter,31.8,linkedin_jobs
2024-W48,flutter,26.0,linkedin_jobs
2024-W49,flutter,30.0,linkedin_jobs
2024-W50,flutter,30.2,linkedin_jobs
2024-W51,flutter,30.2,linkedin_jobs
2024-W52,flutter,32.2,linkedin_jobs
2024-W53,flutter,29.5,linkedin_jobs
2025-W01,flutter,34.6,linkedin_jobs
2025-W02,flutter,31.9,linkedin_jobs
2025-W03,flutter,32.7,linkedin_jobs
2025-W04,flutter,30.8,linkedin_jobs
2025-W05,flutter,31.7,linkedin_jobs
2025-W06,flutter,30.5,linkedin_jobs
2025-W07,flutter,29.1,linkedin_jobs
2025-W08,flutter,29.3,linkedin_jobs
2025-W09,flutter,30.2,linkedin_jobs
2025-W10,flutter,32.6,linkedin_jobs
2025-W11,flutter,31.4,linkedin_jobs
2025-W12,flutter,33.9,linkedin_jobs
2025-W13,flutter,28.7,linkedin_jobs
2025-W14,flutter,32.1,linkedin_jobs
2025-W15,flutter,29.1,linkedin_jobs
2025-W16,flutter,34.0,linkedin_jobs
2025-W17,flutter,33.9,linkedin_jobs
2025-W18,flutter,33.5,linkedin_jobs
2025-W19,flutter,33.5,linkedin_jobs
2025-W20,flutter,32.1,linkedin_jobs
2025-W21,flutter,31.7,linkedin_jobs
2025-W22,flutter,27.6,linkedin_jobs
2025-W23,flutter,30.5,linkedin_jobs
2025-W24,flutter,29.6,linkedin_jobs
2025-W25,flutter,29.3,linkedin_jobs
2025-W26,flutter,28.3,linkedin_jobs
2025-W27,flutter,32.9,linkedin_jobs
2025-W28,flutter,30.2,linkedin_jobs
2025-W29,flutter,34.2,linkedin_jobs
2025-W30,flutter,29.6,linkedin_jobs
2025-W31,flutter,29.8,linkedin_jobs
2025-W32,flutter,35.0,linkedin_jobs
2025-W33,flutter,31.1,linkedin_jobs
2025-W34,flutter,32.9,linkedin_jobs
2025-W35,flutter,35.7,linkedin_jobs
2025-W36,flutter,33.0,linkedin_jobs
2025-W37,flutter,29.4,linkedin_jobs
2025-W38,flutter,32.0,linkedin_jobs
2025-W39,flutter,33.4,linkedin_jobs
2025-W40,flutter,32.7,linkedin_jobs
2025-W41,flutter,32.5,linkedin_jobs
2025-W42,flutter,29.1,linkedin_jobs
2025-W43,flutter,35.6,linkedin_jobs
2025-W44,flutter,36.1,linkedin_jobs
2025-W45,flutter,36.8,linkedin_jobs
2025-W46,flutter,38.3,linkedin_jobs
2025-W47,flutter,30.3,linkedin_jobs
2025-W48,flutter,39.2,linkedin_jobs
2025-W49,flutter,37.6,linkedin_jobs
2025-W50,flutter,31.0,linkedin_jobs
2025-W51,flutter,35.5,linkedin_jobs
2025-W52,flutter,31.6,linkedin_jobs
2026-W01,flutter,37.6,linkedin_jobs
2026-W02,flutter,32.9,linkedin_jobs
2026-W03,flutter,30.2,linkedin_jobs
2026-W04,flutter,34.6,linkedin_jobs
2026-W05,flutter,36.6,linkedin_jobs
2026-W06,flutter,40.9,linkedin_jobs
2026-W07,flutter,33.4,linkedin_jobs
2026-W08,flutter,34.4,linkedin_jobs
2026-W09,flutter,36.8,linkedin_jobs
2026-W10,flutter,32.6,linkedin_jobs
2026-W11,flutter,31.4,linkedin_jobs
2026-W12,flutter,39.2,linkedin_jobs
2026-W13,flutter,34.3,linkedin_jobs
2026-W14,flutter,33.3,linkedin_jobs
2026-W15,flutter,39.5,linkedin_jobs
2026-W16,flutter,37.9,linkedin_jobs
2026-W17,flutter,31.3,linkedin_jobs
2026-W18,flutter,34.8,linkedin_jobs
2026-W19,flutter,33.0,linkedin_jobs
2026-W20,flutter,38.4,linkedin_jobs
2026-W21,flutter,32.8,linkedin_jobs
2026-W22,flutter,39.7,linkedin_jobs
2026-W23,flutter,34.2,linkedin_jobs
2026-W24,flutter,36.5,linkedin_jobs
2026-W25,flutter,34.2,linkedin_jobs
2024-W01,react native,27.0,linkedin_jobs
2024-W02,react native,29.9,linkedin_jobs
2024-W03,react native,25.6,linkedin_jobs
2024-W04,react native,22.2,linkedin_jobs
2024-W05,react native,29.2,linkedin_jobs
2024-W06,react native,23.3,linkedin_jobs
2024-W07,react native,25.5,linkedin_jobs
2024-W08,react native,30.4,linkedin_jobs
2024-W09,react native,26.7,linkedin_jobs
2024-W10,react native,26.4,linkedin_jobs
2024-W11,react native,30.1,linkedin_jobs
2024-W12,react native,26.7,linkedin_jobs
2024-W13,react native,25.9,linkedin_jobs
2024-W14,react native,27.3,linkedin_jobs
2024-W15,react native,30.1,linkedin_jobs
2024-W16,react native,26.7,linkedin_jobs
2024-W17,react native,27.6,linkedin_jobs
2024-W18,react native,25.2,linkedin_jobs
2024-W19,react native,26.5,linkedin_jobs
2024-W20,react native,30.8,linkedin_jobs
2024-W21,react native,22.5,linkedin_jobs
2024-W22,react native,31.6,linkedin_jobs
2024-W23,react native,27.1,linkedin_jobs
2024-W24,react native,25.8,linkedin_jobs
2024-W25,react native,22.0,linkedin_jobs
2024-W26,react native,25.5,linkedin_jobs
2024-W27,react native,29.2,linkedin_jobs
2024-W28,react native,32.3,linkedin_jobs
2024-W29,react native,32.9,linkedin_jobs
2024-W30,react native,27.4,linkedin_jobs
2024-W31,react native,20.5,linkedin_jobs
2024-W32,react native,26.6,linkedin_jobs
2024-W33,react native,29.5,linkedin_jobs
2024-W34,react native,27.3,linkedin_jobs
2024-W35,react native,26.6,linkedin_jobs
2024-W36,react native,28.5,linkedin_jobs
2024-W37,react native,26.0,linkedin_jobs
2024-W38,react native,22.5,linkedin_jobs
2024-W39,react native,28.2,linkedin_jobs
2024-W40,react native,27.7,linkedin_jobs
2024-W41,react native,27.3,linkedin_jobs
2024-W42,react native,26.2,linkedin_jobs
2024-W43,react native,26.8,linkedin_jobs
2024-W44,react native,31.4,linkedin_jobs
2024-W45,react native,28.6,linkedin_jobs
2024-W46,react native,25.2,linkedin_jobs
2024-W47,react native,26.0,linkedin_jobs
2024-W48,react native,23.4,linkedin_jobs
2024-W49,react native,27.0,linkedin_jobs
2024-W50,react native,25.6,linkedin_jobs
2024-W51,react native,23.5,linkedin_jobs
2024-W52,react native,28.8,linkedin_jobs
2024-W53,react native,22.4,linkedin_jobs
2025-W01,react native,27.6,linkedin_jobs
2025-W02,react native,27.2,linkedin_jobs
2025-W03,react native,22.7,linkedin_jobs
2025-W04,react native,27.4,linkedin_jobs
2025-W05,react native,24.9,linkedin_jobs
2025-W06,react native,22.9,linkedin_jobs
2025-W07,react native,26.2,linkedin_jobs
2025-W08,react native,24.6,linkedin_jobs
2025-W09,react native,24.9,linkedin_jobs
2025-W10,react native,26.5,linkedin_jobs
2025-W11,react native,19.2,linkedin_jobs
2025-W12,react native,31.0,linkedin_jobs
2025-W13,react native,22.6,linkedin_jobs
2025-W14,react native,29.3,linkedin_jobs
2025-W15,react native,27.7,linkedin_jobs
2025-W16,react native,27.4,linkedin_jobs
2025-W17,react native,30.5,linkedin_jobs
2025-W18,react native,23.4,linkedin_jobs
2025-W19,react native,25.4,linkedin_jobs
2025-W20,react native,24.0,linkedin_jobs
2025-W21,react native,28.5,linkedin_jobs
2025-W22,react native,23.7,linkedin_jobs
2025-W23,react native,30.3,linkedin_jobs
2025-W24,react native,27.6,linkedin_jobs
2025-W25,react native,26.0,linkedin_jobs
2025-W26,react native,25.7,linkedin_jobs
2025-W27,react native,24.5,linkedin_jobs
2025-W28,react native,27.2,linkedin_jobs
2025-W29,react native,20.1,linkedin_jobs
2025-W30,react native,25.3,linkedin_jobs
2025-W31,react native,20.6,linkedin_jobs
2025-W32,react native,27.1,linkedin_jobs
2025-W33,react native,24.7,linkedin_jobs
2025-W34,react native,19.7,linkedin_jobs
2025-W35,react native,27.0,linkedin_jobs
2025-W36,react native,24.7,linkedin_jobs
2025-W37,react native,21.6,linkedin_jobs
2025-W38,react native,22.9,linkedin_jobs
2025-W39,react native,25.7,linkedin_jobs
2025-W40,react native,19.1,linkedin_jobs
2025-W41,react native,17.5,linkedin_jobs
2025-W42,react native,19.1,linkedin_jobs
2025-W43,react native,25.8,linkedin_jobs
2025-W44,react native,22.1,linkedin_jobs
2025-W45,react native,24.9,linkedin_jobs
2025-W46,react native,17.2,linkedin_jobs
2025-W47,react native,27.1,linkedin_jobs
2025-W48,react native,23.8,linkedin_jobs
2025-W49,react native,23.1,linkedin_jobs
2025-W50,react native,24.2,linkedin_jobs
2025-W51,react native,24.4,linkedin_jobs
2025-W52,react native,24.9,linkedin_jobs
2026-W01,react native,27.6,linkedin_jobs
2026-W02,react native,23.2,linkedin_jobs
2026-W03,react native,17.7,linkedin_jobs
2026-W04,react native,25.2,linkedin_jobs
2026-W05,react native,22.1,linkedin_jobs
2026-W06,react native,26.0,linkedin_jobs
2026-W07,react native,26.3,linkedin_jobs
2026-W08,react native,23.3,linkedin_jobs
2026-W09,react native,22.1,linkedin_jobs
2026-W10,react native,23.3,linkedin_jobs
2026-W11,react native,23.9,linkedin_jobs
2026-W12,react native,25.2,linkedin_jobs
2026-W13,react native,20.0,linkedin_jobs
2026-W14,react native,22.7,linkedin_jobs
2026-W15,react native,20.5,linkedin_jobs
2026-W16,react native,23.5,linkedin_jobs
2026-W17,react native,20.2,linkedin_jobs
2026-W18,react native,26.7,linkedin_jobs
2026-W19,react native,23.8,linkedin_jobs
2026-W20,react native,28.5,linkedin_jobs
2026-W21,react native,22.6,linkedin_jobs
2026-W22,react native,23.7,linkedin_jobs
2026-W23,react native,23.3,linkedin_jobs
2026-W24,react native,23.1,linkedin_jobs
2026-W25,react native,23.4,linkedin_jobs
2024-W01,android,33.2,linkedin_jobs
2024-W02,android,30.2,linkedin_jobs
2024-W03,android,32.6,linkedin_jobs
2024-W04,android,34.7,linkedin_jobs
2024-W05,android,30.3,linkedin_jobs
2024-W06,android,34.2,linkedin_jobs
2024-W07,android,32.4,linkedin_jobs
2024-W08,android,27.3,linkedin_jobs
2024-W09,android,32.0,linkedin_jobs
2024-W10,android,29.8,linkedin_jobs
2024-W11,android,30.0,linkedin_jobs
2024-W12,android,28.4,linkedin_jobs
2024-W13,android,32.5,linkedin_jobs
2024-W14,android,27.8,linkedin_jobs
2024-W15,android,30.3,linkedin_jobs
2024-W16,android,33.9,linkedin_jobs
2024-W17,android,29.2,linkedin_jobs
2024-W18,android,28.1,linkedin_jobs
2024-W19,android,32.3,linkedin_jobs
2024-W20,android,33.5,linkedin_jobs
2024-W21,android,34.0,linkedin_jobs
2024-W22,android,31.7,linkedin_jobs
2024-W23,android,28.9,linkedin_jobs
2024-W24,android,29.7,linkedin_jobs
2024-W25,android,35.6,linkedin_jobs
2024-W26,android,29.3,linkedin_jobs
2024-W27,android,32.9,linkedin_jobs
2024-W28,android,32.9,linkedin_jobs
2024-W29,android,33.9,linkedin_jobs
2024-W30,android,34.3,linkedin_jobs
2024-W31,android,32.3,linkedin_jobs
2024-W32,android,25.2,linkedin_jobs
2024-W33,android,26.0,linkedin_jobs
2024-W34,android,33.7,linkedin_jobs
2024-W35,android,35.5,linkedin_jobs
2024-W36,android,24.0,linkedin_jobs
2024-W37,android,27.7,linkedin_jobs
2024-W38,android,31.9,linkedin_jobs
2024-W39,android,34.7,linkedin_jobs
2024-W40,android,29.6,linkedin_jobs
2024-W41,android,30.5,linkedin_jobs
2024-W42,android,30.4,linkedin_jobs
2024-W43,android,31.9,linkedin_jobs
2024-W44,android,28.9,linkedin_jobs
2024-W45,android,24.2,linkedin_jobs
2024-W46,android,28.2,linkedin_jobs
2024-W47,android,37.2,linkedin_jobs
2024-W48,android,33.8,linkedin_jobs
2024-W49,android,29.6,linkedin_jobs
2024-W50,android,29.9,linkedin_jobs
2024-W51,android,28.4,linkedin_jobs
2024-W52,android,29.9,linkedin_jobs
2024-W53,android,27.6,linkedin_jobs
2025-W01,android,24.6,linkedin_jobs
2025-W02,android,28.6,linkedin_jobs
2025-W03,android,33.5,linkedin_jobs
2025-W04,android,29.0,linkedin_jobs
2025-W05,android,34.6,linkedin_jobs
2025-W06,android,26.4,linkedin_jobs
2025-W07,android,28.0,linkedin_jobs
2025-W08,android,28.7,linkedin_jobs
2025-W09,android,35.5,linkedin_jobs
2025-W10,android,26.7,linkedin_jobs
2025-W11,android,30.0,linkedin_jobs
2025-W12,android,28.4,linkedin_jobs
2025-W13,android,30.1,linkedin_jobs
2025-W14,android,29.2,linkedin_jobs
2025-W15,android,27.1,linkedin_jobs
2025-W16,android,33.3,linkedin_jobs
2025-W17,android,30.1,linkedin_jobs
2025-W18,android,25.6,linkedin_jobs
2025-W19,android,31.6,linkedin_jobs
2025-W20,android,34.6,linkedin_jobs
2025-W21,android,30.9,linkedin_jobs
2025-W22,android,32.1,linkedin_jobs
2025-W23,android,29.9,linkedin_jobs
2025-W24,android,29.8,linkedin_jobs
2025-W25,android,24.4,linkedin_jobs
2025-W26,android,33.7,linkedin_jobs
2025-W27,android,30.5,linkedin_jobs
2025-W28,android,28.8,linkedin_jobs
2025-W29,android,25.9,linkedin_jobs
2025-W30,android,30.6,linkedin_jobs
2025-W31,android,28.7,linkedin_jobs
2025-W32,android,34.1,linkedin_jobs
2025-W33,android,26.5,linkedin_jobs
2025-W34,android,25.7,linkedin_jobs
2025-W35,android,27.6,linkedin_jobs
2025-W36,android,28.3,linkedin_jobs
2025-W37,android,26.1,linkedin_jobs
2025-W38,android,26.7,linkedin_jobs
2025-W39,android,26.9,linkedin_jobs
2025-W40,android,30.2,linkedin_jobs
2025-W41,android,27.7,linkedin_jobs
2025-W42,android,27.5,linkedin_jobs
2025-W43,android,27.4,linkedin_jobs
2025-W44,android,29.4,linkedin_jobs
2025-W45,android,25.1,linkedin_jobs
2025-W46,android,24.5,linkedin_jobs
2025-W47,android,34.1,linkedin_jobs
2025-W48,android,30.6,linkedin_jobs
2025-W49,android,29.7,linkedin_jobs
2025-W50,android,25.1,linkedin_jobs
2025-W51,android,29.2,linkedin_jobs
2025-W52,android,32.8,linkedin_jobs
2026-W01,android,26.3,linkedin_jobs
2026-W02,android,28.9,linkedin_jobs
2026-W03,android,26.2,linkedin_jobs
2026-W04,android,28.8,linkedin_jobs
2026-W05,android,26.5,linkedin_jobs
2026-W06,android,24.9,linkedin_jobs
2026-W07,android,23.6,linkedin_jobs
2026-W08,android,24.8,linkedin_jobs
2026-W09,android,20.1,linkedin_jobs
2026-W10,android,31.5,linkedin_jobs
2026-W11,android,31.8,linkedin_jobs
2026-W12,android,25.7,linkedin_jobs
2026-W13,android,30.3,linkedin_jobs
2026-W14,android,25.6,linkedin_jobs
2026-W15,android,28.0,linkedin_jobs
2026-W16,android,29.6,linkedin_jobs
2026-W17,android,27.3,linkedin_jobs
2026-W18,android,27.2,linkedin_jobs
2026-W19,android,20.9,linkedin_jobs
2026-W20,android,24.1,linkedin_jobs
2026-W21,android,34.7,linkedin_jobs
2026-W22,android,26.7,linkedin_jobs
2026-W23,android,24.3,linkedin_jobs
2026-W24,android,27.2,linkedin_jobs
2026-W25,android,23.4,linkedin_jobs
2024-W01,ios,20.0,linkedin_jobs
2024-W02,ios,21.5,linkedin_jobs
2024-W03,ios,26.6,linkedin_jobs
2024-W04,ios,25.5,linkedin_jobs
2024-W05,ios,25.4,linkedin_jobs
2024-W06,ios,22.6,linkedin_jobs
2024-W07,ios,22.4,linkedin_jobs
2024-W08,ios,27.3,linkedin_jobs
2024-W09,ios,25.9,linkedin_jobs
2024-W10,ios,27.8,linkedin_jobs
2024-W11,ios,26.2,linkedin_jobs
2024-W12,ios,23.0,linkedin_jobs
2024-W13,ios,28.0,linkedin_jobs
2024-W14,ios,22.0,linkedin_jobs
2024-W15,ios,20.0,linkedin_jobs
2024-W16,ios,20.7,linkedin_jobs
2024-W17,ios,22.7,linkedin_jobs
2024-W18,ios,25.0,linkedin_jobs
2024-W19,ios,22.6,linkedin_jobs
2024-W20,ios,25.5,linkedin_jobs
2024-W21,ios,24.6,linkedin_jobs
2024-W22,ios,23.6,linkedin_jobs
2024-W23,ios,21.8,linkedin_jobs
2024-W24,ios,23.1,linkedin_jobs
2024-W25,ios,29.2,linkedin_jobs
2024-W26,ios,19.7,linkedin_jobs
2024-W27,ios,22.6,linkedin_jobs
2024-W28,ios,25.4,linkedin_jobs
2024-W29,ios,22.2,linkedin_jobs
2024-W30,ios,24.7,linkedin_jobs
2024-W31,ios,23.8,linkedin_jobs
2024-W32,ios,24.7,linkedin_jobs
2024-W33,ios,21.5,linkedin_jobs
2024-W34,ios,21.3,linkedin_jobs
2024-W35,ios,21.0,linkedin_jobs
2024-W36,ios,25.5,linkedin_jobs
2024-W37,ios,25.3,linkedin_jobs
2024-W38,ios,19.3,linkedin_jobs
2024-W39,ios,24.1,linkedin_jobs
2024-W40,ios,23.3,linkedin_jobs
2024-W41,ios,24.6,linkedin_jobs
2024-W42,ios,23.1,linkedin_jobs
2024-W43,ios,19.4,linkedin_jobs
2024-W44,ios,25.5,linkedin_jobs
2024-W45,ios,21.6,linkedin_jobs
2024-W46,ios,20.9,linkedin_jobs
2024-W47,ios,23.4,linkedin_jobs
2024-W48,ios,21.0,linkedin_jobs
2024-W49,ios,14.4,linkedin_jobs
2024-W50,ios,26.5,linkedin_jobs
2024-W51,ios,27.2,linkedin_jobs
2024-W52,ios,21.0,linkedin_jobs
2024-W53,ios,23.9,linkedin_jobs
2025-W01,ios,21.5,linkedin_jobs
2025-W02,ios,17.5,linkedin_jobs
2025-W03,ios,17.8,linkedin_jobs
2025-W04,ios,22.2,linkedin_jobs
2025-W05,ios,20.6,linkedin_jobs
2025-W06,ios,21.6,linkedin_jobs
2025-W07,ios,24.3,linkedin_jobs
2025-W08,ios,18.0,linkedin_jobs
2025-W09,ios,27.8,linkedin_jobs
2025-W10,ios,23.4,linkedin_jobs
2025-W11,ios,16.0,linkedin_jobs
2025-W12,ios,19.6,linkedin_jobs
2025-W13,ios,22.6,linkedin_jobs
2025-W14,ios,27.0,linkedin_jobs
2025-W15,ios,20.5,linkedin_jobs
2025-W16,ios,23.3,linkedin_jobs
2025-W17,ios,20.3,linkedin_jobs
2025-W18,ios,23.1,linkedin_jobs
2025-W19,ios,24.0,linkedin_jobs
2025-W20,ios,24.0,linkedin_jobs
2025-W21,ios,23.5,linkedin_jobs
2025-W22,ios,20.0,linkedin_jobs
2025-W23,ios,24.4,linkedin_jobs
2025-W24,ios,19.2,linkedin_jobs
2025-W25,ios,22.7,linkedin_jobs
2025-W26,ios,14.5,linkedin_jobs
2025-W27,ios,20.5,linkedin_jobs
2025-W28,ios,25.7,linkedin_jobs
2025-W29,ios,19.5,linkedin_jobs
2025-W30,ios,21.7,linkedin_jobs
2025-W31,ios,19.1,linkedin_jobs
2025-W32,ios,21.2,linkedin_jobs
2025-W33,ios,24.2,linkedin_jobs
2025-W34,ios,18.7,linkedin_jobs
2025-W35,ios,22.1,linkedin_jobs
2025-W36,ios,19.7,linkedin_jobs
2025-W37,ios,21.5,linkedin_jobs
2025-W38,ios,31.1,linkedin_jobs
2025-W39,ios,18.5,linkedin_jobs
2025-W40,ios,24.3,linkedin_jobs
2025-W41,ios,17.4,linkedin_jobs
2025-W42,ios,20.3,linkedin_jobs
2025-W43,ios,26.9,linkedin_jobs
2025-W44,ios,18.4,linkedin_jobs
2025-W45,ios,21.1,linkedin_jobs
2025-W46,ios,22.2,linkedin_jobs
2025-W47,ios,19.2,linkedin_jobs
2025-W48,ios,21.2,linkedin_jobs
2025-W49,ios,18.8,linkedin_jobs
2025-W50,ios,18.2,linkedin_jobs
2025-W51,ios,18.2,linkedin_jobs
2025-W52,ios,24.5,linkedin_jobs
2026-W01,ios,18.8,linkedin_jobs
2026-W02,ios,26.8,linkedin_jobs
2026-W03,ios,19.4,linkedin_jobs
2026-W04,ios,24.3,linkedin_jobs
2026-W05,ios,18.7,linkedin_jobs
2026-W06,ios,22.7,linkedin_jobs
2026-W07,ios,18.4,linkedin_jobs
2026-W08,ios,22.8,linkedin_jobs
2026-W09,ios,21.2,linkedin_jobs
2026-W10,ios,18.3,linkedin_jobs
2026-W11,ios,18.0,linkedin_jobs
2026-W12,ios,20.2,linkedin_jobs
2026-W13,ios,20.4,linkedin_jobs
2026-W14,ios,19.7,linkedin_jobs
2026-W15,ios,15.8,linkedin_jobs
2026-W16,ios,22.5,linkedin_jobs
2026-W17,ios,15.9,linkedin_jobs
2026-W18,ios,21.4,linkedin_jobs
2026-W19,ios,20.5,linkedin_jobs
2026-W20,ios,17.6,linkedin_jobs
2026-W21,ios,16.2,linkedin_jobs
2026-W22,ios,19.5,linkedin_jobs
2026-W23,ios,17.8,linkedin_jobs
2026-W24,ios,17.8,linkedin_jobs
2026-W25,ios,18.2,linkedin_jobs
2024-W01,devops,47.3,linkedin_jobs
2024-W02,devops,47.7,linkedin_jobs
2024-W03,devops,43.8,linkedin_jobs
2024-W04,devops,47.1,linkedin_jobs
2024-W05,devops,45.1,linkedin_jobs
2024-W06,devops,40.4,linkedin_jobs
2024-W07,devops,45.9,linkedin_jobs
2024-W08,devops,43.5,linkedin_jobs
2024-W09,devops,46.7,linkedin_jobs
2024-W10,devops,46.3,linkedin_jobs
2024-W11,devops,43.6,linkedin_jobs
2024-W12,devops,48.6,linkedin_jobs
2024-W13,devops,43.1,linkedin_jobs
2024-W14,devops,45.7,linkedin_jobs
2024-W15,devops,47.3,linkedin_jobs
2024-W16,devops,46.4,linkedin_jobs
2024-W17,devops,50.9,linkedin_jobs
2024-W18,devops,45.8,linkedin_jobs
2024-W19,devops,48.1,linkedin_jobs
2024-W20,devops,51.3,linkedin_jobs
2024-W21,devops,51.4,linkedin_jobs
2024-W22,devops,43.2,linkedin_jobs
2024-W23,devops,45.6,linkedin_jobs
2024-W24,devops,41.1,linkedin_jobs
2024-W25,devops,51.2,linkedin_jobs
2024-W26,devops,43.7,linkedin_jobs
2024-W27,devops,44.2,linkedin_jobs
2024-W28,devops,42.0,linkedin_jobs
2024-W29,devops,42.0,linkedin_jobs
2024-W30,devops,45.0,linkedin_jobs
2024-W31,devops,48.0,linkedin_jobs
2024-W32,devops,49.8,linkedin_jobs
2024-W33,devops,47.0,linkedin_jobs
2024-W34,devops,45.1,linkedin_jobs
2024-W35,devops,46.6,linkedin_jobs
2024-W36,devops,45.1,linkedin_jobs
2024-W37,devops,42.2,linkedin_jobs
2024-W38,devops,44.5,linkedin_jobs
2024-W39,devops,46.4,linkedin_jobs
2024-W40,devops,48.5,linkedin_jobs
2024-W41,devops,48.9,linkedin_jobs
2024-W42,devops,47.4,linkedin_jobs
2024-W43,devops,47.4,linkedin_jobs
2024-W44,devops,49.7,linkedin_jobs
2024-W45,devops,39.1,linkedin_jobs
2024-W46,devops,51.0,linkedin_jobs
2024-W47,devops,50.9,linkedin_jobs
2024-W48,devops,52.9,linkedin_jobs
2024-W49,devops,45.6,linkedin_jobs
2024-W50,devops,43.6,linkedin_jobs
2024-W51,devops,47.0,linkedin_jobs
2024-W52,devops,44.0,linkedin_jobs
2024-W53,devops,50.2,linkedin_jobs
2025-W01,devops,48.9,linkedin_jobs
2025-W02,devops,47.4,linkedin_jobs
2025-W03,devops,51.1,linkedin_jobs
2025-W04,devops,52.9,linkedin_jobs
2025-W05,devops,48.8,linkedin_jobs
2025-W06,devops,51.6,linkedin_jobs
2025-W07,devops,46.9,linkedin_jobs
2025-W08,devops,49.8,linkedin_jobs
2025-W09,devops,52.1,linkedin_jobs
2025-W10,devops,47.8,linkedin_jobs
2025-W11,devops,46.4,linkedin_jobs
2025-W12,devops,50.0,linkedin_jobs
2025-W13,devops,55.3,linkedin_jobs
2025-W14,devops,45.1,linkedin_jobs
2025-W15,devops,50.0,linkedin_jobs
2025-W16,devops,54.7,linkedin_jobs
2025-W17,devops,48.2,linkedin_jobs
2025-W18,devops,53.4,linkedin_jobs
2025-W19,devops,47.7,linkedin_jobs
2025-W20,devops,48.4,linkedin_jobs
2025-W21,devops,50.6,linkedin_jobs
2025-W22,devops,56.7,linkedin_jobs
2025-W23,devops,51.6,linkedin_jobs
2025-W24,devops,54.3,linkedin_jobs
2025-W25,devops,46.3,linkedin_jobs
2025-W26,devops,51.3,linkedin_jobs
2025-W27,devops,53.1,linkedin_jobs
2025-W28,devops,55.0,linkedin_jobs
2025-W29,devops,53.1,linkedin_jobs
2025-W30,devops,49.0,linkedin_jobs
2025-W31,devops,51.5,linkedin_jobs
2025-W32,devops,50.1,linkedin_jobs
2025-W33,devops,51.8,linkedin_jobs
2025-W34,devops,48.4,linkedin_jobs
2025-W35,devops,55.1,linkedin_jobs
2025-W36,devops,51.2,linkedin_jobs
2025-W37,devops,49.2,linkedin_jobs
2025-W38,devops,52.3,linkedin_jobs
2025-W39,devops,49.9,linkedin_jobs
2025-W40,devops,49.9,linkedin_jobs
2025-W41,devops,49.2,linkedin_jobs
2025-W42,devops,56.2,linkedin_jobs
2025-W43,devops,54.6,linkedin_jobs
2025-W44,devops,51.9,linkedin_jobs
2025-W45,devops,52.4,linkedin_jobs
2025-W46,devops,55.3,linkedin_jobs
2025-W47,devops,52.2,linkedin_jobs
2025-W48,devops,53.0,linkedin_jobs
2025-W49,devops,52.9,linkedin_jobs
2025-W50,devops,50.6,linkedin_jobs
2025-W51,devops,55.6,linkedin_jobs
2025-W52,devops,57.2,linkedin_jobs
2026-W01,devops,48.9,linkedin_jobs
2026-W02,devops,52.1,linkedin_jobs
2026-W03,devops,51.2,linkedin_jobs
2026-W04,devops,57.2,linkedin_jobs
2026-W05,devops,59.2,linkedin_jobs
2026-W06,devops,57.2,linkedin_jobs
2026-W07,devops,54.9,linkedin_jobs
2026-W08,devops,51.0,linkedin_jobs
2026-W09,devops,53.5,linkedin_jobs
2026-W10,devops,58.7,linkedin_jobs
2026-W11,devops,51.4,linkedin_jobs
2026-W12,devops,57.1,linkedin_jobs
2026-W13,devops,46.2,linkedin_jobs
2026-W14,devops,55.5,linkedin_jobs
2026-W15,devops,54.1,linkedin_jobs
2026-W16,devops,52.4,linkedin_jobs
2026-W17,devops,54.4,linkedin_jobs
2026-W18,devops,57.7,linkedin_jobs
2026-W19,devops,58.0,linkedin_jobs
2026-W20,devops,57.0,linkedin_jobs
2026-W21,devops,51.1,linkedin_jobs
2026-W22,devops,51.3,linkedin_jobs
2026-W23,devops,58.5,linkedin_jobs
2026-W24,devops,53.6,linkedin_jobs
2026-W25,devops,56.5,linkedin_jobs
2024-W01,cybersecurity,37.9,linkedin_jobs
2024-W02,cybersecurity,40.5,linkedin_jobs
2024-W03,cybersecurity,41.6,linkedin_jobs
2024-W04,cybersecurity,40.8,linkedin_jobs
2024-W05,cybersecurity,42.8,linkedin_jobs
2024-W06,cybersecurity,40.1,linkedin_jobs
2024-W07,cybersecurity,41.8,linkedin_jobs
2024-W08,cybersecurity,39.4,linkedin_jobs
2024-W09,cybersecurity,39.5,linkedin_jobs
2024-W10,cybersecurity,39.1,linkedin_jobs
2024-W11,cybersecurity,40.0,linkedin_jobs
2024-W12,cybersecurity,36.5,linkedin_jobs
2024-W13,cybersecurity,42.7,linkedin_jobs
2024-W14,cybersecurity,39.5,linkedin_jobs
2024-W15,cybersecurity,42.3,linkedin_jobs
2024-W16,cybersecurity,38.4,linkedin_jobs
2024-W17,cybersecurity,42.3,linkedin_jobs
2024-W18,cybersecurity,40.6,linkedin_jobs
2024-W19,cybersecurity,37.2,linkedin_jobs
2024-W20,cybersecurity,46.2,linkedin_jobs
2024-W21,cybersecurity,39.7,linkedin_jobs
2024-W22,cybersecurity,44.7,linkedin_jobs
2024-W23,cybersecurity,35.6,linkedin_jobs
2024-W24,cybersecurity,41.3,linkedin_jobs
2024-W25,cybersecurity,40.3,linkedin_jobs
2024-W26,cybersecurity,45.7,linkedin_jobs
2024-W27,cybersecurity,39.9,linkedin_jobs
2024-W28,cybersecurity,45.9,linkedin_jobs
2024-W29,cybersecurity,41.9,linkedin_jobs
2024-W30,cybersecurity,41.6,linkedin_jobs
2024-W31,cybersecurity,38.3,linkedin_jobs
2024-W32,cybersecurity,43.6,linkedin_jobs
2024-W33,cybersecurity,39.7,linkedin_jobs
2024-W34,cybersecurity,46.9,linkedin_jobs
2024-W35,cybersecurity,35.2,linkedin_jobs
2024-W36,cybersecurity,43.8,linkedin_jobs
2024-W37,cybersecurity,48.5,linkedin_jobs
2024-W38,cybersecurity,44.1,linkedin_jobs
2024-W39,cybersecurity,46.5,linkedin_jobs
2024-W40,cybersecurity,44.9,linkedin_jobs
2024-W41,cybersecurity,46.6,linkedin_jobs
2024-W42,cybersecurity,41.7,linkedin_jobs
2024-W43,cybersecurity,42.3,linkedin_jobs
2024-W44,cybersecurity,43.6,linkedin_jobs
2024-W45,cybersecurity,46.9,linkedin_jobs
2024-W46,cybersecurity,46.3,linkedin_jobs
2024-W47,cybersecurity,41.8,linkedin_jobs
2024-W48,cybersecurity,43.3,linkedin_jobs
2024-W49,cybersecurity,43.2,linkedin_jobs
2024-W50,cybersecurity,48.0,linkedin_jobs
2024-W51,cybersecurity,48.1,linkedin_jobs
2024-W52,cybersecurity,46.4,linkedin_jobs
2024-W53,cybersecurity,38.6,linkedin_jobs
2025-W01,cybersecurity,46.1,linkedin_jobs
2025-W02,cybersecurity,47.2,linkedin_jobs
2025-W03,cybersecurity,47.9,linkedin_jobs
2025-W04,cybersecurity,46.3,linkedin_jobs
2025-W05,cybersecurity,44.2,linkedin_jobs
2025-W06,cybersecurity,49.2,linkedin_jobs
2025-W07,cybersecurity,49.3,linkedin_jobs
2025-W08,cybersecurity,47.9,linkedin_jobs
2025-W09,cybersecurity,46.8,linkedin_jobs
2025-W10,cybersecurity,43.9,linkedin_jobs
2025-W11,cybersecurity,38.8,linkedin_jobs
2025-W12,cybersecurity,49.0,linkedin_jobs
2025-W13,cybersecurity,53.7,linkedin_jobs
2025-W14,cybersecurity,47.0,linkedin_jobs
2025-W15,cybersecurity,48.4,linkedin_jobs
2025-W16,cybersecurity,47.4,linkedin_jobs
2025-W17,cybersecurity,49.2,linkedin_jobs
2025-W18,cybersecurity,43.7,linkedin_jobs
2025-W19,cybersecurity,44.4,linkedin_jobs
2025-W20,cybersecurity,52.1,linkedin_jobs
2025-W21,cybersecurity,49.2,linkedin_jobs
2025-W22,cybersecurity,47.6,linkedin_jobs
2025-W23,cybersecurity,51.8,linkedin_jobs
2025-W24,cybersecurity,54.4,linkedin_jobs
2025-W25,cybersecurity,47.8,linkedin_jobs
2025-W26,cybersecurity,49.0,linkedin_jobs
2025-W27,cybersecurity,49.4,linkedin_jobs
2025-W28,cybersecurity,47.6,linkedin_jobs
2025-W29,cybersecurity,50.2,linkedin_jobs
2025-W30,cybersecurity,50.6,linkedin_jobs
2025-W31,cybersecurity,48.7,linkedin_jobs
2025-W32,cybersecurity,52.0,linkedin_jobs
2025-W33,cybersecurity,44.0,linkedin_jobs
2025-W34,cybersecurity,55.8,linkedin_jobs
2025-W35,cybersecurity,49.2,linkedin_jobs
2025-W36,cybersecurity,53.6,linkedin_jobs
2025-W37,cybersecurity,54.0,linkedin_jobs
2025-W38,cybersecurity,46.4,linkedin_jobs
2025-W39,cybersecurity,54.6,linkedin_jobs
2025-W40,cybersecurity,51.7,linkedin_jobs
2025-W41,cybersecurity,54.6,linkedin_jobs
2025-W42,cybersecurity,54.0,linkedin_jobs
2025-W43,cybersecurity,53.4,linkedin_jobs
2025-W44,cybersecurity,54.2,linkedin_jobs
2025-W45,cybersecurity,51.1,linkedin_jobs
2025-W46,cybersecurity,49.6,linkedin_jobs
2025-W47,cybersecurity,52.9,linkedin_jobs
2025-W48,cybersecurity,51.3,linkedin_jobs
2025-W49,cybersecurity,52.7,linkedin_jobs
2025-W50,cybersecurity,60.1,linkedin_jobs
2025-W51,cybersecurity,53.1,linkedin_jobs
2025-W52,cybersecurity,59.2,linkedin_jobs
2026-W01,cybersecurity,52.6,linkedin_jobs
2026-W02,cybersecurity,53.0,linkedin_jobs
2026-W03,cybersecurity,55.2,linkedin_jobs
2026-W04,cybersecurity,56.7,linkedin_jobs
2026-W05,cybersecurity,54.4,linkedin_jobs
2026-W06,cybersecurity,54.9,linkedin_jobs
2026-W07,cybersecurity,59.7,linkedin_jobs
2026-W08,cybersecurity,48.6,linkedin_jobs
2026-W09,cybersecurity,57.9,linkedin_jobs
2026-W10,cybersecurity,49.1,linkedin_jobs
2026-W11,cybersecurity,55.3,linkedin_jobs
2026-W12,cybersecurity,58.4,linkedin_jobs
2026-W13,cybersecurity,47.4,linkedin_jobs
2026-W14,cybersecurity,55.0,linkedin_jobs
2026-W15,cybersecurity,56.1,linkedin_jobs
2026-W16,cybersecurity,52.6,linkedin_jobs
2026-W17,cybersecurity,55.7,linkedin_jobs
2026-W18,cybersecurity,55.8,linkedin_jobs
2026-W19,cybersecurity,54.7,linkedin_jobs
2026-W20,cybersecurity,59.3,linkedin_jobs
2026-W21,cybersecurity,59.9,linkedin_jobs
2026-W22,cybersecurity,56.6,linkedin_jobs
2026-W23,cybersecurity,56.2,linkedin_jobs
2026-W24,cybersecurity,56.5,linkedin_jobs
2026-W25,cybersecurity,57.6,linkedin_jobs
2024-W01,blockchain,21.2,linkedin_jobs
2024-W02,blockchain,25.6,linkedin_jobs
2024-W03,blockchain,20.0,linkedin_jobs
2024-W04,blockchain,26.2,linkedin_jobs
2024-W05,blockchain,27.4,linkedin_jobs
2024-W06,blockchain,31.5,linkedin_jobs
2024-W07,blockchain,27.1,linkedin_jobs
2024-W08,blockchain,22.5,linkedin_jobs
2024-W09,blockchain,23.3,linkedin_jobs
2024-W10,blockchain,31.1,linkedin_jobs
2024-W11,blockchain,25.1,linkedin_jobs
2024-W12,blockchain,26.8,linkedin_jobs
2024-W13,blockchain,30.0,linkedin_jobs
2024-W14,blockchain,27.5,linkedin_jobs
2024-W15,blockchain,23.5,linkedin_jobs
2024-W16,blockchain,26.8,linkedin_jobs
2024-W17,blockchain,25.6,linkedin_jobs
2024-W18,blockchain,24.6,linkedin_jobs
2024-W19,blockchain,31.4,linkedin_jobs
2024-W20,blockchain,29.3,linkedin_jobs
2024-W21,blockchain,24.2,linkedin_jobs
2024-W22,blockchain,32.2,linkedin_jobs
2024-W23,blockchain,29.0,linkedin_jobs
2024-W24,blockchain,28.4,linkedin_jobs
2024-W25,blockchain,24.0,linkedin_jobs
2024-W26,blockchain,28.2,linkedin_jobs
2024-W27,blockchain,27.9,linkedin_jobs
2024-W28,blockchain,28.7,linkedin_jobs
2024-W29,blockchain,26.1,linkedin_jobs
2024-W30,blockchain,31.9,linkedin_jobs
2024-W31,blockchain,34.9,linkedin_jobs
2024-W32,blockchain,30.4,linkedin_jobs
2024-W33,blockchain,26.8,linkedin_jobs
2024-W34,blockchain,30.6,linkedin_jobs
2024-W35,blockchain,28.6,linkedin_jobs
2024-W36,blockchain,26.8,linkedin_jobs
2024-W37,blockchain,33.9,linkedin_jobs
2024-W38,blockchain,31.5,linkedin_jobs
2024-W39,blockchain,38.2,linkedin_jobs
2024-W40,blockchain,35.7,linkedin_jobs
2024-W41,blockchain,28.4,linkedin_jobs
2024-W42,blockchain,29.5,linkedin_jobs
2024-W43,blockchain,34.7,linkedin_jobs
2024-W44,blockchain,30.1,linkedin_jobs
2024-W45,blockchain,32.6,linkedin_jobs
2024-W46,blockchain,30.9,linkedin_jobs
2024-W47,blockchain,32.0,linkedin_jobs
2024-W48,blockchain,33.9,linkedin_jobs
2024-W49,blockchain,35.0,linkedin_jobs
2024-W50,blockchain,38.9,linkedin_jobs
2024-W51,blockchain,38.0,linkedin_jobs
2024-W52,blockchain,38.7,linkedin_jobs
2024-W53,blockchain,36.6,linkedin_jobs
2025-W01,blockchain,37.6,linkedin_jobs
2025-W02,blockchain,35.7,linkedin_jobs
2025-W03,blockchain,38.7,linkedin_jobs
2025-W04,blockchain,38.6,linkedin_jobs
2025-W05,blockchain,38.6,linkedin_jobs
2025-W06,blockchain,37.0,linkedin_jobs
2025-W07,blockchain,32.5,linkedin_jobs
2025-W08,blockchain,34.9,linkedin_jobs
2025-W09,blockchain,37.0,linkedin_jobs
2025-W10,blockchain,34.5,linkedin_jobs
2025-W11,blockchain,30.7,linkedin_jobs
2025-W12,blockchain,35.3,linkedin_jobs
2025-W13,blockchain,31.4,linkedin_jobs
2025-W14,blockchain,31.0,linkedin_jobs
2025-W15,blockchain,37.3,linkedin_jobs
2025-W16,blockchain,29.7,linkedin_jobs
2025-W17,blockchain,31.5,linkedin_jobs
2025-W18,blockchain,33.4,linkedin_jobs
2025-W19,blockchain,36.0,linkedin_jobs
2025-W20,blockchain,35.2,linkedin_jobs
2025-W21,blockchain,30.4,linkedin_jobs
2025-W22,blockchain,34.0,linkedin_jobs
2025-W23,blockchain,34.9,linkedin_jobs
2025-W24,blockchain,31.2,linkedin_jobs
2025-W25,blockchain,31.1,linkedin_jobs
2025-W26,blockchain,32.9,linkedin_jobs
2025-W27,blockchain,27.8,linkedin_jobs
2025-W28,blockchain,26.8,linkedin_jobs
2025-W29,blockchain,38.2,linkedin_jobs
2025-W30,blockchain,27.0,linkedin_jobs
2025-W31,blockchain,31.3,linkedin_jobs
2025-W32,blockchain,26.3,linkedin_jobs
2025-W33,blockchain,23.9,linkedin_jobs
2025-W34,blockchain,32.0,linkedin_jobs
2025-W35,blockchain,26.9,linkedin_jobs
2025-W36,blockchain,31.0,linkedin_jobs
2025-W37,blockchain,29.5,linkedin_jobs
2025-W38,blockchain,22.2,linkedin_jobs
2025-W39,blockchain,23.7,linkedin_jobs
2025-W40,blockchain,22.7,linkedin_jobs
2025-W41,blockchain,25.7,linkedin_jobs
2025-W42,blockchain,29.9,linkedin_jobs
2025-W43,blockchain,20.7,linkedin_jobs
2025-W44,blockchain,25.6,linkedin_jobs
2025-W45,blockchain,20.9,linkedin_jobs
2025-W46,blockchain,24.9,linkedin_jobs
2025-W47,blockchain,23.3,linkedin_jobs
2025-W48,blockchain,22.9,linkedin_jobs
2025-W49,blockchain,23.5,linkedin_jobs
2025-W50,blockchain,23.8,linkedin_jobs
2025-W51,blockchain,18.5,linkedin_jobs
2025-W52,blockchain,18.3,linkedin_jobs
2026-W01,blockchain,26.0,linkedin_jobs
2026-W02,blockchain,20.0,linkedin_jobs
2026-W03,blockchain,21.8,linkedin_jobs
2026-W04,blockchain,24.0,linkedin_jobs
2026-W05,blockchain,20.4,linkedin_jobs
2026-W06,blockchain,22.3,linkedin_jobs
2026-W07,blockchain,21.1,linkedin_jobs
2026-W08,blockchain,21.9,linkedin_jobs
2026-W09,blockchain,16.2,linkedin_jobs
2026-W10,blockchain,26.3,linkedin_jobs
2026-W11,blockchain,12.5,linkedin_jobs
2026-W12,blockchain,13.1,linkedin_jobs
2026-W13,blockchain,16.9,linkedin_jobs
2026-W14,blockchain,20.7,linkedin_jobs
2026-W15,blockchain,15.0,linkedin_jobs
2026-W16,blockchain,20.1,linkedin_jobs
2026-W17,blockchain,15.5,linkedin_jobs
2026-W18,blockchain,14.6,linkedin_jobs
2026-W19,blockchain,20.5,linkedin_jobs
2026-W20,blockchain,14.1,linkedin_jobs
2026-W21,blockchain,17.9,linkedin_jobs
2026-W22,blockchain,12.6,linkedin_jobs
2026-W23,blockchain,13.2,linkedin_jobs
2026-W24,blockchain,16.5,linkedin_jobs
2026-W25,blockchain,14.4,linkedin_jobs
2024-W01,microservices,26.2,linkedin_jobs
2024-W02,microservices,27.2,linkedin_jobs
2024-W03,microservices,26.5,linkedin_jobs
2024-W04,microservices,26.0,linkedin_jobs
2024-W05,microservices,24.1,linkedin_jobs
2024-W06,microservices,26.8,linkedin_jobs
2024-W07,microservices,26.7,linkedin_jobs
2024-W08,microservices,24.6,linkedin_jobs
2024-W09,microservices,27.4,linkedin_jobs
2024-W10,microservices,22.8,linkedin_jobs
2024-W11,microservices,31.0,linkedin_jobs
2024-W12,microservices,18.8,linkedin_jobs
2024-W13,microservices,23.5,linkedin_jobs
2024-W14,microservices,27.2,linkedin_jobs
2024-W15,microservices,22.9,linkedin_jobs
2024-W16,microservices,23.7,linkedin_jobs
2024-W17,microservices,25.7,linkedin_jobs
2024-W18,microservices,22.2,linkedin_jobs
2024-W19,microservices,24.0,linkedin_jobs
2024-W20,microservices,23.1,linkedin_jobs
2024-W21,microservices,30.1,linkedin_jobs
2024-W22,microservices,24.1,linkedin_jobs
2024-W23,microservices,27.2,linkedin_jobs
2024-W24,microservices,27.5,linkedin_jobs
2024-W25,microservices,29.3,linkedin_jobs
2024-W26,microservices,26.8,linkedin_jobs
2024-W27,microservices,27.7,linkedin_jobs
2024-W28,microservices,28.5,linkedin_jobs
2024-W29,microservices,26.1,linkedin_jobs
2024-W30,microservices,25.7,linkedin_jobs
2024-W31,microservices,24.0,linkedin_jobs
2024-W32,microservices,25.8,linkedin_jobs
2024-W33,microservices,23.4,linkedin_jobs
2024-W34,microservices,25.8,linkedin_jobs
2024-W35,microservices,25.8,linkedin_jobs
2024-W36,microservices,25.2,linkedin_jobs
2024-W37,microservices,29.9,linkedin_jobs
2024-W38,microservices,29.8,linkedin_jobs
2024-W39,microservices,28.8,linkedin_jobs
2024-W40,microservices,25.9,linkedin_jobs
2024-W41,microservices,24.8,linkedin_jobs
2024-W42,microservices,28.7,linkedin_jobs
2024-W43,microservices,23.2,linkedin_jobs
2024-W44,microservices,26.8,linkedin_jobs
2024-W45,microservices,26.5,linkedin_jobs
2024-W46,microservices,29.4,linkedin_jobs
2024-W47,microservices,24.9,linkedin_jobs
2024-W48,microservices,27.8,linkedin_jobs
2024-W49,microservices,33.5,linkedin_jobs
2024-W50,microservices,29.3,linkedin_jobs
2024-W51,microservices,27.8,linkedin_jobs
2024-W52,microservices,28.2,linkedin_jobs
2024-W53,microservices,29.4,linkedin_jobs
2025-W01,microservices,28.8,linkedin_jobs
2025-W02,microservices,32.0,linkedin_jobs
2025-W03,microservices,29.6,linkedin_jobs
2025-W04,microservices,31.2,linkedin_jobs
2025-W05,microservices,28.4,linkedin_jobs
2025-W06,microservices,28.2,linkedin_jobs
2025-W07,microservices,25.7,linkedin_jobs
2025-W08,microservices,28.0,linkedin_jobs
2025-W09,microservices,28.5,linkedin_jobs
2025-W10,microservices,28.3,linkedin_jobs
2025-W11,microservices,33.3,linkedin_jobs
2025-W12,microservices,33.0,linkedin_jobs
2025-W13,microservices,28.6,linkedin_jobs
2025-W14,microservices,33.9,linkedin_jobs
2025-W15,microservices,32.9,linkedin_jobs
2025-W16,microservices,32.5,linkedin_jobs
2025-W17,microservices,24.2,linkedin_jobs
2025-W18,microservices,25.2,linkedin_jobs
2025-W19,microservices,25.3,linkedin_jobs
2025-W20,microservices,27.5,linkedin_jobs
2025-W21,microservices,27.2,linkedin_jobs
2025-W22,microservices,24.2,linkedin_jobs
2025-W23,microservices,31.7,linkedin_jobs
2025-W24,microservices,24.5,linkedin_jobs
2025-W25,microservices,27.5,linkedin_jobs
2025-W26,microservices,27.1,linkedin_jobs
2025-W27,microservices,27.0,linkedin_jobs
2025-W28,microservices,30.1,linkedin_jobs
2025-W29,microservices,30.6,linkedin_jobs
2025-W30,microservices,29.3,linkedin_jobs
2025-W31,microservices,28.1,linkedin_jobs
2025-W32,microservices,30.9,linkedin_jobs
2025-W33,microservices,30.1,linkedin_jobs
2025-W34,microservices,26.2,linkedin_jobs
2025-W35,microservices,28.6,linkedin_jobs
2025-W36,microservices,25.3,linkedin_jobs
2025-W37,microservices,27.9,linkedin_jobs
2025-W38,microservices,29.6,linkedin_jobs
2025-W39,microservices,28.6,linkedin_jobs
2025-W40,microservices,29.7,linkedin_jobs
2025-W41,microservices,24.7,linkedin_jobs
2025-W42,microservices,26.1,linkedin_jobs
2025-W43,microservices,30.4,linkedin_jobs
2025-W44,microservices,33.5,linkedin_jobs
2025-W45,microservices,29.5,linkedin_jobs
2025-W46,microservices,28.2,linkedin_jobs
2025-W47,microservices,28.7,linkedin_jobs
2025-W48,microservices,29.5,linkedin_jobs
2025-W49,microservices,32.7,linkedin_jobs
2025-W50,microservices,29.2,linkedin_jobs
2025-W51,microservices,33.0,linkedin_jobs
2025-W52,microservices,29.3,linkedin_jobs
2026-W01,microservices,30.2,linkedin_jobs
2026-W02,microservices,31.0,linkedin_jobs
2026-W03,microservices,35.0,linkedin_jobs
2026-W04,microservices,33.7,linkedin_jobs
2026-W05,microservices,34.1,linkedin_jobs
2026-W06,microservices,31.2,linkedin_jobs
2026-W07,microservices,30.1,linkedin_jobs
2026-W08,microservices,34.3,linkedin_jobs
2026-W09,microservices,30.3,linkedin_jobs
2026-W10,microservices,27.1,linkedin_jobs
2026-W11,microservices,31.1,linkedin_jobs
2026-W12,microservices,34.8,linkedin_jobs
2026-W13,microservices,30.2,linkedin_jobs
2026-W14,microservices,33.1,linkedin_jobs
2026-W15,microservices,31.6,linkedin_jobs
2026-W16,microservices,38.8,linkedin_jobs
2026-W17,microservices,30.5,linkedin_jobs
2026-W18,microservices,36.3,linkedin_jobs
2026-W19,microservices,25.4,linkedin_jobs
2026-W20,microservices,33.5,linkedin_jobs
2026-W21,microservices,29.7,linkedin_jobs
2026-W22,microservices,34.9,linkedin_jobs
2026-W23,microservices,32.9,linkedin_jobs
2026-W24,microservices,29.0,linkedin_jobs
2026-W25,microservices,33.9,linkedin_jobs
2024-W01,agile,35.7,linkedin_jobs
2024-W02,agile,34.1,linkedin_jobs
2024-W03,agile,27.4,linkedin_jobs
2024-W04,agile,33.2,linkedin_jobs
2024-W05,agile,26.6,linkedin_jobs
2024-W06,agile,27.4,linkedin_jobs
2024-W07,agile,30.4,linkedin_jobs
2024-W08,agile,28.3,linkedin_jobs
2024-W09,agile,30.8,linkedin_jobs
2024-W10,agile,31.9,linkedin_jobs
2024-W11,agile,31.8,linkedin_jobs
2024-W12,agile,35.7,linkedin_jobs
2024-W13,agile,27.4,linkedin_jobs
2024-W14,agile,29.8,linkedin_jobs
2024-W15,agile,36.1,linkedin_jobs
2024-W16,agile,31.1,linkedin_jobs
2024-W17,agile,29.4,linkedin_jobs
2024-W18,agile,33.0,linkedin_jobs
2024-W19,agile,33.8,linkedin_jobs
2024-W20,agile,26.1,linkedin_jobs
2024-W21,agile,32.3,linkedin_jobs
2024-W22,agile,22.9,linkedin_jobs
2024-W23,agile,32.1,linkedin_jobs
2024-W24,agile,36.0,linkedin_jobs
2024-W25,agile,28.8,linkedin_jobs
2024-W26,agile,33.3,linkedin_jobs
2024-W27,agile,27.8,linkedin_jobs
2024-W28,agile,28.3,linkedin_jobs
2024-W29,agile,28.4,linkedin_jobs
2024-W30,agile,28.9,linkedin_jobs
2024-W31,agile,26.2,linkedin_jobs
2024-W32,agile,32.4,linkedin_jobs
2024-W33,agile,31.4,linkedin_jobs
2024-W34,agile,30.0,linkedin_jobs
2024-W35,agile,30.7,linkedin_jobs
2024-W36,agile,30.7,linkedin_jobs
2024-W37,agile,31.0,linkedin_jobs
2024-W38,agile,26.8,linkedin_jobs
2024-W39,agile,29.2,linkedin_jobs
2024-W40,agile,26.1,linkedin_jobs
2024-W41,agile,28.4,linkedin_jobs
2024-W42,agile,31.0,linkedin_jobs
2024-W43,agile,25.1,linkedin_jobs
2024-W44,agile,33.2,linkedin_jobs
2024-W45,agile,28.7,linkedin_jobs
2024-W46,agile,29.7,linkedin_jobs
2024-W47,agile,30.9,linkedin_jobs
2024-W48,agile,34.4,linkedin_jobs
2024-W49,agile,33.0,linkedin_jobs
2024-W50,agile,28.1,linkedin_jobs
2024-W51,agile,28.4,linkedin_jobs
2024-W52,agile,30.3,linkedin_jobs
2024-W53,agile,29.6,linkedin_jobs
2025-W01,agile,27.8,linkedin_jobs
2025-W02,agile,25.9,linkedin_jobs
2025-W03,agile,32.3,linkedin_jobs
2025-W04,agile,32.7,linkedin_jobs
2025-W05,agile,32.3,linkedin_jobs
2025-W06,agile,34.2,linkedin_jobs
2025-W07,agile,30.3,linkedin_jobs
2025-W08,agile,25.4,linkedin_jobs
2025-W09,agile,34.1,linkedin_jobs
2025-W10,agile,36.7,linkedin_jobs
2025-W11,agile,30.6,linkedin_jobs
2025-W12,agile,24.2,linkedin_jobs
2025-W13,agile,27.4,linkedin_jobs
2025-W14,agile,25.6,linkedin_jobs
2025-W15,agile,26.1,linkedin_jobs
2025-W16,agile,26.2,linkedin_jobs
2025-W17,agile,31.5,linkedin_jobs
2025-W18,agile,33.3,linkedin_jobs
2025-W19,agile,33.2,linkedin_jobs
2025-W20,agile,23.1,linkedin_jobs
2025-W21,agile,26.8,linkedin_jobs
2025-W22,agile,28.3,linkedin_jobs
2025-W23,agile,33.1,linkedin_jobs
2025-W24,agile,29.3,linkedin_jobs
2025-W25,agile,25.8,linkedin_jobs
2025-W26,agile,31.0,linkedin_jobs
2025-W27,agile,25.5,linkedin_jobs
2025-W28,agile,30.3,linkedin_jobs
2025-W29,agile,34.2,linkedin_jobs
2025-W30,agile,32.8,linkedin_jobs
2025-W31,agile,28.9,linkedin_jobs
2025-W32,agile,30.9,linkedin_jobs
2025-W33,agile,29.9,linkedin_jobs
2025-W34,agile,27.3,linkedin_jobs
2025-W35,agile,28.4,linkedin_jobs
2025-W36,agile,29.3,linkedin_jobs
2025-W37,agile,24.0,linkedin_jobs
2025-W38,agile,31.7,linkedin_jobs
2025-W39,agile,29.4,linkedin_jobs
2025-W40,agile,29.1,linkedin_jobs
2025-W41,agile,29.4,linkedin_jobs
2025-W42,agile,26.4,linkedin_jobs
2025-W43,agile,33.3,linkedin_jobs
2025-W44,agile,31.1,linkedin_jobs
2025-W45,agile,29.5,linkedin_jobs
2025-W46,agile,28.5,linkedin_jobs
2025-W47,agile,27.4,linkedin_jobs
2025-W48,agile,31.3,linkedin_jobs
2025-W49,agile,31.8,linkedin_jobs
2025-W50,agile,35.6,linkedin_jobs
2025-W51,agile,27.2,linkedin_jobs
2025-W52,agile,32.2,linkedin_jobs
2026-W01,agile,22.8,linkedin_jobs
2026-W02,agile,28.5,linkedin_jobs
2026-W03,agile,28.7,linkedin_jobs
2026-W04,agile,27.4,linkedin_jobs
2026-W05,agile,31.0,linkedin_jobs
2026-W06,agile,29.8,linkedin_jobs
2026-W07,agile,31.1,linkedin_jobs
2026-W08,agile,29.8,linkedin_jobs
2026-W09,agile,26.9,linkedin_jobs
2026-W10,agile,28.0,linkedin_jobs
2026-W11,agile,24.5,linkedin_jobs
2026-W12,agile,25.1,linkedin_jobs
2026-W13,agile,32.3,linkedin_jobs
2026-W14,agile,25.0,linkedin_jobs
2026-W15,agile,26.5,linkedin_jobs
2026-W16,agile,31.3,linkedin_jobs
2026-W17,agile,27.4,linkedin_jobs
2026-W18,agile,26.8,linkedin_jobs
2026-W19,agile,26.0,linkedin_jobs
2026-W20,agile,28.7,linkedin_jobs
2026-W21,agile,26.3,linkedin_jobs
2026-W22,agile,22.9,linkedin_jobs
2026-W23,agile,25.6,linkedin_jobs
2026-W24,agile,31.2,linkedin_jobs
2026-W25,agile,27.1,linkedin_jobs
2026-W26,python,94.0,linkedin_jobs
2026-W26,java,51.0,linkedin_jobs
2026-W26,javascript,62.5,linkedin_jobs
2026-W26,typescript,71.2,linkedin_jobs
2026-W26,go,50.3,linkedin_jobs
2026-W26,rust,22.8,linkedin_jobs
2026-W26,php,15.2,linkedin_jobs
2026-W26,csharp,37.0,linkedin_jobs
2026-W26,cpp,14.1,linkedin_jobs
2026-W26,kotlin,12.9,linkedin_jobs
2026-W26,swift,13.4,linkedin_jobs
2026-W26,ruby,13.5,linkedin_jobs
2026-W26,scala,9.1,linkedin_jobs
2026-W26,dart,18.4,linkedin_jobs
2026-W26,react,64.9,linkedin_jobs
2026-W26,angular,24.1,linkedin_jobs
2026-W26,vue,19.0,linkedin_jobs
2026-W26,next.js,42.2,linkedin_jobs
2026-W26,svelte,18.4,linkedin_jobs
2026-W26,tailwind,45.4,linkedin_jobs
2026-W26,graphql,27.8,linkedin_jobs
2026-W26,nodejs,46.9,linkedin_jobs
2026-W26,django,21.0,linkedin_jobs
2026-W26,flask,16.1,linkedin_jobs
2026-W26,fastapi,56.6,linkedin_jobs
2026-W26,spring,26.0,linkedin_jobs
2026-W26,dotnet,37.5,linkedin_jobs
2026-W26,laravel,22.5,linkedin_jobs
2026-W26,aws,79.4,linkedin_jobs
2026-W26,azure,54.6,linkedin_jobs
2026-W26,google cloud,43.1,linkedin_jobs
2026-W26,docker,63.0,linkedin_jobs
2026-W26,kubernetes,44.8,linkedin_jobs
2026-W26,terraform,34.3,linkedin_jobs
2026-W26,postgresql,46.6,linkedin_jobs
2026-W26,mysql,43.2,linkedin_jobs
2026-W26,mongodb,30.1,linkedin_jobs
2026-W26,redis,30.7,linkedin_jobs
2026-W26,elasticsearch,25.7,linkedin_jobs
2026-W26,machine learning,96.4,linkedin_jobs
2026-W26,deep learning,56.3,linkedin_jobs
2026-W26,data science,62.2,linkedin_jobs
2026-W26,data engineering,54.6,linkedin_jobs
2026-W26,tensorflow,30.5,linkedin_jobs
2026-W26,pytorch,52.6,linkedin_jobs
2026-W26,scikit-learn,21.6,linkedin_jobs
2026-W26,llm,99.6,linkedin_jobs
2026-W26,langchain,51.6,linkedin_jobs
2026-W26,flutter,34.5,linkedin_jobs
2026-W26,react native,22.6,linkedin_jobs
2026-W26,android,21.8,linkedin_jobs
2026-W26,ios,17.9,linkedin_jobs
2026-W26,devops,66.9,linkedin_jobs
2026-W26,cybersecurity,65.7,linkedin_jobs
2026-W26,blockchain,17.5,linkedin_jobs
2026-W26,microservices,34.3,linkedin_jobs
2026-W26,agile,24.7,linkedin_jobs
2026-W27,python,92.0,linkedin_jobs
2026-W27,java,54.4,linkedin_jobs
2026-W27,javascript,53.6,linkedin_jobs
2026-W27,typescript,61.0,linkedin_jobs
2026-W27,go,52.7,linkedin_jobs
2026-W27,rust,21.5,linkedin_jobs
2026-W27,php,12.6,linkedin_jobs
2026-W27,csharp,37.2,linkedin_jobs
2026-W27,cpp,12.9,linkedin_jobs
2026-W27,kotlin,11.2,linkedin_jobs
2026-W27,swift,13.4,linkedin_jobs
2026-W27,ruby,14.9,linkedin_jobs
2026-W27,scala,10.6,linkedin_jobs
2026-W27,dart,21.0,linkedin_jobs
2026-W27,react,56.3,linkedin_jobs
2026-W27,angular,20.8,linkedin_jobs
2026-W27,vue,17.0,linkedin_jobs
2026-W27,next.js,39.9,linkedin_jobs
2026-W27,svelte,22.1,linkedin_jobs
2026-W27,tailwind,45.4,linkedin_jobs
2026-W27,graphql,31.4,linkedin_jobs
2026-W27,nodejs,45.4,linkedin_jobs
2026-W27,django,22.5,linkedin_jobs
2026-W27,flask,18.6,linkedin_jobs
2026-W27,fastapi,51.7,linkedin_jobs
2026-W27,spring,27.2,linkedin_jobs
2026-W27,dotnet,39.6,linkedin_jobs
2026-W27,laravel,21.6,linkedin_jobs
2026-W27,aws,80.1,linkedin_jobs
2026-W27,azure,50.0,linkedin_jobs
2026-W27,google cloud,49.6,linkedin_jobs
2026-W27,docker,56.5,linkedin_jobs
2026-W27,kubernetes,45.3,linkedin_jobs
2026-W27,terraform,37.6,linkedin_jobs
2026-W27,postgresql,52.9,linkedin_jobs
2026-W27,mysql,48.1,linkedin_jobs
2026-W27,mongodb,27.9,linkedin_jobs
2026-W27,redis,32.6,linkedin_jobs
2026-W27,elasticsearch,27.4,linkedin_jobs
2026-W27,machine learning,95.3,linkedin_jobs
2026-W27,deep learning,68.8,linkedin_jobs
2026-W27,data science,66.1,linkedin_jobs
2026-W27,data engineering,54.6,linkedin_jobs
2026-W27,tensorflow,26.8,linkedin_jobs
2026-W27,pytorch,47.3,linkedin_jobs
2026-W27,scikit-learn,23.5,linkedin_jobs
2026-W27,llm,100.0,linkedin_jobs
2026-W27,langchain,54.6,linkedin_jobs
2026-W27,flutter,37.8,linkedin_jobs
2026-W27,react native,22.5,linkedin_jobs
2026-W27,android,25.6,linkedin_jobs
2026-W27,ios,16.0,linkedin_jobs
2026-W27,devops,76.5,linkedin_jobs
2026-W27,cybersecurity,62.8,linkedin_jobs
2026-W27,blockchain,21.5,linkedin_jobs
2026-W27,microservices,26.7,linkedin_jobs
2026-W27,agile,22.4,linkedin_jobs
