week,skill,trend_index,source
2024-W01,python,62.0,google_trends_global
2024-W02,python,59.6,google_trends_global
2024-W03,python,63.0,google_trends_global
2024-W04,python,66.7,google_trends_global
2024-W05,python,59.8,google_trends_global
2024-W06,python,60.0,google_trends_global
2024-W07,python,67.5,google_trends_global
2024-W08,python,64.4,google_trends_global
2024-W09,python,59.7,google_trends_global
2024-W10,python,63.9,google_trends_global
2024-W11,python,60.1,google_trends_global
2024-W12,python,60.3,google_trends_global
2024-W13,python,63.3,google_trends_global
2024-W14,python,54.9,google_trends_global
2024-W15,python,55.8,google_trends_global
2024-W16,python,60.7,google_trends_global
2024-W17,python,59.0,google_trends_global
2024-W18,python,64.6,google_trends_global
2024-W19,python,59.9,google_trends_global
2024-W20,python,58.0,google_trends_global
2024-W21,python,69.7,google_trends_global
2024-W22,python,63.2,google_trends_global
2024-W23,python,64.5,google_trends_global
2024-W24,python,58.8,google_trends_global
2024-W25,python,62.5,google_trends_global
2024-W26,python,65.3,google_trends_global
2024-W27,python,60.4,google_trends_global
2024-W28,python,66.7,google_trends_global
2024-W29,python,63.0,google_trends_global
2024-W30,python,64.5,google_trends_global
2024-W31,python,63.4,google_trends_global
2024-W32,python,73.4,google_trends_global
2024-W33,python,66.1,google_trends_global
2024-W34,python,62.2,google_trends_global
2024-W35,python,69.9,google_trends_global
2024-W36,python,61.9,google_trends_global
2024-W37,python,67.8,google_trends_global
2024-W38,python,59.3,google_trends_global
2024-W39,python,62.1,google_trends_global
2024-W40,python,68.3,google_trends_global
2024-W41,python,70.7,google_trends_global
2024-W42,python,68.6,google_trends_global
2024-W43,python,67.7,google_trends_global
2024-W44,python,67.1,google_trends_global
2024-W45,python,62.6,google_trends_global
2024-W46,python,65.8,google_trends_global
2024-W47,python,67.1,google_trends_global
2024-W48,python,73.3,google_trends_global
2024-W49,python,70.7,google_trends_global
2024-W50,python,62.4,google_trends_global
2024-W51,python,71.0,google_trends_global
2024-W52,python,68.3,google_trends_global
2024-W53,python,67.4,google_trends_global
2025-W01,python,72.7,google_trends_global
2025-W02,python,74.6,google_trends_global
2025-W03,python,74.4,google_trends_global
2025-W04,python,67.5,google_trends_global
2025-W05,python,69.8,google_trends_global
2025-W06,python,72.6,google_trends_global
2025-W07,python,75.3,google_trends_global
2025-W08,python,69.7,google_trends_global
2025-W09,python,71.1,google_trends_global
2025-W10,python,67.6,google_trends_global
2025-W11,python,67.4,google_trends_global
2025-W12,python,75.7,google_trends_global
2025-W13,python,78.0,google_trends_global
2025-W14,python,72.5,google_trends_global
2025-W15,python,77.0,google_trends_global
2025-W16,python,74.6,google_trends_global
2025-W17,python,70.8,google_trends_global
2025-W18,python,75.0,google_trends_global
2025-W19,python,79.9,google_trends_global
2025-W20,python,73.8,google_trends_global
2025-W21,python,80.4,google_trends_global
2025-W22,python,63.9,google_trends_global
2025-W23,python,77.8,google_trends_global
2025-W24,python,75.1,google_trends_global
2025-W25,python,73.7,google_trends_global
2025-W26,python,75.5,google_trends_global
2025-W27,python,67.4,google_trends_global
2025-W28,python,74.6,google_trends_global
2025-W29,python,77.1,google_trends_global
2025-W30,python,81.8,google_trends_global
2025-W31,python,74.0,google_trends_global
2025-W32,python,73.0,google_trends_global
2025-W33,python,74.5,google_trends_global
2025-W34,python,80.3,google_trends_global
2025-W35,python,78.2,google_trends_global
2025-W36,python,74.9,google_trends_global
2025-W37,python,79.3,google_trends_global
2025-W38,python,77.8,google_trends_global
2025-W39,python,81.5,google_trends_global
2025-W40,python,75.0,google_trends_global
2025-W41,python,76.7,google_trends_global
2025-W42,python,76.6,google_trends_global
2025-W43,python,72.6,google_trends_global
2025-W44,python,79.8,google_trends_global
2025-W45,python,79.8,google_trends_global
2025-W46,python,79.0,google_trends_global
2025-W47,python,78.2,google_trends_global
2025-W48,python,73.7,google_trends_global
2025-W49,python,77.9,google_trends_global
2025-W50,python,78.4,google_trends_global
2025-W51,python,76.8,google_trends_global
2025-W52,python,79.5,google_trends_global
2026-W01,python,82.0,google_trends_global
2026-W02,python,88.1,google_trends_global
2026-W03,python,81.4,google_trends_global
2026-W04,python,82.0,google_trends_global
2026-W05,python,80.8,google_trends_global
2026-W06,python,73.6,google_trends_global
2026-W07,python,81.4,google_trends_global
2026-W08,python,81.9,google_trends_global
2026-W09,python,91.8,google_trends_global
2026-W10,python,81.3,google_trends_global
2026-W11,python,83.5,google_trends_global
2026-W12,python,82.3,google_trends_global
2026-W13,python,78.0,google_trends_global
2026-W14,python,87.4,google_trends_global
2026-W15,python,86.1,google_trends_global
2026-W16,python,86.4,google_trends_global
2026-W17,python,79.8,google_trends_global
2026-W18,python,89.3,google_trends_global
2026-W19,python,78.2,google_trends_global
2026-W20,python,86.4,google_trends_global
2026-W21,python,93.0,google_trends_global
2026-W22,python,80.5,google_trends_global
2026-W23,python,82.3,google_trends_global
2026-W24,python,85.2,google_trends_global
2026-W25,python,83.0,google_trends_global
2024-W01,java,48.8,google_trends_global
2024-W02,java,55.2,google_trends_global
2024-W03,java,50.7,google_trends_global
2024-W04,java,56.8,google_trends_global
2024-W05,java,51.2,google_trends_global
2024-W06,java,61.0,google_trends_global
2024-W07,java,51.6,google_trends_global
2024-W08,java,53.4,google_trends_global
2024-W09,java,57.9,google_trends_global
2024-W10,java,49.7,google_trends_global
2024-W11,java,55.5,google_trends_global
2024-W12,java,59.8,google_trends_global
2024-W13,java,48.1,google_trends_global
2024-W14,java,55.2,google_trends_global
2024-W15,java,55.5,google_trends_global
2024-W16,java,57.5,google_trends_global
2024-W17,java,49.4,google_trends_global
2024-W18,java,49.1,google_trends_global
2024-W19,java,56.4,google_trends_global
2024-W20,java,55.5,google_trends_global
2024-W21,java,55.2,google_trends_global
2024-W22,java,55.6,google_trends_global
2024-W23,java,51.4,google_trends_global
2024-W24,java,55.0,google_trends_global
2024-W25,java,55.2,google_trends_global
2024-W26,java,51.2,google_trends_global
2024-W27,java,61.5,google_trends_global
2024-W28,java,55.8,google_trends_global
2024-W29,java,49.1,google_trends_global
2024-W30,java,56.5,google_trends_global
2024-W31,java,49.9,google_trends_global
2024-W32,java,56.9,google_trends_global
2024-W33,java,58.4,google_trends_global
2024-W34,java,50.4,google_trends_global
2024-W35,java,57.5,google_trends_global
2024-W36,java,55.3,google_trends_global
2024-W37,java,56.9,google_trends_global
2024-W38,java,61.2,google_trends_global
2024-W39,java,52.5,google_trends_global
2024-W40,java,50.5,google_trends_global
2024-W41,java,49.9,google_trends_global
2024-W42,java,50.1,google_trends_global
2024-W43,java,53.1,google_trends_global
2024-W44,java,54.7,google_trends_global
2024-W45,java,54.4,google_trends_global
2024-W46,java,56.6,google_trends_global
2024-W47,java,53.3,google_trends_global
2024-W48,java,59.0,google_trends_global
2024-W49,java,52.1,google_trends_global
2024-W50,java,64.0,google_trends_global
2024-W51,java,55.6,google_trends_global
2024-W52,java,49.6,google_trends_global
2024-W53,java,48.7,google_trends_global
2025-W01,java,54.9,google_trends_global
2025-W02,java,52.0,google_trends_global
2025-W03,java,55.7,google_trends_global
2025-W04,java,54.7,google_trends_global
2025-W05,java,52.5,google_trends_global
2025-W06,java,49.4,google_trends_global
2025-W07,java,46.7,google_trends_global
2025-W08,java,50.9,google_trends_global
2025-W09,java,56.1,google_trends_global
2025-W10,java,53.5,google_trends_global
2025-W11,java,47.6,google_trends_global
2025-W12,java,53.2,google_trends_global
2025-W13,java,54.0,google_trends_global
2025-W14,java,48.9,google_trends_global
2025-W15,java,53.0,google_trends_global
2025-W16,java,52.6,google_trends_global
2025-W17,java,47.8,google_trends_global
2025-W18,java,53.7,google_trends_global
2025-W19,java,54.5,google_trends_global
2025-W20,java,56.5,google_trends_global
2025-W21,java,56.4,google_trends_global
2025-W22,java,46.6,google_trends_global
2025-W23,java,48.3,google_trends_global
2025-W24,java,54.1,google_trends_global
2025-W25,java,54.1,google_trends_global
2025-W26,java,54.0,google_trends_global
2025-W27,java,67.3,google_trends_global
2025-W28,java,54.2,google_trends_global
2025-W29,java,56.4,google_trends_global
2025-W30,java,55.6,google_trends_global
2025-W31,java,54.4,google_trends_global
2025-W32,java,50.5,google_trends_global
2025-W33,java,54.7,google_trends_global
2025-W34,java,48.6,google_trends_global
2025-W35,java,50.7,google_trends_global
2025-W36,java,49.6,google_trends_global
2025-W37,java,51.9,google_trends_global
2025-W38,java,60.8,google_trends_global
2025-W39,java,44.0,google_trends_global
2025-W40,java,54.2,google_trends_global
2025-W41,java,44.9,google_trends_global
2025-W42,java,49.5,google_trends_global
2025-W43,java,55.7,google_trends_global
2025-W44,java,51.5,google_trends_global
2025-W45,java,46.9,google_trends_global
2025-W46,java,48.3,google_trends_global
2025-W47,java,53.9,google_trends_global
2025-W48,java,48.2,google_trends_global
2025-W49,java,52.0,google_trends_global
2025-W50,java,51.2,google_trends_global
2025-W51,java,48.4,google_trends_global
2025-W52,java,59.5,google_trends_global
2026-W01,java,53.5,google_trends_global
2026-W02,java,42.8,google_trends_global
2026-W03,java,51.6,google_trends_global
2026-W04,java,48.2,google_trends_global
2026-W05,java,54.2,google_trends_global
2026-W06,java,47.6,google_trends_global
2026-W07,java,50.2,google_trends_global
2026-W08,java,52.7,google_trends_global
2026-W09,java,54.1,google_trends_global
2026-W10,java,45.8,google_trends_global
2026-W11,java,49.2,google_trends_global
2026-W12,java,48.6,google_trends_global
2026-W13,java,47.9,google_trends_global
2026-W14,java,57.5,google_trends_global
2026-W15,java,52.0,google_trends_global
2026-W16,java,45.3,google_trends_global
2026-W17,java,54.0,google_trends_global
2026-W18,java,58.8,google_trends_global
2026-W19,java,54.4,google_trends_global
2026-W20,java,44.1,google_trends_global
2026-W21,java,48.2,google_trends_global
2026-W22,java,55.2,google_trends_global
2026-W23,java,47.2,google_trends_global
2026-W24,java,51.8,google_trends_global
2026-W25,java,53.1,google_trends_global
2024-W01,javascript,64.3,google_trends_global
2024-W02,javascript,67.7,google_trends_global
2024-W03,javascript,54.9,google_trends_global
2024-W04,javascript,63.8,google_trends_global
2024-W05,javascript,66.8,google_trends_global
2024-W06,javascript,62.8,google_trends_global
2024-W07,javascript,74.3,google_trends_global
2024-W08,javascript,62.0,google_trends_global
2024-W09,javascript,65.9,google_trends_global
2024-W10,javascript,68.1,google_trends_global
2024-W11,javascript,73.3,google_trends_global
2024-W12,javascript,61.7,google_trends_global
2024-W13,javascript,72.1,google_trends_global
2024-W14,javascript,67.4,google_trends_global
2024-W15,javascript,63.4,google_trends_global
2024-W16,javascript,69.2,google_trends_global
2024-W17,javascript,68.1,google_trends_global
2024-W18,javascript,64.8,google_trends_global
2024-W19,javascript,67.4,google_trends_global
2024-W20,javascript,65.6,google_trends_global
2024-W21,javascript,67.5,google_trends_global
2024-W22,javascript,69.7,google_trends_global
2024-W23,javascript,73.3,google_trends_global
2024-W24,javascript,62.0,google_trends_global
2024-W25,javascript,75.4,google_trends_global
2024-W26,javascript,59.0,google_trends_global
2024-W27,javascript,66.2,google_trends_global
2024-W28,javascript,69.1,google_trends_global
2024-W29,javascript,67.8,google_trends_global
2024-W30,javascript,64.2,google_trends_global
2024-W31,javascript,65.8,google_trends_global
2024-W32,javascript,64.6,google_trends_global
2024-W33,javascript,64.2,google_trends_global
2024-W34,javascript,69.9,google_trends_global
2024-W35,javascript,67.8,google_trends_global
2024-W36,javascript,63.6,google_trends_global
2024-W37,javascript,69.9,google_trends_global
2024-W38,javascript,67.5,google_trends_global
2024-W39,javascript,69.5,google_trends_global
2024-W40,javascript,68.7,google_trends_global
2024-W41,javascript,62.8,google_trends_global
2024-W42,javascript,63.9,google_trends_global
2024-W43,javascript,69.0,google_trends_global
2024-W44,javascript,68.4,google_trends_global
2024-W45,javascript,65.9,google_trends_global
2024-W46,javascript,66.4,google_trends_global
2024-W47,javascript,71.0,google_trends_global
2024-W48,javascript,63.4,google_trends_global
2024-W49,javascript,68.0,google_trends_global
2024-W50,javascript,64.9,google_trends_global
2024-W51,javascript,64.8,google_trends_global
2024-W52,javascript,70.0,google_trends_global
2024-W53,javascript,68.9,google_trends_global
2025-W01,javascript,68.8,google_trends_global
2025-W02,javascript,70.7,google_trends_global
2025-W03,javascript,65.5,google_trends_global
2025-W04,javascript,68.1,google_trends_global
2025-W05,javascript,64.1,google_trends_global
2025-W06,javascript,66.6,google_trends_global
2025-W07,javascript,64.7,google_trends_global
2025-W08,javascript,65.6,google_trends_global
2025-W09,javascript,67.5,google_trends_global
2025-W10,javascript,61.8,google_trends_global
2025-W11,javascript,73.4,google_trends_global
2025-W12,javascript,61.0,google_trends_global
2025-W13,javascript,60.1,google_trends_global
2025-W14,javascript,69.6,google_trends_global
2025-W15,javascript,68.1,google_trends_global
2025-W16,javascript,67.3,google_trends_global
2025-W17,javascript,67.3,google_trends_global
2025-W18,javascript,64.7,google_trends_global
2025-W19,javascript,61.1,google_trends_global
2025-W20,javascript,65.0,google_trends_global
2025-W21,javascript,61.9,google_trends_global
2025-W22,javascript,68.5,google_trends_global
2025-W23,javascript,63.9,google_trends_global
2025-W24,javascript,61.2,google_trends_global
2025-W25,javascript,63.1,google_trends_global
2025-W26,javascript,66.0,google_trends_global
2025-W27,javascript,62.1,google_trends_global
2025-W28,javascript,61.0,google_trends_global
2025-W29,javascript,65.2,google_trends_global
2025-W30,javascript,65.2,google_trends_global
2025-W31,javascript,62.1,google_trends_global
2025-W32,javascript,62.2,google_trends_global
2025-W33,javascript,65.0,google_trends_global
2025-W34,javascript,58.2,google_trends_global
2025-W35,javascript,58.3,google_trends_global
2025-W36,javascript,61.0,google_trends_global
2025-W37,javascript,63.0,google_trends_global
2025-W38,javascript,65.1,google_trends_global
2025-W39,javascript,69.7,google_trends_global
2025-W40,javascript,67.2,google_trends_global
2025-W41,javascript,63.0,google_trends_global
2025-W42,javascript,63.6,google_trends_global
2025-W43,javascript,59.6,google_trends_global
2025-W44,javascript,63.5,google_trends_global
2025-W45,javascript,62.3,google_trends_global
2025-W46,javascript,64.7,google_trends_global
2025-W47,javascript,60.1,google_trends_global
2025-W48,javascript,65.4,google_trends_global
2025-W49,javascript,69.4,google_trends_global
2025-W50,javascript,62.8,google_trends_global
2025-W51,javascript,64.8,google_trends_global
2025-W52,javascript,65.9,google_trends_global
2026-W01,javascript,61.5,google_trends_global
2026-W02,javascript,64.0,google_trends_global
2026-W03,javascript,63.1,google_trends_global
2026-W04,javascript,63.4,google_trends_global
2026-W05,javascript,59.8,google_trends_global
2026-W06,javascript,63.0,google_trends_global
2026-W07,javascript,64.8,google_trends_global
2026-W08,javascript,68.6,google_trends_global
2026-W09,javascript,66.6,google_trends_global
2026-W10,javascript,71.3,google_trends_global
2026-W11,javascript,59.6,google_trends_global
2026-W12,javascript,66.1,google_trends_global
2026-W13,javascript,63.3,google_trends_global
2026-W14,javascript,71.3,google_trends_global
2026-W15,javascript,59.2,google_trends_global
2026-W16,javascript,59.1,google_trends_global
2026-W17,javascript,60.0,google_trends_global
2026-W18,javascript,53.8,google_trends_global
2026-W19,javascript,60.2,google_trends_global
2026-W20,javascript,59.2,google_trends_global
2026-W21,javascript,62.8,google_trends_global
2026-W22,javascript,63.5,google_trends_global
2026-W23,javascript,69.6,google_trends_global
2026-W24,javascript,65.8,google_trends_global
2026-W25,javascript,59.7,google_trends_global
2024-W01,typescript,28.4,google_trends_global
2024-W02,typescript,34.2,google_trends_global
2024-W03,typescript,27.1,google_trends_global
2024-W04,typescript,39.9,google_trends_global
2024-W05,typescript,37.5,google_trends_global
2024-W06,typescript,31.1,google_trends_global
2024-W07,typescript,26.4,google_trends_global
2024-W08,typescript,38.8,google_trends_global
2024-W09,typescript,33.2,google_trends_global
2024-W10,typescript,38.8,google_trends_global
2024-W11,typescript,27.6,google_trends_global
2024-W12,typescript,31.8,google_trends_global
2024-W13,typescript,34.4,google_trends_global
2024-W14,typescript,34.8,google_trends_global
2024-W15,typescript,33.0,google_trends_global
2024-W16,typescript,37.5,google_trends_global
2024-W17,typescript,31.0,google_trends_global
2024-W18,typescript,34.9,google_trends_global
2024-W19,typescript,36.1,google_trends_global
2024-W20,typescript,37.9,google_trends_global
2024-W21,typescript,38.9,google_trends_global
2024-W22,typescript,31.7,google_trends_global
2024-W23,typescript,30.3,google_trends_global
2024-W24,typescript,41.7,google_trends_global
2024-W25,typescript,38.2,google_trends_global
2024-W26,typescript,34.0,google_trends_global
2024-W27,typescript,43.4,google_trends_global
2024-W28,typescript,37.9,google_trends_global
2024-W29,typescript,42.4,google_trends_global
2024-W30,typescript,38.1,google_trends_global
2024-W31,typescript,46.3,google_trends_global
2024-W32,typescript,45.3,google_trends_global
2024-W33,typescript,37.5,google_trends_global
2024-W34,typescript,42.5,google_trends_global
2024-W35,typescript,41.4,google_trends_global
2024-W36,typescript,44.5,google_trends_global
2024-W37,typescript,35.4,google_trends_global
2024-W38,typescript,42.2,google_trends_global
2024-W39,typescript,43.9,google_trends_global
2024-W40,typescript,32.8,google_trends_global
2024-W41,typescript,35.3,google_trends_global
2024-W42,typescript,32.1,google_trends_global
2024-W43,typescript,39.4,google_trends_global
2024-W44,typescript,43.5,google_trends_global
2024-W45,typescript,46.9,google_trends_global
2024-W46,typescript,41.4,google_trends_global
2024-W47,typescript,47.8,google_trends_global
2024-W48,typescript,36.0,google_trends_global
2024-W49,typescript,34.9,google_trends_global
2024-W50,typescript,41.7,google_trends_global
2024-W51,typescript,43.6,google_trends_global
2024-W52,typescript,42.1,google_trends_global
2024-W53,typescript,34.2,google_trends_global
2025-W01,typescript,42.3,google_trends_global
2025-W02,typescript,37.7,google_trends_global
2025-W03,typescript,45.8,google_trends_global
2025-W04,typescript,44.8,google_trends_global
2025-W05,typescript,39.7,google_trends_global
2025-W06,typescript,41.6,google_trends_global
2025-W07,typescript,39.7,google_trends_global
2025-W08,typescript,43.8,google_trends_global
2025-W09,typescript,48.1,google_trends_global
2025-W10,typescript,40.6,google_trends_global
2025-W11,typescript,46.7,google_trends_global
2025-W12,typescript,42.8,google_trends_global
2025-W13,typescript,41.9,google_trends_global
2025-W14,typescript,44.9,google_trends_global
2025-W15,typescript,41.4,google_trends_global
2025-W16,typescript,43.5,google_trends_global
2025-W17,typescript,41.1,google_trends_global
2025-W18,typescript,54.0,google_trends_global
2025-W19,typescript,46.5,google_trends_global
2025-W20,typescript,43.7,google_trends_global
2025-W21,typescript,47.6,google_trends_global
2025-W22,typescript,46.5,google_trends_global
2025-W23,typescript,46.2,google_trends_global
2025-W24,typescript,49.8,google_trends_global
2025-W25,typescript,50.5,google_trends_global
2025-W26,typescript,45.6,google_trends_global
2025-W27,typescript,45.6,google_trends_global
2025-W28,typescript,47.0,google_trends_global
2025-W29,typescript,39.1,google_trends_global
2025-W30,typescript,42.5,google_trends_global
2025-W31,typescript,54.2,google_trends_global
2025-W32,typescript,55.5,google_trends_global
2025-W33,typescript,48.1,google_trends_global
2025-W34,typescript,51.6,google_trends_global
2025-W35,typescript,50.8,google_trends_global
2025-W36,typescript,62.1,google_trends_global
2025-W37,typescript,54.4,google_trends_global
2025-W38,typescript,49.6,google_trends_global
2025-W39,typescript,46.5,google_trends_global
2025-W40,typescript,44.1,google_trends_global
2025-W41,typescript,51.6,google_trends_global
2025-W42,typescript,47.9,google_trends_global
2025-W43,typescript,45.5,google_trends_global
2025-W44,typescript,48.8,google_trends_global
2025-W45,typescript,47.2,google_trends_global
2025-W46,typescript,58.5,google_trends_global
2025-W47,typescript,55.5,google_trends_global
2025-W48,typescript,52.1,google_trends_global
2025-W49,typescript,58.3,google_trends_global
2025-W50,typescript,52.9,google_trends_global
2025-W51,typescript,49.3,google_trends_global
2025-W52,typescript,59.1,google_trends_global
2026-W01,typescript,55.3,google_trends_global
2026-W02,typescript,49.2,google_trends_global
2026-W03,typescript,52.8,google_trends_global
2026-W04,typescript,50.3,google_trends_global
2026-W05,typescript,48.4,google_trends_global
2026-W06,typescript,57.9,google_trends_global
2026-W07,typescript,62.0,google_trends_global
2026-W08,typescript,49.0,google_trends_global
2026-W09,typescript,57.0,google_trends_global
2026-W10,typescript,52.4,google_trends_global
2026-W11,typescript,53.2,google_trends_global
2026-W12,typescript,53.0,google_trends_global
2026-W13,typescript,52.1,google_trends_global
2026-W14,typescript,56.0,google_trends_global
2026-W15,typescript,52.7,google_trends_global
2026-W16,typescript,57.3,google_trends_global
2026-W17,typescript,56.2,google_trends_global
2026-W18,typescript,55.6,google_trends_global
2026-W19,typescript,53.2,google_trends_global
2026-W20,typescript,54.7,google_trends_global
2026-W21,typescript,60.2,google_trends_global
2026-W22,typescript,59.4,google_trends_global
2026-W23,typescript,53.7,google_trends_global
2026-W24,typescript,58.2,google_trends_global
2026-W25,typescript,61.0,google_trends_global
2024-W01,go,17.3,google_trends_global
2024-W02,go,26.3,google_trends_global
2024-W03,go,21.6,google_trends_global
2024-W04,go,26.7,google_trends_global
2024-W05,go,21.4,google_trends_global
2024-W06,go,17.4,google_trends_global
2024-W07,go,18.2,google_trends_global
2024-W08,go,25.1,google_trends_global
2024-W09,go,26.0,google_trends_global
2024-W10,go,21.5,google_trends_global
2024-W11,go,27.8,google_trends_global
2024-W12,go,18.7,google_trends_global
2024-W13,go,25.2,google_trends_global
2024-W14,go,20.8,google_trends_global
2024-W15,go,23.1,google_trends_global
2024-W16,go,26.1,google_trends_global
2024-W17,go,22.5,google_trends_global
2024-W18,go,24.6,google_trends_global
2024-W19,go,30.3,google_trends_global
2024-W20,go,24.0,google_trends_global
2024-W21,go,29.8,google_trends_global
2024-W22,go,22.1,google_trends_global
2024-W23,go,28.8,google_trends_global
2024-W24,go,32.6,google_trends_global
2024-W25,go,17.1,google_trends_global
2024-W26,go,23.9,google_trends_global
2024-W27,go,29.5,google_trends_global
2024-W28,go,26.5,google_trends_global
2024-W29,go,29.0,google_trends_global
2024-W30,go,25.2,google_trends_global
2024-W31,go,28.1,google_trends_global
2024-W32,go,27.2,google_trends_global
2024-W33,go,32.6,google_trends_global
2024-W34,go,29.1,google_trends_global
2024-W35,go,29.6,google_trends_global
2024-W36,go,26.7,google_trends_global
2024-W37,go,26.5,google_trends_global
2024-W38,go,26.9,google_trends_global
2024-W39,go,30.3,google_trends_global
2024-W40,go,27.2,google_trends_global
2024-W41,go,30.1,google_trends_global
2024-W42,go,37.4,google_trends_global
2024-W43,go,32.7,google_trends_global
2024-W44,go,28.0,google_trends_global
2024-W45,go,34.3,google_trends_global
2024-W46,go,27.9,google_trends_global
2024-W47,go,21.6,google_trends_global
2024-W48,go,25.8,google_trends_global
2024-W49,go,22.5,google_trends_global
2024-W50,go,28.7,google_trends_global
2024-W51,go,30.3,google_trends_global
2024-W52,go,37.0,google_trends_global
2024-W53,go,31.8,google_trends_global
2025-W01,go,29.7,google_trends_global
2025-W02,go,34.0,google_trends_global
2025-W03,go,22.0,google_trends_global
2025-W04,go,31.9,google_trends_global
2025-W05,go,34.2,google_trends_global
2025-W06,go,25.3,google_trends_global
2025-W07,go,35.9,google_trends_global
2025-W08,go,32.8,google_trends_global
2025-W09,go,29.9,google_trends_global
2025-W10,go,34.2,google_trends_global
2025-W11,go,40.9,google_trends_global
2025-W12,go,32.7,google_trends_global
2025-W13,go,33.1,google_trends_global
2025-W14,go,30.3,google_trends_global
2025-W15,go,28.9,google_trends_global
2025-W16,go,35.8,google_trends_global
2025-W17,go,29.1,google_trends_global
2025-W18,go,33.0,google_trends_global
2025-W19,go,30.9,google_trends_global
2025-W20,go,34.8,google_trends_global
2025-W21,go,34.4,google_trends_global
2025-W22,go,37.3,google_trends_global
2025-W23,go,31.3,google_trends_global
2025-W24,go,32.3,google_trends_global
2025-W25,go,29.6,google_trends_global
2025-W26,go,31.9,google_trends_global
2025-W27,go,35.3,google_trends_global
2025-W28,go,37.0,google_trends_global
2025-W29,go,30.4,google_trends_global
2025-W30,go,37.6,google_trends_global
2025-W31,go,39.7,google_trends_global
2025-W32,go,36.1,google_trends_global
2025-W33,go,42.0,google_trends_global
2025-W34,go,31.6,google_trends_global
2025-W35,go,29.8,google_trends_global
2025-W36,go,27.8,google_trends_global
2025-W37,go,41.0,google_trends_global
2025-W38,go,37.8,google_trends_global
2025-W39,go,35.1,google_trends_global
2025-W40,go,36.5,google_trends_global
2025-W41,go,31.0,google_trends_global
2025-W42,go,45.4,google_trends_global
2025-W43,go,36.3,google_trends_global
2025-W44,go,36.3,google_trends_global
2025-W45,go,38.9,google_trends_global
2025-W46,go,38.1,google_trends_global
2025-W47,go,37.2,google_trends_global
2025-W48,go,33.2,google_trends_global
2025-W49,go,38.4,google_trends_global
2025-W50,go,44.2,google_trends_global
2025-W51,go,42.2,google_trends_global
2025-W52,go,43.3,google_trends_global
2026-W01,go,35.0,google_trends_global
2026-W02,go,33.2,google_trends_global
2026-W03,go,36.8,google_trends_global
2026-W04,go,37.6,google_trends_global
2026-W05,go,41.9,google_trends_global
2026-W06,go,30.9,google_trends_global
2026-W07,go,43.9,google_trends_global
2026-W08,go,37.3,google_trends_global
2026-W09,go,36.3,google_trends_global
2026-W10,go,34.1,google_trends_global
2026-W11,go,31.6,google_trends_global
2026-W12,go,41.7,google_trends_global
2026-W13,go,38.8,google_trends_global
2026-W14,go,33.5,google_trends_global
2026-W15,go,33.6,google_trends_global
2026-W16,go,37.5,google_trends_global
2026-W17,go,45.7,google_trends_global
2026-W18,go,38.1,google_trends_global
2026-W19,go,33.2,google_trends_global
2026-W20,go,38.4,google_trends_global
2026-W21,go,38.4,google_trends_global
2026-W22,go,28.8,google_trends_global
2026-W23,go,39.5,google_trends_global
2026-W24,go,39.0,google_trends_global
2026-W25,go,42.8,google_trends_global
2024-W01,rust,22.4,google_trends_global
2024-W02,rust,19.6,google_trends_global
2024-W03,rust,14.1,google_trends_global
2024-W04,rust,10.9,google_trends_global
2024-W05,rust,25.7,google_trends_global
2024-W06,rust,15.7,google_trends_global
2024-W07,rust,15.7,google_trends_global
2024-W08,rust,15.6,google_trends_global
2024-W09,rust,16.6,google_trends_global
2024-W10,rust,15.3,google_trends_global
2024-W11,rust,13.7,google_trends_global
2024-W12,rust,13.9,google_trends_global
2024-W13,rust,16.1,google_trends_global
2024-W14,rust,14.1,google_trends_global
2024-W15,rust,13.6,google_trends_global
2024-W16,rust,16.9,google_trends_global
2024-W17,rust,15.6,google_trends_global
2024-W18,rust,22.7,google_trends_global
2024-W19,rust,6.2,google_trends_global
2024-W20,rust,21.3,google_trends_global
2024-W21,rust,22.0,google_trends_global
2024-W22,rust,8.8,google_trends_global
2024-W23,rust,15.8,google_trends_global
2024-W24,rust,15.8,google_trends_global
2024-W25,rust,11.8,google_trends_global
2024-W26,rust,14.4,google_trends_global
2024-W27,rust,13.2,google_trends_global
2024-W28,rust,24.7,google_trends_global
2024-W29,rust,21.6,google_trends_global
2024-W30,rust,23.0,google_trends_global
2024-W31,rust,20.9,google_trends_global
2024-W32,rust,13.6,google_trends_global
2024-W33,rust,16.1,google_trends_global
2024-W34,rust,20.3,google_trends_global
2024-W35,rust,13.5,google_trends_global
2024-W36,rust,21.4,google_trends_global
2024-W37,rust,17.7,google_trends_global
2024-W38,rust,17.2,google_trends_global
2024-W39,rust,21.7,google_trends_global
2024-W40,rust,20.7,google_trends_global
2024-W41,rust,17.6,google_trends_global
2024-W42,rust,23.8,google_trends_global
2024-W43,rust,14.9,google_trends_global
2024-W44,rust,21.8,google_trends_global
2024-W45,rust,21.8,google_trends_global
2024-W46,rust,18.3,google_trends_global
2024-W47,rust,20.9,google_trends_global
2024-W48,rust,14.7,google_trends_global
2024-W49,rust,23.5,google_trends_global
2024-W50,rust,19.2,google_trends_global
2024-W51,rust,17.9,google_trends_global
2024-W52,rust,24.3,google_trends_global
2024-W53,rust,17.4,google_trends_global
2025-W01,rust,14.7,google_trends_global
2025-W02,rust,14.2,google_trends_global
2025-W03,rust,23.0,google_trends_global
2025-W04,rust,15.5,google_trends_global
2025-W05,rust,27.8,google_trends_global
2025-W06,rust,12.5,google_trends_global
2025-W07,rust,27.7,google_trends_global
2025-W08,rust,21.9,google_trends_global
2025-W09,rust,20.8,google_trends_global
2025-W10,rust,19.1,google_trends_global
2025-W11,rust,22.9,google_trends_global
2025-W12,rust,21.3,google_trends_global
2025-W13,rust,26.0,google_trends_global
2025-W14,rust,22.1,google_trends_global
2025-W15,rust,22.4,google_trends_global
2025-W16,rust,20.4,google_trends_global
2025-W17,rust,21.7,google_trends_global
2025-W18,rust,23.3,google_trends_global
2025-W19,rust,15.3,google_trends_global
2025-W20,rust,16.9,google_trends_global
2025-W21,rust,25.3,google_trends_global
2025-W22,rust,23.1,google_trends_global
2025-W23,rust,21.8,google_trends_global
2025-W24,rust,22.7,google_trends_global
2025-W25,rust,24.2,google_trends_global
2025-W26,rust,20.7,google_trends_global
2025-W27,rust,19.8,google_trends_global
2025-W28,rust,23.8,google_trends_global
2025-W29,rust,19.2,google_trends_global
2025-W30,rust,24.9,google_trends_global
2025-W31,rust,16.6,google_trends_global
2025-W32,rust,27.6,google_trends_global
2025-W33,rust,25.5,google_trends_global
2025-W34,rust,24.7,google_trends_global
2025-W35,rust,27.7,google_trends_global
2025-W36,rust,30.5,google_trends_global
2025-W37,rust,28.0,google_trends_global
2025-W38,rust,16.7,google_trends_global
2025-W39,rust,19.1,google_trends_global
2025-W40,rust,21.8,google_trends_global
2025-W41,rust,24.5,google_trends_global
2025-W42,rust,26.5,google_trends_global
2025-W43,rust,21.7,google_trends_global
2025-W44,rust,25.4,google_trends_global
2025-W45,rust,21.8,google_trends_global
2025-W46,rust,22.4,google_trends_global
2025-W47,rust,19.4,google_trends_global
2025-W48,rust,21.4,google_trends_global
2025-W49,rust,19.8,google_trends_global
2025-W50,rust,21.4,google_trends_global
2025-W51,rust,29.6,google_trends_global
2025-W52,rust,21.7,google_trends_global
2026-W01,rust,36.1,google_trends_global
2026-W02,rust,27.7,google_trends_global
2026-W03,rust,26.5,google_trends_global
2026-W04,rust,22.5,google_trends_global
2026-W05,rust,28.8,google_trends_global
2026-W06,rust,23.8,google_trends_global
2026-W07,rust,26.7,google_trends_global
2026-W08,rust,36.5,google_trends_global
2026-W09,rust,26.0,google_trends_global
2026-W10,rust,31.1,google_trends_global
2026-W11,rust,23.8,google_trends_global
2026-W12,rust,26.5,google_trends_global
2026-W13,rust,33.9,google_trends_global
2026-W14,rust,24.4,google_trends_global
2026-W15,rust,34.2,google_trends_global
2026-W16,rust,29.9,google_trends_global
2026-W17,rust,24.9,google_trends_global
2026-W18,rust,29.8,google_trends_global
2026-W19,rust,31.3,google_trends_global
2026-W20,rust,30.0,google_trends_global
2026-W21,rust,21.3,google_trends_global
2026-W22,rust,24.8,google_trends_global
2026-W23,rust,26.8,google_trends_global
2026-W24,rust,27.6,google_trends_global
2026-W25,rust,30.5,google_trends_global
2024-W01,php,38.7,google_trends_global
2024-W02,php,32.5,google_trends_global
2024-W03,php,39.3,google_trends_global
2024-W04,php,40.1,google_trends_global
2024-W05,php,39.7,google_trends_global
2024-W06,php,41.7,google_trends_global
2024-W07,php,40.6,google_trends_global
2024-W08,php,39.0,google_trends_global
2024-W09,php,36.7,google_trends_global
2024-W10,php,30.2,google_trends_global
2024-W11,php,38.5,google_trends_global
2024-W12,php,37.5,google_trends_global
2024-W13,php,37.6,google_trends_global
2024-W14,php,31.3,google_trends_global
2024-W15,php,31.9,google_trends_global
2024-W16,php,40.4,google_trends_global
2024-W17,php,35.9,google_trends_global
2024-W18,php,38.6,google_trends_global
2024-W19,php,35.9,google_trends_global
2024-W20,php,35.8,google_trends_global
2024-W21,php,39.3,google_trends_global
2024-W22,php,33.3,google_trends_global
2024-W23,php,35.7,google_trends_global
2024-W24,php,33.3,google_trends_global
2024-W25,php,33.3,google_trends_global
2024-W26,php,33.7,google_trends_global
2024-W27,php,35.7,google_trends_global
2024-W28,php,32.7,google_trends_global
2024-W29,php,39.6,google_trends_global
2024-W30,php,30.8,google_trends_global
2024-W31,php,33.5,google_trends_global
2024-W32,php,32.4,google_trends_global
2024-W33,php,39.8,google_trends_global
2024-W34,php,34.7,google_trends_global
2024-W35,php,37.9,google_trends_global
2024-W36,php,27.7,google_trends_global
2024-W37,php,34.6,google_trends_global
2024-W38,php,37.0,google_trends_global
2024-W39,php,33.6,google_trends_global
2024-W40,php,37.4,google_trends_global
2024-W41,php,31.0,google_trends_global
2024-W42,php,38.6,google_trends_global
2024-W43,php,42.0,google_trends_global
2024-W44,php,31.2,google_trends_global
2024-W45,php,30.8,google_trends_global
2024-W46,php,38.2,google_trends_global
2024-W47,php,38.6,google_trends_global
2024-W48,php,30.1,google_trends_global
2024-W49,php,30.4,google_trends_global
2024-W50,php,30.8,google_trends_global
2024-W51,php,26.4,google_trends_global
2024-W52,php,28.0,google_trends_global
2024-W53,php,27.5,google_trends_global
2025-W01,php,28.4,google_trends_global
2025-W02,php,31.2,google_trends_global
2025-W03,php,32.1,google_trends_global
2025-W04,php,37.3,google_trends_global
2025-W05,php,26.9,google_trends_global
2025-W06,php,34.7,google_trends_global
2025-W07,php,29.8,google_trends_global
2025-W08,php,30.4,google_trends_global
2025-W09,php,33.1,google_trends_global
2025-W10,php,25.8,google_trends_global
2025-W11,php,31.7,google_trends_global
2025-W12,php,30.7,google_trends_global
2025-W13,php,31.9,google_trends_global
2025-W14,php,31.0,google_trends_global
2025-W15,php,39.5,google_trends_global
2025-W16,php,27.0,google_trends_global
2025-W17,php,27.3,google_trends_global
2025-W18,php,26.8,google_trends_global
2025-W19,php,27.0,google_trends_global
2025-W20,php,26.5,google_trends_global
2025-W21,php,33.7,google_trends_global
2025-W22,php,34.5,google_trends_global
2025-W23,php,26.4,google_trends_global
2025-W24,php,25.2,google_trends_global
2025-W25,php,30.3,google_trends_global
2025-W26,php,26.1,google_trends_global
2025-W27,php,30.7,google_trends_global
2025-W28,php,28.9,google_trends_global
2025-W29,php,21.9,google_trends_global
2025-W30,php,34.0,google_trends_global
2025-W31,php,34.9,google_trends_global
2025-W32,php,25.1,google_trends_global
2025-W33,php,25.9,google_trends_global
2025-W34,php,28.5,google_trends_global
2025-W35,php,28.5,google_trends_global
2025-W36,php,29.7,google_trends_global
2025-W37,php,35.0,google_trends_global
2025-W38,php,26.1,google_trends_global
2025-W39,php,23.5,google_trends_global
2025-W40,php,21.1,google_trends_global
2025-W41,php,23.5,google_trends_global
2025-W42,php,26.2,google_trends_global
2025-W43,php,33.4,google_trends_global
2025-W44,php,24.0,google_trends_global
2025-W45,php,26.9,google_trends_global
2025-W46,php,25.8,google_trends_global
2025-W47,php,30.5,google_trends_global
2025-W48,php,35.7,google_trends_global
2025-W49,php,23.3,google_trends_global
2025-W50,php,23.4,google_trends_global
2025-W51,php,29.4,google_trends_global
2025-W52,php,27.8,google_trends_global
2026-W01,php,32.4,google_trends_global
2026-W02,php,27.2,google_trends_global
2026-W03,php,23.3,google_trends_global
2026-W04,php,27.0,google_trends_global
2026-W05,php,28.9,google_trends_global
2026-W06,php,27.6,google_trends_global
2026-W07,php,26.3,google_trends_global
2026-W08,php,28.4,google_trends_global
2026-W09,php,28.7,google_trends_global
2026-W10,php,29.4,google_trends_global
2026-W11,php,26.3,google_trends_global
2026-W12,php,22.9,google_trends_global
2026-W13,php,24.1,google_trends_global
2026-W14,php,28.2,google_trends_global
2026-W15,php,20.0,google_trends_global
2026-W16,php,24.6,google_trends_global
2026-W17,php,21.4,google_trends_global
2026-W18,php,23.0,google_trends_global
2026-W19,php,27.9,google_trends_global
2026-W20,php,23.4,google_trends_global
2026-W21,php,22.7,google_trends_global
2026-W22,php,16.9,google_trends_global
2026-W23,php,25.2,google_trends_global
2026-W24,php,24.7,google_trends_global
2026-W25,php,30.7,google_trends_global
2024-W01,csharp,30.8,google_trends_global
2024-W02,csharp,32.8,google_trends_global
2024-W03,csharp,32.9,google_trends_global
2024-W04,csharp,38.2,google_trends_global
2024-W05,csharp,31.5,google_trends_global
2024-W06,csharp,33.0,google_trends_global
2024-W07,csharp,34.2,google_trends_global
2024-W08,csharp,32.5,google_trends_global
2024-W09,csharp,30.0,google_trends_global
2024-W10,csharp,32.5,google_trends_global
2024-W11,csharp,36.0,google_trends_global
2024-W12,csharp,27.6,google_trends_global
2024-W13,csharp,32.2,google_trends_global
2024-W14,csharp,28.8,google_trends_global
2024-W15,csharp,36.3,google_trends_global
2024-W16,csharp,25.4,google_trends_global
2024-W17,csharp,29.3,google_trends_global
2024-W18,csharp,33.0,google_trends_global
2024-W19,csharp,37.7,google_trends_global
2024-W20,csharp,31.1,google_trends_global
2024-W21,csharp,29.2,google_trends_global
2024-W22,csharp,38.9,google_trends_global
2024-W23,csharp,25.5,google_trends_global
2024-W24,csharp,22.5,google_trends_global
2024-W25,csharp,33.0,google_trends_global
2024-W26,csharp,29.2,google_trends_global
2024-W27,csharp,27.1,google_trends_global
2024-W28,csharp,34.0,google_trends_global
2024-W29,csharp,32.1,google_trends_global
2024-W30,csharp,28.8,google_trends_global
2024-W31,csharp,25.9,google_trends_global
2024-W32,csharp,34.5,google_trends_global
2024-W33,csharp,33.6,google_trends_global
2024-W34,csharp,30.6,google_trends_global
2024-W35,csharp,38.3,google_trends_global
2024-W36,csharp,26.6,google_trends_global
2024-W37,csharp,24.8,google_trends_global
2024-W38,csharp,28.1,google_trends_global
2024-W39,csharp,30.6,google_trends_global
2024-W40,csharp,31.8,google_trends_global
2024-W41,csharp,29.8,google_trends_global
2024-W42,csharp,32.1,google_trends_global
2024-W43,csharp,25.7,google_trends_global
2024-W44,csharp,36.4,google_trends_global
2024-W45,csharp,30.3,google_trends_global
2024-W46,csharp,35.1,google_trends_global
2024-W47,csharp,31.9,google_trends_global
2024-W48,csharp,32.4,google_trends_global
2024-W49,csharp,32.8,google_trends_global
2024-W50,csharp,32.3,google_trends_global
2024-W51,csharp,33.0,google_trends_global
2024-W52,csharp,35.7,google_trends_global
2024-W53,csharp,31.2,google_trends_global
2025-W01,csharp,33.2,google_trends_global
2025-W02,csharp,30.0,google_trends_global
2025-W03,csharp,36.1,google_trends_global
2025-W04,csharp,27.6,google_trends_global
2025-W05,csharp,37.4,google_trends_global
2025-W06,csharp,30.0,google_trends_global
2025-W07,csharp,24.4,google_trends_global
2025-W08,csharp,30.7,google_trends_global
2025-W09,csharp,27.4,google_trends_global
2025-W10,csharp,33.4,google_trends_global
2025-W11,csharp,27.4,google_trends_global
2025-W12,csharp,28.2,google_trends_global
2025-W13,csharp,22.4,google_trends_global
2025-W14,csharp,28.1,google_trends_global
2025-W15,csharp,20.2,google_trends_global
2025-W16,csharp,23.6,google_trends_global
2025-W17,csharp,32.9,google_trends_global
2025-W18,csharp,33.0,google_trends_global
2025-W19,csharp,31.5,google_trends_global
2025-W20,csharp,25.9,google_trends_global
2025-W21,csharp,29.5,google_trends_global
2025-W22,csharp,29.7,google_trends_global
2025-W23,csharp,25.0,google_trends_global
2025-W24,csharp,35.7,google_trends_global
2025-W25,csharp,33.1,google_trends_global
2025-W26,csharp,28.7,google_trends_global
2025-W27,csharp,29.7,google_trends_global
2025-W28,csharp,30.4,google_trends_global
2025-W29,csharp,21.3,google_trends_global
2025-W30,csharp,28.5,google_trends_global
2025-W31,csharp,26.7,google_trends_global
2025-W32,csharp,25.4,google_trends_global
2025-W33,csharp,28.2,google_trends_global
2025-W34,csharp,36.5,google_trends_global
2025-W35,csharp,31.9,google_trends_global
2025-W36,csharp,27.0,google_trends_global
2025-W37,csharp,31.5,google_trends_global
2025-W38,csharp,34.8,google_trends_global
2025-W39,csharp,32.9,google_trends_global
2025-W40,csharp,29.4,google_trends_global
2025-W41,csharp,26.5,google_trends_global
2025-W42,csharp,31.9,google_trends_global
2025-W43,csharp,30.6,google_trends_global
2025-W44,csharp,32.6,google_trends_global
2025-W45,csharp,31.5,google_trends_global
2025-W46,csharp,33.2,google_trends_global
2025-W47,csharp,26.8,google_trends_global
2025-W48,csharp,34.2,google_trends_global
2025-W49,csharp,29.7,google_trends_global
2025-W50,csharp,37.1,google_trends_global
2025-W51,csharp,26.0,google_trends_global
2025-W52,csharp,35.7,google_trends_global
2026-W01,csharp,29.5,google_trends_global
2026-W02,csharp,26.1,google_trends_global
2026-W03,csharp,26.7,google_trends_global
2026-W04,csharp,27.4,google_trends_global
2026-W05,csharp,30.3,google_trends_global
2026-W06,csharp,30.7,google_trends_global
2026-W07,csharp,26.3,google_trends_global
2026-W08,csharp,28.4,google_trends_global
2026-W09,csharp,37.1,google_trends_global
2026-W10,csharp,35.4,google_trends_global
2026-W11,csharp,30.2,google_trends_global
2026-W12,csharp,28.6,google_trends_global
2026-W13,csharp,28.9,google_trends_global
2026-W14,csharp,30.8,google_trends_global
2026-W15,csharp,24.2,google_trends_global
2026-W16,csharp,27.2,google_trends_global
2026-W17,csharp,21.6,google_trends_global
2026-W18,csharp,29.8,google_trends_global
2026-W19,csharp,30.8,google_trends_global
2026-W20,csharp,26.2,google_trends_global
2026-W21,csharp,34.4,google_trends_global
2026-W22,csharp,23.2,google_trends_global
2026-W23,csharp,22.2,google_trends_global
2026-W24,csharp,28.9,google_trends_global
2026-W25,csharp,32.2,google_trends_global
2024-W01,cpp,30.7,google_trends_global
2024-W02,cpp,22.1,google_trends_global
2024-W03,cpp,28.3,google_trends_global
2024-W04,cpp,23.8,google_trends_global
2024-W05,cpp,23.2,google_trends_global
2024-W06,cpp,27.4,google_trends_global
2024-W07,cpp,26.4,google_trends_global
2024-W08,cpp,17.5,google_trends_global
2024-W09,cpp,29.7,google_trends_global
2024-W10,cpp,29.2,google_trends_global
2024-W11,cpp,21.2,google_trends_global
2024-W12,cpp,25.2,google_trends_global
2024-W13,cpp,25.6,google_trends_global
2024-W14,cpp,24.6,google_trends_global
2024-W15,cpp,21.4,google_trends_global
2024-W16,cpp,20.8,google_trends_global
2024-W17,cpp,23.4,google_trends_global
2024-W18,cpp,28.2,google_trends_global
2024-W19,cpp,25.6,google_trends_global
2024-W20,cpp,21.9,google_trends_global
2024-W21,cpp,26.5,google_trends_global
2024-W22,cpp,12.0,google_trends_global
2024-W23,cpp,27.9,google_trends_global
2024-W24,cpp,16.3,google_trends_global
2024-W25,cpp,21.8,google_trends_global
2024-W26,cpp,18.7,google_trends_global
2024-W27,cpp,18.0,google_trends_global
2024-W28,cpp,27.8,google_trends_global
2024-W29,cpp,21.3,google_trends_global
2024-W30,cpp,24.5,google_trends_global
2024-W31,cpp,22.9,google_trends_global
2024-W32,cpp,24.9,google_trends_global
2024-W33,cpp,23.3,google_trends_global
2024-W34,cpp,17.8,google_trends_global
2024-W35,cpp,26.9,google_trends_global
2024-W36,cpp,20.9,google_trends_global
2024-W37,cpp,16.7,google_trends_global
2024-W38,cpp,21.1,google_trends_global
2024-W39,cpp,28.8,google_trends_global
2024-W40,cpp,26.2,google_trends_global
2024-W41,cpp,21.4,google_trends_global
2024-W42,cpp,21.3,google_trends_global
2024-W43,cpp,21.4,google_trends_global
2024-W44,cpp,31.0,google_trends_global
2024-W45,cpp,24.2,google_trends_global
2024-W46,cpp,24.3,google_trends_global
2024-W47,cpp,26.7,google_trends_global
2024-W48,cpp,23.5,google_trends_global
2024-W49,cpp,21.5,google_trends_global
2024-W50,cpp,21.7,google_trends_global
2024-W51,cpp,22.2,google_trends_global
2024-W52,cpp,22.3,google_trends_global
2024-W53,cpp,25.3,google_trends_global
2025-W01,cpp,22.6,google_trends_global
2025-W02,cpp,25.3,google_trends_global
2025-W03,cpp,22.0,google_trends_global
2025-W04,cpp,22.6,google_trends_global
2025-W05,cpp,14.2,google_trends_global
2025-W06,cpp,25.9,google_trends_global
2025-W07,cpp,23.6,google_trends_global
2025-W08,cpp,26.1,google_trends_global
2025-W09,cpp,10.5,google_trends_global
2025-W10,cpp,30.4,google_trends_global
2025-W11,cpp,21.5,google_trends_global
2025-W12,cpp,26.4,google_trends_global
2025-W13,cpp,17.8,google_trends_global
2025-W14,cpp,24.4,google_trends_global
2025-W15,cpp,17.7,google_trends_global
2025-W16,cpp,19.4,google_trends_global
2025-W17,cpp,29.5,google_trends_global
2025-W18,cpp,21.1,google_trends_global
2025-W19,cpp,22.7,google_trends_global
2025-W20,cpp,25.2,google_trends_global
2025-W21,cpp,23.7,google_trends_global
2025-W22,cpp,22.3,google_trends_global
2025-W23,cpp,23.1,google_trends_global
2025-W24,cpp,31.3,google_trends_global
2025-W25,cpp,21.4,google_trends_global
2025-W26,cpp,22.4,google_trends_global
2025-W27,cpp,25.8,google_trends_global
2025-W28,cpp,25.9,google_trends_global
2025-W29,cpp,26.2,google_trends_global
2025-W30,cpp,24.0,google_trends_global
2025-W31,cpp,16.9,google_trends_global
2025-W32,cpp,27.9,google_trends_global
2025-W33,cpp,16.8,google_trends_global
2025-W34,cpp,22.5,google_trends_global
2025-W35,cpp,18.3,google_trends_global
2025-W36,cpp,21.0,google_trends_global
2025-W37,cpp,22.6,google_trends_global
2025-W38,cpp,22.5,google_trends_global
2025-W39,cpp,22.9,google_trends_global
2025-W40,cpp,27.6,google_trends_global
2025-W41,cpp,22.9,google_trends_global
2025-W42,cpp,20.1,google_trends_global
2025-W43,cpp,24.9,google_trends_global
2025-W44,cpp,25.8,google_trends_global
2025-W45,cpp,16.1,google_trends_global
2025-W46,cpp,23.4,google_trends_global
2025-W47,cpp,23.7,google_trends_global
2025-W48,cpp,19.7,google_trends_global
2025-W49,cpp,26.4,google_trends_global
2025-W50,cpp,20.2,google_trends_global
2025-W51,cpp,21.3,google_trends_global
2025-W52,cpp,20.1,google_trends_global
2026-W01,cpp,20.8,google_trends_global
2026-W02,cpp,16.3,google_trends_global
2026-W03,cpp,14.9,google_trends_global
2026-W04,cpp,27.0,google_trends_global
2026-W05,cpp,17.2,google_trends_global
2026-W06,cpp,16.6,google_trends_global
2026-W07,cpp,11.9,google_trends_global
2026-W08,cpp,18.0,google_trends_global
2026-W09,cpp,15.2,google_trends_global
2026-W10,cpp,27.0,google_trends_global
2026-W11,cpp,24.5,google_trends_global
2026-W12,cpp,17.7,google_trends_global
2026-W13,cpp,29.4,google_trends_global
2026-W14,cpp,24.3,google_trends_global
2026-W15,cpp,19.0,google_trends_global
2026-W16,cpp,10.3,google_trends_global
2026-W17,cpp,29.4,google_trends_global
2026-W18,cpp,14.7,google_trends_global
2026-W19,cpp,13.6,google_trends_global
2026-W20,cpp,24.2,google_trends_global
2026-W21,cpp,29.9,google_trends_global
2026-W22,cpp,25.6,google_trends_global
2026-W23,cpp,22.3,google_trends_global
2026-W24,cpp,22.4,google_trends_global
2026-W25,cpp,23.4,google_trends_global
2024-W01,kotlin,21.0,google_trends_global
2024-W02,kotlin,19.2,google_trends_global
2024-W03,kotlin,18.5,google_trends_global
2024-W04,kotlin,17.8,google_trends_global
2024-W05,kotlin,15.1,google_trends_global
2024-W06,kotlin,17.0,google_trends_global
2024-W07,kotlin,11.4,google_trends_global
2024-W08,kotlin,17.8,google_trends_global
2024-W09,kotlin,14.3,google_trends_global
2024-W10,kotlin,13.9,google_trends_global
2024-W11,kotlin,19.0,google_trends_global
2024-W12,kotlin,23.9,google_trends_global
2024-W13,kotlin,22.0,google_trends_global
2024-W14,kotlin,12.1,google_trends_global
2024-W15,kotlin,14.5,google_trends_global
2024-W16,kotlin,22.2,google_trends_global
2024-W17,kotlin,14.6,google_trends_global
2024-W18,kotlin,17.6,google_trends_global
2024-W19,kotlin,20.8,google_trends_global
2024-W20,kotlin,14.7,google_trends_global
2024-W21,kotlin,19.0,google_trends_global
2024-W22,kotlin,13.3,google_trends_global
2024-W23,kotlin,16.3,google_trends_global
2024-W24,kotlin,20.0,google_trends_global
2024-W25,kotlin,12.4,google_trends_global
2024-W26,kotlin,20.5,google_trends_global
2024-W27,kotlin,18.7,google_trends_global
2024-W28,kotlin,21.0,google_trends_global
2024-W29,kotlin,19.8,google_trends_global
2024-W30,kotlin,24.4,google_trends_global
2024-W31,kotlin,19.4,google_trends_global
2024-W32,kotlin,17.2,google_trends_global
2024-W33,kotlin,19.5,google_trends_global
2024-W34,kotlin,21.2,google_trends_global
2024-W35,kotlin,19.2,google_trends_global
2024-W36,kotlin,19.2,google_trends_global
2024-W37,kotlin,16.3,google_trends_global
2024-W38,kotlin,16.5,google_trends_global
2024-W39,kotlin,13.6,google_trends_global
2024-W40,kotlin,26.2,google_trends_global
2024-W41,kotlin,14.3,google_trends_global
2024-W42,kotlin,16.5,google_trends_global
2024-W43,kotlin,16.4,google_trends_global
2024-W44,kotlin,22.9,google_trends_global
2024-W45,kotlin,18.2,google_trends_global
2024-W46,kotlin,24.4,google_trends_global
2024-W47,kotlin,16.7,google_trends_global
2024-W48,kotlin,20.6,google_trends_global
2024-W49,kotlin,16.1,google_trends_global
2024-W50,kotlin,28.1,google_trends_global
2024-W51,kotlin,14.8,google_trends_global
2024-W52,kotlin,20.8,google_trends_global
2024-W53,kotlin,22.1,google_trends_global
2025-W01,kotlin,21.3,google_trends_global
2025-W02,kotlin,18.9,google_trends_global
2025-W03,kotlin,19.2,google_trends_global
2025-W04,kotlin,19.9,google_trends_global
2025-W05,kotlin,19.2,google_trends_global
2025-W06,kotlin,23.7,google_trends_global
2025-W07,kotlin,28.7,google_trends_global
2025-W08,kotlin,17.6,google_trends_global
2025-W09,kotlin,14.4,google_trends_global
2025-W10,kotlin,19.6,google_trends_global
2025-W11,kotlin,30.3,google_trends_global
2025-W12,kotlin,16.8,google_trends_global
2025-W13,kotlin,26.6,google_trends_global
2025-W14,kotlin,26.8,google_trends_global
2025-W15,kotlin,17.9,google_trends_global
2025-W16,kotlin,22.4,google_trends_global
2025-W17,kotlin,26.7,google_trends_global
2025-W18,kotlin,18.7,google_trends_global
2025-W19,kotlin,19.4,google_trends_global
2025-W20,kotlin,17.9,google_trends_global
2025-W21,kotlin,16.2,google_trends_global
2025-W22,kotlin,17.7,google_trends_global
2025-W23,kotlin,15.4,google_trends_global
2025-W24,kotlin,20.5,google_trends_global
2025-W25,kotlin,17.3,google_trends_global
2025-W26,kotlin,21.4,google_trends_global
2025-W27,kotlin,14.2,google_trends_global
2025-W28,kotlin,21.8,google_trends_global
2025-W29,kotlin,23.8,google_trends_global
2025-W30,kotlin,12.6,google_trends_global
2025-W31,kotlin,22.1,google_trends_global
2025-W32,kotlin,25.5,google_trends_global
2025-W33,kotlin,15.8,google_trends_global
2025-W34,kotlin,27.4,google_trends_global
2025-W35,kotlin,22.4,google_trends_global
2025-W36,kotlin,17.9,google_trends_global
2025-W37,kotlin,20.5,google_trends_global
2025-W38,kotlin,23.0,google_trends_global
2025-W39,kotlin,21.1,google_trends_global
2025-W40,kotlin,23.0,google_trends_global
2025-W41,kotlin,17.2,google_trends_global
2025-W42,kotlin,21.6,google_trends_global
2025-W43,kotlin,15.3,google_trends_global
2025-W44,kotlin,20.5,google_trends_global
2025-W45,kotlin,17.4,google_trends_global
2025-W46,kotlin,18.1,google_trends_global
2025-W47,kotlin,26.0,google_trends_global
2025-W48,kotlin,25.5,google_trends_global
2025-W49,kotlin,23.6,google_trends_global
2025-W50,kotlin,16.8,google_trends_global
2025-W51,kotlin,19.9,google_trends_global
2025-W52,kotlin,26.1,google_trends_global
2026-W01,kotlin,21.8,google_trends_global
2026-W02,kotlin,30.6,google_trends_global
2026-W03,kotlin,22.9,google_trends_global
2026-W04,kotlin,22.1,google_trends_global
2026-W05,kotlin,20.1,google_trends_global
2026-W06,kotlin,21.9,google_trends_global
2026-W07,kotlin,20.8,google_trends_global
2026-W08,kotlin,24.3,google_trends_global
2026-W09,kotlin,25.3,google_trends_global
2026-W10,kotlin,18.4,google_trends_global
2026-W11,kotlin,16.2,google_trends_global
2026-W12,kotlin,14.3,google_trends_global
2026-W13,kotlin,23.7,google_trends_global
2026-W14,kotlin,17.2,google_trends_global
2026-W15,kotlin,13.1,google_trends_global
2026-W16,kotlin,23.3,google_trends_global
2026-W17,kotlin,31.7,google_trends_global
2026-W18,kotlin,21.8,google_trends_global
2026-W19,kotlin,25.2,google_trends_global
2026-W20,kotlin,22.2,google_trends_global
2026-W21,kotlin,21.5,google_trends_global
2026-W22,kotlin,25.6,google_trends_global
2026-W23,kotlin,20.8,google_trends_global
2026-W24,kotlin,23.0,google_trends_global
2026-W25,kotlin,23.3,google_trends_global
2024-W01,swift,17.3,google_trends_global
2024-W02,swift,23.9,google_trends_global
2024-W03,swift,19.3,google_trends_global
2024-W04,swift,16.9,google_trends_global
2024-W05,swift,22.1,google_trends_global
2024-W06,swift,16.3,google_trends_global
2024-W07,swift,20.0,google_trends_global
2024-W08,swift,19.8,google_trends_global
2024-W09,swift,24.2,google_trends_global
2024-W10,swift,21.7,google_trends_global
2024-W11,swift,19.7,google_trends_global
2024-W12,swift,23.0,google_trends_global
2024-W13,swift,25.3,google_trends_global
2024-W14,swift,21.9,google_trends_global
2024-W15,swift,19.7,google_trends_global
2024-W16,swift,14.4,google_trends_global
2024-W17,swift,15.4,google_trends_global
2024-W18,swift,18.4,google_trends_global
2024-W19,swift,17.1,google_trends_global
2024-W20,swift,18.8,google_trends_global
2024-W21,swift,19.8,google_trends_global
2024-W22,swift,21.6,google_trends_global
2024-W23,swift,19.2,google_trends_global
2024-W24,swift,21.4,google_trends_global
2024-W25,swift,19.7,google_trends_global
2024-W26,swift,11.5,google_trends_global
2024-W27,swift,15.6,google_trends_global
2024-W28,swift,18.8,google_trends_global
2024-W29,swift,14.5,google_trends_global
2024-W30,swift,21.7,google_trends_global
2024-W31,swift,25.4,google_trends_global
2024-W32,swift,24.2,google_trends_global
2024-W33,swift,18.4,google_trends_global
2024-W34,swift,25.2,google_trends_global
2024-W35,swift,19.8,google_trends_global
2024-W36,swift,17.8,google_trends_global
2024-W37,swift,16.7,google_trends_global
2024-W38,swift,17.9,google_trends_global
2024-W39,swift,17.6,google_trends_global
2024-W40,swift,19.8,google_trends_global
2024-W41,swift,19.7,google_trends_global
2024-W42,swift,19.1,google_trends_global
2024-W43,swift,20.8,google_trends_global
2024-W44,swift,23.8,google_trends_global
2024-W45,swift,22.8,google_trends_global
2024-W46,swift,13.0,google_trends_global
2024-W47,swift,8.7,google_trends_global
2024-W48,swift,22.6,google_trends_global
2024-W49,swift,13.4,google_trends_global
2024-W50,swift,18.0,google_trends_global
2024-W51,swift,14.2,google_trends_global
2024-W52,swift,11.6,google_trends_global
2024-W53,swift,21.0,google_trends_global
2025-W01,swift,21.8,google_trends_global
2025-W02,swift,16.4,google_trends_global
2025-W03,swift,8.4,google_trends_global
2025-W04,swift,16.5,google_trends_global
2025-W05,swift,20.2,google_trends_global
2025-W06,swift,12.7,google_trends_global
2025-W07,swift,19.4,google_trends_global
2025-W08,swift,18.5,google_trends_global
2025-W09,swift,20.9,google_trends_global
2025-W10,swift,19.0,google_trends_global
2025-W11,swift,14.6,google_trends_global
2025-W12,swift,23.3,google_trends_global
2025-W13,swift,17.9,google_trends_global
2025-W14,swift,18.4,google_trends_global
2025-W15,swift,14.7,google_trends_global
2025-W16,swift,16.6,google_trends_global
2025-W17,swift,14.9,google_trends_global
2025-W18,swift,17.7,google_trends_global
2025-W19,swift,25.2,google_trends_global
2025-W20,swift,12.8,google_trends_global
2025-W21,swift,11.8,google_trends_global
2025-W22,swift,24.2,google_trends_global
2025-W23,swift,17.4,google_trends_global
2025-W24,swift,15.6,google_trends_global
2025-W25,swift,22.4,google_trends_global
2025-W26,swift,15.8,google_trends_global
2025-W27,swift,25.5,google_trends_global
2025-W28,swift,20.9,google_trends_global
2025-W29,swift,16.2,google_trends_global
2025-W30,swift,26.7,google_trends_global
2025-W31,swift,15.6,google_trends_global
2025-W32,swift,21.0,google_trends_global
2025-W33,swift,19.2,google_trends_global
2025-W34,swift,23.2,google_trends_global
2025-W35,swift,24.2,google_trends_global
2025-W36,swift,18.1,google_trends_global
2025-W37,swift,14.9,google_trends_global
2025-W38,swift,19.7,google_trends_global
2025-W39,swift,15.2,google_trends_global
2025-W40,swift,25.9,google_trends_global
2025-W41,swift,18.4,google_trends_global
2025-W42,swift,16.4,google_trends_global
2025-W43,swift,18.5,google_trends_global
2025-W44,swift,12.4,google_trends_global
2025-W45,swift,13.9,google_trends_global
2025-W46,swift,22.5,google_trends_global
2025-W47,swift,15.1,google_trends_global
2025-W48,swift,13.5,google_trends_global
2025-W49,swift,19.8,google_trends_global
2025-W50,swift,22.4,google_trends_global
2025-W51,swift,20.5,google_trends_global
2025-W52,swift,21.6,google_trends_global
2026-W01,swift,14.5,google_trends_global
2026-W02,swift,11.8,google_trends_global
2026-W03,swift,23.5,google_trends_global
2026-W04,swift,16.2,google_trends_global
2026-W05,swift,16.5,google_trends_global
2026-W06,swift,22.8,google_trends_global
2026-W07,swift,19.6,google_trends_global
2026-W08,swift,19.2,google_trends_global
2026-W09,swift,26.0,google_trends_global
2026-W10,swift,14.8,google_trends_global
2026-W11,swift,21.0,google_trends_global
2026-W12,swift,17.5,google_trends_global
2026-W13,swift,18.4,google_trends_global
2026-W14,swift,23.4,google_trends_global
2026-W15,swift,19.3,google_trends_global
2026-W16,swift,19.4,google_trends_global
2026-W17,swift,21.5,google_trends_global
2026-W18,swift,15.7,google_trends_global
2026-W19,swift,13.8,google_trends_global
2026-W20,swift,12.9,google_trends_global
2026-W21,swift,9.2,google_trends_global
2026-W22,swift,25.3,google_trends_global
2026-W23,swift,12.6,google_trends_global
2026-W24,swift,16.1,google_trends_global
2026-W25,swift,15.9,google_trends_global
2024-W01,ruby,17.2,google_trends_global
2024-W02,ruby,19.2,google_trends_global
2024-W03,ruby,19.3,google_trends_global
2024-W04,ruby,13.5,google_trends_global
2024-W05,ruby,15.1,google_trends_global
2024-W06,ruby,16.9,google_trends_global
2024-W07,ruby,14.7,google_trends_global
2024-W08,ruby,22.1,google_trends_global
2024-W09,ruby,17.6,google_trends_global
2024-W10,ruby,18.5,google_trends_global
2024-W11,ruby,18.2,google_trends_global
2024-W12,ruby,20.2,google_trends_global
2024-W13,ruby,16.2,google_trends_global
2024-W14,ruby,10.2,google_trends_global
2024-W15,ruby,16.9,google_trends_global
2024-W16,ruby,12.7,google_trends_global
2024-W17,ruby,13.1,google_trends_global
2024-W18,ruby,17.6,google_trends_global
2024-W19,ruby,20.1,google_trends_global
2024-W20,ruby,15.2,google_trends_global
2024-W21,ruby,16.3,google_trends_global
2024-W22,ruby,21.8,google_trends_global
2024-W23,ruby,15.9,google_trends_global
2024-W24,ruby,25.3,google_trends_global
2024-W25,ruby,17.1,google_trends_global
2024-W26,ruby,7.8,google_trends_global
2024-W27,ruby,17.8,google_trends_global
2024-W28,ruby,16.3,google_trends_global
2024-W29,ruby,19.9,google_trends_global
2024-W30,ruby,17.3,google_trends_global
2024-W31,ruby,14.1,google_trends_global
2024-W32,ruby,9.7,google_trends_global
2024-W33,ruby,13.7,google_trends_global
2024-W34,ruby,11.1,google_trends_global
2024-W35,ruby,12.1,google_trends_global
2024-W36,ruby,16.7,google_trends_global
2024-W37,ruby,21.0,google_trends_global
2024-W38,ruby,15.9,google_trends_global
2024-W39,ruby,9.4,google_trends_global
2024-W40,ruby,16.0,google_trends_global
2024-W41,ruby,18.9,google_trends_global
2024-W42,ruby,11.7,google_trends_global
2024-W43,ruby,13.5,google_trends_global
2024-W44,ruby,14.1,google_trends_global
2024-W45,ruby,10.8,google_trends_global
2024-W46,ruby,16.5,google_trends_global
2024-W47,ruby,13.4,google_trends_global
2024-W48,ruby,15.5,google_trends_global
2024-W49,ruby,10.2,google_trends_global
2024-W50,ruby,12.0,google_trends_global
2024-W51,ruby,16.6,google_trends_global
2024-W52,ruby,12.1,google_trends_global
2024-W53,ruby,20.5,google_trends_global
2025-W01,ruby,11.9,google_trends_global
2025-W02,ruby,14.4,google_trends_global
2025-W03,ruby,17.2,google_trends_global
2025-W04,ruby,7.7,google_trends_global
2025-W05,ruby,6.3,google_trends_global
2025-W06,ruby,7.2,google_trends_global
2025-W07,ruby,18.3,google_trends_global
2025-W08,ruby,11.0,google_trends_global
2025-W09,ruby,23.4,google_trends_global
2025-W10,ruby,10.9,google_trends_global
2025-W11,ruby,13.8,google_trends_global
2025-W12,ruby,19.2,google_trends_global
2025-W13,ruby,21.0,google_trends_global
2025-W14,ruby,21.2,google_trends_global
2025-W15,ruby,17.7,google_trends_global
2025-W16,ruby,16.9,google_trends_global
2025-W17,ruby,15.2,google_trends_global
2025-W18,ruby,15.9,google_trends_global
2025-W19,ruby,10.5,google_trends_global
2025-W20,ruby,9.4,google_trends_global
2025-W21,ruby,12.6,google_trends_global
2025-W22,ruby,11.9,google_trends_global
2025-W23,ruby,10.7,google_trends_global
2025-W24,ruby,15.3,google_trends_global
2025-W25,ruby,16.2,google_trends_global
2025-W26,ruby,12.7,google_trends_global
2025-W27,ruby,18.2,google_trends_global
2025-W28,ruby,7.7,google_trends_global
2025-W29,ruby,11.5,google_trends_global
2025-W30,ruby,9.3,google_trends_global
2025-W31,ruby,4.7,google_trends_global
2025-W32,ruby,11.8,google_trends_global
2025-W33,ruby,11.6,google_trends_global
2025-W34,ruby,18.1,google_trends_global
2025-W35,ruby,14.5,google_trends_global
2025-W36,ruby,7.8,google_trends_global
2025-W37,ruby,19.3,google_trends_global
2025-W38,ruby,16.7,google_trends_global
2025-W39,ruby,14.1,google_trends_global
2025-W40,ruby,10.8,google_trends_global
2025-W41,ruby,7.8,google_trends_global
2025-W42,ruby,10.1,google_trends_global
2025-W43,ruby,15.9,google_trends_global
2025-W44,ruby,19.1,google_trends_global
2025-W45,ruby,17.7,google_trends_global
2025-W46,ruby,9.5,google_trends_global
2025-W47,ruby,6.9,google_trends_global
2025-W48,ruby,11.9,google_trends_global
2025-W49,ruby,4.2,google_trends_global
2025-W50,ruby,12.5,google_trends_global
2025-W51,ruby,10.6,google_trends_global
2025-W52,ruby,9.3,google_trends_global
2026-W01,ruby,4.7,google_trends_global
2026-W02,ruby,13.1,google_trends_global
2026-W03,ruby,8.9,google_trends_global
2026-W04,ruby,6.3,google_trends_global
2026-W05,ruby,2.0,google_trends_global
2026-W06,ruby,10.8,google_trends_global
2026-W07,ruby,17.9,google_trends_global
2026-W08,ruby,17.4,google_trends_global
2026-W09,ruby,8.9,google_trends_global
2026-W10,ruby,8.3,google_trends_global
2026-W11,ruby,12.5,google_trends_global
2026-W12,ruby,6.6,google_trends_global
2026-W13,ruby,11.8,google_trends_global
2026-W14,ruby,13.6,google_trends_global
2026-W15,ruby,15.4,google_trends_global
2026-W16,ruby,10.0,google_trends_global
2026-W17,ruby,9.6,google_trends_global
2026-W18,ruby,6.8,google_trends_global
2026-W19,ruby,7.0,google_trends_global
2026-W20,ruby,9.3,google_trends_global
2026-W21,ruby,11.7,google_trends_global
2026-W22,ruby,13.8,google_trends_global
2026-W23,ruby,6.9,google_trends_global
2026-W24,ruby,16.0,google_trends_global
2026-W25,ruby,8.9,google_trends_global
2024-W01,scala,13.9,google_trends_global
2024-W02,scala,11.0,google_trends_global
2024-W03,scala,4.2,google_trends_global
2024-W04,scala,17.4,google_trends_global
2024-W05,scala,16.8,google_trends_global
2024-W06,scala,12.7,google_trends_global
2024-W07,scala,14.1,google_trends_global
2024-W08,scala,15.8,google_trends_global
2024-W09,scala,7.5,google_trends_global
2024-W10,scala,11.6,google_trends_global
2024-W11,scala,16.9,google_trends_global
2024-W12,scala,8.6,google_trends_global
2024-W13,scala,14.8,google_trends_global
2024-W14,scala,8.2,google_trends_global
2024-W15,scala,15.4,google_trends_global
2024-W16,scala,13.4,google_trends_global
2024-W17,scala,7.0,google_trends_global
2024-W18,scala,18.1,google_trends_global
2024-W19,scala,10.5,google_trends_global
2024-W20,scala,10.2,google_trends_global
2024-W21,scala,14.2,google_trends_global
2024-W22,scala,17.9,google_trends_global
2024-W23,scala,9.3,google_trends_global
2024-W24,scala,13.5,google_trends_global
2024-W25,scala,15.0,google_trends_global
2024-W26,scala,16.0,google_trends_global
2024-W27,scala,13.9,google_trends_global
2024-W28,scala,11.7,google_trends_global
2024-W29,scala,9.8,google_trends_global
2024-W30,scala,13.4,google_trends_global
2024-W31,scala,8.8,google_trends_global
2024-W32,scala,2.0,google_trends_global
2024-W33,scala,14.8,google_trends_global
2024-W34,scala,16.6,google_trends_global
2024-W35,scala,3.5,google_trends_global
2024-W36,scala,8.9,google_trends_global
2024-W37,scala,15.4,google_trends_global
2024-W38,scala,21.1,google_trends_global
2024-W39,scala,12.9,google_trends_global
2024-W40,scala,9.9,google_trends_global
2024-W41,scala,12.0,google_trends_global
2024-W42,scala,18.2,google_trends_global
2024-W43,scala,10.1,google_trends_global
2024-W44,scala,9.5,google_trends_global
2024-W45,scala,10.7,google_trends_global
2024-W46,scala,8.8,google_trends_global
2024-W47,scala,13.1,google_trends_global
2024-W48,scala,19.0,google_trends_global
2024-W49,scala,13.8,google_trends_global
2024-W50,scala,11.5,google_trends_global
2024-W51,scala,11.3,google_trends_global
2024-W52,scala,6.2,google_trends_global
2024-W53,scala,15.9,google_trends_global
2025-W01,scala,12.0,google_trends_global
2025-W02,scala,11.6,google_trends_global
2025-W03,scala,25.1,google_trends_global
2025-W04,scala,13.5,google_trends_global
2025-W05,scala,9.2,google_trends_global
2025-W06,scala,10.5,google_trends_global
2025-W07,scala,16.8,google_trends_global
2025-W08,scala,12.6,google_trends_global
2025-W09,scala,6.4,google_trends_global
2025-W10,scala,15.8,google_trends_global
2025-W11,scala,9.4,google_trends_global
2025-W12,scala,19.5,google_trends_global
2025-W13,scala,16.3,google_trends_global
2025-W14,scala,10.2,google_trends_global
2025-W15,scala,17.0,google_trends_global
2025-W16,scala,12.2,google_trends_global
2025-W17,scala,15.3,google_trends_global
2025-W18,scala,13.8,google_trends_global
2025-W19,scala,8.4,google_trends_global
2025-W20,scala,9.2,google_trends_global
2025-W21,scala,15.9,google_trends_global
2025-W22,scala,10.4,google_trends_global
2025-W23,scala,10.1,google_trends_global
2025-W24,scala,7.8,google_trends_global
2025-W25,scala,13.3,google_trends_global
2025-W26,scala,19.8,google_trends_global
2025-W27,scala,7.3,google_trends_global
2025-W28,scala,11.6,google_trends_global
2025-W29,scala,17.1,google_trends_global
2025-W30,scala,11.1,google_trends_global
2025-W31,scala,13.2,google_trends_global
2025-W32,scala,7.1,google_trends_global
2025-W33,scala,13.1,google_trends_global
2025-W34,scala,10.6,google_trends_global
2025-W35,scala,15.2,google_trends_global
2025-W36,scala,16.0,google_trends_global
2025-W37,scala,21.6,google_trends_global
2025-W38,scala,13.5,google_trends_global
2025-W39,scala,12.5,google_trends_global
2025-W40,scala,11.9,google_trends_global
2025-W41,scala,9.7,google_trends_global
2025-W42,scala,12.4,google_trends_global
2025-W43,scala,9.9,google_trends_global
2025-W44,scala,11.7,google_trends_global
2025-W45,scala,16.3,google_trends_global
2025-W46,scala,6.9,google_trends_global
2025-W47,scala,15.5,google_trends_global
2025-W48,scala,16.2,google_trends_global
2025-W49,scala,10.4,google_trends_global
2025-W50,scala,2.3,google_trends_global
2025-W51,scala,8.4,google_trends_global
2025-W52,scala,16.0,google_trends_global
2026-W01,scala,10.7,google_trends_global
2026-W02,scala,6.7,google_trends_global
2026-W03,scala,8.7,google_trends_global
2026-W04,scala,14.0,google_trends_global
2026-W05,scala,12.8,google_trends_global
2026-W06,scala,9.6,google_trends_global
2026-W07,scala,9.1,google_trends_global
2026-W08,scala,9.0,google_trends_global
2026-W09,scala,6.8,google_trends_global
2026-W10,scala,16.9,google_trends_global
2026-W11,scala,9.1,google_trends_global
2026-W12,scala,15.3,google_trends_global
2026-W13,scala,16.5,google_trends_global
2026-W14,scala,14.3,google_trends_global
2026-W15,scala,8.6,google_trends_global
2026-W16,scala,11.9,google_trends_global
2026-W17,scala,10.2,google_trends_global
2026-W18,scala,6.6,google_trends_global
2026-W19,scala,11.5,google_trends_global
2026-W20,scala,5.4,google_trends_global
2026-W21,scala,14.9,google_trends_global
2026-W22,scala,8.2,google_trends_global
2026-W23,scala,10.9,google_trends_global
2026-W24,scala,11.2,google_trends_global
2026-W25,scala,9.0,google_trends_global
2024-W01,dart,16.3,google_trends_global
2024-W02,dart,12.1,google_trends_global
2024-W03,dart,17.6,google_trends_global
2024-W04,dart,8.8,google_trends_global
2024-W05,dart,14.7,google_trends_global
2024-W06,dart,22.0,google_trends_global
2024-W07,dart,10.3,google_trends_global
2024-W08,dart,11.6,google_trends_global
2024-W09,dart,16.4,google_trends_global
2024-W10,dart,15.1,google_trends_global
2024-W11,dart,15.9,google_trends_global
2024-W12,dart,16.5,google_trends_global
2024-W13,dart,17.1,google_trends_global
2024-W14,dart,19.0,google_trends_global
2024-W15,dart,16.3,google_trends_global
2024-W16,dart,13.7,google_trends_global
2024-W17,dart,17.4,google_trends_global
2024-W18,dart,22.4,google_trends_global
2024-W19,dart,14.3,google_trends_global
2024-W20,dart,11.0,google_trends_global
2024-W21,dart,19.4,google_trends_global
2024-W22,dart,14.5,google_trends_global
2024-W23,dart,6.3,google_trends_global
2024-W24,dart,18.5,google_trends_global
2024-W25,dart,13.0,google_trends_global
2024-W26,dart,14.8,google_trends_global
2024-W27,dart,16.5,google_trends_global
2024-W28,dart,16.0,google_trends_global
2024-W29,dart,18.1,google_trends_global
2024-W30,dart,13.6,google_trends_global
2024-W31,dart,17.4,google_trends_global
2024-W32,dart,14.4,google_trends_global
2024-W33,dart,18.4,google_trends_global
2024-W34,dart,18.0,google_trends_global
2024-W35,dart,11.8,google_trends_global
2024-W36,dart,20.0,google_trends_global
2024-W37,dart,13.5,google_trends_global
2024-W38,dart,19.0,google_trends_global
2024-W39,dart,17.2,google_trends_global
2024-W40,dart,23.2,google_trends_global
2024-W41,dart,15.0,google_trends_global
2024-W42,dart,14.5,google_trends_global
2024-W43,dart,15.9,google_trends_global
2024-W44,dart,14.8,google_trends_global
2024-W45,dart,19.2,google_trends_global
2024-W46,dart,9.6,google_trends_global
2024-W47,dart,11.9,google_trends_global
2024-W48,dart,11.9,google_trends_global
2024-W49,dart,20.0,google_trends_global
2024-W50,dart,23.1,google_trends_global
2024-W51,dart,15.9,google_trends_global
2024-W52,dart,15.7,google_trends_global
2024-W53,dart,16.7,google_trends_global
2025-W01,dart,21.1,google_trends_global
2025-W02,dart,12.8,google_trends_global
2025-W03,dart,17.5,google_trends_global
2025-W04,dart,20.5,google_trends_global
2025-W05,dart,18.7,google_trends_global
2025-W06,dart,17.5,google_trends_global
2025-W07,dart,20.7,google_trends_global
2025-W08,dart,6.0,google_trends_global
2025-W09,dart,19.5,google_trends_global
2025-W10,dart,14.3,google_trends_global
2025-W11,dart,9.6,google_trends_global
2025-W12,dart,19.0,google_trends_global
2025-W13,dart,22.5,google_trends_global
2025-W14,dart,16.5,google_trends_global
2025-W15,dart,20.9,google_trends_global
2025-W16,dart,23.6,google_trends_global
2025-W17,dart,22.5,google_trends_global
2025-W18,dart,23.8,google_trends_global
2025-W19,dart,20.3,google_trends_global
2025-W20,dart,17.7,google_trends_global
2025-W21,dart,11.0,google_trends_global
2025-W22,dart,16.5,google_trends_global
2025-W23,dart,14.1,google_trends_global
2025-W24,dart,26.2,google_trends_global
2025-W25,dart,16.9,google_trends_global
2025-W26,dart,18.1,google_trends_global
2025-W27,dart,19.9,google_trends_global
2025-W28,dart,17.9,google_trends_global
2025-W29,dart,24.5,google_trends_global
2025-W30,dart,15.3,google_trends_global
2025-W31,dart,18.6,google_trends_global
2025-W32,dart,14.9,google_trends_global
2025-W33,dart,12.7,google_trends_global
2025-W34,dart,15.6,google_trends_global
2025-W35,dart,17.9,google_trends_global
2025-W36,dart,16.4,google_trends_global
2025-W37,dart,15.4,google_trends_global
2025-W38,dart,12.6,google_trends_global
2025-W39,dart,17.9,google_trends_global
2025-W40,dart,12.3,google_trends_global
2025-W41,dart,21.4,google_trends_global
2025-W42,dart,18.7,google_trends_global
2025-W43,dart,12.6,google_trends_global
2025-W44,dart,17.2,google_trends_global
2025-W45,dart,15.5,google_trends_global
2025-W46,dart,19.8,google_trends_global
2025-W47,dart,24.0,google_trends_global
2025-W48,dart,11.2,google_trends_global
2025-W49,dart,19.2,google_trends_global
2025-W50,dart,18.1,google_trends_global
2025-W51,dart,21.5,google_trends_global
2025-W52,dart,19.7,google_trends_global
2026-W01,dart,15.9,google_trends_global
2026-W02,dart,17.7,google_trends_global
2026-W03,dart,15.8,google_trends_global
2026-W04,dart,23.3,google_trends_global
2026-W05,dart,19.2,google_trends_global
2026-W06,dart,26.7,google_trends_global
2026-W07,dart,18.9,google_trends_global
2026-W08,dart,16.4,google_trends_global
2026-W09,dart,13.2,google_trends_global
2026-W10,dart,12.1,google_trends_global
2026-W11,dart,13.0,google_trends_global
2026-W12,dart,20.5,google_trends_global
2026-W13,dart,21.5,google_trends_global
2026-W14,dart,13.2,google_trends_global
2026-W15,dart,23.1,google_trends_global
2026-W16,dart,17.6,google_trends_global
2026-W17,dart,20.2,google_trends_global
2026-W18,dart,26.1,google_trends_global
2026-W19,dart,23.3,google_trends_global
2026-W20,dart,18.7,google_trends_global
2026-W21,dart,16.2,google_trends_global
2026-W22,dart,11.3,google_trends_global
2026-W23,dart,17.0,google_trends_global
2026-W24,dart,19.1,google_trends_global
2026-W25,dart,16.1,google_trends_global
2024-W01,react,59.5,google_trends_global
2024-W02,react,60.3,google_trends_global
2024-W03,react,59.1,google_trends_global
2024-W04,react,57.3,google_trends_global
2024-W05,react,60.6,google_trends_global
2024-W06,react,61.7,google_trends_global
2024-W07,react,55.5,google_trends_global
2024-W08,react,65.5,google_trends_global
2024-W09,react,59.4,google_trends_global
2024-W10,react,59.9,google_trends_global
2024-W11,react,62.6,google_trends_global
2024-W12,react,60.7,google_trends_global
2024-W13,react,63.5,google_trends_global
2024-W14,react,60.8,google_trends_global
2024-W15,react,57.2,google_trends_global
2024-W16,react,61.1,google_trends_global
2024-W17,react,55.1,google_trends_global
2024-W18,react,60.0,google_trends_global
2024-W19,react,59.4,google_trends_global
2024-W20,react,58.7,google_trends_global
2024-W21,react,59.0,google_trends_global
2024-W22,react,52.0,google_trends_global
2024-W23,react,57.3,google_trends_global
2024-W24,react,59.8,google_trends_global
2024-W25,react,60.1,google_trends_global
2024-W26,react,55.3,google_trends_global
2024-W27,react,64.5,google_trends_global
2024-W28,react,55.9,google_trends_global
2024-W29,react,63.2,google_trends_global
2024-W30,react,61.0,google_trends_global
2024-W31,react,56.7,google_trends_global
2024-W32,react,66.4,google_trends_global
2024-W33,react,54.5,google_trends_global
2024-W34,react,62.9,google_trends_global
2024-W35,react,63.2,google_trends_global
2024-W36,react,56.5,google_trends_global
2024-W37,react,64.7,google_trends_global
2024-W38,react,58.1,google_trends_global
2024-W39,react,60.3,google_trends_global
2024-W40,react,60.1,google_trends_global
2024-W41,react,58.5,google_trends_global
2024-W42,react,62.3,google_trends_global
2024-W43,react,62.2,google_trends_global
2024-W44,react,52.0,google_trends_global
2024-W45,react,64.2,google_trends_global
2024-W46,react,52.3,google_trends_global
2024-W47,react,63.1,google_trends_global
2024-W48,react,63.4,google_trends_global
2024-W49,react,54.5,google_trends_global
2024-W50,react,57.2,google_trends_global
2024-W51,react,54.4,google_trends_global
2024-W52,react,58.0,google_trends_global
2024-W53,react,57.6,google_trends_global
2025-W01,react,61.9,google_trends_global
2025-W02,react,64.0,google_trends_global
2025-W03,react,64.3,google_trends_global
2025-W04,react,56.4,google_trends_global
2025-W05,react,57.8,google_trends_global
2025-W06,react,51.9,google_trends_global
2025-W07,react,55.4,google_trends_global
2025-W08,react,62.5,google_trends_global
2025-W09,react,65.0,google_trends_global
2025-W10,react,53.6,google_trends_global
2025-W11,react,56.2,google_trends_global
2025-W12,react,58.4,google_trends_global
2025-W13,react,59.6,google_trends_global
2025-W14,react,55.2,google_trends_global
2025-W15,react,60.1,google_trends_global
2025-W16,react,56.5,google_trends_global
2025-W17,react,58.3,google_trends_global
2025-W18,react,60.6,google_trends_global
2025-W19,react,58.4,google_trends_global
2025-W20,react,56.6,google_trends_global
2025-W21,react,57.9,google_trends_global
2025-W22,react,57.9,google_trends_global
2025-W23,react,56.8,google_trends_global
2025-W24,react,57.2,google_trends_global
2025-W25,react,64.6,google_trends_global
2025-W26,react,60.4,google_trends_global
2025-W27,react,57.0,google_trends_global
2025-W28,react,60.9,google_trends_global
2025-W29,react,56.8,google_trends_global
2025-W30,react,62.8,google_trends_global
2025-W31,react,59.5,google_trends_global
2025-W32,react,57.6,google_trends_global
2025-W33,react,59.8,google_trends_global
2025-W34,react,51.7,google_trends_global
2025-W35,react,53.5,google_trends_global
2025-W36,react,53.2,google_trends_global
2025-W37,react,58.5,google_trends_global
2025-W38,react,64.8,google_trends_global
2025-W39,react,66.8,google_trends_global
2025-W40,react,60.4,google_trends_global
2025-W41,react,59.8,google_trends_global
2025-W42,react,50.6,google_trends_global
2025-W43,react,55.6,google_trends_global
2025-W44,react,54.6,google_trends_global
2025-W45,react,55.3,google_trends_global
2025-W46,react,57.0,google_trends_global
2025-W47,react,55.8,google_trends_global
2025-W48,react,49.8,google_trends_global
2025-W49,react,60.6,google_trends_global
2025-W50,react,53.3,google_trends_global
2025-W51,react,58.6,google_trends_global
2025-W52,react,65.9,google_trends_global
2026-W01,react,53.9,google_trends_global
2026-W02,react,47.4,google_trends_global
2026-W03,react,56.4,google_trends_global
2026-W04,react,61.9,google_trends_global
2026-W05,react,65.3,google_trends_global
2026-W06,react,52.5,google_trends_global
2026-W07,react,59.4,google_trends_global
2026-W08,react,55.5,google_trends_global
2026-W09,react,56.9,google_trends_global
2026-W10,react,67.9,google_trends_global
2026-W11,react,51.3,google_trends_global
2026-W12,react,58.3,google_trends_global
2026-W13,react,59.1,google_trends_global
2026-W14,react,61.6,google_trends_global
2026-W15,react,57.6,google_trends_global
2026-W16,react,58.4,google_trends_global
2026-W17,react,55.6,google_trends_global
2026-W18,react,58.2,google_trends_global
2026-W19,react,55.8,google_trends_global
2026-W20,react,59.6,google_trends_global
2026-W21,react,55.6,google_trends_global
2026-W22,react,58.6,google_trends_global
2026-W23,react,56.9,google_trends_global
2026-W24,react,61.5,google_trends_global
2026-W25,react,56.8,google_trends_global
2024-W01,angular,24.9,google_trends_global
2024-W02,angular,37.0,google_trends_global
2024-W03,angular,28.3,google_trends_global
2024-W04,angular,29.2,google_trends_global
2024-W05,angular,29.4,google_trends_global
2024-W06,angular,37.3,google_trends_global
2024-W07,angular,23.2,google_trends_global
2024-W08,angular,44.2,google_trends_global
2024-W09,angular,35.9,google_trends_global
2024-W10,angular,32.5,google_trends_global
2024-W11,angular,31.3,google_trends_global
2024-W12,angular,32.6,google_trends_global
2024-W13,angular,33.5,google_trends_global
2024-W14,angular,34.0,google_trends_global
2024-W15,angular,33.6,google_trends_global
2024-W16,angular,31.7,google_trends_global
2024-W17,angular,30.5,google_trends_global
2024-W18,angular,30.6,google_trends_global
2024-W19,angular,30.4,google_trends_global
2024-W20,angular,35.7,google_trends_global
2024-W21,angular,33.4,google_trends_global
2024-W22,angular,19.3,google_trends_global
2024-W23,angular,33.6,google_trends_global
2024-W24,angular,31.7,google_trends_global
2024-W25,angular,30.8,google_trends_global
2024-W26,angular,29.3,google_trends_global
2024-W27,angular,35.3,google_trends_global
2024-W28,angular,34.5,google_trends_global
2024-W29,angular,27.6,google_trends_global
2024-W30,angular,32.3,google_trends_global
2024-W31,angular,26.7,google_trends_global
2024-W32,angular,25.0,google_trends_global
2024-W33,angular,28.0,google_trends_global
2024-W34,angular,33.9,google_trends_global
2024-W35,angular,34.2,google_trends_global
2024-W36,angular,32.4,google_trends_global
2024-W37,angular,33.2,google_trends_global
2024-W38,angular,32.3,google_trends_global
2024-W39,angular,27.7,google_trends_global
2024-W40,angular,31.9,google_trends_global
2024-W41,angular,33.3,google_trends_global
2024-W42,angular,33.1,google_trends_global
2024-W43,angular,34.8,google_trends_global
2024-W44,angular,32.8,google_trends_global
2024-W45,angular,31.4,google_trends_global
2024-W46,angular,34.2,google_trends_global
2024-W47,angular,29.8,google_trends_global
2024-W48,angular,26.3,google_trends_global
2024-W49,angular,29.1,google_trends_global
2024-W50,angular,26.7,google_trends_global
2024-W51,angular,27.0,google_trends_global
2024-W52,angular,29.0,google_trends_global
2024-W53,angular,26.4,google_trends_global
2025-W01,angular,28.3,google_trends_global
2025-W02,angular,21.9,google_trends_global
2025-W03,angular,30.3,google_trends_global
2025-W04,angular,29.4,google_trends_global
2025-W05,angular,26.1,google_trends_global
2025-W06,angular,31.9,google_trends_global
2025-W07,angular,33.0,google_trends_global
2025-W08,angular,22.8,google_trends_global
2025-W09,angular,26.1,google_trends_global
2025-W10,angular,26.0,google_trends_global
2025-W11,angular,25.3,google_trends_global
2025-W12,angular,32.3,google_trends_global
2025-W13,angular,28.2,google_trends_global
2025-W14,angular,27.9,google_trends_global
2025-W15,angular,20.9,google_trends_global
2025-W16,angular,31.4,google_trends_global
2025-W17,angular,23.8,google_trends_global
2025-W18,angular,29.0,google_trends_global
2025-W19,angular,29.8,google_trends_global
2025-W20,angular,34.1,google_trends_global
2025-W21,angular,23.4,google_trends_global
2025-W22,angular,16.5,google_trends_global
2025-W23,angular,29.2,google_trends_global
2025-W24,angular,35.7,google_trends_global
2025-W25,angular,33.4,google_trends_global
2025-W26,angular,29.2,google_trends_global
2025-W27,angular,26.4,google_trends_global
2025-W28,angular,31.5,google_trends_global
2025-W29,angular,24.3,google_trends_global
2025-W30,angular,30.1,google_trends_global
2025-W31,angular,30.2,google_trends_global
2025-W32,angular,32.3,google_trends_global
2025-W33,angular,39.1,google_trends_global
2025-W34,angular,29.6,google_trends_global
2025-W35,angular,25.9,google_trends_global
2025-W36,angular,27.8,google_trends_global
2025-W37,angular,20.8,google_trends_global
2025-W38,angular,25.0,google_trends_global
2025-W39,angular,26.1,google_trends_global
2025-W40,angular,25.6,google_trends_global
2025-W41,angular,28.3,google_trends_global
2025-W42,angular,24.3,google_trends_global
2025-W43,angular,32.1,google_trends_global
2025-W44,angular,27.5,google_trends_global
2025-W45,angular,27.5,google_trends_global
2025-W46,angular,26.1,google_trends_global
2025-W47,angular,28.0,google_trends_global
2025-W48,angular,30.6,google_trends_global
2025-W49,angular,23.8,google_trends_global
2025-W50,angular,24.6,google_trends_global
2025-W51,angular,26.0,google_trends_global
2025-W52,angular,21.8,google_trends_global
2026-W01,angular,23.8,google_trends_global
2026-W02,angular,25.2,google_trends_global
2026-W03,angular,30.5,google_trends_global
2026-W04,angular,28.0,google_trends_global
2026-W05,angular,27.7,google_trends_global
2026-W06,angular,30.3,google_trends_global
2026-W07,angular,26.3,google_trends_global
2026-W08,angular,28.4,google_trends_global
2026-W09,angular,26.3,google_trends_global
2026-W10,angular,27.8,google_trends_global
2026-W11,angular,24.3,google_trends_global
2026-W12,angular,16.8,google_trends_global
2026-W13,angular,26.0,google_trends_global
2026-W14,angular,32.2,google_trends_global
2026-W15,angular,30.2,google_trends_global
2026-W16,angular,30.3,google_trends_global
2026-W17,angular,31.3,google_trends_global
2026-W18,angular,26.7,google_trends_global
2026-W19,angular,27.1,google_trends_global
2026-W20,angular,23.8,google_trends_global
2026-W21,angular,24.9,google_trends_global
2026-W22,angular,28.6,google_trends_global
2026-W23,angular,30.9,google_trends_global
2026-W24,angular,25.5,google_trends_global
2026-W25,angular,24.2,google_trends_global
2024-W01,vue,22.0,google_trends_global
2024-W02,vue,24.4,google_trends_global
2024-W03,vue,16.2,google_trends_global
2024-W04,vue,12.7,google_trends_global
2024-W05,vue,19.7,google_trends_global
2024-W06,vue,17.0,google_trends_global
2024-W07,vue,19.8,google_trends_global
2024-W08,vue,21.2,google_trends_global
2024-W09,vue,19.9,google_trends_global
2024-W10,vue,27.5,google_trends_global
2024-W11,vue,23.0,google_trends_global
2024-W12,vue,22.9,google_trends_global
2024-W13,vue,24.1,google_trends_global
2024-W14,vue,17.0,google_trends_global
2024-W15,vue,25.7,google_trends_global
2024-W16,vue,21.2,google_trends_global
2024-W17,vue,24.2,google_trends_global
2024-W18,vue,17.2,google_trends_global
2024-W19,vue,15.2,google_trends_global
2024-W20,vue,24.7,google_trends_global
2024-W21,vue,22.9,google_trends_global
2024-W22,vue,17.7,google_trends_global
2024-W23,vue,17.8,google_trends_global
2024-W24,vue,25.8,google_trends_global
2024-W25,vue,16.5,google_trends_global
2024-W26,vue,27.8,google_trends_global
2024-W27,vue,17.6,google_trends_global
2024-W28,vue,23.7,google_trends_global
2024-W29,vue,19.8,google_trends_global
2024-W30,vue,23.5,google_trends_global
2024-W31,vue,18.9,google_trends_global
2024-W32,vue,20.4,google_trends_global
2024-W33,vue,21.2,google_trends_global
2024-W34,vue,17.0,google_trends_global
2024-W35,vue,23.9,google_trends_global
2024-W36,vue,18.9,google_trends_global
2024-W37,vue,20.0,google_trends_global
2024-W38,vue,16.9,google_trends_global
2024-W39,vue,10.6,google_trends_global
2024-W40,vue,20.0,google_trends_global
2024-W41,vue,30.4,google_trends_global
2024-W42,vue,23.9,google_trends_global
2024-W43,vue,20.6,google_trends_global
2024-W44,vue,19.6,google_trends_global
2024-W45,vue,20.7,google_trends_global
2024-W46,vue,22.8,google_trends_global
2024-W47,vue,15.9,google_trends_global
2024-W48,vue,25.0,google_trends_global
2024-W49,vue,23.4,google_trends_global
2024-W50,vue,23.4,google_trends_global
2024-W51,vue,22.2,google_trends_global
2024-W52,vue,20.5,google_trends_global
2024-W53,vue,23.1,google_trends_global
2025-W01,vue,22.7,google_trends_global
2025-W02,vue,18.9,google_trends_global
2025-W03,vue,18.0,google_trends_global
2025-W04,vue,20.7,google_trends_global
2025-W05,vue,26.4,google_trends_global
2025-W06,vue,15.2,google_trends_global
2025-W07,vue,14.3,google_trends_global
2025-W08,vue,20.8,google_trends_global
2025-W09,vue,20.3,google_trends_global
2025-W10,vue,20.8,google_trends_global
2025-W11,vue,21.0,google_trends_global
2025-W12,vue,19.1,google_trends_global
2025-W13,vue,25.9,google_trends_global
2025-W14,vue,13.5,google_trends_global
2025-W15,vue,16.6,google_trends_global
2025-W16,vue,19.5,google_trends_global
2025-W17,vue,13.3,google_trends_global
2025-W18,vue,19.1,google_trends_global
2025-W19,vue,26.4,google_trends_global
2025-W20,vue,19.9,google_trends_global
2025-W21,vue,20.7,google_trends_global
2025-W22,vue,14.7,google_trends_global
2025-W23,vue,17.2,google_trends_global
2025-W24,vue,18.1,google_trends_global
2025-W25,vue,18.3,google_trends_global
2025-W26,vue,24.7,google_trends_global
2025-W27,vue,21.8,google_trends_global
2025-W28,vue,15.1,google_trends_global
2025-W29,vue,20.5,google_trends_global
2025-W30,vue,21.5,google_trends_global
2025-W31,vue,24.0,google_trends_global
2025-W32,vue,25.7,google_trends_global
2025-W33,vue,15.3,google_trends_global
2025-W34,vue,16.1,google_trends_global
2025-W35,vue,14.3,google_trends_global
2025-W36,vue,18.3,google_trends_global
2025-W37,vue,21.1,google_trends_global
2025-W38,vue,23.2,google_trends_global
2025-W39,vue,18.9,google_trends_global
2025-W40,vue,17.9,google_trends_global
2025-W41,vue,19.7,google_trends_global
2025-W42,vue,15.7,google_trends_global
2025-W43,vue,27.4,google_trends_global
2025-W44,vue,12.6,google_trends_global
2025-W45,vue,19.7,google_trends_global
2025-W46,vue,27.1,google_trends_global
2025-W47,vue,19.0,google_trends_global
2025-W48,vue,18.1,google_trends_global
2025-W49,vue,17.4,google_trends_global
2025-W50,vue,18.1,google_trends_global
2025-W51,vue,24.3,google_trends_global
2025-W52,vue,9.9,google_trends_global
2026-W01,vue,24.9,google_trends_global
2026-W02,vue,13.0,google_trends_global
2026-W03,vue,17.6,google_trends_global
2026-W04,vue,16.9,google_trends_global
2026-W05,vue,21.0,google_trends_global
2026-W06,vue,12.2,google_trends_global
2026-W07,vue,20.4,google_trends_global
2026-W08,vue,26.6,google_trends_global
2026-W09,vue,13.0,google_trends_global
2026-W10,vue,19.2,google_trends_global
2026-W11,vue,15.8,google_trends_global
2026-W12,vue,20.1,google_trends_global
2026-W13,vue,18.4,google_trends_global
2026-W14,vue,15.8,google_trends_global
2026-W15,vue,20.3,google_trends_global
2026-W16,vue,25.5,google_trends_global
2026-W17,vue,17.5,google_trends_global
2026-W18,vue,21.1,google_trends_global
2026-W19,vue,13.0,google_trends_global
2026-W20,vue,14.3,google_trends_global
2026-W21,vue,20.0,google_trends_global
2026-W22,vue,24.0,google_trends_global
2026-W23,vue,19.5,google_trends_global
2026-W24,vue,16.8,google_trends_global
2026-W25,vue,18.0,google_trends_global
2024-W01,next.js,21.0,google_trends_global
2024-W02,next.js,28.6,google_trends_global
2024-W03,next.js,29.9,google_trends_global
2024-W04,next.js,24.7,google_trends_global
2024-W05,next.js,24.8,google_trends_global
2024-W06,next.js,27.9,google_trends_global
2024-W07,next.js,25.3,google_trends_global
2024-W08,next.js,26.9,google_trends_global
2024-W09,next.js,35.8,google_trends_global
2024-W10,next.js,26.5,google_trends_global
2024-W11,next.js,26.3,google_trends_global
2024-W12,next.js,25.3,google_trends_global
2024-W13,next.js,31.0,google_trends_global
2024-W14,next.js,27.5,google_trends_global
2024-W15,next.js,25.8,google_trends_global
2024-W16,next.js,33.8,google_trends_global
2024-W17,next.js,34.4,google_trends_global
2024-W18,next.js,26.5,google_trends_global
2024-W19,next.js,21.6,google_trends_global
2024-W20,next.js,33.3,google_trends_global
2024-W21,next.js,26.7,google_trends_global
2024-W22,next.js,32.7,google_trends_global
2024-W23,next.js,21.9,google_trends_global
2024-W24,next.js,33.5,google_trends_global
2024-W25,next.js,25.2,google_trends_global
2024-W26,next.js,33.2,google_trends_global
2024-W27,next.js,30.5,google_trends_global
2024-W28,next.js,26.8,google_trends_global
2024-W29,next.js,29.1,google_trends_global
2024-W30,next.js,33.7,google_trends_global
2024-W31,next.js,31.5,google_trends_global
2024-W32,next.js,33.6,google_trends_global
2024-W33,next.js,39.4,google_trends_global
2024-W34,next.js,25.4,google_trends_global
2024-W35,next.js,38.3,google_trends_global
2024-W36,next.js,32.4,google_trends_global
2024-W37,next.js,28.5,google_trends_global
2024-W38,next.js,27.0,google_trends_global
2024-W39,next.js,31.7,google_trends_global
2024-W40,next.js,36.3,google_trends_global
2024-W41,next.js,32.3,google_trends_global
2024-W42,next.js,39.0,google_trends_global
2024-W43,next.js,27.4,google_trends_global
2024-W44,next.js,33.3,google_trends_global
2024-W45,next.js,28.5,google_trends_global
2024-W46,next.js,35.1,google_trends_global
2024-W47,next.js,37.4,google_trends_global
2024-W48,next.js,32.3,google_trends_global
2024-W49,next.js,23.8,google_trends_global
2024-W50,next.js,35.2,google_trends_global
2024-W51,next.js,36.3,google_trends_global
2024-W52,next.js,36.3,google_trends_global
2024-W53,next.js,39.8,google_trends_global
2025-W01,next.js,30.8,google_trends_global
2025-W02,next.js,37.9,google_trends_global
2025-W03,next.js,40.1,google_trends_global
2025-W04,next.js,28.4,google_trends_global
2025-W05,next.js,37.0,google_trends_global
2025-W06,next.js,33.9,google_trends_global
2025-W07,next.js,35.7,google_trends_global
2025-W08,next.js,37.6,google_trends_global
2025-W09,next.js,34.5,google_trends_global
2025-W10,next.js,33.9,google_trends_global
2025-W11,next.js,36.9,google_trends_global
2025-W12,next.js,32.6,google_trends_global
2025-W13,next.js,32.7,google_trends_global
2025-W14,next.js,40.0,google_trends_global
2025-W15,next.js,32.8,google_trends_global
2025-W16,next.js,40.3,google_trends_global
2025-W17,next.js,39.6,google_trends_global
2025-W18,next.js,31.0,google_trends_global
2025-W19,next.js,35.4,google_trends_global
2025-W20,next.js,43.1,google_trends_global
2025-W21,next.js,34.5,google_trends_global
2025-W22,next.js,36.8,google_trends_global
2025-W23,next.js,40.6,google_trends_global
2025-W24,next.js,42.1,google_trends_global
2025-W25,next.js,38.1,google_trends_global
2025-W26,next.js,36.9,google_trends_global
2025-W27,next.js,45.2,google_trends_global
2025-W28,next.js,46.6,google_trends_global
2025-W29,next.js,43.7,google_trends_global
2025-W30,next.js,40.3,google_trends_global
2025-W31,next.js,36.9,google_trends_global
2025-W32,next.js,37.0,google_trends_global
2025-W33,next.js,42.6,google_trends_global
2025-W34,next.js,42.3,google_trends_global
2025-W35,next.js,46.4,google_trends_global
2025-W36,next.js,43.6,google_trends_global
2025-W37,next.js,35.2,google_trends_global
2025-W38,next.js,45.6,google_trends_global
2025-W39,next.js,37.5,google_trends_global
2025-W40,next.js,40.2,google_trends_global
2025-W41,next.js,42.9,google_trends_global
2025-W42,next.js,50.0,google_trends_global
2025-W43,next.js,54.6,google_trends_global
2025-W44,next.js,44.8,google_trends_global
2025-W45,next.js,41.8,google_trends_global
2025-W46,next.js,44.9,google_trends_global
2025-W47,next.js,46.4,google_trends_global
2025-W48,next.js,41.8,google_trends_global
2025-W49,next.js,50.4,google_trends_global
2025-W50,next.js,44.3,google_trends_global
2025-W51,next.js,45.6,google_trends_global
2025-W52,next.js,46.4,google_trends_global
2026-W01,next.js,45.6,google_trends_global
2026-W02,next.js,47.4,google_trends_global
2026-W03,next.js,41.8,google_trends_global
2026-W04,next.js,42.2,google_trends_global
2026-W05,next.js,40.2,google_trends_global
2026-W06,next.js,46.5,google_trends_global
2026-W07,next.js,48.0,google_trends_global
2026-W08,next.js,46.9,google_trends_global
2026-W09,next.js,52.0,google_trends_global
2026-W10,next.js,45.4,google_trends_global
2026-W11,next.js,48.3,google_trends_global
2026-W12,next.js,41.4,google_trends_global
2026-W13,next.js,44.4,google_trends_global
2026-W14,next.js,48.9,google_trends_global
2026-W15,next.js,49.7,google_trends_global
2026-W16,next.js,45.3,google_trends_global
2026-W17,next.js,46.3,google_trends_global
2026-W18,next.js,40.7,google_trends_global
2026-W19,next.js,45.5,google_trends_global
2026-W20,next.js,50.7,google_trends_global
2026-W21,next.js,49.6,google_trends_global
2026-W22,next.js,49.5,google_trends_global
2026-W23,next.js,47.9,google_trends_global
2026-W24,next.js,47.9,google_trends_global
2026-W25,next.js,45.4,google_trends_global
2024-W01,svelte,12.8,google_trends_global
2024-W02,svelte,11.7,google_trends_global
2024-W03,svelte,12.1,google_trends_global
2024-W04,svelte,8.0,google_trends_global
2024-W05,svelte,2.0,google_trends_global
2024-W06,svelte,14.6,google_trends_global
2024-W07,svelte,8.4,google_trends_global
2024-W08,svelte,6.9,google_trends_global
2024-W09,svelte,13.1,google_trends_global
2024-W10,svelte,8.9,google_trends_global
2024-W11,svelte,14.7,google_trends_global
2024-W12,svelte,13.0,google_trends_global
2024-W13,svelte,13.3,google_trends_global
2024-W14,svelte,5.1,google_trends_global
2024-W15,svelte,15.5,google_trends_global
2024-W16,svelte,11.7,google_trends_global
2024-W17,svelte,9.3,google_trends_global
2024-W18,svelte,11.4,google_trends_global
2024-W19,svelte,3.7,google_trends_global
2024-W20,svelte,12.5,google_trends_global
2024-W21,svelte,6.8,google_trends_global
2024-W22,svelte,5.6,google_trends_global
2024-W23,svelte,4.9,google_trends_global
2024-W24,svelte,15.5,google_trends_global
2024-W25,svelte,8.6,google_trends_global
2024-W26,svelte,17.3,google_trends_global
2024-W27,svelte,9.1,google_trends_global
2024-W28,svelte,4.4,google_trends_global
2024-W29,svelte,6.8,google_trends_global
2024-W30,svelte,16.3,google_trends_global
2024-W31,svelte,10.8,google_trends_global
2024-W32,svelte,9.2,google_trends_global
2024-W33,svelte,12.1,google_trends_global
2024-W34,svelte,13.5,google_trends_global
2024-W35,svelte,16.1,google_trends_global
2024-W36,svelte,17.4,google_trends_global
2024-W37,svelte,10.2,google_trends_global
2024-W38,svelte,6.4,google_trends_global
2024-W39,svelte,10.1,google_trends_global
2024-W40,svelte,12.9,google_trends_global
2024-W41,svelte,8.0,google_trends_global
2024-W42,svelte,8.1,google_trends_global
2024-W43,svelte,13.3,google_trends_global
2024-W44,svelte,11.8,google_trends_global
2024-W45,svelte,12.2,google_trends_global
2024-W46,svelte,9.1,google_trends_global
2024-W47,svelte,11.2,google_trends_global
2024-W48,svelte,8.5,google_trends_global
2024-W49,svelte,15.8,google_trends_global
2024-W50,svelte,16.4,google_trends_global
2024-W51,svelte,4.9,google_trends_global
2024-W52,svelte,8.7,google_trends_global
2024-W53,svelte,6.4,google_trends_global
2025-W01,svelte,9.9,google_trends_global
2025-W02,svelte,12.2,google_trends_global
2025-W03,svelte,6.8,google_trends_global
2025-W04,svelte,8.9,google_trends_global
2025-W05,svelte,8.6,google_trends_global
2025-W06,svelte,13.5,google_trends_global
2025-W07,svelte,13.0,google_trends_global
2025-W08,svelte,9.9,google_trends_global
2025-W09,svelte,13.5,google_trends_global
2025-W10,svelte,10.7,google_trends_global
2025-W11,svelte,11.8,google_trends_global
2025-W12,svelte,19.7,google_trends_global
2025-W13,svelte,18.4,google_trends_global
2025-W14,svelte,7.9,google_trends_global
2025-W15,svelte,16.4,google_trends_global
2025-W16,svelte,16.4,google_trends_global
2025-W17,svelte,8.6,google_trends_global
2025-W18,svelte,16.5,google_trends_global
2025-W19,svelte,19.5,google_trends_global
2025-W20,svelte,8.9,google_trends_global
2025-W21,svelte,9.7,google_trends_global
2025-W22,svelte,17.5,google_trends_global
2025-W23,svelte,14.6,google_trends_global
2025-W24,svelte,15.7,google_trends_global
2025-W25,svelte,14.9,google_trends_global
2025-W26,svelte,15.2,google_trends_global
2025-W27,svelte,8.4,google_trends_global
2025-W28,svelte,17.9,google_trends_global
2025-W29,svelte,18.4,google_trends_global
2025-W30,svelte,12.9,google_trends_global
2025-W31,svelte,13.7,google_trends_global
2025-W32,svelte,7.8,google_trends_global
2025-W33,svelte,16.0,google_trends_global
2025-W34,svelte,16.3,google_trends_global
2025-W35,svelte,13.8,google_trends_global
2025-W36,svelte,18.6,google_trends_global
2025-W37,svelte,12.8,google_trends_global
2025-W38,svelte,16.4,google_trends_global
2025-W39,svelte,10.2,google_trends_global
2025-W40,svelte,14.2,google_trends_global
2025-W41,svelte,13.6,google_trends_global
2025-W42,svelte,15.3,google_trends_global
2025-W43,svelte,12.9,google_trends_global
2025-W44,svelte,13.9,google_trends_global
2025-W45,svelte,17.8,google_trends_global
2025-W46,svelte,12.8,google_trends_global
2025-W47,svelte,8.2,google_trends_global
2025-W48,svelte,21.6,google_trends_global
2025-W49,svelte,20.2,google_trends_global
2025-W50,svelte,9.6,google_trends_global
2025-W51,svelte,17.5,google_trends_global
2025-W52,svelte,12.8,google_trends_global
2026-W01,svelte,15.9,google_trends_global
2026-W02,svelte,16.1,google_trends_global
2026-W03,svelte,14.0,google_trends_global
2026-W04,svelte,11.9,google_trends_global
2026-W05,svelte,12.3,google_trends_global
2026-W06,svelte,11.5,google_trends_global
2026-W07,svelte,11.8,google_trends_global
2026-W08,svelte,14.9,google_trends_global
2026-W09,svelte,12.4,google_trends_global
2026-W10,svelte,18.0,google_trends_global
2026-W11,svelte,21.3,google_trends_global
2026-W12,svelte,13.1,google_trends_global
2026-W13,svelte,16.4,google_trends_global
2026-W14,svelte,17.5,google_trends_global
2026-W15,svelte,17.4,google_trends_global
2026-W16,svelte,15.9,google_trends_global
2026-W17,svelte,18.6,google_trends_global
2026-W18,svelte,17.6,google_trends_global
2026-W19,svelte,10.8,google_trends_global
2026-W20,svelte,19.2,google_trends_global
2026-W21,svelte,19.4,google_trends_global
2026-W22,svelte,12.8,google_trends_global
2026-W23,svelte,16.1,google_trends_global
2026-W24,svelte,18.7,google_trends_global
2026-W25,svelte,15.2,google_trends_global
2024-W01,tailwind,26.3,google_trends_global
2024-W02,tailwind,31.6,google_trends_global
2024-W03,tailwind,19.2,google_trends_global
2024-W04,tailwind,16.9,google_trends_global
2024-W05,tailwind,23.8,google_trends_global
2024-W06,tailwind,25.7,google_trends_global
2024-W07,tailwind,22.0,google_trends_global
2024-W08,tailwind,28.9,google_trends_global
2024-W09,tailwind,17.9,google_trends_global
2024-W10,tailwind,26.2,google_trends_global
2024-W11,tailwind,21.1,google_trends_global
2024-W12,tailwind,30.6,google_trends_global
2024-W13,tailwind,31.8,google_trends_global
2024-W14,tailwind,20.9,google_trends_global
2024-W15,tailwind,22.0,google_trends_global
2024-W16,tailwind,27.8,google_trends_global
2024-W17,tailwind,22.9,google_trends_global
2024-W18,tailwind,24.5,google_trends_global
2024-W19,tailwind,24.9,google_trends_global
2024-W20,tailwind,17.3,google_trends_global
2024-W21,tailwind,25.0,google_trends_global
2024-W22,tailwind,22.5,google_trends_global
2024-W23,tailwind,23.4,google_trends_global
2024-W24,tailwind,31.3,google_trends_global
2024-W25,tailwind,20.7,google_trends_global
2024-W26,tailwind,29.1,google_trends_global
2024-W27,tailwind,24.9,google_trends_global
2024-W28,tailwind,25.1,google_trends_global
2024-W29,tailwind,29.5,google_trends_global
2024-W30,tailwind,27.9,google_trends_global
2024-W31,tailwind,28.9,google_trends_global
2024-W32,tailwind,30.7,google_trends_global
2024-W33,tailwind,25.6,google_trends_global
2024-W34,tailwind,24.7,google_trends_global
2024-W35,tailwind,22.9,google_trends_global
2024-W36,tailwind,24.1,google_trends_global
2024-W37,tailwind,39.4,google_trends_global
2024-W38,tailwind,32.7,google_trends_global
2024-W39,tailwind,22.5,google_trends_global
2024-W40,tailwind,22.8,google_trends_global
2024-W41,tailwind,30.1,google_trends_global
2024-W42,tailwind,30.5,google_trends_global
2024-W43,tailwind,30.7,google_trends_global
2024-W44,tailwind,27.6,google_trends_global
2024-W45,tailwind,28.3,google_trends_global
2024-W46,tailwind,30.3,google_trends_global
2024-W47,tailwind,29.5,google_trends_global
2024-W48,tailwind,20.4,google_trends_global
2024-W49,tailwind,28.5,google_trends_global
2024-W50,tailwind,26.2,google_trends_global
2024-W51,tailwind,30.5,google_trends_global
2024-W52,tailwind,41.8,google_trends_global
2024-W53,tailwind,31.5,google_trends_global
2025-W01,tailwind,29.0,google_trends_global
2025-W02,tailwind,34.1,google_trends_global
2025-W03,tailwind,32.5,google_trends_global
2025-W04,tailwind,32.4,google_trends_global
2025-W05,tailwind,33.3,google_trends_global
2025-W06,tailwind,39.2,google_trends_global
2025-W07,tailwind,26.6,google_trends_global
2025-W08,tailwind,33.2,google_trends_global
2025-W09,tailwind,27.8,google_trends_global
2025-W10,tailwind,33.8,google_trends_global
2025-W11,tailwind,28.1,google_trends_global
2025-W12,tailwind,30.3,google_trends_global
2025-W13,tailwind,30.9,google_trends_global
2025-W14,tailwind,36.1,google_trends_global
2025-W15,tailwind,36.1,google_trends_global
2025-W16,tailwind,27.6,google_trends_global
2025-W17,tailwind,32.9,google_trends_global
2025-W18,tailwind,30.0,google_trends_global
2025-W19,tailwind,28.0,google_trends_global
2025-W20,tailwind,32.3,google_trends_global
2025-W21,tailwind,32.1,google_trends_global
2025-W22,tailwind,43.2,google_trends_global
2025-W23,tailwind,35.4,google_trends_global
2025-W24,tailwind,28.3,google_trends_global
2025-W25,tailwind,31.7,google_trends_global
2025-W26,tailwind,38.2,google_trends_global
2025-W27,tailwind,42.6,google_trends_global
2025-W28,tailwind,28.1,google_trends_global
2025-W29,tailwind,27.0,google_trends_global
2025-W30,tailwind,42.2,google_trends_global
2025-W31,tailwind,36.4,google_trends_global
2025-W32,tailwind,31.6,google_trends_global
2025-W33,tailwind,37.3,google_trends_global
2025-W34,tailwind,24.8,google_trends_global
2025-W35,tailwind,35.5,google_trends_global
2025-W36,tailwind,37.0,google_trends_global
2025-W37,tailwind,39.5,google_trends_global
2025-W38,tailwind,31.9,google_trends_global
2025-W39,tailwind,36.5,google_trends_global
2025-W40,tailwind,32.6,google_trends_global
2025-W41,tailwind,37.4,google_trends_global
2025-W42,tailwind,33.0,google_trends_global
2025-W43,tailwind,35.1,google_trends_global
2025-W44,tailwind,32.9,google_trends_global
2025-W45,tailwind,39.6,google_trends_global
2025-W46,tailwind,40.6,google_trends_global
2025-W47,tailwind,36.4,google_trends_global
2025-W48,tailwind,37.7,google_trends_global
2025-W49,tailwind,31.9,google_trends_global
2025-W50,tailwind,36.6,google_trends_global
2025-W51,tailwind,37.8,google_trends_global
2025-W52,tailwind,48.6,google_trends_global
2026-W01,tailwind,33.8,google_trends_global
2026-W02,tailwind,44.3,google_trends_global
2026-W03,tailwind,42.6,google_trends_global
2026-W04,tailwind,39.9,google_trends_global
2026-W05,tailwind,45.9,google_trends_global
2026-W06,tailwind,40.5,google_trends_global
2026-W07,tailwind,40.8,google_trends_global
2026-W08,tailwind,39.2,google_trends_global
2026-W09,tailwind,44.4,google_trends_global
2026-W10,tailwind,44.1,google_trends_global
2026-W11,tailwind,37.3,google_trends_global
2026-W12,tailwind,34.7,google_trends_global
2026-W13,tailwind,39.3,google_trends_global
2026-W14,tailwind,37.1,google_trends_global
2026-W15,tailwind,40.2,google_trends_global
2026-W16,tailwind,45.6,google_trends_global
2026-W17,tailwind,38.9,google_trends_global
2026-W18,tailwind,40.7,google_trends_global
2026-W19,tailwind,41.3,google_trends_global
2026-W20,tailwind,44.6,google_trends_global
2026-W21,tailwind,32.4,google_trends_global
2026-W22,tailwind,39.1,google_trends_global
2026-W23,tailwind,42.5,google_trends_global
2026-W24,tailwind,46.6,google_trends_global
2026-W25,tailwind,40.0,google_trends_global
2024-W01,graphql,12.5,google_trends_global
2024-W02,graphql,22.5,google_trends_global
2024-W03,graphql,17.6,google_trends_global
2024-W04,graphql,15.4,google_trends_global
2024-W05,graphql,17.7,google_trends_global
2024-W06,graphql,19.5,google_trends_global
2024-W07,graphql,17.9,google_trends_global
2024-W08,graphql,11.5,google_trends_global
2024-W09,graphql,24.0,google_trends_global
2024-W10,graphql,25.5,google_trends_global
2024-W11,graphql,23.1,google_trends_global
2024-W12,graphql,16.0,google_trends_global
2024-W13,graphql,19.8,google_trends_global
2024-W14,graphql,20.6,google_trends_global
2024-W15,graphql,23.0,google_trends_global
2024-W16,graphql,23.4,google_trends_global
2024-W17,graphql,17.8,google_trends_global
2024-W18,graphql,21.1,google_trends_global
2024-W19,graphql,22.7,google_trends_global
2024-W20,graphql,26.7,google_trends_global
2024-W21,graphql,23.7,google_trends_global
2024-W22,graphql,24.1,google_trends_global
2024-W23,graphql,21.4,google_trends_global
2024-W24,graphql,26.7,google_trends_global
2024-W25,graphql,22.8,google_trends_global
2024-W26,graphql,17.7,google_trends_global
2024-W27,graphql,26.8,google_trends_global
2024-W28,graphql,24.0,google_trends_global
2024-W29,graphql,19.5,google_trends_global
2024-W30,graphql,19.4,google_trends_global
2024-W31,graphql,22.6,google_trends_global
2024-W32,graphql,23.3,google_trends_global
2024-W33,graphql,22.3,google_trends_global
2024-W34,graphql,22.8,google_trends_global
2024-W35,graphql,28.4,google_trends_global
2024-W36,graphql,25.9,google_trends_global
2024-W37,graphql,22.4,google_trends_global
2024-W38,graphql,25.5,google_trends_global
2024-W39,graphql,17.6,google_trends_global
2024-W40,graphql,23.4,google_trends_global
2024-W41,graphql,29.1,google_trends_global
2024-W42,graphql,21.0,google_trends_global
2024-W43,graphql,18.6,google_trends_global
2024-W44,graphql,19.4,google_trends_global
2024-W45,graphql,17.7,google_trends_global
2024-W46,graphql,19.0,google_trends_global
2024-W47,graphql,20.7,google_trends_global
2024-W48,graphql,16.6,google_trends_global
2024-W49,graphql,22.3,google_trends_global
2024-W50,graphql,25.9,google_trends_global
2024-W51,graphql,18.7,google_trends_global
2024-W52,graphql,28.4,google_trends_global
2024-W53,graphql,24.5,google_trends_global
2025-W01,graphql,26.6,google_trends_global
2025-W02,graphql,19.9,google_trends_global
2025-W03,graphql,26.0,google_trends_global
2025-W04,graphql,18.2,google_trends_global
2025-W05,graphql,26.2,google_trends_global
2025-W06,graphql,23.4,google_trends_global
2025-W07,graphql,25.0,google_trends_global
2025-W08,graphql,18.1,google_trends_global
2025-W09,graphql,19.3,google_trends_global
2025-W10,graphql,25.3,google_trends_global
2025-W11,graphql,19.1,google_trends_global
2025-W12,graphql,24.8,google_trends_global
2025-W13,graphql,17.6,google_trends_global
2025-W14,graphql,26.5,google_trends_global
2025-W15,graphql,18.2,google_trends_global
2025-W16,graphql,25.4,google_trends_global
2025-W17,graphql,25.7,google_trends_global
2025-W18,graphql,20.5,google_trends_global
2025-W19,graphql,25.6,google_trends_global
2025-W20,graphql,24.4,google_trends_global
2025-W21,graphql,21.2,google_trends_global
2025-W22,graphql,19.4,google_trends_global
2025-W23,graphql,15.6,google_trends_global
2025-W24,graphql,24.9,google_trends_global
2025-W25,graphql,17.3,google_trends_global
2025-W26,graphql,24.0,google_trends_global
2025-W27,graphql,22.6,google_trends_global
2025-W28,graphql,26.4,google_trends_global
2025-W29,graphql,22.6,google_trends_global
2025-W30,graphql,22.5,google_trends_global
2025-W31,graphql,26.8,google_trends_global
2025-W32,graphql,25.2,google_trends_global
2025-W33,graphql,25.2,google_trends_global
2025-W34,graphql,25.9,google_trends_global
2025-W35,graphql,17.9,google_trends_global
2025-W36,graphql,27.1,google_trends_global
2025-W37,graphql,26.6,google_trends_global
2025-W38,graphql,20.1,google_trends_global
2025-W39,graphql,23.3,google_trends_global
2025-W40,graphql,24.1,google_trends_global
2025-W41,graphql,23.8,google_trends_global
2025-W42,graphql,25.7,google_trends_global
2025-W43,graphql,30.1,google_trends_global
2025-W44,graphql,28.8,google_trends_global
2025-W45,graphql,19.3,google_trends_global
2025-W46,graphql,27.0,google_trends_global
2025-W47,graphql,29.9,google_trends_global
2025-W48,graphql,26.2,google_trends_global
2025-W49,graphql,29.1,google_trends_global
2025-W50,graphql,32.8,google_trends_global
2025-W51,graphql,28.9,google_trends_global
2025-W52,graphql,25.8,google_trends_global
2026-W01,graphql,29.1,google_trends_global
2026-W02,graphql,25.5,google_trends_global
2026-W03,graphql,25.1,google_trends_global
2026-W04,graphql,23.6,google_trends_global
2026-W05,graphql,31.3,google_trends_global
2026-W06,graphql,21.8,google_trends_global
2026-W07,graphql,31.3,google_trends_global
2026-W08,graphql,27.2,google_trends_global
2026-W09,graphql,19.7,google_trends_global
2026-W10,graphql,26.8,google_trends_global
2026-W11,graphql,16.9,google_trends_global
2026-W12,graphql,27.9,google_trends_global
2026-W13,graphql,29.0,google_trends_global
2026-W14,graphql,23.1,google_trends_global
2026-W15,graphql,26.0,google_trends_global
2026-W16,graphql,33.4,google_trends_global
2026-W17,graphql,23.6,google_trends_global
2026-W18,graphql,21.4,google_trends_global
2026-W19,graphql,31.6,google_trends_global
2026-W20,graphql,33.6,google_trends_global
2026-W21,graphql,25.8,google_trends_global
2026-W22,graphql,29.9,google_trends_global
2026-W23,graphql,31.3,google_trends_global
2026-W24,graphql,23.0,google_trends_global
2026-W25,graphql,24.1,google_trends_global
2024-W01,nodejs,54.9,google_trends_global
2024-W02,nodejs,56.7,google_trends_global
2024-W03,nodejs,52.2,google_trends_global
2024-W04,nodejs,46.4,google_trends_global
2024-W05,nodejs,57.8,google_trends_global
2024-W06,nodejs,47.7,google_trends_global
2024-W07,nodejs,48.5,google_trends_global
2024-W08,nodejs,51.2,google_trends_global
2024-W09,nodejs,56.0,google_trends_global
2024-W10,nodejs,53.1,google_trends_global
2024-W11,nodejs,51.3,google_trends_global
2024-W12,nodejs,51.5,google_trends_global
2024-W13,nodejs,49.8,google_trends_global
2024-W14,nodejs,51.8,google_trends_global
2024-W15,nodejs,39.4,google_trends_global
2024-W16,nodejs,48.3,google_trends_global
2024-W17,nodejs,50.5,google_trends_global
2024-W18,nodejs,44.9,google_trends_global
2024-W19,nodejs,51.0,google_trends_global
2024-W20,nodejs,48.6,google_trends_global
2024-W21,nodejs,56.4,google_trends_global
2024-W22,nodejs,55.6,google_trends_global
2024-W23,nodejs,47.5,google_trends_global
2024-W24,nodejs,48.7,google_trends_global
2024-W25,nodejs,49.0,google_trends_global
2024-W26,nodejs,47.4,google_trends_global
2024-W27,nodejs,50.0,google_trends_global
2024-W28,nodejs,46.1,google_trends_global
2024-W29,nodejs,44.6,google_trends_global
2024-W30,nodejs,51.6,google_trends_global
2024-W31,nodejs,51.6,google_trends_global
2024-W32,nodejs,45.8,google_trends_global
2024-W33,nodejs,52.6,google_trends_global
2024-W34,nodejs,46.5,google_trends_global
2024-W35,nodejs,50.0,google_trends_global
2024-W36,nodejs,52.2,google_trends_global
2024-W37,nodejs,48.7,google_trends_global
2024-W38,nodejs,50.7,google_trends_global
2024-W39,nodejs,46.8,google_trends_global
2024-W40,nodejs,48.0,google_trends_global
2024-W41,nodejs,47.9,google_trends_global
2024-W42,nodejs,45.7,google_trends_global
2024-W43,nodejs,48.0,google_trends_global
2024-W44,nodejs,42.5,google_trends_global
2024-W45,nodejs,46.7,google_trends_global
2024-W46,nodejs,47.5,google_trends_global
2024-W47,nodejs,47.5,google_trends_global
2024-W48,nodejs,47.6,google_trends_global
2024-W49,nodejs,48.3,google_trends_global
2024-W50,nodejs,50.4,google_trends_global
2024-W51,nodejs,51.9,google_trends_global
2024-W52,nodejs,45.8,google_trends_global
2024-W53,nodejs,43.6,google_trends_global
2025-W01,nodejs,44.2,google_trends_global
2025-W02,nodejs,46.4,google_trends_global
2025-W03,nodejs,46.9,google_trends_global
2025-W04,nodejs,45.2,google_trends_global
2025-W05,nodejs,43.0,google_trends_global
2025-W06,nodejs,46.4,google_trends_global
2025-W07,nodejs,48.9,google_trends_global
2025-W08,nodejs,50.5,google_trends_global
2025-W09,nodejs,45.9,google_trends_global
2025-W10,nodejs,46.4,google_trends_global
2025-W11,nodejs,44.3,google_trends_global
2025-W12,nodejs,47.9,google_trends_global
2025-W13,nodejs,44.6,google_trends_global
2025-W14,nodejs,50.2,google_trends_global
2025-W15,nodejs,40.8,google_trends_global
2025-W16,nodejs,46.5,google_trends_global
2025-W17,nodejs,49.1,google_trends_global
2025-W18,nodejs,48.6,google_trends_global
2025-W19,nodejs,58.6,google_trends_global
2025-W20,nodejs,49.2,google_trends_global
2025-W21,nodejs,43.7,google_trends_global
2025-W22,nodejs,47.3,google_trends_global
2025-W23,nodejs,40.6,google_trends_global
2025-W24,nodejs,47.3,google_trends_global
2025-W25,nodejs,44.3,google_trends_global
2025-W26,nodejs,51.2,google_trends_global
2025-W27,nodejs,45.4,google_trends_global
2025-W28,nodejs,47.1,google_trends_global
2025-W29,nodejs,44.9,google_trends_global
2025-W30,nodejs,54.4,google_trends_global
2025-W31,nodejs,46.1,google_trends_global
2025-W32,nodejs,54.7,google_trends_global
2025-W33,nodejs,50.6,google_trends_global
2025-W34,nodejs,49.3,google_trends_global
2025-W35,nodejs,48.8,google_trends_global
2025-W36,nodejs,48.8,google_trends_global
2025-W37,nodejs,39.5,google_trends_global
2025-W38,nodejs,46.1,google_trends_global
2025-W39,nodejs,50.6,google_trends_global
2025-W40,nodejs,47.0,google_trends_global
2025-W41,nodejs,41.5,google_trends_global
2025-W42,nodejs,46.9,google_trends_global
2025-W43,nodejs,53.9,google_trends_global
2025-W44,nodejs,52.0,google_trends_global
2025-W45,nodejs,46.7,google_trends_global
2025-W46,nodejs,50.8,google_trends_global
2025-W47,nodejs,45.5,google_trends_global
2025-W48,nodejs,40.1,google_trends_global
2025-W49,nodejs,43.2,google_trends_global
2025-W50,nodejs,53.1,google_trends_global
2025-W51,nodejs,45.7,google_trends_global
2025-W52,nodejs,45.8,google_trends_global
2026-W01,nodejs,45.5,google_trends_global
2026-W02,nodejs,54.3,google_trends_global
2026-W03,nodejs,53.2,google_trends_global
2026-W04,nodejs,55.5,google_trends_global
2026-W05,nodejs,46.0,google_trends_global
2026-W06,nodejs,47.8,google_trends_global
2026-W07,nodejs,40.5,google_trends_global
2026-W08,nodejs,52.4,google_trends_global
2026-W09,nodejs,41.8,google_trends_global
2026-W10,nodejs,47.3,google_trends_global
2026-W11,nodejs,42.0,google_trends_global
2026-W12,nodejs,44.0,google_trends_global
2026-W13,nodejs,43.0,google_trends_global
2026-W14,nodejs,43.9,google_trends_global
2026-W15,nodejs,44.2,google_trends_global
2026-W16,nodejs,44.1,google_trends_global
2026-W17,nodejs,49.6,google_trends_global
2026-W18,nodejs,41.8,google_trends_global
2026-W19,nodejs,47.1,google_trends_global
2026-W20,nodejs,51.0,google_trends_global
2026-W21,nodejs,44.1,google_trends_global
2026-W22,nodejs,43.2,google_trends_global
2026-W23,nodejs,45.1,google_trends_global
2026-W24,nodejs,50.7,google_trends_global
2026-W25,nodejs,46.8,google_trends_global
2024-W01,django,23.9,google_trends_global
2024-W02,django,28.0,google_trends_global
2024-W03,django,21.6,google_trends_global
2024-W04,django,28.8,google_trends_global
2024-W05,django,27.7,google_trends_global
2024-W06,django,24.8,google_trends_global
2024-W07,django,22.7,google_trends_global
2024-W08,django,22.6,google_trends_global
2024-W09,django,28.3,google_trends_global
2024-W10,django,31.1,google_trends_global
2024-W11,django,23.6,google_trends_global
2024-W12,django,28.0,google_trends_global
2024-W13,django,17.8,google_trends_global
2024-W14,django,23.9,google_trends_global
2024-W15,django,26.1,google_trends_global
2024-W16,django,22.6,google_trends_global
2024-W17,django,22.5,google_trends_global
2024-W18,django,23.6,google_trends_global
2024-W19,django,27.4,google_trends_global
2024-W20,django,25.5,google_trends_global
2024-W21,django,17.4,google_trends_global
2024-W22,django,17.8,google_trends_global
2024-W23,django,23.9,google_trends_global
2024-W24,django,28.2,google_trends_global
2024-W25,django,15.4,google_trends_global
2024-W26,django,24.4,google_trends_global
2024-W27,django,24.3,google_trends_global
2024-W28,django,32.0,google_trends_global
2024-W29,django,24.9,google_trends_global
2024-W30,django,28.0,google_trends_global
2024-W31,django,27.0,google_trends_global
2024-W32,django,18.0,google_trends_global
2024-W33,django,29.6,google_trends_global
2024-W34,django,27.4,google_trends_global
2024-W35,django,28.6,google_trends_global
2024-W36,django,42.2,google_trends_global
2024-W37,django,18.2,google_trends_global
2024-W38,django,33.5,google_trends_global
2024-W39,django,25.4,google_trends_global
2024-W40,django,27.8,google_trends_global
2024-W41,django,26.4,google_trends_global
2024-W42,django,24.9,google_trends_global
2024-W43,django,24.4,google_trends_global
2024-W44,django,28.0,google_trends_global
2024-W45,django,20.6,google_trends_global
2024-W46,django,29.7,google_trends_global
2024-W47,django,25.0,google_trends_global
2024-W48,django,22.2,google_trends_global
2024-W49,django,24.9,google_trends_global
2024-W50,django,31.8,google_trends_global
2024-W51,django,24.6,google_trends_global
2024-W52,django,28.2,google_trends_global
2024-W53,django,23.9,google_trends_global
2025-W01,django,29.9,google_trends_global
2025-W02,django,29.6,google_trends_global
2025-W03,django,34.2,google_trends_global
2025-W04,django,26.2,google_trends_global
2025-W05,django,29.6,google_trends_global
2025-W06,django,27.3,google_trends_global
2025-W07,django,32.1,google_trends_global
2025-W08,django,24.1,google_trends_global
2025-W09,django,29.9,google_trends_global
2025-W10,django,26.2,google_trends_global
2025-W11,django,26.7,google_trends_global
2025-W12,django,27.4,google_trends_global
2025-W13,django,28.0,google_trends_global
2025-W14,django,26.6,google_trends_global
2025-W15,django,27.9,google_trends_global
2025-W16,django,33.4,google_trends_global
2025-W17,django,31.0,google_trends_global
2025-W18,django,30.6,google_trends_global
2025-W19,django,25.3,google_trends_global
2025-W20,django,23.6,google_trends_global
2025-W21,django,31.0,google_trends_global
2025-W22,django,30.7,google_trends_global
2025-W23,django,33.1,google_trends_global
2025-W24,django,24.8,google_trends_global
2025-W25,django,26.3,google_trends_global
2025-W26,django,20.7,google_trends_global
2025-W27,django,25.7,google_trends_global
2025-W28,django,31.2,google_trends_global
2025-W29,django,25.4,google_trends_global
2025-W30,django,29.8,google_trends_global
2025-W31,django,26.5,google_trends_global
2025-W32,django,28.6,google_trends_global
2025-W33,django,22.7,google_trends_global
2025-W34,django,27.7,google_trends_global
2025-W35,django,15.4,google_trends_global
2025-W36,django,26.6,google_trends_global
2025-W37,django,20.9,google_trends_global
2025-W38,django,32.2,google_trends_global
2025-W39,django,30.5,google_trends_global
2025-W40,django,29.3,google_trends_global
2025-W41,django,33.5,google_trends_global
2025-W42,django,23.7,google_trends_global
2025-W43,django,34.5,google_trends_global
2025-W44,django,31.2,google_trends_global
2025-W45,django,26.6,google_trends_global
2025-W46,django,32.1,google_trends_global
2025-W47,django,23.1,google_trends_global
2025-W48,django,24.3,google_trends_global
2025-W49,django,25.1,google_trends_global
2025-W50,django,25.5,google_trends_global
2025-W51,django,23.4,google_trends_global
2025-W52,django,32.5,google_trends_global
2026-W01,django,26.6,google_trends_global
2026-W02,django,29.1,google_trends_global
2026-W03,django,25.4,google_trends_global
2026-W04,django,20.4,google_trends_global
2026-W05,django,28.8,google_trends_global
2026-W06,django,20.1,google_trends_global
2026-W07,django,27.4,google_trends_global
2026-W08,django,22.3,google_trends_global
2026-W09,django,35.7,google_trends_global
2026-W10,django,31.4,google_trends_global
2026-W11,django,28.2,google_trends_global
2026-W12,django,32.9,google_trends_global
2026-W13,django,24.4,google_trends_global
2026-W14,django,30.0,google_trends_global
2026-W15,django,28.6,google_trends_global
2026-W16,django,28.9,google_trends_global
2026-W17,django,33.0,google_trends_global
2026-W18,django,30.8,google_trends_global
2026-W19,django,29.1,google_trends_global
2026-W20,django,21.3,google_trends_global
2026-W21,django,24.1,google_trends_global
2026-W22,django,27.5,google_trends_global
2026-W23,django,28.3,google_trends_global
2026-W24,django,23.5,google_trends_global
2026-W25,django,37.6,google_trends_global
2024-W01,flask,26.1,google_trends_global
2024-W02,flask,22.4,google_trends_global
2024-W03,flask,20.3,google_trends_global
2024-W04,flask,19.1,google_trends_global
2024-W05,flask,16.1,google_trends_global
2024-W06,flask,20.2,google_trends_global
2024-W07,flask,20.9,google_trends_global
2024-W08,flask,14.9,google_trends_global
2024-W09,flask,21.2,google_trends_global
2024-W10,flask,19.2,google_trends_global
2024-W11,flask,12.2,google_trends_global
2024-W12,flask,16.4,google_trends_global
2024-W13,flask,18.2,google_trends_global
2024-W14,flask,27.3,google_trends_global
2024-W15,flask,22.0,google_trends_global
2024-W16,flask,14.4,google_trends_global
2024-W17,flask,21.7,google_trends_global
2024-W18,flask,13.5,google_trends_global
2024-W19,flask,24.1,google_trends_global
2024-W20,flask,17.8,google_trends_global
2024-W21,flask,19.3,google_trends_global
2024-W22,flask,25.0,google_trends_global
2024-W23,flask,14.5,google_trends_global
2024-W24,flask,14.1,google_trends_global
2024-W25,flask,17.3,google_trends_global
2024-W26,flask,23.8,google_trends_global
2024-W27,flask,13.5,google_trends_global
2024-W28,flask,8.3,google_trends_global
2024-W29,flask,17.8,google_trends_global
2024-W30,flask,21.8,google_trends_global
2024-W31,flask,24.3,google_trends_global
2024-W32,flask,17.7,google_trends_global
2024-W33,flask,17.9,google_trends_global
2024-W34,flask,24.1,google_trends_global
2024-W35,flask,12.0,google_trends_global
2024-W36,flask,17.9,google_trends_global
2024-W37,flask,20.2,google_trends_global
2024-W38,flask,21.2,google_trends_global
2024-W39,flask,17.4,google_trends_global
2024-W40,flask,19.5,google_trends_global
2024-W41,flask,9.4,google_trends_global
2024-W42,flask,16.7,google_trends_global
2024-W43,flask,21.2,google_trends_global
2024-W44,flask,15.4,google_trends_global
2024-W45,flask,19.6,google_trends_global
2024-W46,flask,21.1,google_trends_global
2024-W47,flask,17.9,google_trends_global
2024-W48,flask,20.0,google_trends_global
2024-W49,flask,15.4,google_trends_global
2024-W50,flask,18.4,google_trends_global
2024-W51,flask,21.7,google_trends_global
2024-W52,flask,19.8,google_trends_global
2024-W53,flask,16.8,google_trends_global
2025-W01,flask,20.1,google_trends_global
2025-W02,flask,22.0,google_trends_global
2025-W03,flask,10.9,google_trends_global
2025-W04,flask,23.8,google_trends_global
2025-W05,flask,17.8,google_trends_global
2025-W06,flask,20.8,google_trends_global
2025-W07,flask,23.9,google_trends_global
2025-W08,flask,13.6,google_trends_global
2025-W09,flask,16.2,google_trends_global
2025-W10,flask,17.9,google_trends_global
2025-W11,flask,15.9,google_trends_global
2025-W12,flask,25.9,google_trends_global
2025-W13,flask,15.6,google_trends_global
2025-W14,flask,16.8,google_trends_global
2025-W15,flask,19.8,google_trends_global
2025-W16,flask,14.1,google_trends_global
2025-W17,flask,17.3,google_trends_global
2025-W18,flask,20.2,google_trends_global
2025-W19,flask,17.6,google_trends_global
2025-W20,flask,18.5,google_trends_global
2025-W21,flask,16.8,google_trends_global
2025-W22,flask,12.8,google_trends_global
2025-W23,flask,20.1,google_trends_global
2025-W24,flask,25.8,google_trends_global
2025-W25,flask,18.9,google_trends_global
2025-W26,flask,19.7,google_trends_global
2025-W27,flask,21.5,google_trends_global
2025-W28,flask,13.7,google_trends_global
2025-W29,flask,25.6,google_trends_global
2025-W30,flask,19.5,google_trends_global
2025-W31,flask,25.2,google_trends_global
2025-W32,flask,15.8,google_trends_global
2025-W33,flask,26.0,google_trends_global
2025-W34,flask,21.8,google_trends_global
2025-W35,flask,20.9,google_trends_global
2025-W36,flask,19.6,google_trends_global
2025-W37,flask,17.6,google_trends_global
2025-W38,flask,23.4,google_trends_global
2025-W39,flask,19.2,google_trends_global
2025-W40,flask,10.7,google_trends_global
2025-W41,flask,14.1,google_trends_global
2025-W42,flask,17.8,google_trends_global
2025-W43,flask,19.8,google_trends_global
2025-W44,flask,18.3,google_trends_global
2025-W45,flask,23.4,google_trends_global
2025-W46,flask,10.7,google_trends_global
2025-W47,flask,19.0,google_trends_global
2025-W48,flask,11.2,google_trends_global
2025-W49,flask,21.5,google_trends_global
2025-W50,flask,18.0,google_trends_global
2025-W51,flask,20.1,google_trends_global
2025-W52,flask,14.9,google_trends_global
2026-W01,flask,23.5,google_trends_global
2026-W02,flask,22.5,google_trends_global
2026-W03,flask,20.7,google_trends_global
2026-W04,flask,17.8,google_trends_global
2026-W05,flask,20.6,google_trends_global
2026-W06,flask,15.5,google_trends_global
2026-W07,flask,21.7,google_trends_global
2026-W08,flask,24.9,google_trends_global
2026-W09,flask,22.5,google_trends_global
2026-W10,flask,15.3,google_trends_global
2026-W11,flask,19.7,google_trends_global
2026-W12,flask,13.0,google_trends_global
2026-W13,flask,20.5,google_trends_global
2026-W14,flask,20.0,google_trends_global
2026-W15,flask,10.7,google_trends_global
2026-W16,flask,13.5,google_trends_global
2026-W17,flask,17.0,google_trends_global
2026-W18,flask,16.9,google_trends_global
2026-W19,flask,13.3,google_trends_global
2026-W20,flask,19.6,google_trends_global
2026-W21,flask,19.1,google_trends_global
2026-W22,flask,17.3,google_trends_global
2026-W23,flask,15.0,google_trends_global
2026-W24,flask,22.2,google_trends_global
2026-W25,flask,24.6,google_trends_global
2024-W01,fastapi,10.1,google_trends_global
2024-W02,fastapi,9.6,google_trends_global
2024-W03,fastapi,14.0,google_trends_global
2024-W04,fastapi,10.6,google_trends_global
2024-W05,fastapi,11.5,google_trends_global
2024-W06,fastapi,15.0,google_trends_global
2024-W07,fastapi,4.4,google_trends_global
2024-W08,fastapi,17.3,google_trends_global
2024-W09,fastapi,12.4,google_trends_global
2024-W10,fastapi,10.4,google_trends_global
2024-W11,fastapi,11.7,google_trends_global
2024-W12,fastapi,12.0,google_trends_global
2024-W13,fastapi,5.2,google_trends_global
2024-W14,fastapi,18.1,google_trends_global
2024-W15,fastapi,12.3,google_trends_global
2024-W16,fastapi,14.0,google_trends_global
2024-W17,fastapi,16.0,google_trends_global
2024-W18,fastapi,8.1,google_trends_global
2024-W19,fastapi,14.2,google_trends_global
2024-W20,fastapi,11.2,google_trends_global
2024-W21,fastapi,15.7,google_trends_global
2024-W22,fastapi,3.9,google_trends_global
2024-W23,fastapi,12.0,google_trends_global
2024-W24,fastapi,10.1,google_trends_global
2024-W25,fastapi,14.3,google_trends_global
2024-W26,fastapi,14.5,google_trends_global
2024-W27,fastapi,9.8,google_trends_global
2024-W28,fastapi,9.9,google_trends_global
2024-W29,fastapi,12.4,google_trends_global
2024-W30,fastapi,9.4,google_trends_global
2024-W31,fastapi,16.4,google_trends_global
2024-W32,fastapi,11.7,google_trends_global
2024-W33,fastapi,2.0,google_trends_global
2024-W34,fastapi,12.0,google_trends_global
2024-W35,fastapi,9.6,google_trends_global
2024-W36,fastapi,7.4,google_trends_global
2024-W37,fastapi,9.2,google_trends_global
2024-W38,fastapi,14.8,google_trends_global
2024-W39,fastapi,20.0,google_trends_global
2024-W40,fastapi,16.2,google_trends_global
2024-W41,fastapi,12.9,google_trends_global
2024-W42,fastapi,17.5,google_trends_global
2024-W43,fastapi,14.3,google_trends_global
2024-W44,fastapi,13.8,google_trends_global
2024-W45,fastapi,12.5,google_trends_global
2024-W46,fastapi,10.6,google_trends_global
2024-W47,fastapi,16.7,google_trends_global
2024-W48,fastapi,19.5,google_trends_global
2024-W49,fastapi,19.2,google_trends_global
2024-W50,fastapi,18.6,google_trends_global
2024-W51,fastapi,17.3,google_trends_global
2024-W52,fastapi,24.3,google_trends_global
2024-W53,fastapi,17.5,google_trends_global
2025-W01,fastapi,26.7,google_trends_global
2025-W02,fastapi,20.5,google_trends_global
2025-W03,fastapi,22.5,google_trends_global
2025-W04,fastapi,20.6,google_trends_global
2025-W05,fastapi,25.4,google_trends_global
2025-W06,fastapi,32.4,google_trends_global
2025-W07,fastapi,31.5,google_trends_global
2025-W08,fastapi,34.4,google_trends_global
2025-W09,fastapi,33.5,google_trends_global
2025-W10,fastapi,28.0,google_trends_global
2025-W11,fastapi,32.0,google_trends_global
2025-W12,fastapi,31.1,google_trends_global
2025-W13,fastapi,40.4,google_trends_global
2025-W14,fastapi,31.1,google_trends_global
2025-W15,fastapi,40.2,google_trends_global
2025-W16,fastapi,41.0,google_trends_global
2025-W17,fastapi,45.4,google_trends_global
2025-W18,fastapi,37.1,google_trends_global
2025-W19,fastapi,42.1,google_trends_global
2025-W20,fastapi,49.0,google_trends_global
2025-W21,fastapi,37.9,google_trends_global
2025-W22,fastapi,34.7,google_trends_global
2025-W23,fastapi,33.7,google_trends_global
2025-W24,fastapi,44.5,google_trends_global
2025-W25,fastapi,34.4,google_trends_global
2025-W26,fastapi,40.8,google_trends_global
2025-W27,fastapi,44.3,google_trends_global
2025-W28,fastapi,43.6,google_trends_global
2025-W29,fastapi,44.8,google_trends_global
2025-W30,fastapi,44.2,google_trends_global
2025-W31,fastapi,48.6,google_trends_global
2025-W32,fastapi,39.8,google_trends_global
2025-W33,fastapi,41.1,google_trends_global
2025-W34,fastapi,40.8,google_trends_global
2025-W35,fastapi,47.4,google_trends_global
2025-W36,fastapi,47.7,google_trends_global
2025-W37,fastapi,46.0,google_trends_global
2025-W38,fastapi,49.1,google_trends_global
2025-W39,fastapi,39.7,google_trends_global
2025-W40,fastapi,51.1,google_trends_global
2025-W41,fastapi,50.6,google_trends_global
2025-W42,fastapi,47.5,google_trends_global
2025-W43,fastapi,51.8,google_trends_global
2025-W44,fastapi,38.0,google_trends_global
2025-W45,fastapi,42.6,google_trends_global
2025-W46,fastapi,41.8,google_trends_global
2025-W47,fastapi,47.7,google_trends_global
2025-W48,fastapi,40.6,google_trends_global
2025-W49,fastapi,47.8,google_trends_global
2025-W50,fastapi,50.3,google_trends_global
2025-W51,fastapi,47.6,google_trends_global
2025-W52,fastapi,46.0,google_trends_global
2026-W01,fastapi,40.9,google_trends_global
2026-W02,fastapi,41.5,google_trends_global
2026-W03,fastapi,49.9,google_trends_global
2026-W04,fastapi,48.0,google_trends_global
2026-W05,fastapi,44.8,google_trends_global
2026-W06,fastapi,43.3,google_trends_global
2026-W07,fastapi,36.8,google_trends_global
2026-W08,fastapi,40.7,google_trends_global
2026-W09,fastapi,52.6,google_trends_global
2026-W10,fastapi,39.8,google_trends_global
2026-W11,fastapi,45.7,google_trends_global
2026-W12,fastapi,49.0,google_trends_global
2026-W13,fastapi,40.0,google_trends_global
2026-W14,fastapi,45.7,google_trends_global
2026-W15,fastapi,48.7,google_trends_global
2026-W16,fastapi,45.0,google_trends_global
2026-W17,fastapi,56.5,google_trends_global
2026-W18,fastapi,38.3,google_trends_global
2026-W19,fastapi,49.2,google_trends_global
2026-W20,fastapi,44.3,google_trends_global
2026-W21,fastapi,48.1,google_trends_global
2026-W22,fastapi,46.8,google_trends_global
2026-W23,fastapi,42.1,google_trends_global
2026-W24,fastapi,45.9,google_trends_global
2026-W25,fastapi,37.6,google_trends_global
2024-W01,spring,32.4,google_trends_global
2024-W02,spring,31.2,google_trends_global
2024-W03,spring,32.5,google_trends_global
2024-W04,spring,34.1,google_trends_global
2024-W05,spring,31.3,google_trends_global
2024-W06,spring,30.4,google_trends_global
2024-W07,spring,26.3,google_trends_global
2024-W08,spring,26.9,google_trends_global
2024-W09,spring,34.5,google_trends_global
2024-W10,spring,35.5,google_trends_global
2024-W11,spring,28.7,google_trends_global
2024-W12,spring,29.8,google_trends_global
2024-W13,spring,26.0,google_trends_global
2024-W14,spring,34.3,google_trends_global
2024-W15,spring,32.2,google_trends_global
2024-W16,spring,37.3,google_trends_global
2024-W17,spring,26.0,google_trends_global
2024-W18,spring,28.0,google_trends_global
2024-W19,spring,30.4,google_trends_global
2024-W20,spring,32.0,google_trends_global
2024-W21,spring,28.5,google_trends_global
2024-W22,spring,25.9,google_trends_global
2024-W23,spring,32.8,google_trends_global
2024-W24,spring,32.2,google_trends_global
2024-W25,spring,25.6,google_trends_global
2024-W26,spring,34.6,google_trends_global
2024-W27,spring,33.9,google_trends_global
2024-W28,spring,29.7,google_trends_global
2024-W29,spring,29.5,google_trends_global
2024-W30,spring,31.3,google_trends_global
2024-W31,spring,25.6,google_trends_global
2024-W32,spring,29.2,google_trends_global
2024-W33,spring,20.4,google_trends_global
2024-W34,spring,32.5,google_trends_global
2024-W35,spring,22.7,google_trends_global
2024-W36,spring,34.9,google_trends_global
2024-W37,spring,27.6,google_trends_global
2024-W38,spring,28.0,google_trends_global
2024-W39,spring,26.3,google_trends_global
2024-W40,spring,27.6,google_trends_global
2024-W41,spring,34.4,google_trends_global
2024-W42,spring,18.8,google_trends_global
2024-W43,spring,33.8,google_trends_global
2024-W44,spring,30.0,google_trends_global
2024-W45,spring,23.8,google_trends_global
2024-W46,spring,24.3,google_trends_global
2024-W47,spring,35.3,google_trends_global
2024-W48,spring,24.8,google_trends_global
2024-W49,spring,23.9,google_trends_global
2024-W50,spring,33.0,google_trends_global
2024-W51,spring,29.8,google_trends_global
2024-W52,spring,24.7,google_trends_global
2024-W53,spring,29.3,google_trends_global
2025-W01,spring,24.3,google_trends_global
2025-W02,spring,32.7,google_trends_global
2025-W03,spring,32.5,google_trends_global
2025-W04,spring,30.4,google_trends_global
2025-W05,spring,29.7,google_trends_global
2025-W06,spring,35.2,google_trends_global
2025-W07,spring,28.2,google_trends_global
2025-W08,spring,23.4,google_trends_global
2025-W09,spring,29.9,google_trends_global
2025-W10,spring,36.4,google_trends_global
2025-W11,spring,24.0,google_trends_global
2025-W12,spring,26.6,google_trends_global
2025-W13,spring,29.7,google_trends_global
2025-W14,spring,27.7,google_trends_global
2025-W15,spring,24.0,google_trends_global
2025-W16,spring,32.4,google_trends_global
2025-W17,spring,37.1,google_trends_global
2025-W18,spring,28.6,google_trends_global
2025-W19,spring,24.2,google_trends_global
2025-W20,spring,21.6,google_trends_global
2025-W21,spring,28.8,google_trends_global
2025-W22,spring,32.1,google_trends_global
2025-W23,spring,29.6,google_trends_global
2025-W24,spring,27.6,google_trends_global
2025-W25,spring,25.3,google_trends_global
2025-W26,spring,23.2,google_trends_global
2025-W27,spring,30.9,google_trends_global
2025-W28,spring,31.2,google_trends_global
2025-W29,spring,21.3,google_trends_global
2025-W30,spring,33.8,google_trends_global
2025-W31,spring,29.7,google_trends_global
2025-W32,spring,33.0,google_trends_global
2025-W33,spring,22.0,google_trends_global
2025-W34,spring,21.9,google_trends_global
2025-W35,spring,26.7,google_trends_global
2025-W36,spring,29.3,google_trends_global
2025-W37,spring,34.4,google_trends_global
2025-W38,spring,30.0,google_trends_global
2025-W39,spring,26.2,google_trends_global
2025-W40,spring,23.0,google_trends_global
2025-W41,spring,32.0,google_trends_global
2025-W42,spring,23.2,google_trends_global
2025-W43,spring,33.6,google_trends_global
2025-W44,spring,25.9,google_trends_global
2025-W45,spring,33.4,google_trends_global
2025-W46,spring,29.7,google_trends_global
2025-W47,spring,26.4,google_trends_global
2025-W48,spring,24.8,google_trends_global
2025-W49,spring,25.5,google_trends_global
2025-W50,spring,28.6,google_trends_global
2025-W51,spring,27.1,google_trends_global
2025-W52,spring,24.4,google_trends_global
2026-W01,spring,26.1,google_trends_global
2026-W02,spring,27.0,google_trends_global
2026-W03,spring,18.2,google_trends_global
2026-W04,spring,28.5,google_trends_global
2026-W05,spring,22.7,google_trends_global
2026-W06,spring,22.0,google_trends_global
2026-W07,spring,19.8,google_trends_global
2026-W08,spring,19.4,google_trends_global
2026-W09,spring,21.1,google_trends_global
2026-W10,spring,23.6,google_trends_global
2026-W11,spring,34.2,google_trends_global
2026-W12,spring,24.3,google_trends_global
2026-W13,spring,27.1,google_trends_global
2026-W14,spring,27.9,google_trends_global
2026-W15,spring,26.8,google_trends_global
2026-W16,spring,26.0,google_trends_global
2026-W17,spring,21.5,google_trends_global
2026-W18,spring,32.0,google_trends_global
2026-W19,spring,33.4,google_trends_global
2026-W20,spring,19.4,google_trends_global
2026-W21,spring,22.0,google_trends_global
2026-W22,spring,25.0,google_trends_global
2026-W23,spring,22.2,google_trends_global
2026-W24,spring,28.1,google_trends_global
2026-W25,spring,23.1,google_trends_global
2024-W01,dotnet,40.7,google_trends_global
2024-W02,dotnet,36.7,google_trends_global
2024-W03,dotnet,32.8,google_trends_global
2024-W04,dotnet,36.0,google_trends_global
2024-W05,dotnet,36.3,google_trends_global
2024-W06,dotnet,29.6,google_trends_global
2024-W07,dotnet,28.5,google_trends_global
2024-W08,dotnet,32.1,google_trends_global
2024-W09,dotnet,35.2,google_trends_global
2024-W10,dotnet,32.3,google_trends_global
2024-W11,dotnet,25.4,google_trends_global
2024-W12,dotnet,28.4,google_trends_global
2024-W13,dotnet,31.3,google_trends_global
2024-W14,dotnet,31.3,google_trends_global
2024-W15,dotnet,39.5,google_trends_global
2024-W16,dotnet,26.0,google_trends_global
2024-W17,dotnet,33.5,google_trends_global
2024-W18,dotnet,37.4,google_trends_global
2024-W19,dotnet,40.5,google_trends_global
2024-W20,dotnet,29.8,google_trends_global
2024-W21,dotnet,33.3,google_trends_global
2024-W22,dotnet,33.6,google_trends_global
2024-W23,dotnet,32.1,google_trends_global
2024-W24,dotnet,30.9,google_trends_global
2024-W25,dotnet,33.0,google_trends_global
2024-W26,dotnet,21.1,google_trends_global
2024-W27,dotnet,33.9,google_trends_global
2024-W28,dotnet,31.7,google_trends_global
2024-W29,dotnet,30.2,google_trends_global
2024-W30,dotnet,39.3,google_trends_global
2024-W31,dotnet,28.4,google_trends_global
2024-W32,dotnet,29.4,google_trends_global
2024-W33,dotnet,39.0,google_trends_global
2024-W34,dotnet,27.6,google_trends_global
2024-W35,dotnet,28.7,google_trends_global
2024-W36,dotnet,30.3,google_trends_global
2024-W37,dotnet,34.2,google_trends_global
2024-W38,dotnet,31.7,google_trends_global
2024-W39,dotnet,25.7,google_trends_global
2024-W40,dotnet,28.7,google_trends_global
2024-W41,dotnet,28.3,google_trends_global
2024-W42,dotnet,30.4,google_trends_global
2024-W43,dotnet,32.4,google_trends_global
2024-W44,dotnet,32.3,google_trends_global
2024-W45,dotnet,23.5,google_trends_global
2024-W46,dotnet,34.9,google_trends_global
2024-W47,dotnet,31.6,google_trends_global
2024-W48,dotnet,36.1,google_trends_global
2024-W49,dotnet,32.3,google_trends_global
2024-W50,dotnet,34.9,google_trends_global
2024-W51,dotnet,32.3,google_trends_global
2024-W52,dotnet,35.8,google_trends_global
2024-W53,dotnet,32.5,google_trends_global
2025-W01,dotnet,30.0,google_trends_global
2025-W02,dotnet,39.4,google_trends_global
2025-W03,dotnet,33.9,google_trends_global
2025-W04,dotnet,32.6,google_trends_global
2025-W05,dotnet,25.1,google_trends_global
2025-W06,dotnet,25.0,google_trends_global
2025-W07,dotnet,31.3,google_trends_global
2025-W08,dotnet,30.7,google_trends_global
2025-W09,dotnet,27.7,google_trends_global
2025-W10,dotnet,30.6,google_trends_global
2025-W11,dotnet,36.4,google_trends_global
2025-W12,dotnet,32.8,google_trends_global
2025-W13,dotnet,25.4,google_trends_global
2025-W14,dotnet,29.5,google_trends_global
2025-W15,dotnet,26.7,google_trends_global
2025-W16,dotnet,28.3,google_trends_global
2025-W17,dotnet,28.2,google_trends_global
2025-W18,dotnet,27.9,google_trends_global
2025-W19,dotnet,24.8,google_trends_global
2025-W20,dotnet,29.3,google_trends_global
2025-W21,dotnet,27.5,google_trends_global
2025-W22,dotnet,18.0,google_trends_global
2025-W23,dotnet,37.9,google_trends_global
2025-W24,dotnet,34.0,google_trends_global
2025-W25,dotnet,28.1,google_trends_global
2025-W26,dotnet,29.7,google_trends_global
2025-W27,dotnet,24.9,google_trends_global
2025-W28,dotnet,36.3,google_trends_global
2025-W29,dotnet,37.1,google_trends_global
2025-W30,dotnet,30.1,google_trends_global
2025-W31,dotnet,33.5,google_trends_global
2025-W32,dotnet,30.1,google_trends_global
2025-W33,dotnet,24.0,google_trends_global
2025-W34,dotnet,27.7,google_trends_global
2025-W35,dotnet,29.8,google_trends_global
2025-W36,dotnet,27.5,google_trends_global
2025-W37,dotnet,28.4,google_trends_global
2025-W38,dotnet,28.8,google_trends_global
2025-W39,dotnet,28.9,google_trends_global
2025-W40,dotnet,29.4,google_trends_global
2025-W41,dotnet,24.9,google_trends_global
2025-W42,dotnet,26.2,google_trends_global
2025-W43,dotnet,23.9,google_trends_global
2025-W44,dotnet,32.9,google_trends_global
2025-W45,dotnet,20.6,google_trends_global
2025-W46,dotnet,33.6,google_trends_global
2025-W47,dotnet,34.5,google_trends_global
2025-W48,dotnet,27.7,google_trends_global
2025-W49,dotnet,18.5,google_trends_global
2025-W50,dotnet,27.4,google_trends_global
2025-W51,dotnet,28.5,google_trends_global
2025-W52,dotnet,24.7,google_trends_global
2026-W01,dotnet,26.7,google_trends_global
2026-W02,dotnet,34.8,google_trends_global
2026-W03,dotnet,31.3,google_trends_global
2026-W04,dotnet,25.0,google_trends_global
2026-W05,dotnet,22.2,google_trends_global
2026-W06,dotnet,27.3,google_trends_global
2026-W07,dotnet,27.7,google_trends_global
2026-W08,dotnet,30.5,google_trends_global
2026-W09,dotnet,26.4,google_trends_global
2026-W10,dotnet,30.5,google_trends_global
2026-W11,dotnet,36.2,google_trends_global
2026-W12,dotnet,31.7,google_trends_global
2026-W13,dotnet,28.2,google_trends_global
2026-W14,dotnet,27.6,google_trends_global
2026-W15,dotnet,26.9,google_trends_global
2026-W16,dotnet,33.0,google_trends_global
2026-W17,dotnet,25.7,google_trends_global
2026-W18,dotnet,28.4,google_trends_global
2026-W19,dotnet,28.4,google_trends_global
2026-W20,dotnet,26.1,google_trends_global
2026-W21,dotnet,22.6,google_trends_global
2026-W22,dotnet,29.4,google_trends_global
2026-W23,dotnet,27.8,google_trends_global
2026-W24,dotnet,30.0,google_trends_global
2026-W25,dotnet,25.9,google_trends_global
2024-W01,laravel,28.9,google_trends_global
2024-W02,laravel,20.4,google_trends_global
2024-W03,laravel,30.8,google_trends_global
2024-W04,laravel,16.9,google_trends_global
2024-W05,laravel,25.6,google_trends_global
2024-W06,laravel,25.7,google_trends_global
2024-W07,laravel,20.5,google_trends_global
2024-W08,laravel,25.4,google_trends_global
2024-W09,laravel,28.7,google_trends_global
2024-W10,laravel,14.7,google_trends_global
2024-W11,laravel,25.5,google_trends_global
2024-W12,laravel,13.5,google_trends_global
2024-W13,laravel,19.6,google_trends_global
2024-W14,laravel,29.9,google_trends_global
2024-W15,laravel,21.0,google_trends_global
2024-W16,laravel,18.6,google_trends_global
2024-W17,laravel,22.5,google_trends_global
2024-W18,laravel,31.5,google_trends_global
2024-W19,laravel,15.8,google_trends_global
2024-W20,laravel,18.9,google_trends_global
2024-W21,laravel,29.1,google_trends_global
2024-W22,laravel,30.5,google_trends_global
2024-W23,laravel,22.6,google_trends_global
2024-W24,laravel,18.0,google_trends_global
2024-W25,laravel,31.3,google_trends_global
2024-W26,laravel,29.2,google_trends_global
2024-W27,laravel,25.5,google_trends_global
2024-W28,laravel,19.5,google_trends_global
2024-W29,laravel,22.5,google_trends_global
2024-W30,laravel,22.0,google_trends_global
2024-W31,laravel,23.9,google_trends_global
2024-W32,laravel,28.4,google_trends_global
2024-W33,laravel,26.0,google_trends_global
2024-W34,laravel,18.2,google_trends_global
2024-W35,laravel,27.9,google_trends_global
2024-W36,laravel,23.6,google_trends_global
2024-W37,laravel,25.1,google_trends_global
2024-W38,laravel,28.1,google_trends_global
2024-W39,laravel,17.8,google_trends_global
2024-W40,laravel,22.0,google_trends_global
2024-W41,laravel,20.0,google_trends_global
2024-W42,laravel,15.8,google_trends_global
2024-W43,laravel,23.4,google_trends_global
2024-W44,laravel,32.0,google_trends_global
2024-W45,laravel,14.6,google_trends_global
2024-W46,laravel,21.8,google_trends_global
2024-W47,laravel,24.4,google_trends_global
2024-W48,laravel,22.3,google_trends_global
2024-W49,laravel,21.3,google_trends_global
2024-W50,laravel,16.5,google_trends_global
2024-W51,laravel,22.6,google_trends_global
2024-W52,laravel,18.6,google_trends_global
2024-W53,laravel,12.8,google_trends_global
2025-W01,laravel,26.3,google_trends_global
2025-W02,laravel,25.3,google_trends_global
2025-W03,laravel,21.6,google_trends_global
2025-W04,laravel,22.3,google_trends_global
2025-W05,laravel,25.6,google_trends_global
2025-W06,laravel,22.2,google_trends_global
2025-W07,laravel,24.9,google_trends_global
2025-W08,laravel,20.0,google_trends_global
2025-W09,laravel,26.4,google_trends_global
2025-W10,laravel,22.4,google_trends_global
2025-W11,laravel,21.8,google_trends_global
2025-W12,laravel,15.9,google_trends_global
2025-W13,laravel,22.1,google_trends_global
2025-W14,laravel,17.6,google_trends_global
2025-W15,laravel,18.3,google_trends_global
2025-W16,laravel,17.6,google_trends_global
2025-W17,laravel,16.5,google_trends_global
2025-W18,laravel,29.2,google_trends_global
2025-W19,laravel,26.0,google_trends_global
2025-W20,laravel,28.3,google_trends_global
2025-W21,laravel,15.7,google_trends_global
2025-W22,laravel,20.8,google_trends_global
2025-W23,laravel,15.3,google_trends_global
2025-W24,laravel,17.7,google_trends_global
2025-W25,laravel,16.7,google_trends_global
2025-W26,laravel,25.3,google_trends_global
2025-W27,laravel,18.7,google_trends_global
2025-W28,laravel,24.6,google_trends_global
2025-W29,laravel,22.6,google_trends_global
2025-W30,laravel,29.4,google_trends_global
2025-W31,laravel,14.2,google_trends_global
2025-W32,laravel,25.1,google_trends_global
2025-W33,laravel,24.6,google_trends_global
2025-W34,laravel,16.1,google_trends_global
2025-W35,laravel,24.0,google_trends_global
2025-W36,laravel,21.3,google_trends_global
2025-W37,laravel,19.0,google_trends_global
2025-W38,laravel,16.5,google_trends_global
2025-W39,laravel,16.9,google_trends_global
2025-W40,laravel,27.9,google_trends_global
2025-W41,laravel,19.7,google_trends_global
2025-W42,laravel,22.8,google_trends_global
2025-W43,laravel,16.4,google_trends_global
2025-W44,laravel,16.4,google_trends_global
2025-W45,laravel,23.8,google_trends_global
2025-W46,laravel,14.0,google_trends_global
2025-W47,laravel,17.7,google_trends_global
2025-W48,laravel,19.5,google_trends_global
2025-W49,laravel,19.7,google_trends_global
2025-W50,laravel,18.5,google_trends_global
2025-W51,laravel,20.8,google_trends_global
2025-W52,laravel,21.9,google_trends_global
2026-W01,laravel,22.1,google_trends_global
2026-W02,laravel,15.1,google_trends_global
2026-W03,laravel,17.9,google_trends_global
2026-W04,laravel,23.8,google_trends_global
2026-W05,laravel,22.5,google_trends_global
2026-W06,laravel,13.4,google_trends_global
2026-W07,laravel,20.2,google_trends_global
2026-W08,laravel,10.9,google_trends_global
2026-W09,laravel,18.9,google_trends_global
2026-W10,laravel,26.3,google_trends_global
2026-W11,laravel,14.9,google_trends_global
2026-W12,laravel,15.3,google_trends_global
2026-W13,laravel,21.6,google_trends_global
2026-W14,laravel,12.3,google_trends_global
2026-W15,laravel,15.9,google_trends_global
2026-W16,laravel,20.8,google_trends_global
2026-W17,laravel,15.8,google_trends_global
2026-W18,laravel,17.4,google_trends_global
2026-W19,laravel,21.3,google_trends_global
2026-W20,laravel,19.9,google_trends_global
2026-W21,laravel,19.3,google_trends_global
2026-W22,laravel,16.8,google_trends_global
2026-W23,laravel,19.6,google_trends_global
2026-W24,laravel,17.6,google_trends_global
2026-W25,laravel,19.8,google_trends_global
2024-W01,aws,58.0,google_trends_global
2024-W02,aws,59.3,google_trends_global
2024-W03,aws,56.1,google_trends_global
2024-W04,aws,60.0,google_trends_global
2024-W05,aws,56.9,google_trends_global
2024-W06,aws,55.8,google_trends_global
2024-W07,aws,61.3,google_trends_global
2024-W08,aws,61.2,google_trends_global
2024-W09,aws,63.5,google_trends_global
2024-W10,aws,58.7,google_trends_global
2024-W11,aws,62.1,google_trends_global
2024-W12,aws,62.7,google_trends_global
2024-W13,aws,62.3,google_trends_global
2024-W14,aws,57.3,google_trends_global
2024-W15,aws,61.2,google_trends_global
2024-W16,aws,62.2,google_trends_global
2024-W17,aws,60.8,google_trends_global
2024-W18,aws,52.4,google_trends_global
2024-W19,aws,61.5,google_trends_global
2024-W20,aws,69.7,google_trends_global
2024-W21,aws,59.5,google_trends_global
2024-W22,aws,58.1,google_trends_global
2024-W23,aws,62.5,google_trends_global
2024-W24,aws,62.3,google_trends_global
2024-W25,aws,65.9,google_trends_global
2024-W26,aws,56.1,google_trends_global
2024-W27,aws,64.1,google_trends_global
2024-W28,aws,63.6,google_trends_global
2024-W29,aws,60.7,google_trends_global
2024-W30,aws,62.7,google_trends_global
2024-W31,aws,65.5,google_trends_global
2024-W32,aws,64.9,google_trends_global
2024-W33,aws,56.9,google_trends_global
2024-W34,aws,64.8,google_trends_global
2024-W35,aws,61.3,google_trends_global
2024-W36,aws,61.9,google_trends_global
2024-W37,aws,62.0,google_trends_global
2024-W38,aws,61.1,google_trends_global
2024-W39,aws,66.5,google_trends_global
2024-W40,aws,61.5,google_trends_global
2024-W41,aws,57.4,google_trends_global
2024-W42,aws,60.3,google_trends_global
2024-W43,aws,62.7,google_trends_global
2024-W44,aws,66.9,google_trends_global
2024-W45,aws,64.5,google_trends_global
2024-W46,aws,58.7,google_trends_global
2024-W47,aws,72.1,google_trends_global
2024-W48,aws,63.2,google_trends_global
2024-W49,aws,67.3,google_trends_global
2024-W50,aws,61.7,google_trends_global
2024-W51,aws,64.5,google_trends_global
2024-W52,aws,65.7,google_trends_global
2024-W53,aws,67.3,google_trends_global
2025-W01,aws,66.7,google_trends_global
2025-W02,aws,66.0,google_trends_global
2025-W03,aws,61.3,google_trends_global
2025-W04,aws,60.3,google_trends_global
2025-W05,aws,64.0,google_trends_global
2025-W06,aws,66.4,google_trends_global
2025-W07,aws,61.9,google_trends_global
2025-W08,aws,67.1,google_trends_global
2025-W09,aws,68.6,google_trends_global
2025-W10,aws,59.2,google_trends_global
2025-W11,aws,59.6,google_trends_global
2025-W12,aws,62.4,google_trends_global
2025-W13,aws,64.3,google_trends_global
2025-W14,aws,61.0,google_trends_global
2025-W15,aws,68.5,google_trends_global
2025-W16,aws,64.9,google_trends_global
2025-W17,aws,63.4,google_trends_global
2025-W18,aws,57.5,google_trends_global
2025-W19,aws,58.0,google_trends_global
2025-W20,aws,64.5,google_trends_global
2025-W21,aws,54.9,google_trends_global
2025-W22,aws,67.5,google_trends_global
2025-W23,aws,62.9,google_trends_global
2025-W24,aws,76.5,google_trends_global
2025-W25,aws,72.8,google_trends_global
2025-W26,aws,62.9,google_trends_global
2025-W27,aws,63.2,google_trends_global
2025-W28,aws,67.7,google_trends_global
2025-W29,aws,70.6,google_trends_global
2025-W30,aws,57.3,google_trends_global
2025-W31,aws,56.7,google_trends_global
2025-W32,aws,61.4,google_trends_global
2025-W33,aws,66.3,google_trends_global
2025-W34,aws,66.0,google_trends_global
2025-W35,aws,68.3,google_trends_global
2025-W36,aws,59.3,google_trends_global
2025-W37,aws,54.9,google_trends_global
2025-W38,aws,67.6,google_trends_global
2025-W39,aws,60.9,google_trends_global
2025-W40,aws,56.2,google_trends_global
2025-W41,aws,64.9,google_trends_global
2025-W42,aws,67.5,google_trends_global
2025-W43,aws,63.9,google_trends_global
2025-W44,aws,62.6,google_trends_global
2025-W45,aws,63.9,google_trends_global
2025-W46,aws,63.1,google_trends_global
2025-W47,aws,59.2,google_trends_global
2025-W48,aws,61.8,google_trends_global
2025-W49,aws,66.8,google_trends_global
2025-W50,aws,66.0,google_trends_global
2025-W51,aws,65.5,google_trends_global
2025-W52,aws,60.9,google_trends_global
2026-W01,aws,64.2,google_trends_global
2026-W02,aws,56.2,google_trends_global
2026-W03,aws,65.7,google_trends_global
2026-W04,aws,70.7,google_trends_global
2026-W05,aws,59.2,google_trends_global
2026-W06,aws,62.8,google_trends_global
2026-W07,aws,66.5,google_trends_global
2026-W08,aws,70.2,google_trends_global
2026-W09,aws,63.5,google_trends_global
2026-W10,aws,62.5,google_trends_global
2026-W11,aws,57.5,google_trends_global
2026-W12,aws,65.8,google_trends_global
2026-W13,aws,73.6,google_trends_global
2026-W14,aws,66.6,google_trends_global
2026-W15,aws,65.4,google_trends_global
2026-W16,aws,66.9,google_trends_global
2026-W17,aws,65.6,google_trends_global
2026-W18,aws,62.4,google_trends_global
2026-W19,aws,69.0,google_trends_global
2026-W20,aws,66.7,google_trends_global
2026-W21,aws,65.9,google_trends_global
2026-W22,aws,62.0,google_trends_global
2026-W23,aws,71.1,google_trends_global
2026-W24,aws,68.6,google_trends_global
2026-W25,aws,63.8,google_trends_global
2024-W01,azure,50.0,google_trends_global
2024-W02,azure,44.1,google_trends_global
2024-W03,azure,43.0,google_trends_global
2024-W04,azure,43.1,google_trends_global
2024-W05,azure,39.2,google_trends_global
2024-W06,azure,48.2,google_trends_global
2024-W07,azure,39.0,google_trends_global
2024-W08,azure,41.5,google_trends_global
2024-W09,azure,38.2,google_trends_global
2024-W10,azure,46.2,google_trends_global
2024-W11,azure,46.0,google_trends_global
2024-W12,azure,45.4,google_trends_global
2024-W13,azure,42.6,google_trends_global
2024-W14,azure,42.1,google_trends_global
2024-W15,azure,48.7,google_trends_global
2024-W16,azure,44.7,google_trends_global
2024-W17,azure,48.3,google_trends_global
2024-W18,azure,43.5,google_trends_global
2024-W19,azure,47.8,google_trends_global
2024-W20,azure,52.4,google_trends_global
2024-W21,azure,49.6,google_trends_global
2024-W22,azure,45.7,google_trends_global
2024-W23,azure,48.4,google_trends_global
2024-W24,azure,46.5,google_trends_global
2024-W25,azure,47.5,google_trends_global
2024-W26,azure,46.2,google_trends_global
2024-W27,azure,47.0,google_trends_global
2024-W28,azure,48.5,google_trends_global
2024-W29,azure,43.8,google_trends_global
2024-W30,azure,43.7,google_trends_global
2024-W31,azure,42.3,google_trends_global
2024-W32,azure,41.5,google_trends_global
2024-W33,azure,43.1,google_trends_global
2024-W34,azure,48.7,google_trends_global
2024-W35,azure,44.5,google_trends_global
2024-W36,azure,50.2,google_trends_global
2024-W37,azure,48.4,google_trends_global
2024-W38,azure,40.4,google_trends_global
2024-W39,azure,51.0,google_trends_global
2024-W40,azure,51.7,google_trends_global
2024-W41,azure,44.5,google_trends_global
2024-W42,azure,50.2,google_trends_global
2024-W43,azure,45.2,google_trends_global
2024-W44,azure,49.1,google_trends_global
2024-W45,azure,43.7,google_trends_global
2024-W46,azure,41.6,google_trends_global
2024-W47,azure,47.3,google_trends_global
2024-W48,azure,48.4,google_trends_global
2024-W49,azure,47.4,google_trends_global
2024-W50,azure,44.3,google_trends_global
2024-W51,azure,47.5,google_trends_global
2024-W52,azure,50.2,google_trends_global
2024-W53,azure,49.0,google_trends_global
2025-W01,azure,50.0,google_trends_global
2025-W02,azure,46.7,google_trends_global
2025-W03,azure,54.1,google_trends_global
2025-W04,azure,44.8,google_trends_global
2025-W05,azure,51.5,google_trends_global
2025-W06,azure,54.3,google_trends_global
2025-W07,azure,51.6,google_trends_global
2025-W08,azure,48.9,google_trends_global
2025-W09,azure,47.7,google_trends_global
2025-W10,azure,54.0,google_trends_global
2025-W11,azure,44.2,google_trends_global
2025-W12,azure,46.1,google_trends_global
2025-W13,azure,48.4,google_trends_global
2025-W14,azure,55.0,google_trends_global
2025-W15,azure,51.7,google_trends_global
2025-W16,azure,46.3,google_trends_global
2025-W17,azure,49.0,google_trends_global
2025-W18,azure,47.9,google_trends_global
2025-W19,azure,47.6,google_trends_global
2025-W20,azure,54.4,google_trends_global
2025-W21,azure,45.0,google_trends_global
2025-W22,azure,57.0,google_trends_global
2025-W23,azure,54.0,google_trends_global
2025-W24,azure,55.1,google_trends_global
2025-W25,azure,48.9,google_trends_global
2025-W26,azure,50.2,google_trends_global
2025-W27,azure,45.2,google_trends_global
2025-W28,azure,48.9,google_trends_global
2025-W29,azure,53.0,google_trends_global
2025-W30,azure,56.3,google_trends_global
2025-W31,azure,46.7,google_trends_global
2025-W32,azure,49.7,google_trends_global
2025-W33,azure,50.7,google_trends_global
2025-W34,azure,45.8,google_trends_global
2025-W35,azure,53.8,google_trends_global
2025-W36,azure,48.6,google_trends_global
2025-W37,azure,50.7,google_trends_global
2025-W38,azure,49.8,google_trends_global
2025-W39,azure,48.5,google_trends_global
2025-W40,azure,51.7,google_trends_global
2025-W41,azure,50.9,google_trends_global
2025-W42,azure,50.3,google_trends_global
2025-W43,azure,49.0,google_trends_global
2025-W44,azure,53.2,google_trends_global
2025-W45,azure,58.6,google_trends_global
2025-W46,azure,52.6,google_trends_global
2025-W47,azure,56.1,google_trends_global
2025-W48,azure,46.6,google_trends_global
2025-W49,azure,52.9,google_trends_global
2025-W50,azure,47.9,google_trends_global
2025-W51,azure,46.5,google_trends_global
2025-W52,azure,49.5,google_trends_global
2026-W01,azure,57.3,google_trends_global
2026-W02,azure,56.4,google_trends_global
2026-W03,azure,53.6,google_trends_global
2026-W04,azure,46.6,google_trends_global
2026-W05,azure,52.0,google_trends_global
2026-W06,azure,54.0,google_trends_global
2026-W07,azure,53.6,google_trends_global
2026-W08,azure,45.6,google_trends_global
2026-W09,azure,49.4,google_trends_global
2026-W10,azure,52.8,google_trends_global
2026-W11,azure,55.3,google_trends_global
2026-W12,azure,44.4,google_trends_global
2026-W13,azure,52.6,google_trends_global
2026-W14,azure,53.9,google_trends_global
2026-W15,azure,56.8,google_trends_global
2026-W16,azure,56.2,google_trends_global
2026-W17,azure,55.8,google_trends_global
2026-W18,azure,50.4,google_trends_global
2026-W19,azure,46.0,google_trends_global
2026-W20,azure,52.1,google_trends_global
2026-W21,azure,57.8,google_trends_global
2026-W22,azure,59.4,google_trends_global
2026-W23,azure,56.7,google_trends_global
2026-W24,azure,55.7,google_trends_global
2026-W25,azure,55.5,google_trends_global
2024-W01,google cloud,30.8,google_trends_global
2024-W02,google cloud,32.5,google_trends_global
2024-W03,google cloud,39.8,google_trends_global
2024-W04,google cloud,29.4,google_trends_global
2024-W05,google cloud,39.7,google_trends_global
2024-W06,google cloud,32.0,google_trends_global
2024-W07,google cloud,38.6,google_trends_global
2024-W08,google cloud,27.8,google_trends_global
2024-W09,google cloud,35.8,google_trends_global
2024-W10,google cloud,30.5,google_trends_global
2024-W11,google cloud,27.9,google_trends_global
2024-W12,google cloud,34.5,google_trends_global
2024-W13,google cloud,37.7,google_trends_global
2024-W14,google cloud,30.3,google_trends_global
2024-W15,google cloud,27.8,google_trends_global
2024-W16,google cloud,33.4,google_trends_global
2024-W17,google cloud,33.5,google_trends_global
2024-W18,google cloud,36.1,google_trends_global
2024-W19,google cloud,37.8,google_trends_global
2024-W20,google cloud,33.8,google_trends_global
2024-W21,google cloud,41.5,google_trends_global
2024-W22,google cloud,35.0,google_trends_global
2024-W23,google cloud,32.8,google_trends_global
2024-W24,google cloud,27.8,google_trends_global
2024-W25,google cloud,33.3,google_trends_global
2024-W26,google cloud,33.0,google_trends_global
2024-W27,google cloud,38.3,google_trends_global
2024-W28,google cloud,36.3,google_trends_global
2024-W29,google cloud,29.8,google_trends_global
2024-W30,google cloud,35.3,google_trends_global
2024-W31,google cloud,37.3,google_trends_global
2024-W32,google cloud,40.8,google_trends_global
2024-W33,google cloud,38.3,google_trends_global
2024-W34,google cloud,37.8,google_trends_global
2024-W35,google cloud,35.1,google_trends_global
2024-W36,google cloud,36.5,google_trends_global
2024-W37,google cloud,40.0,google_trends_global
2024-W38,google cloud,29.7,google_trends_global
2024-W39,google cloud,33.7,google_trends_global
2024-W40,google cloud,32.0,google_trends_global
2024-W41,google cloud,36.7,google_trends_global
2024-W42,google cloud,40.1,google_trends_global
2024-W43,google cloud,32.9,google_trends_global
2024-W44,google cloud,25.8,google_trends_global
2024-W45,google cloud,33.7,google_trends_global
2024-W46,google cloud,39.1,google_trends_global
2024-W47,google cloud,37.6,google_trends_global
2024-W48,google cloud,37.3,google_trends_global
2024-W49,google cloud,34.5,google_trends_global
2024-W50,google cloud,30.5,google_trends_global
2024-W51,google cloud,37.8,google_trends_global
2024-W52,google cloud,32.4,google_trends_global
2024-W53,google cloud,44.6,google_trends_global
2025-W01,google cloud,38.2,google_trends_global
2025-W02,google cloud,33.6,google_trends_global
2025-W03,google cloud,33.5,google_trends_global
2025-W04,google cloud,35.7,google_trends_global
2025-W05,google cloud,35.1,google_trends_global
2025-W06,google cloud,40.6,google_trends_global
2025-W07,google cloud,36.9,google_trends_global
2025-W08,google cloud,33.3,google_trends_global
2025-W09,google cloud,43.9,google_trends_global
2025-W10,google cloud,36.6,google_trends_global
2025-W11,google cloud,39.5,google_trends_global
2025-W12,google cloud,34.0,google_trends_global
2025-W13,google cloud,38.0,google_trends_global
2025-W14,google cloud,37.8,google_trends_global
2025-W15,google cloud,29.1,google_trends_global
2025-W16,google cloud,44.8,google_trends_global
2025-W17,google cloud,41.9,google_trends_global
2025-W18,google cloud,35.2,google_trends_global
2025-W19,google cloud,32.4,google_trends_global
2025-W20,google cloud,38.3,google_trends_global
2025-W21,google cloud,37.3,google_trends_global
2025-W22,google cloud,38.4,google_trends_global
2025-W23,google cloud,37.8,google_trends_global
2025-W24,google cloud,39.1,google_trends_global
2025-W25,google cloud,43.0,google_trends_global
2025-W26,google cloud,39.5,google_trends_global
2025-W27,google cloud,33.1,google_trends_global
2025-W28,google cloud,42.8,google_trends_global
2025-W29,google cloud,44.0,google_trends_global
2025-W30,google cloud,50.1,google_trends_global
2025-W31,google cloud,33.0,google_trends_global
2025-W32,google cloud,38.5,google_trends_global
2025-W33,google cloud,29.3,google_trends_global
2025-W34,google cloud,39.9,google_trends_global
2025-W35,google cloud,35.5,google_trends_global
2025-W36,google cloud,45.5,google_trends_global
2025-W37,google cloud,34.7,google_trends_global
2025-W38,google cloud,31.1,google_trends_global
2025-W39,google cloud,36.1,google_trends_global
2025-W40,google cloud,30.1,google_trends_global
2025-W41,google cloud,41.1,google_trends_global
2025-W42,google cloud,29.8,google_trends_global
2025-W43,google cloud,38.3,google_trends_global
2025-W44,google cloud,29.9,google_trends_global
2025-W45,google cloud,37.0,google_trends_global
2025-W46,google cloud,44.9,google_trends_global
2025-W47,google cloud,39.8,google_trends_global
2025-W48,google cloud,35.0,google_trends_global
2025-W49,google cloud,38.4,google_trends_global
2025-W50,google cloud,38.6,google_trends_global
2025-W51,google cloud,40.5,google_trends_global
2025-W52,google cloud,33.2,google_trends_global
2026-W01,google cloud,41.1,google_trends_global
2026-W02,google cloud,27.9,google_trends_global
2026-W03,google cloud,36.3,google_trends_global
2026-W04,google cloud,36.9,google_trends_global
2026-W05,google cloud,41.4,google_trends_global
2026-W06,google cloud,39.1,google_trends_global
2026-W07,google cloud,33.4,google_trends_global
2026-W08,google cloud,35.1,google_trends_global
2026-W09,google cloud,39.9,google_trends_global
2026-W10,google cloud,38.9,google_trends_global
2026-W11,google cloud,36.9,google_trends_global
2026-W12,google cloud,37.4,google_trends_global
2026-W13,google cloud,42.1,google_trends_global
2026-W14,google cloud,37.3,google_trends_global
2026-W15,google cloud,39.1,google_trends_global
2026-W16,google cloud,48.2,google_trends_global
2026-W17,google cloud,33.9,google_trends_global
2026-W18,google cloud,32.2,google_trends_global
2026-W19,google cloud,42.8,google_trends_global
2026-W20,google cloud,37.0,google_trends_global
2026-W21,google cloud,38.5,google_trends_global
2026-W22,google cloud,36.7,google_trends_global
2026-W23,google cloud,38.9,google_trends_global
2026-W24,google cloud,46.3,google_trends_global
2026-W25,google cloud,43.2,google_trends_global
2024-W01,docker,57.4,google_trends_global
2024-W02,docker,48.4,google_trends_global
2024-W03,docker,49.5,google_trends_global
2024-W04,docker,42.7,google_trends_global
2024-W05,docker,50.9,google_trends_global
2024-W06,docker,58.0,google_trends_global
2024-W07,docker,56.3,google_trends_global
2024-W08,docker,53.3,google_trends_global
2024-W09,docker,54.2,google_trends_global
2024-W10,docker,51.5,google_trends_global
2024-W11,docker,55.1,google_trends_global
2024-W12,docker,57.4,google_trends_global
2024-W13,docker,47.9,google_trends_global
2024-W14,docker,55.6,google_trends_global
2024-W15,docker,58.2,google_trends_global
2024-W16,docker,52.8,google_trends_global
2024-W17,docker,57.3,google_trends_global
2024-W18,docker,65.8,google_trends_global
2024-W19,docker,54.1,google_trends_global
2024-W20,docker,56.2,google_trends_global
2024-W21,docker,51.7,google_trends_global
2024-W22,docker,55.4,google_trends_global
2024-W23,docker,56.5,google_trends_global
2024-W24,docker,55.5,google_trends_global
2024-W25,docker,50.7,google_trends_global
2024-W26,docker,55.6,google_trends_global
2024-W27,docker,60.7,google_trends_global
2024-W28,docker,56.6,google_trends_global
2024-W29,docker,58.7,google_trends_global
2024-W30,docker,54.0,google_trends_global
2024-W31,docker,57.9,google_trends_global
2024-W32,docker,56.1,google_trends_global
2024-W33,docker,51.2,google_trends_global
2024-W34,docker,56.3,google_trends_global
2024-W35,docker,51.1,google_trends_global
2024-W36,docker,52.6,google_trends_global
2024-W37,docker,55.9,google_trends_global
2024-W38,docker,56.3,google_trends_global
2024-W39,docker,50.4,google_trends_global
2024-W40,docker,59.4,google_trends_global
2024-W41,docker,57.5,google_trends_global
2024-W42,docker,52.5,google_trends_global
2024-W43,docker,49.2,google_trends_global
2024-W44,docker,54.8,google_trends_global
2024-W45,docker,53.6,google_trends_global
2024-W46,docker,55.8,google_trends_global
2024-W47,docker,54.0,google_trends_global
2024-W48,docker,47.4,google_trends_global
2024-W49,docker,53.9,google_trends_global
2024-W50,docker,54.3,google_trends_global
2024-W51,docker,58.1,google_trends_global
2024-W52,docker,52.8,google_trends_global
2024-W53,docker,62.3,google_trends_global
2025-W01,docker,48.0,google_trends_global
2025-W02,docker,60.9,google_trends_global
2025-W03,docker,54.8,google_trends_global
2025-W04,docker,59.2,google_trends_global
2025-W05,docker,56.1,google_trends_global
2025-W06,docker,60.4,google_trends_global
2025-W07,docker,54.3,google_trends_global
2025-W08,docker,51.5,google_trends_global
2025-W09,docker,61.6,google_trends_global
2025-W10,docker,55.5,google_trends_global
2025-W11,docker,56.8,google_trends_global
2025-W12,docker,60.9,google_trends_global
2025-W13,docker,51.9,google_trends_global
2025-W14,docker,58.4,google_trends_global
2025-W15,docker,53.7,google_trends_global
2025-W16,docker,55.6,google_trends_global
2025-W17,docker,56.4,google_trends_global
2025-W18,docker,50.2,google_trends_global
2025-W19,docker,53.1,google_trends_global
2025-W20,docker,61.6,google_trends_global
2025-W21,docker,59.8,google_trends_global
2025-W22,docker,56.0,google_trends_global
2025-W23,docker,57.3,google_trends_global
2025-W24,docker,55.2,google_trends_global
2025-W25,docker,61.8,google_trends_global
2025-W26,docker,55.6,google_trends_global
2025-W27,docker,57.4,google_trends_global
2025-W28,docker,61.1,google_trends_global
2025-W29,docker,53.4,google_trends_global
2025-W30,docker,62.8,google_trends_global
2025-W31,docker,50.5,google_trends_global
2025-W32,docker,63.1,google_trends_global
2025-W33,docker,55.1,google_trends_global
2025-W34,docker,55.7,google_trends_global
2025-W35,docker,49.1,google_trends_global
2025-W36,docker,54.9,google_trends_global
2025-W37,docker,52.6,google_trends_global
2025-W38,docker,54.4,google_trends_global
2025-W39,docker,56.3,google_trends_global
2025-W40,docker,60.7,google_trends_global
2025-W41,docker,57.7,google_trends_global
2025-W42,docker,58.1,google_trends_global
2025-W43,docker,52.6,google_trends_global
2025-W44,docker,53.5,google_trends_global
2025-W45,docker,64.2,google_trends_global
2025-W46,docker,54.1,google_trends_global
2025-W47,docker,63.7,google_trends_global
2025-W48,docker,56.1,google_trends_global
2025-W49,docker,57.1,google_trends_global
2025-W50,docker,61.4,google_trends_global
2025-W51,docker,62.3,google_trends_global
2025-W52,docker,56.8,google_trends_global
2026-W01,docker,55.7,google_trends_global
2026-W02,docker,57.1,google_trends_global
2026-W03,docker,58.7,google_trends_global
2026-W04,docker,60.9,google_trends_global
2026-W05,docker,57.4,google_trends_global
2026-W06,docker,59.9,google_trends_global
2026-W07,docker,64.0,google_trends_global
2026-W08,docker,59.0,google_trends_global
2026-W09,docker,58.8,google_trends_global
2026-W10,docker,51.5,google_trends_global
2026-W11,docker,47.0,google_trends_global
2026-W12,docker,59.2,google_trends_global
2026-W13,docker,57.2,google_trends_global
2026-W14,docker,55.6,google_trends_global
2026-W15,docker,58.7,google_trends_global
2026-W16,docker,57.5,google_trends_global
2026-W17,docker,62.3,google_trends_global
2026-W18,docker,58.1,google_trends_global
2026-W19,docker,54.8,google_trends_global
2026-W20,docker,61.8,google_trends_global
2026-W21,docker,57.0,google_trends_global
2026-W22,docker,60.0,google_trends_global
2026-W23,docker,56.0,google_trends_global
2026-W24,docker,55.4,google_trends_global
2026-W25,docker,58.3,google_trends_global
2024-W01,kubernetes,36.1,google_trends_global
2024-W02,kubernetes,38.0,google_trends_global
2024-W03,kubernetes,35.0,google_trends_global
2024-W04,kubernetes,28.8,google_trends_global
2024-W05,kubernetes,34.5,google_trends_global
2024-W06,kubernetes,39.4,google_trends_global
2024-W07,kubernetes,35.1,google_trends_global
2024-W08,kubernetes,35.3,google_trends_global
2024-W09,kubernetes,40.3,google_trends_global
2024-W10,kubernetes,33.6,google_trends_global
2024-W11,kubernetes,30.3,google_trends_global
2024-W12,kubernetes,35.9,google_trends_global
2024-W13,kubernetes,34.6,google_trends_global
2024-W14,kubernetes,32.7,google_trends_global
2024-W15,kubernetes,35.9,google_trends_global
2024-W16,kubernetes,38.7,google_trends_global
2024-W17,kubernetes,36.7,google_trends_global
2024-W18,kubernetes,38.0,google_trends_global
2024-W19,kubernetes,44.1,google_trends_global
2024-W20,kubernetes,35.5,google_trends_global
2024-W21,kubernetes,38.0,google_trends_global
2024-W22,kubernetes,34.9,google_trends_global
2024-W23,kubernetes,33.6,google_trends_global
2024-W24,kubernetes,34.7,google_trends_global
2024-W25,kubernetes,35.2,google_trends_global
2024-W26,kubernetes,38.6,google_trends_global
2024-W27,kubernetes,46.6,google_trends_global
2024-W28,kubernetes,34.4,google_trends_global
2024-W29,kubernetes,35.6,google_trends_global
2024-W30,kubernetes,37.1,google_trends_global
2024-W31,kubernetes,39.0,google_trends_global
2024-W32,kubernetes,38.5,google_trends_global
2024-W33,kubernetes,42.6,google_trends_global
2024-W34,kubernetes,27.8,google_trends_global
2024-W35,kubernetes,28.0,google_trends_global
2024-W36,kubernetes,35.6,google_trends_global
2024-W37,kubernetes,42.1,google_trends_global
2024-W38,kubernetes,31.5,google_trends_global
2024-W39,kubernetes,25.7,google_trends_global
2024-W40,kubernetes,40.1,google_trends_global
2024-W41,kubernetes,38.8,google_trends_global
2024-W42,kubernetes,33.5,google_trends_global
2024-W43,kubernetes,34.0,google_trends_global
2024-W44,kubernetes,34.1,google_trends_global
2024-W45,kubernetes,38.5,google_trends_global
2024-W46,kubernetes,35.6,google_trends_global
2024-W47,kubernetes,40.1,google_trends_global
2024-W48,kubernetes,26.8,google_trends_global
2024-W49,kubernetes,34.8,google_trends_global
2024-W50,kubernetes,33.8,google_trends_global
2024-W51,kubernetes,37.3,google_trends_global
2024-W52,kubernetes,36.2,google_trends_global
2024-W53,kubernetes,41.6,google_trends_global
2025-W01,kubernetes,31.0,google_trends_global
2025-W02,kubernetes,38.7,google_trends_global
2025-W03,kubernetes,40.8,google_trends_global
2025-W04,kubernetes,46.0,google_trends_global
2025-W05,kubernetes,36.7,google_trends_global
2025-W06,kubernetes,40.0,google_trends_global
2025-W07,kubernetes,31.5,google_trends_global
2025-W08,kubernetes,29.2,google_trends_global
2025-W09,kubernetes,42.2,google_trends_global
2025-W10,kubernetes,38.9,google_trends_global
2025-W11,kubernetes,43.6,google_trends_global
2025-W12,kubernetes,33.5,google_trends_global
2025-W13,kubernetes,41.1,google_trends_global
2025-W14,kubernetes,46.5,google_trends_global
2025-W15,kubernetes,40.8,google_trends_global
2025-W16,kubernetes,40.3,google_trends_global
2025-W17,kubernetes,39.2,google_trends_global
2025-W18,kubernetes,33.0,google_trends_global
2025-W19,kubernetes,44.7,google_trends_global
2025-W20,kubernetes,36.9,google_trends_global
2025-W21,kubernetes,41.4,google_trends_global
2025-W22,kubernetes,33.2,google_trends_global
2025-W23,kubernetes,34.8,google_trends_global
2025-W24,kubernetes,45.3,google_trends_global
2025-W25,kubernetes,38.2,google_trends_global
2025-W26,kubernetes,45.4,google_trends_global
2025-W27,kubernetes,39.4,google_trends_global
2025-W28,kubernetes,32.4,google_trends_global
2025-W29,kubernetes,43.3,google_trends_global
2025-W30,kubernetes,37.5,google_trends_global
2025-W31,kubernetes,42.7,google_trends_global
2025-W32,kubernetes,40.0,google_trends_global
2025-W33,kubernetes,33.8,google_trends_global
2025-W34,kubernetes,40.7,google_trends_global
2025-W35,kubernetes,48.8,google_trends_global
2025-W36,kubernetes,42.1,google_trends_global
2025-W37,kubernetes,39.9,google_trends_global
2025-W38,kubernetes,44.5,google_trends_global
2025-W39,kubernetes,41.1,google_trends_global
2025-W40,kubernetes,41.1,google_trends_global
2025-W41,kubernetes,36.0,google_trends_global
2025-W42,kubernetes,41.3,google_trends_global
2025-W43,kubernetes,44.6,google_trends_global
2025-W44,kubernetes,37.1,google_trends_global
2025-W45,kubernetes,46.2,google_trends_global
2025-W46,kubernetes,40.2,google_trends_global
2025-W47,kubernetes,37.1,google_trends_global
2025-W48,kubernetes,44.6,google_trends_global
2025-W49,kubernetes,39.6,google_trends_global
2025-W50,kubernetes,43.8,google_trends_global
2025-W51,kubernetes,39.6,google_trends_global
2025-W52,kubernetes,40.6,google_trends_global
2026-W01,kubernetes,42.9,google_trends_global
2026-W02,kubernetes,42.1,google_trends_global
2026-W03,kubernetes,33.0,google_trends_global
2026-W04,kubernetes,36.5,google_trends_global
2026-W05,kubernetes,44.8,google_trends_global
2026-W06,kubernetes,40.6,google_trends_global
2026-W07,kubernetes,39.1,google_trends_global
2026-W08,kubernetes,35.8,google_trends_global
2026-W09,kubernetes,36.9,google_trends_global
2026-W10,kubernetes,33.2,google_trends_global
2026-W11,kubernetes,40.9,google_trends_global
2026-W12,kubernetes,39.0,google_trends_global
2026-W13,kubernetes,37.6,google_trends_global
2026-W14,kubernetes,41.2,google_trends_global
2026-W15,kubernetes,43.0,google_trends_global
2026-W16,kubernetes,50.0,google_trends_global
2026-W17,kubernetes,35.6,google_trends_global
2026-W18,kubernetes,46.3,google_trends_global
2026-W19,kubernetes,45.6,google_trends_global
2026-W20,kubernetes,38.7,google_trends_global
2026-W21,kubernetes,42.6,google_trends_global
2026-W22,kubernetes,40.0,google_trends_global
2026-W23,kubernetes,42.6,google_trends_global
2026-W24,kubernetes,48.0,google_trends_global
2026-W25,kubernetes,44.4,google_trends_global
2024-W01,terraform,28.0,google_trends_global
2024-W02,terraform,24.3,google_trends_global
2024-W03,terraform,20.2,google_trends_global
2024-W04,terraform,25.4,google_trends_global
2024-W05,terraform,31.1,google_trends_global
2024-W06,terraform,20.2,google_trends_global
2024-W07,terraform,22.2,google_trends_global
2024-W08,terraform,26.9,google_trends_global
2024-W09,terraform,22.6,google_trends_global
2024-W10,terraform,23.4,google_trends_global
2024-W11,terraform,24.9,google_trends_global
2024-W12,terraform,21.2,google_trends_global
2024-W13,terraform,22.8,google_trends_global
2024-W14,terraform,29.6,google_trends_global
2024-W15,terraform,21.6,google_trends_global
2024-W16,terraform,20.5,google_trends_global
2024-W17,terraform,24.5,google_trends_global
2024-W18,terraform,30.0,google_trends_global
2024-W19,terraform,26.3,google_trends_global
2024-W20,terraform,25.3,google_trends_global
2024-W21,terraform,27.4,google_trends_global
2024-W22,terraform,20.3,google_trends_global
2024-W23,terraform,29.3,google_trends_global
2024-W24,terraform,29.0,google_trends_global
2024-W25,terraform,25.9,google_trends_global
2024-W26,terraform,31.6,google_trends_global
2024-W27,terraform,23.1,google_trends_global
2024-W28,terraform,32.2,google_trends_global
2024-W29,terraform,28.4,google_trends_global
2024-W30,terraform,26.5,google_trends_global
2024-W31,terraform,27.8,google_trends_global
2024-W32,terraform,27.5,google_trends_global
2024-W33,terraform,32.9,google_trends_global
2024-W34,terraform,23.7,google_trends_global
2024-W35,terraform,25.1,google_trends_global
2024-W36,terraform,32.3,google_trends_global
2024-W37,terraform,25.9,google_trends_global
2024-W38,terraform,31.9,google_trends_global
2024-W39,terraform,35.2,google_trends_global
2024-W40,terraform,26.8,google_trends_global
2024-W41,terraform,31.2,google_trends_global
2024-W42,terraform,23.9,google_trends_global
2024-W43,terraform,31.6,google_trends_global
2024-W44,terraform,29.5,google_trends_global
2024-W45,terraform,30.6,google_trends_global
2024-W46,terraform,26.2,google_trends_global
2024-W47,terraform,22.2,google_trends_global
2024-W48,terraform,30.9,google_trends_global
2024-W49,terraform,20.7,google_trends_global
2024-W50,terraform,27.8,google_trends_global
2024-W51,terraform,32.9,google_trends_global
2024-W52,terraform,29.9,google_trends_global
2024-W53,terraform,37.0,google_trends_global
2025-W01,terraform,33.4,google_trends_global
2025-W02,terraform,26.7,google_trends_global
2025-W03,terraform,29.5,google_trends_global
2025-W04,terraform,29.3,google_trends_global
2025-W05,terraform,23.2,google_trends_global
2025-W06,terraform,25.8,google_trends_global
2025-W07,terraform,27.4,google_trends_global
2025-W08,terraform,21.6,google_trends_global
2025-W09,terraform,30.0,google_trends_global
2025-W10,terraform,28.8,google_trends_global
2025-W11,terraform,23.2,google_trends_global
2025-W12,terraform,31.6,google_trends_global
2025-W13,terraform,32.9,google_trends_global
2025-W14,terraform,31.0,google_trends_global
2025-W15,terraform,28.9,google_trends_global
2025-W16,terraform,32.6,google_trends_global
2025-W17,terraform,33.0,google_trends_global
2025-W18,terraform,31.6,google_trends_global
2025-W19,terraform,27.1,google_trends_global
2025-W20,terraform,31.6,google_trends_global
2025-W21,terraform,35.3,google_trends_global
2025-W22,terraform,28.2,google_trends_global
2025-W23,terraform,39.0,google_trends_global
2025-W24,terraform,28.6,google_trends_global
2025-W25,terraform,30.9,google_trends_global
2025-W26,terraform,28.1,google_trends_global
2025-W27,terraform,31.8,google_trends_global
2025-W28,terraform,24.0,google_trends_global
2025-W29,terraform,28.8,google_trends_global
2025-W30,terraform,26.7,google_trends_global
2025-W31,terraform,31.7,google_trends_global
2025-W32,terraform,35.2,google_trends_global
2025-W33,terraform,33.9,google_trends_global
2025-W34,terraform,21.8,google_trends_global
2025-W35,terraform,39.6,google_trends_global
2025-W36,terraform,32.6,google_trends_global
2025-W37,terraform,28.4,google_trends_global
2025-W38,terraform,32.2,google_trends_global
2025-W39,terraform,32.3,google_trends_global
2025-W40,terraform,29.0,google_trends_global
2025-W41,terraform,32.6,google_trends_global
2025-W42,terraform,29.4,google_trends_global
2025-W43,terraform,30.3,google_trends_global
2025-W44,terraform,29.2,google_trends_global
2025-W45,terraform,26.3,google_trends_global
2025-W46,terraform,32.7,google_trends_global
2025-W47,terraform,34.5,google_trends_global
2025-W48,terraform,34.3,google_trends_global
2025-W49,terraform,35.5,google_trends_global
2025-W50,terraform,33.6,google_trends_global
2025-W51,terraform,30.3,google_trends_global
2025-W52,terraform,35.8,google_trends_global
2026-W01,terraform,27.1,google_trends_global
2026-W02,terraform,29.0,google_trends_global
2026-W03,terraform,28.8,google_trends_global
2026-W04,terraform,37.0,google_trends_global
2026-W05,terraform,36.5,google_trends_global
2026-W06,terraform,34.8,google_trends_global
2026-W07,terraform,37.2,google_trends_global
2026-W08,terraform,29.4,google_trends_global
2026-W09,terraform,34.4,google_trends_global
2026-W10,terraform,32.6,google_trends_global
2026-W11,terraform,36.5,google_trends_global
2026-W12,terraform,32.7,google_trends_global
2026-W13,terraform,31.7,google_trends_global
2026-W14,terraform,35.5,google_trends_global
2026-W15,terraform,36.9,google_trends_global
2026-W16,terraform,30.8,google_trends_global
2026-W17,terraform,33.3,google_trends_global
2026-W18,terraform,29.3,google_trends_global
2026-W19,terraform,23.6,google_trends_global
2026-W20,terraform,34.5,google_trends_global
2026-W21,terraform,36.2,google_trends_global
2026-W22,terraform,34.9,google_trends_global
2026-W23,terraform,26.1,google_trends_global
2026-W24,terraform,32.5,google_trends_global
2026-W25,terraform,25.1,google_trends_global
2024-W01,postgresql,41.5,google_trends_global
2024-W02,postgresql,31.7,google_trends_global
2024-W03,postgresql,41.1,google_trends_global
2024-W04,postgresql,40.0,google_trends_global
2024-W05,postgresql,32.6,google_trends_global
2024-W06,postgresql,31.8,google_trends_global
2024-W07,postgresql,37.8,google_trends_global
2024-W08,postgresql,33.1,google_trends_global
2024-W09,postgresql,36.9,google_trends_global
2024-W10,postgresql,34.6,google_trends_global
2024-W11,postgresql,29.5,google_trends_global
2024-W12,postgresql,27.8,google_trends_global
2024-W13,postgresql,37.7,google_trends_global
2024-W14,postgresql,34.6,google_trends_global
2024-W15,postgresql,34.7,google_trends_global
2024-W16,postgresql,39.7,google_trends_global
2024-W17,postgresql,41.7,google_trends_global
2024-W18,postgresql,36.0,google_trends_global
2024-W19,postgresql,35.8,google_trends_global
2024-W20,postgresql,39.2,google_trends_global
2024-W21,postgresql,31.8,google_trends_global
2024-W22,postgresql,38.2,google_trends_global
2024-W23,postgresql,39.6,google_trends_global
2024-W24,postgresql,40.1,google_trends_global
2024-W25,postgresql,29.7,google_trends_global
2024-W26,postgresql,34.5,google_trends_global
2024-W27,postgresql,34.1,google_trends_global
2024-W28,postgresql,38.1,google_trends_global
2024-W29,postgresql,39.7,google_trends_global
2024-W30,postgresql,43.8,google_trends_global
2024-W31,postgresql,35.9,google_trends_global
2024-W32,postgresql,35.9,google_trends_global
2024-W33,postgresql,42.6,google_trends_global
2024-W34,postgresql,39.2,google_trends_global
2024-W35,postgresql,43.2,google_trends_global
2024-W36,postgresql,39.3,google_trends_global
2024-W37,postgresql,33.6,google_trends_global
2024-W38,postgresql,33.0,google_trends_global
2024-W39,postgresql,32.2,google_trends_global
2024-W40,postgresql,41.1,google_trends_global
2024-W41,postgresql,43.2,google_trends_global
2024-W42,postgresql,45.9,google_trends_global
2024-W43,postgresql,42.0,google_trends_global
2024-W44,postgresql,43.3,google_trends_global
2024-W45,postgresql,36.4,google_trends_global
2024-W46,postgresql,34.2,google_trends_global
2024-W47,postgresql,42.3,google_trends_global
2024-W48,postgresql,40.6,google_trends_global
2024-W49,postgresql,39.4,google_trends_global
2024-W50,postgresql,40.6,google_trends_global
2024-W51,postgresql,40.4,google_trends_global
2024-W52,postgresql,44.3,google_trends_global
2024-W53,postgresql,44.4,google_trends_global
2025-W01,postgresql,41.5,google_trends_global
2025-W02,postgresql,42.7,google_trends_global
2025-W03,postgresql,41.5,google_trends_global
2025-W04,postgresql,37.6,google_trends_global
2025-W05,postgresql,42.6,google_trends_global
2025-W06,postgresql,34.0,google_trends_global
2025-W07,postgresql,43.9,google_trends_global
2025-W08,postgresql,34.9,google_trends_global
2025-W09,postgresql,40.9,google_trends_global
2025-W10,postgresql,36.5,google_trends_global
2025-W11,postgresql,42.1,google_trends_global
2025-W12,postgresql,39.8,google_trends_global
2025-W13,postgresql,33.7,google_trends_global
2025-W14,postgresql,41.8,google_trends_global
2025-W15,postgresql,37.8,google_trends_global
2025-W16,postgresql,43.7,google_trends_global
2025-W17,postgresql,40.3,google_trends_global
2025-W18,postgresql,41.9,google_trends_global
2025-W19,postgresql,36.6,google_trends_global
2025-W20,postgresql,38.1,google_trends_global
2025-W21,postgresql,38.7,google_trends_global
2025-W22,postgresql,44.0,google_trends_global
2025-W23,postgresql,47.4,google_trends_global
2025-W24,postgresql,37.5,google_trends_global
2025-W25,postgresql,45.1,google_trends_global
2025-W26,postgresql,32.2,google_trends_global
2025-W27,postgresql,36.1,google_trends_global
2025-W28,postgresql,37.1,google_trends_global
2025-W29,postgresql,35.6,google_trends_global
2025-W30,postgresql,34.8,google_trends_global
2025-W31,postgresql,42.8,google_trends_global
2025-W32,postgresql,40.4,google_trends_global
2025-W33,postgresql,42.8,google_trends_global
2025-W34,postgresql,44.1,google_trends_global
2025-W35,postgresql,42.5,google_trends_global
2025-W36,postgresql,44.1,google_trends_global
2025-W37,postgresql,41.2,google_trends_global
2025-W38,postgresql,36.8,google_trends_global
2025-W39,postgresql,45.9,google_trends_global
2025-W40,postgresql,39.3,google_trends_global
2025-W41,postgresql,38.0,google_trends_global
2025-W42,postgresql,41.1,google_trends_global
2025-W43,postgresql,38.2,google_trends_global
2025-W44,postgresql,40.3,google_trends_global
2025-W45,postgresql,43.4,google_trends_global
2025-W46,postgresql,43.5,google_trends_global
2025-W47,postgresql,38.5,google_trends_global
2025-W48,postgresql,40.3,google_trends_global
2025-W49,postgresql,46.6,google_trends_global
2025-W50,postgresql,44.3,google_trends_global
2025-W51,postgresql,50.7,google_trends_global
2025-W52,postgresql,47.2,google_trends_global
2026-W01,postgresql,47.1,google_trends_global
2026-W02,postgresql,37.0,google_trends_global
2026-W03,postgresql,45.7,google_trends_global
2026-W04,postgresql,42.5,google_trends_global
2026-W05,postgresql,40.6,google_trends_global
2026-W06,postgresql,43.5,google_trends_global
2026-W07,postgresql,46.7,google_trends_global
2026-W08,postgresql,44.9,google_trends_global
2026-W09,postgresql,39.5,google_trends_global
2026-W10,postgresql,46.0,google_trends_global
2026-W11,postgresql,40.6,google_trends_global
2026-W12,postgresql,44.1,google_trends_global
2026-W13,postgresql,42.0,google_trends_global
2026-W14,postgresql,42.4,google_trends_global
2026-W15,postgresql,46.4,google_trends_global
2026-W16,postgresql,39.3,google_trends_global
2026-W17,postgresql,51.3,google_trends_global
2026-W18,postgresql,36.3,google_trends_global
2026-W19,postgresql,41.2,google_trends_global
2026-W20,postgresql,45.2,google_trends_global
2026-W21,postgresql,46.1,google_trends_global
2026-W22,postgresql,43.4,google_trends_global
2026-W23,postgresql,43.6,google_trends_global
2026-W24,postgresql,45.6,google_trends_global
2026-W25,postgresql,43.1,google_trends_global
2024-W01,mysql,43.6,google_trends_global
2024-W02,mysql,41.3,google_trends_global
2024-W03,mysql,41.4,google_trends_global
2024-W04,mysql,34.0,google_trends_global
2024-W05,mysql,37.5,google_trends_global
2024-W06,mysql,36.6,google_trends_global
2024-W07,mysql,33.7,google_trends_global
2024-W08,mysql,39.1,google_trends_global
2024-W09,mysql,35.5,google_trends_global
2024-W10,mysql,40.2,google_trends_global
2024-W11,mysql,33.3,google_trends_global
2024-W12,mysql,44.4,google_trends_global
2024-W13,mysql,33.9,google_trends_global
2024-W14,mysql,38.3,google_trends_global
2024-W15,mysql,40.5,google_trends_global
2024-W16,mysql,35.0,google_trends_global
2024-W17,mysql,40.7,google_trends_global
2024-W18,mysql,32.3,google_trends_global
2024-W19,mysql,43.0,google_trends_global
2024-W20,mysql,37.2,google_trends_global
2024-W21,mysql,34.7,google_trends_global
2024-W22,mysql,35.8,google_trends_global
2024-W23,mysql,40.2,google_trends_global
2024-W24,mysql,34.6,google_trends_global
2024-W25,mysql,33.9,google_trends_global
2024-W26,mysql,36.0,google_trends_global
2024-W27,mysql,32.1,google_trends_global
2024-W28,mysql,44.0,google_trends_global
2024-W29,mysql,34.4,google_trends_global
2024-W30,mysql,40.0,google_trends_global
2024-W31,mysql,37.4,google_trends_global
2024-W32,mysql,32.6,google_trends_global
2024-W33,mysql,36.5,google_trends_global
2024-W34,mysql,39.6,google_trends_global
2024-W35,mysql,35.7,google_trends_global
2024-W36,mysql,41.1,google_trends_global
2024-W37,mysql,40.4,google_trends_global
2024-W38,mysql,40.0,google_trends_global
2024-W39,mysql,34.4,google_trends_global
2024-W40,mysql,31.9,google_trends_global
2024-W41,mysql,33.7,google_trends_global
2024-W42,mysql,36.9,google_trends_global
2024-W43,mysql,38.2,google_trends_global
2024-W44,mysql,27.3,google_trends_global
2024-W45,mysql,35.9,google_trends_global
2024-W46,mysql,36.5,google_trends_global
2024-W47,mysql,34.8,google_trends_global
2024-W48,mysql,41.0,google_trends_global
2024-W49,mysql,37.5,google_trends_global
2024-W50,mysql,41.0,google_trends_global
2024-W51,mysql,34.8,google_trends_global
2024-W52,mysql,39.4,google_trends_global
2024-W53,mysql,42.1,google_trends_global
2025-W01,mysql,40.8,google_trends_global
2025-W02,mysql,31.1,google_trends_global
2025-W03,mysql,34.4,google_trends_global
2025-W04,mysql,34.0,google_trends_global
2025-W05,mysql,37.3,google_trends_global
2025-W06,mysql,38.0,google_trends_global
2025-W07,mysql,31.9,google_trends_global
2025-W08,mysql,35.5,google_trends_global
2025-W09,mysql,27.1,google_trends_global
2025-W10,mysql,40.9,google_trends_global
2025-W11,mysql,33.0,google_trends_global
2025-W12,mysql,35.2,google_trends_global
2025-W13,mysql,33.7,google_trends_global
2025-W14,mysql,39.5,google_trends_global
2025-W15,mysql,23.5,google_trends_global
2025-W16,mysql,34.8,google_trends_global
2025-W17,mysql,34.4,google_trends_global
2025-W18,mysql,32.9,google_trends_global
2025-W19,mysql,41.6,google_trends_global
2025-W20,mysql,31.1,google_trends_global
2025-W21,mysql,37.7,google_trends_global
2025-W22,mysql,36.0,google_trends_global
2025-W23,mysql,39.6,google_trends_global
2025-W24,mysql,31.8,google_trends_global
2025-W25,mysql,31.5,google_trends_global
2025-W26,mysql,38.8,google_trends_global
2025-W27,mysql,36.0,google_trends_global
2025-W28,mysql,28.1,google_trends_global
2025-W29,mysql,32.1,google_trends_global
2025-W30,mysql,35.7,google_trends_global
2025-W31,mysql,37.5,google_trends_global
2025-W32,mysql,31.4,google_trends_global
2025-W33,mysql,22.4,google_trends_global
2025-W34,mysql,36.1,google_trends_global
2025-W35,mysql,29.1,google_trends_global
2025-W36,mysql,25.8,google_trends_global
2025-W37,mysql,22.5,google_trends_global
2025-W38,mysql,37.1,google_trends_global
2025-W39,mysql,34.3,google_trends_global
2025-W40,mysql,32.8,google_trends_global
2025-W41,mysql,39.2,google_trends_global
2025-W42,mysql,36.2,google_trends_global
2025-W43,mysql,40.0,google_trends_global
2025-W44,mysql,28.0,google_trends_global
2025-W45,mysql,33.4,google_trends_global
2025-W46,mysql,27.0,google_trends_global
2025-W47,mysql,32.5,google_trends_global
2025-W48,mysql,32.4,google_trends_global
2025-W49,mysql,35.8,google_trends_global
2025-W50,mysql,33.4,google_trends_global
2025-W51,mysql,35.7,google_trends_global
2025-W52,mysql,36.0,google_trends_global
2026-W01,mysql,41.7,google_trends_global
2026-W02,mysql,31.8,google_trends_global
2026-W03,mysql,29.3,google_trends_global
2026-W04,mysql,34.0,google_trends_global
2026-W05,mysql,29.7,google_trends_global
2026-W06,mysql,38.8,google_trends_global
2026-W07,mysql,31.7,google_trends_global
2026-W08,mysql,30.5,google_trends_global
2026-W09,mysql,30.9,google_trends_global
2026-W10,mysql,35.6,google_trends_global
2026-W11,mysql,32.0,google_trends_global
2026-W12,mysql,30.0,google_trends_global
2026-W13,mysql,39.2,google_trends_global
2026-W14,mysql,29.1,google_trends_global
2026-W15,mysql,32.6,google_trends_global
2026-W16,mysql,35.0,google_trends_global
2026-W17,mysql,25.8,google_trends_global
2026-W18,mysql,34.2,google_trends_global
2026-W19,mysql,28.1,google_trends_global
2026-W20,mysql,35.5,google_trends_global
2026-W21,mysql,28.3,google_trends_global
2026-W22,mysql,34.9,google_trends_global
2026-W23,mysql,36.5,google_trends_global
2026-W24,mysql,35.5,google_trends_global
2026-W25,mysql,33.0,google_trends_global
2024-W01,mongodb,33.1,google_trends_global
2024-W02,mongodb,31.6,google_trends_global
2024-W03,mongodb,39.8,google_trends_global
2024-W04,mongodb,31.1,google_trends_global
2024-W05,mongodb,29.7,google_trends_global
2024-W06,mongodb,36.4,google_trends_global
2024-W07,mongodb,30.5,google_trends_global
2024-W08,mongodb,29.9,google_trends_global
2024-W09,mongodb,27.9,google_trends_global
2024-W10,mongodb,31.6,google_trends_global
2024-W11,mongodb,33.2,google_trends_global
2024-W12,mongodb,34.5,google_trends_global
2024-W13,mongodb,37.2,google_trends_global
2024-W14,mongodb,35.5,google_trends_global
2024-W15,mongodb,32.6,google_trends_global
2024-W16,mongodb,32.5,google_trends_global
2024-W17,mongodb,35.3,google_trends_global
2024-W18,mongodb,38.3,google_trends_global
2024-W19,mongodb,33.7,google_trends_global
2024-W20,mongodb,31.2,google_trends_global
2024-W21,mongodb,29.1,google_trends_global
2024-W22,mongodb,27.2,google_trends_global
2024-W23,mongodb,35.6,google_trends_global
2024-W24,mongodb,35.2,google_trends_global
2024-W25,mongodb,35.2,google_trends_global
2024-W26,mongodb,32.3,google_trends_global
2024-W27,mongodb,38.4,google_trends_global
2024-W28,mongodb,30.8,google_trends_global
2024-W29,mongodb,36.5,google_trends_global
2024-W30,mongodb,32.5,google_trends_global
2024-W31,mongodb,30.2,google_trends_global
2024-W32,mongodb,34.9,google_trends_global
2024-W33,mongodb,34.2,google_trends_global
2024-W34,mongodb,33.9,google_trends_global
2024-W35,mongodb,32.7,google_trends_global
2024-W36,mongodb,32.2,google_trends_global
2024-W37,mongodb,41.9,google_trends_global
2024-W38,mongodb,37.0,google_trends_global
2024-W39,mongodb,35.1,google_trends_global
2024-W40,mongodb,32.6,google_trends_global
2024-W41,mongodb,36.2,google_trends_global
2024-W42,mongodb,34.2,google_trends_global
2024-W43,mongodb,32.2,google_trends_global
2024-W44,mongodb,30.8,google_trends_global
2024-W45,mongodb,31.6,google_trends_global
2024-W46,mongodb,19.2,google_trends_global
2024-W47,mongodb,32.7,google_trends_global
2024-W48,mongodb,29.9,google_trends_global
2024-W49,mongodb,38.1,google_trends_global
2024-W50,mongodb,31.8,google_trends_global
2024-W51,mongodb,26.9,google_trends_global
2024-W52,mongodb,31.4,google_trends_global
2024-W53,mongodb,27.4,google_trends_global
2025-W01,mongodb,33.4,google_trends_global
2025-W02,mongodb,32.7,google_trends_global
2025-W03,mongodb,35.3,google_trends_global
2025-W04,mongodb,28.2,google_trends_global
2025-W05,mongodb,31.5,google_trends_global
2025-W06,mongodb,25.8,google_trends_global
2025-W07,mongodb,34.1,google_trends_global
2025-W08,mongodb,33.3,google_trends_global
2025-W09,mongodb,33.1,google_trends_global
2025-W10,mongodb,31.1,google_trends_global
2025-W11,mongodb,32.7,google_trends_global
2025-W12,mongodb,37.4,google_trends_global
2025-W13,mongodb,29.8,google_trends_global
2025-W14,mongodb,31.5,google_trends_global
2025-W15,mongodb,26.5,google_trends_global
2025-W16,mongodb,27.4,google_trends_global
2025-W17,mongodb,31.2,google_trends_global
2025-W18,mongodb,35.2,google_trends_global
2025-W19,mongodb,29.7,google_trends_global
2025-W20,mongodb,29.7,google_trends_global
2025-W21,mongodb,29.0,google_trends_global
2025-W22,mongodb,28.4,google_trends_global
2025-W23,mongodb,31.7,google_trends_global
2025-W24,mongodb,24.5,google_trends_global
2025-W25,mongodb,35.5,google_trends_global
2025-W26,mongodb,27.7,google_trends_global
2025-W27,mongodb,33.2,google_trends_global
2025-W28,mongodb,25.2,google_trends_global
2025-W29,mongodb,32.9,google_trends_global
2025-W30,mongodb,32.9,google_trends_global
2025-W31,mongodb,31.7,google_trends_global
2025-W32,mongodb,26.1,google_trends_global
2025-W33,mongodb,31.0,google_trends_global
2025-W34,mongodb,25.3,google_trends_global
2025-W35,mongodb,28.9,google_trends_global
2025-W36,mongodb,34.0,google_trends_global
2025-W37,mongodb,33.0,google_trends_global
2025-W38,mongodb,29.9,google_trends_global
2025-W39,mongodb,25.9,google_trends_global
2025-W40,mongodb,32.3,google_trends_global
2025-W41,mongodb,29.8,google_trends_global
2025-W42,mongodb,20.3,google_trends_global
2025-W43,mongodb,32.7,google_trends_global
2025-W44,mongodb,29.4,google_trends_global
2025-W45,mongodb,34.3,google_trends_global
2025-W46,mongodb,25.1,google_trends_global
2025-W47,mongodb,16.7,google_trends_global
2025-W48,mongodb,30.5,google_trends_global
2025-W49,mongodb,30.5,google_trends_global
2025-W50,mongodb,22.5,google_trends_global
2025-W51,mongodb,25.3,google_trends_global
2025-W52,mongodb,40.2,google_trends_global
2026-W01,mongodb,27.9,google_trends_global
2026-W02,mongodb,32.0,google_trends_global
2026-W03,mongodb,26.4,google_trends_global
2026-W04,mongodb,20.6,google_trends_global
2026-W05,mongodb,28.2,google_trends_global
2026-W06,mongodb,27.8,google_trends_global
2026-W07,mongodb,27.2,google_trends_global
2026-W08,mongodb,28.3,google_trends_global
2026-W09,mongodb,29.8,google_trends_global
2026-W10,mongodb,28.1,google_trends_global
2026-W11,mongodb,23.6,google_trends_global
2026-W12,mongodb,30.5,google_trends_global
2026-W13,mongodb,20.8,google_trends_global
2026-W14,mongodb,20.3,google_trends_global
2026-W15,mongodb,31.4,google_trends_global
2026-W16,mongodb,30.4,google_trends_global
2026-W17,mongodb,28.1,google_trends_global
2026-W18,mongodb,22.7,google_trends_global
2026-W19,mongodb,25.4,google_trends_global
2026-W20,mongodb,27.2,google_trends_global
2026-W21,mongodb,21.8,google_trends_global
2026-W22,mongodb,25.2,google_trends_global
2026-W23,mongodb,30.7,google_trends_global
2026-W24,mongodb,33.8,google_trends_global
2026-W25,mongodb,26.3,google_trends_global
2024-W01,redis,27.0,google_trends_global
2024-W02,redis,16.4,google_trends_global
2024-W03,redis,26.7,google_trends_global
2024-W04,redis,20.9,google_trends_global
2024-W05,redis,25.4,google_trends_global
2024-W06,redis,23.2,google_trends_global
2024-W07,redis,29.5,google_trends_global
2024-W08,redis,20.7,google_trends_global
2024-W09,redis,26.8,google_trends_global
2024-W10,redis,23.2,google_trends_global
2024-W11,redis,23.7,google_trends_global
2024-W12,redis,23.6,google_trends_global
2024-W13,redis,21.0,google_trends_global
2024-W14,redis,24.3,google_trends_global
2024-W15,redis,24.2,google_trends_global
2024-W16,redis,25.4,google_trends_global
2024-W17,redis,24.8,google_trends_global
2024-W18,redis,27.7,google_trends_global
2024-W19,redis,28.3,google_trends_global
2024-W20,redis,20.4,google_trends_global
2024-W21,redis,28.1,google_trends_global
2024-W22,redis,19.9,google_trends_global
2024-W23,redis,27.0,google_trends_global
2024-W24,redis,27.2,google_trends_global
2024-W25,redis,17.1,google_trends_global
2024-W26,redis,25.1,google_trends_global
2024-W27,redis,22.9,google_trends_global
2024-W28,redis,21.8,google_trends_global
2024-W29,redis,30.3,google_trends_global
2024-W30,redis,22.3,google_trends_global
2024-W31,redis,21.7,google_trends_global
2024-W32,redis,25.3,google_trends_global
2024-W33,redis,27.7,google_trends_global
2024-W34,redis,24.5,google_trends_global
2024-W35,redis,29.7,google_trends_global
2024-W36,redis,27.2,google_trends_global
2024-W37,redis,16.4,google_trends_global
2024-W38,redis,23.0,google_trends_global
2024-W39,redis,22.9,google_trends_global
2024-W40,redis,27.1,google_trends_global
2024-W41,redis,14.7,google_trends_global
2024-W42,redis,35.5,google_trends_global
2024-W43,redis,27.4,google_trends_global
2024-W44,redis,25.9,google_trends_global
2024-W45,redis,30.1,google_trends_global
2024-W46,redis,34.8,google_trends_global
2024-W47,redis,28.9,google_trends_global
2024-W48,redis,29.3,google_trends_global
2024-W49,redis,26.0,google_trends_global
2024-W50,redis,25.0,google_trends_global
2024-W51,redis,23.6,google_trends_global
2024-W52,redis,22.3,google_trends_global
2024-W53,redis,22.9,google_trends_global
2025-W01,redis,20.2,google_trends_global
2025-W02,redis,25.4,google_trends_global
2025-W03,redis,19.0,google_trends_global
2025-W04,redis,26.5,google_trends_global
2025-W05,redis,25.6,google_trends_global
2025-W06,redis,26.4,google_trends_global
2025-W07,redis,23.7,google_trends_global
2025-W08,redis,38.2,google_trends_global
2025-W09,redis,31.3,google_trends_global
2025-W10,redis,20.9,google_trends_global
2025-W11,redis,26.9,google_trends_global
2025-W12,redis,23.6,google_trends_global
2025-W13,redis,22.0,google_trends_global
2025-W14,redis,20.7,google_trends_global
2025-W15,redis,27.8,google_trends_global
2025-W16,redis,23.4,google_trends_global
2025-W17,redis,30.0,google_trends_global
2025-W18,redis,30.1,google_trends_global
2025-W19,redis,31.7,google_trends_global
2025-W20,redis,22.8,google_trends_global
2025-W21,redis,28.2,google_trends_global
2025-W22,redis,28.8,google_trends_global
2025-W23,redis,24.4,google_trends_global
2025-W24,redis,23.3,google_trends_global
2025-W25,redis,32.8,google_trends_global
2025-W26,redis,27.3,google_trends_global
2025-W27,redis,29.0,google_trends_global
2025-W28,redis,23.2,google_trends_global
2025-W29,redis,21.6,google_trends_global
2025-W30,redis,24.3,google_trends_global
2025-W31,redis,26.1,google_trends_global
2025-W32,redis,22.3,google_trends_global
2025-W33,redis,26.6,google_trends_global
2025-W34,redis,19.9,google_trends_global
2025-W35,redis,22.2,google_trends_global
2025-W36,redis,29.4,google_trends_global
2025-W37,redis,29.2,google_trends_global
2025-W38,redis,25.2,google_trends_global
2025-W39,redis,22.8,google_trends_global
2025-W40,redis,22.7,google_trends_global
2025-W41,redis,25.4,google_trends_global
2025-W42,redis,29.5,google_trends_global
2025-W43,redis,30.7,google_trends_global
2025-W44,redis,25.0,google_trends_global
2025-W45,redis,22.4,google_trends_global
2025-W46,redis,28.1,google_trends_global
2025-W47,redis,23.8,google_trends_global
2025-W48,redis,25.0,google_trends_global
2025-W49,redis,32.4,google_trends_global
2025-W50,redis,30.5,google_trends_global
2025-W51,redis,27.8,google_trends_global
2025-W52,redis,22.1,google_trends_global
2026-W01,redis,28.1,google_trends_global
2026-W02,redis,31.5,google_trends_global
2026-W03,redis,25.8,google_trends_global
2026-W04,redis,32.8,google_trends_global
2026-W05,redis,32.6,google_trends_global
2026-W06,redis,34.1,google_trends_global
2026-W07,redis,28.7,google_trends_global
2026-W08,redis,29.8,google_trends_global
2026-W09,redis,33.2,google_trends_global
2026-W10,redis,29.3,google_trends_global
2026-W11,redis,25.6,google_trends_global
2026-W12,redis,25.8,google_trends_global
2026-W13,redis,28.6,google_trends_global
2026-W14,redis,22.5,google_trends_global
2026-W15,redis,27.1,google_trends_global
2026-W16,redis,32.1,google_trends_global
2026-W17,redis,19.0,google_trends_global
2026-W18,redis,33.9,google_trends_global
2026-W19,redis,32.3,google_trends_global
2026-W20,redis,26.0,google_trends_global
2026-W21,redis,30.0,google_trends_global
2026-W22,redis,27.9,google_trends_global
2026-W23,redis,32.9,google_trends_global
2026-W24,redis,31.9,google_trends_global
2026-W25,redis,22.4,google_trends_global
2024-W01,elasticsearch,22.3,google_trends_global
2024-W02,elasticsearch,19.2,google_trends_global
2024-W03,elasticsearch,20.4,google_trends_global
2024-W04,elasticsearch,17.1,google_trends_global
2024-W05,elasticsearch,27.1,google_trends_global
2024-W06,elasticsearch,24.2,google_trends_global
2024-W07,elasticsearch,17.1,google_trends_global
2024-W08,elasticsearch,14.8,google_trends_global
2024-W09,elasticsearch,18.6,google_trends_global
2024-W10,elasticsearch,21.9,google_trends_global
2024-W11,elasticsearch,21.1,google_trends_global
2024-W12,elasticsearch,25.2,google_trends_global
2024-W13,elasticsearch,23.3,google_trends_global
2024-W14,elasticsearch,24.1,google_trends_global
2024-W15,elasticsearch,21.5,google_trends_global
2024-W16,elasticsearch,14.7,google_trends_global
2024-W17,elasticsearch,19.5,google_trends_global
2024-W18,elasticsearch,24.5,google_trends_global
2024-W19,elasticsearch,20.1,google_trends_global
2024-W20,elasticsearch,22.3,google_trends_global
2024-W21,elasticsearch,19.0,google_trends_global
2024-W22,elasticsearch,16.2,google_trends_global
2024-W23,elasticsearch,19.8,google_trends_global
2024-W24,elasticsearch,21.6,google_trends_global
2024-W25,elasticsearch,17.7,google_trends_global
2024-W26,elasticsearch,19.4,google_trends_global
2024-W27,elasticsearch,16.6,google_trends_global
2024-W28,elasticsearch,24.9,google_trends_global
2024-W29,elasticsearch,19.3,google_trends_global
2024-W30,elasticsearch,26.3,google_trends_global
2024-W31,elasticsearch,26.6,google_trends_global
2024-W32,elasticsearch,20.2,google_trends_global
2024-W33,elasticsearch,16.5,google_trends_global
2024-W34,elasticsearch,12.2,google_trends_global
2024-W35,elasticsearch,14.6,google_trends_global
2024-W36,elasticsearch,15.0,google_trends_global
2024-W37,elasticsearch,26.1,google_trends_global
2024-W38,elasticsearch,21.0,google_trends_global
2024-W39,elasticsearch,22.1,google_trends_global
2024-W40,elasticsearch,11.7,google_trends_global
2024-W41,elasticsearch,15.8,google_trends_global
2024-W42,elasticsearch,24.2,google_trends_global
2024-W43,elasticsearch,21.8,google_trends_global
2024-W44,elasticsearch,20.1,google_trends_global
2024-W45,elasticsearch,22.9,google_trends_global
2024-W46,elasticsearch,27.2,google_trends_global
2024-W47,elasticsearch,19.8,google_trends_global
2024-W48,elasticsearch,21.0,google_trends_global
2024-W49,elasticsearch,21.5,google_trends_global
2024-W50,elasticsearch,30.3,google_trends_global
2024-W51,elasticsearch,12.4,google_trends_global
2024-W52,elasticsearch,23.5,google_trends_global
2024-W53,elasticsearch,20.3,google_trends_global
2025-W01,elasticsearch,23.1,google_trends_global
2025-W02,elasticsearch,18.2,google_trends_global
2025-W03,elasticsearch,20.7,google_trends_global
2025-W04,elasticsearch,23.7,google_trends_global
2025-W05,elasticsearch,33.3,google_trends_global
2025-W06,elasticsearch,24.1,google_trends_global
2025-W07,elasticsearch,17.5,google_trends_global
2025-W08,elasticsearch,19.2,google_trends_global
2025-W09,elasticsearch,19.1,google_trends_global
2025-W10,elasticsearch,13.8,google_trends_global
2025-W11,elasticsearch,19.7,google_trends_global
2025-W12,elasticsearch,23.9,google_trends_global
2025-W13,elasticsearch,15.9,google_trends_global
2025-W14,elasticsearch,25.2,google_trends_global
2025-W15,elasticsearch,23.0,google_trends_global
2025-W16,elasticsearch,18.1,google_trends_global
2025-W17,elasticsearch,20.5,google_trends_global
2025-W18,elasticsearch,27.5,google_trends_global
2025-W19,elasticsearch,24.0,google_trends_global
2025-W20,elasticsearch,21.2,google_trends_global
2025-W21,elasticsearch,20.2,google_trends_global
2025-W22,elasticsearch,21.5,google_trends_global
2025-W23,elasticsearch,19.1,google_trends_global
2025-W24,elasticsearch,12.8,google_trends_global
2025-W25,elasticsearch,29.4,google_trends_global
2025-W26,elasticsearch,21.8,google_trends_global
2025-W27,elasticsearch,22.8,google_trends_global
2025-W28,elasticsearch,21.0,google_trends_global
2025-W29,elasticsearch,18.3,google_trends_global
2025-W30,elasticsearch,20.5,google_trends_global
2025-W31,elasticsearch,14.9,google_trends_global
2025-W32,elasticsearch,30.4,google_trends_global
2025-W33,elasticsearch,16.4,google_trends_global
2025-W34,elasticsearch,17.2,google_trends_global
2025-W35,elasticsearch,19.6,google_trends_global
2025-W36,elasticsearch,26.5,google_trends_global
2025-W37,elasticsearch,21.4,google_trends_global
2025-W38,elasticsearch,16.5,google_trends_global
2025-W39,elasticsearch,26.4,google_trends_global
2025-W40,elasticsearch,24.4,google_trends_global
2025-W41,elasticsearch,23.6,google_trends_global
2025-W42,elasticsearch,24.3,google_trends_global
2025-W43,elasticsearch,31.1,google_trends_global
2025-W44,elasticsearch,30.2,google_trends_global
2025-W45,elasticsearch,18.8,google_trends_global
2025-W46,elasticsearch,28.0,google_trends_global
2025-W47,elasticsearch,23.1,google_trends_global
2025-W48,elasticsearch,23.5,google_trends_global
2025-W49,elasticsearch,14.8,google_trends_global
2025-W50,elasticsearch,20.9,google_trends_global
2025-W51,elasticsearch,18.3,google_trends_global
2025-W52,elasticsearch,24.9,google_trends_global
2026-W01,elasticsearch,25.9,google_trends_global
2026-W02,elasticsearch,13.3,google_trends_global
2026-W03,elasticsearch,21.6,google_trends_global
2026-W04,elasticsearch,26.2,google_trends_global
2026-W05,elasticsearch,20.9,google_trends_global
2026-W06,elasticsearch,24.6,google_trends_global
2026-W07,elasticsearch,23.1,google_trends_global
2026-W08,elasticsearch,23.1,google_trends_global
2026-W09,elasticsearch,20.7,google_trends_global
2026-W10,elasticsearch,16.9,google_trends_global
2026-W11,elasticsearch,17.3,google_trends_global
2026-W12,elasticsearch,24.6,google_trends_global
2026-W13,elasticsearch,21.9,google_trends_global
2026-W14,elasticsearch,21.3,google_trends_global
2026-W15,elasticsearch,20.1,google_trends_global
2026-W16,elasticsearch,20.6,google_trends_global
2026-W17,elasticsearch,26.1,google_trends_global
2026-W18,elasticsearch,20.6,google_trends_global
2026-W19,elasticsearch,16.5,google_trends_global
2026-W20,elasticsearch,24.9,google_trends_global
2026-W21,elasticsearch,21.1,google_trends_global
2026-W22,elasticsearch,22.1,google_trends_global
2026-W23,elasticsearch,28.4,google_trends_global
2026-W24,elasticsearch,21.9,google_trends_global
2026-W25,elasticsearch,23.2,google_trends_global
2024-W01,machine learning,37.3,google_trends_global
2024-W02,machine learning,41.3,google_trends_global
2024-W03,machine learning,44.8,google_trends_global
2024-W04,machine learning,36.4,google_trends_global
2024-W05,machine learning,43.6,google_trends_global
2024-W06,machine learning,43.4,google_trends_global
2024-W07,machine learning,43.4,google_trends_global
2024-W08,machine learning,47.6,google_trends_global
2024-W09,machine learning,45.0,google_trends_global
2024-W10,machine learning,49.7,google_trends_global
2024-W11,machine learning,40.0,google_trends_global
2024-W12,machine learning,44.8,google_trends_global
2024-W13,machine learning,44.8,google_trends_global
2024-W14,machine learning,40.3,google_trends_global
2024-W15,machine learning,48.6,google_trends_global
2024-W16,machine learning,54.3,google_trends_global
2024-W17,machine learning,45.2,google_trends_global
2024-W18,machine learning,47.4,google_trends_global
2024-W19,machine learning,46.0,google_trends_global
2024-W20,machine learning,43.0,google_trends_global
2024-W21,machine learning,38.7,google_trends_global
2024-W22,machine learning,43.4,google_trends_global
2024-W23,machine learning,40.9,google_trends_global
2024-W24,machine learning,53.5,google_trends_global
2024-W25,machine learning,46.4,google_trends_global
2024-W26,machine learning,45.7,google_trends_global
2024-W27,machine learning,50.8,google_trends_global
2024-W28,machine learning,43.0,google_trends_global
2024-W29,machine learning,44.6,google_trends_global
2024-W30,machine learning,48.1,google_trends_global
2024-W31,machine learning,52.2,google_trends_global
2024-W32,machine learning,50.3,google_trends_global
2024-W33,machine learning,49.4,google_trends_global
2024-W34,machine learning,49.0,google_trends_global
2024-W35,machine learning,50.5,google_trends_global
2024-W36,machine learning,49.9,google_trends_global
2024-W37,machine learning,45.1,google_trends_global
2024-W38,machine learning,49.6,google_trends_global
2024-W39,machine learning,45.4,google_trends_global
2024-W40,machine learning,50.2,google_trends_global
2024-W41,machine learning,48.1,google_trends_global
2024-W42,machine learning,60.4,google_trends_global
2024-W43,machine learning,50.3,google_trends_global
2024-W44,machine learning,45.0,google_trends_global
2024-W45,machine learning,50.3,google_trends_global
2024-W46,machine learning,53.1,google_trends_global
2024-W47,machine learning,58.0,google_trends_global
2024-W48,machine learning,49.1,google_trends_global
2024-W49,machine learning,45.3,google_trends_global
2024-W50,machine learning,55.1,google_trends_global
2024-W51,machine learning,46.6,google_trends_global
2024-W52,machine learning,50.5,google_trends_global
2024-W53,machine learning,51.5,google_trends_global
2025-W01,machine learning,52.4,google_trends_global
2025-W02,machine learning,55.6,google_trends_global
2025-W03,machine learning,50.4,google_trends_global
2025-W04,machine learning,52.2,google_trends_global
2025-W05,machine learning,53.4,google_trends_global
2025-W06,machine learning,54.3,google_trends_global
2025-W07,machine learning,54.3,google_trends_global
2025-W08,machine learning,55.8,google_trends_global
2025-W09,machine learning,57.7,google_trends_global
2025-W10,machine learning,56.1,google_trends_global
2025-W11,machine learning,56.5,google_trends_global
2025-W12,machine learning,48.6,google_trends_global
2025-W13,machine learning,55.3,google_trends_global
2025-W14,machine learning,57.2,google_trends_global
2025-W15,machine learning,58.4,google_trends_global
2025-W16,machine learning,52.9,google_trends_global
2025-W17,machine learning,53.3,google_trends_global
2025-W18,machine learning,53.8,google_trends_global
2025-W19,machine learning,58.5,google_trends_global
2025-W20,machine learning,60.6,google_trends_global
2025-W21,machine learning,55.1,google_trends_global
2025-W22,machine learning,60.5,google_trends_global
2025-W23,machine learning,57.6,google_trends_global
2025-W24,machine learning,56.8,google_trends_global
2025-W25,machine learning,56.7,google_trends_global
2025-W26,machine learning,60.7,google_trends_global
2025-W27,machine learning,59.2,google_trends_global
2025-W28,machine learning,67.2,google_trends_global
2025-W29,machine learning,54.9,google_trends_global
2025-W30,machine learning,60.6,google_trends_global
2025-W31,machine learning,56.6,google_trends_global
2025-W32,machine learning,55.5,google_trends_global
2025-W33,machine learning,59.1,google_trends_global
2025-W34,machine learning,59.9,google_trends_global
2025-W35,machine learning,71.2,google_trends_global
2025-W36,machine learning,59.0,google_trends_global
2025-W37,machine learning,55.4,google_trends_global
2025-W38,machine learning,61.2,google_trends_global
2025-W39,machine learning,52.0,google_trends_global
2025-W40,machine learning,60.2,google_trends_global
2025-W41,machine learning,60.8,google_trends_global
2025-W42,machine learning,64.1,google_trends_global
2025-W43,machine learning,65.0,google_trends_global
2025-W44,machine learning,59.3,google_trends_global
2025-W45,machine learning,60.9,google_trends_global
2025-W46,machine learning,58.7,google_trends_global
2025-W47,machine learning,57.4,google_trends_global
2025-W48,machine learning,63.4,google_trends_global
2025-W49,machine learning,57.3,google_trends_global
2025-W50,machine learning,60.9,google_trends_global
2025-W51,machine learning,58.8,google_trends_global
2025-W52,machine learning,65.2,google_trends_global
2026-W01,machine learning,70.4,google_trends_global
2026-W02,machine learning,58.2,google_trends_global
2026-W03,machine learning,56.2,google_trends_global
2026-W04,machine learning,63.3,google_trends_global
2026-W05,machine learning,64.0,google_trends_global
2026-W06,machine learning,65.0,google_trends_global
2026-W07,machine learning,62.6,google_trends_global
2026-W08,machine learning,63.8,google_trends_global
2026-W09,machine learning,66.2,google_trends_global
2026-W10,machine learning,69.1,google_trends_global
2026-W11,machine learning,57.4,google_trends_global
2026-W12,machine learning,63.9,google_trends_global
2026-W13,machine learning,66.4,google_trends_global
2026-W14,machine learning,62.1,google_trends_global
2026-W15,machine learning,72.9,google_trends_global
2026-W16,machine learning,63.6,google_trends_global
2026-W17,machine learning,66.2,google_trends_global
2026-W18,machine learning,68.8,google_trends_global
2026-W19,machine learning,64.4,google_trends_global
2026-W20,machine learning,59.6,google_trends_global
2026-W21,machine learning,65.5,google_trends_global
2026-W22,machine learning,71.5,google_trends_global
2026-W23,machine learning,66.2,google_trends_global
2026-W24,machine learning,64.4,google_trends_global
2026-W25,machine learning,71.7,google_trends_global
2024-W01,deep learning,26.7,google_trends_global
2024-W02,deep learning,26.1,google_trends_global
2024-W03,deep learning,28.9,google_trends_global
2024-W04,deep learning,31.5,google_trends_global
2024-W05,deep learning,38.1,google_trends_global
2024-W06,deep learning,32.1,google_trends_global
2024-W07,deep learning,33.6,google_trends_global
2024-W08,deep learning,27.1,google_trends_global
2024-W09,deep learning,25.1,google_trends_global
2024-W10,deep learning,29.6,google_trends_global
2024-W11,deep learning,30.0,google_trends_global
2024-W12,deep learning,25.4,google_trends_global
2024-W13,deep learning,29.2,google_trends_global
2024-W14,deep learning,31.6,google_trends_global
2024-W15,deep learning,31.6,google_trends_global
2024-W16,deep learning,32.3,google_trends_global
2024-W17,deep learning,31.6,google_trends_global
2024-W18,deep learning,28.6,google_trends_global
2024-W19,deep learning,28.7,google_trends_global
2024-W20,deep learning,26.1,google_trends_global
2024-W21,deep learning,38.2,google_trends_global
2024-W22,deep learning,31.3,google_trends_global
2024-W23,deep learning,30.5,google_trends_global
2024-W24,deep learning,27.9,google_trends_global
2024-W25,deep learning,43.5,google_trends_global
2024-W26,deep learning,27.6,google_trends_global
2024-W27,deep learning,30.3,google_trends_global
2024-W28,deep learning,33.8,google_trends_global
2024-W29,deep learning,34.7,google_trends_global
2024-W30,deep learning,36.3,google_trends_global
2024-W31,deep learning,39.9,google_trends_global
2024-W32,deep learning,34.8,google_trends_global
2024-W33,deep learning,28.7,google_trends_global
2024-W34,deep learning,32.1,google_trends_global
2024-W35,deep learning,34.5,google_trends_global
2024-W36,deep learning,41.7,google_trends_global
2024-W37,deep learning,28.0,google_trends_global
2024-W38,deep learning,38.5,google_trends_global
2024-W39,deep learning,34.6,google_trends_global
2024-W40,deep learning,37.4,google_trends_global
2024-W41,deep learning,33.8,google_trends_global
2024-W42,deep learning,31.0,google_trends_global
2024-W43,deep learning,37.5,google_trends_global
2024-W44,deep learning,37.3,google_trends_global
2024-W45,deep learning,38.7,google_trends_global
2024-W46,deep learning,34.9,google_trends_global
2024-W47,deep learning,32.7,google_trends_global
2024-W48,deep learning,29.1,google_trends_global
2024-W49,deep learning,38.7,google_trends_global
2024-W50,deep learning,37.3,google_trends_global
2024-W51,deep learning,31.9,google_trends_global
2024-W52,deep learning,33.8,google_trends_global
2024-W53,deep learning,34.2,google_trends_global
2025-W01,deep learning,30.3,google_trends_global
2025-W02,deep learning,33.1,google_trends_global
2025-W03,deep learning,32.0,google_trends_global
2025-W04,deep learning,35.0,google_trends_global
2025-W05,deep learning,33.9,google_trends_global
2025-W06,deep learning,30.5,google_trends_global
2025-W07,deep learning,45.2,google_trends_global
2025-W08,deep learning,42.3,google_trends_global
2025-W09,deep learning,34.3,google_trends_global
2025-W10,deep learning,38.7,google_trends_global
2025-W11,deep learning,39.4,google_trends_global
2025-W12,deep learning,42.7,google_trends_global
2025-W13,deep learning,34.8,google_trends_global
2025-W14,deep learning,42.6,google_trends_global
2025-W15,deep learning,36.2,google_trends_global
2025-W16,deep learning,33.2,google_trends_global
2025-W17,deep learning,41.6,google_trends_global
2025-W18,deep learning,44.0,google_trends_global
2025-W19,deep learning,49.4,google_trends_global
2025-W20,deep learning,34.4,google_trends_global
2025-W21,deep learning,42.1,google_trends_global
2025-W22,deep learning,37.8,google_trends_global
2025-W23,deep learning,42.8,google_trends_global
2025-W24,deep learning,33.9,google_trends_global
2025-W25,deep learning,34.9,google_trends_global
2025-W26,deep learning,37.0,google_trends_global
2025-W27,deep learning,40.6,google_trends_global
2025-W28,deep learning,37.8,google_trends_global
2025-W29,deep learning,43.2,google_trends_global
2025-W30,deep learning,44.8,google_trends_global
2025-W31,deep learning,43.3,google_trends_global
2025-W32,deep learning,47.5,google_trends_global
2025-W33,deep learning,42.8,google_trends_global
2025-W34,deep learning,36.5,google_trends_global
2025-W35,deep learning,46.9,google_trends_global
2025-W36,deep learning,39.2,google_trends_global
2025-W37,deep learning,45.4,google_trends_global
2025-W38,deep learning,48.2,google_trends_global
2025-W39,deep learning,43.9,google_trends_global
2025-W40,deep learning,36.3,google_trends_global
2025-W41,deep learning,38.7,google_trends_global
2025-W42,deep learning,47.9,google_trends_global
2025-W43,deep learning,42.1,google_trends_global
2025-W44,deep learning,43.2,google_trends_global
2025-W45,deep learning,46.1,google_trends_global
2025-W46,deep learning,46.0,google_trends_global
2025-W47,deep learning,44.5,google_trends_global
2025-W48,deep learning,42.7,google_trends_global
2025-W49,deep learning,42.4,google_trends_global
2025-W50,deep learning,47.2,google_trends_global
2025-W51,deep learning,46.2,google_trends_global
2025-W52,deep learning,43.1,google_trends_global
2026-W01,deep learning,48.6,google_trends_global
2026-W02,deep learning,43.9,google_trends_global
2026-W03,deep learning,41.2,google_trends_global
2026-W04,deep learning,41.7,google_trends_global
2026-W05,deep learning,41.0,google_trends_global
2026-W06,deep learning,44.0,google_trends_global
2026-W07,deep learning,50.1,google_trends_global
2026-W08,deep learning,42.1,google_trends_global
2026-W09,deep learning,46.3,google_trends_global
2026-W10,deep learning,43.0,google_trends_global
2026-W11,deep learning,44.8,google_trends_global
2026-W12,deep learning,39.9,google_trends_global
2026-W13,deep learning,45.3,google_trends_global
2026-W14,deep learning,45.5,google_trends_global
2026-W15,deep learning,48.6,google_trends_global
2026-W16,deep learning,47.5,google_trends_global
2026-W17,deep learning,42.0,google_trends_global
2026-W18,deep learning,51.3,google_trends_global
2026-W19,deep learning,47.9,google_trends_global
2026-W20,deep learning,48.0,google_trends_global
2026-W21,deep learning,47.3,google_trends_global
2026-W22,deep learning,45.5,google_trends_global
2026-W23,deep learning,48.6,google_trends_global
2026-W24,deep learning,49.7,google_trends_global
2026-W25,deep learning,41.0,google_trends_global
2024-W01,data science,37.8,google_trends_global
2024-W02,data science,39.1,google_trends_global
2024-W03,data science,41.2,google_trends_global
2024-W04,data science,45.1,google_trends_global
2024-W05,data science,37.3,google_trends_global
2024-W06,data science,38.6,google_trends_global
2024-W07,data science,38.6,google_trends_global
2024-W08,data science,37.6,google_trends_global
2024-W09,data science,39.5,google_trends_global
2024-W10,data science,44.1,google_trends_global
2024-W11,data science,36.9,google_trends_global
2024-W12,data science,42.9,google_trends_global
2024-W13,data science,34.5,google_trends_global
2024-W14,data science,39.2,google_trends_global
2024-W15,data science,40.2,google_trends_global
2024-W16,data science,48.3,google_trends_global
2024-W17,data science,40.6,google_trends_global
2024-W18,data science,33.0,google_trends_global
2024-W19,data science,34.0,google_trends_global
2024-W20,data science,42.2,google_trends_global
2024-W21,data science,44.6,google_trends_global
2024-W22,data science,43.8,google_trends_global
2024-W23,data science,43.1,google_trends_global
2024-W24,data science,47.1,google_trends_global
2024-W25,data science,40.4,google_trends_global
2024-W26,data science,46.3,google_trends_global
2024-W27,data science,36.3,google_trends_global
2024-W28,data science,39.3,google_trends_global
2024-W29,data science,35.8,google_trends_global
2024-W30,data science,42.0,google_trends_global
2024-W31,data science,43.1,google_trends_global
2024-W32,data science,43.8,google_trends_global
2024-W33,data science,43.7,google_trends_global
2024-W34,data science,39.9,google_trends_global
2024-W35,data science,42.9,google_trends_global
2024-W36,data science,37.8,google_trends_global
2024-W37,data science,49.4,google_trends_global
2024-W38,data science,42.8,google_trends_global
2024-W39,data science,42.2,google_trends_global
2024-W40,data science,50.6,google_trends_global
2024-W41,data science,39.4,google_trends_global
2024-W42,data science,39.9,google_trends_global
2024-W43,data science,40.2,google_trends_global
2024-W44,data science,44.4,google_trends_global
2024-W45,data science,46.5,google_trends_global
2024-W46,data science,47.8,google_trends_global
2024-W47,data science,55.3,google_trends_global
2024-W48,data science,36.1,google_trends_global
2024-W49,data science,47.6,google_trends_global
2024-W50,data science,43.1,google_trends_global
2024-W51,data science,43.1,google_trends_global
2024-W52,data science,43.1,google_trends_global
2024-W53,data science,42.0,google_trends_global
2025-W01,data science,52.5,google_trends_global
2025-W02,data science,49.2,google_trends_global
2025-W03,data science,46.1,google_trends_global
2025-W04,data science,51.5,google_trends_global
2025-W05,data science,40.1,google_trends_global
2025-W06,data science,41.0,google_trends_global
2025-W07,data science,37.7,google_trends_global
2025-W08,data science,43.7,google_trends_global
2025-W09,data science,47.3,google_trends_global
2025-W10,data science,47.1,google_trends_global
2025-W11,data science,47.4,google_trends_global
2025-W12,data science,41.3,google_trends_global
2025-W13,data science,50.3,google_trends_global
2025-W14,data science,48.1,google_trends_global
2025-W15,data science,50.2,google_trends_global
2025-W16,data science,39.8,google_trends_global
2025-W17,data science,48.7,google_trends_global
2025-W18,data science,42.8,google_trends_global
2025-W19,data science,46.1,google_trends_global
2025-W20,data science,50.0,google_trends_global
2025-W21,data science,48.3,google_trends_global
2025-W22,data science,44.6,google_trends_global
2025-W23,data science,48.2,google_trends_global
2025-W24,data science,42.1,google_trends_global
2025-W25,data science,53.0,google_trends_global
2025-W26,data science,47.6,google_trends_global
2025-W27,data science,53.0,google_trends_global
2025-W28,data science,46.6,google_trends_global
2025-W29,data science,46.7,google_trends_global
2025-W30,data science,45.8,google_trends_global
2025-W31,data science,52.5,google_trends_global
2025-W32,data science,46.3,google_trends_global
2025-W33,data science,51.8,google_trends_global
2025-W34,data science,47.8,google_trends_global
2025-W35,data science,41.5,google_trends_global
2025-W36,data science,47.3,google_trends_global
2025-W37,data science,44.9,google_trends_global
2025-W38,data science,49.9,google_trends_global
2025-W39,data science,45.1,google_trends_global
2025-W40,data science,53.7,google_trends_global
2025-W41,data science,49.7,google_trends_global
2025-W42,data science,49.5,google_trends_global
2025-W43,data science,52.9,google_trends_global
2025-W44,data science,54.3,google_trends_global
2025-W45,data science,50.4,google_trends_global
2025-W46,data science,47.6,google_trends_global
2025-W47,data science,43.6,google_trends_global
2025-W48,data science,48.1,google_trends_global
2025-W49,data science,48.5,google_trends_global
2025-W50,data science,51.5,google_trends_global
2025-W51,data science,49.8,google_trends_global
2025-W52,data science,54.0,google_trends_global
2026-W01,data science,48.9,google_trends_global
2026-W02,data science,51.3,google_trends_global
2026-W03,data science,56.3,google_trends_global
2026-W04,data science,53.1,google_trends_global
2026-W05,data science,51.6,google_trends_global
2026-W06,data science,49.5,google_trends_global
2026-W07,data science,49.5,google_trends_global
2026-W08,data science,48.8,google_trends_global
2026-W09,data science,50.1,google_trends_global
2026-W10,data science,55.4,google_trends_global
2026-W11,data science,51.6,google_trends_global
2026-W12,data science,47.2,google_trends_global
2026-W13,data science,59.8,google_trends_global
2026-W14,data science,54.1,google_trends_global
2026-W15,data science,47.3,google_trends_global
2026-W16,data science,51.3,google_trends_global
2026-W17,data science,53.6,google_trends_global
2026-W18,data science,60.1,google_trends_global
2026-W19,data science,48.9,google_trends_global
2026-W20,data science,57.4,google_trends_global
2026-W21,data science,59.2,google_trends_global
2026-W22,data science,51.2,google_trends_global
2026-W23,data science,52.7,google_trends_global
2026-W24,data science,49.7,google_trends_global
2026-W25,data science,53.2,google_trends_global
2024-W01,data engineering,27.9,google_trends_global
2024-W02,data engineering,30.8,google_trends_global
2024-W03,data engineering,32.6,google_trends_global
2024-W04,data engineering,25.4,google_trends_global
2024-W05,data engineering,20.6,google_trends_global
2024-W06,data engineering,28.5,google_trends_global
2024-W07,data engineering,29.9,google_trends_global
2024-W08,data engineering,29.9,google_trends_global
2024-W09,data engineering,27.7,google_trends_global
2024-W10,data engineering,29.6,google_trends_global
2024-W11,data engineering,35.3,google_trends_global
2024-W12,data engineering,30.9,google_trends_global
2024-W13,data engineering,28.0,google_trends_global
2024-W14,data engineering,27.6,google_trends_global
2024-W15,data engineering,29.1,google_trends_global
2024-W16,data engineering,36.4,google_trends_global
2024-W17,data engineering,29.3,google_trends_global
2024-W18,data engineering,30.0,google_trends_global
2024-W19,data engineering,28.3,google_trends_global
2024-W20,data engineering,34.8,google_trends_global
2024-W21,data engineering,38.3,google_trends_global
2024-W22,data engineering,32.4,google_trends_global
2024-W23,data engineering,31.1,google_trends_global
2024-W24,data engineering,31.0,google_trends_global
2024-W25,data engineering,21.4,google_trends_global
2024-W26,data engineering,34.1,google_trends_global
2024-W27,data engineering,31.8,google_trends_global
2024-W28,data engineering,33.1,google_trends_global
2024-W29,data engineering,28.6,google_trends_global
2024-W30,data engineering,30.1,google_trends_global
2024-W31,data engineering,30.1,google_trends_global
2024-W32,data engineering,35.9,google_trends_global
2024-W33,data engineering,30.5,google_trends_global
2024-W34,data engineering,40.4,google_trends_global
2024-W35,data engineering,33.9,google_trends_global
2024-W36,data engineering,27.2,google_trends_global
2024-W37,data engineering,32.0,google_trends_global
2024-W38,data engineering,30.0,google_trends_global
2024-W39,data engineering,23.9,google_trends_global
2024-W40,data engineering,39.2,google_trends_global
2024-W41,data engineering,35.8,google_trends_global
2024-W42,data engineering,35.2,google_trends_global
2024-W43,data engineering,33.9,google_trends_global
2024-W44,data engineering,27.8,google_trends_global
2024-W45,data engineering,31.5,google_trends_global
2024-W46,data engineering,36.9,google_trends_global
2024-W47,data engineering,29.5,google_trends_global
2024-W48,data engineering,23.7,google_trends_global
2024-W49,data engineering,33.0,google_trends_global
2024-W50,data engineering,33.5,google_trends_global
2024-W51,data engineering,34.7,google_trends_global
2024-W52,data engineering,37.2,google_trends_global
2024-W53,data engineering,37.0,google_trends_global
2025-W01,data engineering,35.6,google_trends_global
2025-W02,data engineering,39.5,google_trends_global
2025-W03,data engineering,28.7,google_trends_global
2025-W04,data engineering,37.0,google_trends_global
2025-W05,data engineering,37.6,google_trends_global
2025-W06,data engineering,30.2,google_trends_global
2025-W07,data engineering,29.3,google_trends_global
2025-W08,data engineering,32.5,google_trends_global
2025-W09,data engineering,32.9,google_trends_global
2025-W10,data engineering,38.7,google_trends_global
2025-W11,data engineering,33.4,google_trends_global
2025-W12,data engineering,32.5,google_trends_global
2025-W13,data engineering,33.6,google_trends_global
2025-W14,data engineering,40.7,google_trends_global
2025-W15,data engineering,36.4,google_trends_global
2025-W16,data engineering,35.7,google_trends_global
2025-W17,data engineering,36.1,google_trends_global
2025-W18,data engineering,41.9,google_trends_global
2025-W19,data engineering,33.8,google_trends_global
2025-W20,data engineering,42.2,google_trends_global
2025-W21,data engineering,37.9,google_trends_global
2025-W22,data engineering,36.5,google_trends_global
2025-W23,data engineering,47.3,google_trends_global
2025-W24,data engineering,33.2,google_trends_global
2025-W25,data engineering,36.1,google_trends_global
2025-W26,data engineering,32.7,google_trends_global
2025-W27,data engineering,41.6,google_trends_global
2025-W28,data engineering,44.7,google_trends_global
2025-W29,data engineering,44.7,google_trends_global
2025-W30,data engineering,43.1,google_trends_global
2025-W31,data engineering,37.5,google_trends_global
2025-W32,data engineering,37.0,google_trends_global
2025-W33,data engineering,31.9,google_trends_global
2025-W34,data engineering,46.8,google_trends_global
2025-W35,data engineering,40.7,google_trends_global
2025-W36,data engineering,36.9,google_trends_global
2025-W37,data engineering,44.4,google_trends_global
2025-W38,data engineering,35.3,google_trends_global
2025-W39,data engineering,40.9,google_trends_global
2025-W40,data engineering,38.7,google_trends_global
2025-W41,data engineering,42.1,google_trends_global
2025-W42,data engineering,39.4,google_trends_global
2025-W43,data engineering,34.0,google_trends_global
2025-W44,data engineering,40.2,google_trends_global
2025-W45,data engineering,44.2,google_trends_global
2025-W46,data engineering,40.0,google_trends_global
2025-W47,data engineering,43.4,google_trends_global
2025-W48,data engineering,36.2,google_trends_global
2025-W49,data engineering,40.4,google_trends_global
2025-W50,data engineering,38.2,google_trends_global
2025-W51,data engineering,43.8,google_trends_global
2025-W52,data engineering,41.0,google_trends_global
2026-W01,data engineering,43.8,google_trends_global
2026-W02,data engineering,45.5,google_trends_global
2026-W03,data engineering,44.0,google_trends_global
2026-W04,data engineering,42.5,google_trends_global
2026-W05,data engineering,37.5,google_trends_global
2026-W06,data engineering,41.6,google_trends_global
2026-W07,data engineering,39.6,google_trends_global
2026-W08,data engineering,40.5,google_trends_global
2026-W09,data engineering,40.5,google_trends_global
2026-W10,data engineering,38.2,google_trends_global
2026-W11,data engineering,34.4,google_trends_global
2026-W12,data engineering,39.7,google_trends_global
2026-W13,data engineering,43.3,google_trends_global
2026-W14,data engineering,37.2,google_trends_global
2026-W15,data engineering,42.8,google_trends_global
2026-W16,data engineering,50.5,google_trends_global
2026-W17,data engineering,47.1,google_trends_global
2026-W18,data engineering,49.7,google_trends_global
2026-W19,data engineering,44.8,google_trends_global
2026-W20,data engineering,48.0,google_trends_global
2026-W21,data engineering,40.6,google_trends_global
2026-W22,data engineering,41.1,google_trends_global
2026-W23,data engineering,32.8,google_trends_global
2026-W24,data engineering,48.6,google_trends_global
2026-W25,data engineering,50.2,google_trends_global
2024-W01,tensorflow,27.8,google_trends_global
2024-W02,tensorflow,29.0,google_trends_global
2024-W03,tensorflow,26.9,google_trends_global
2024-W04,tensorflow,31.4,google_trends_global
2024-W05,tensorflow,34.4,google_trends_global
2024-W06,tensorflow,22.9,google_trends_global
2024-W07,tensorflow,31.5,google_trends_global
2024-W08,tensorflow,28.7,google_trends_global
2024-W09,tensorflow,30.2,google_trends_global
2024-W10,tensorflow,31.6,google_trends_global
2024-W11,tensorflow,28.9,google_trends_global
2024-W12,tensorflow,29.2,google_trends_global
2024-W13,tensorflow,28.8,google_trends_global
2024-W14,tensorflow,33.5,google_trends_global
2024-W15,tensorflow,31.2,google_trends_global
2024-W16,tensorflow,30.4,google_trends_global
2024-W17,tensorflow,24.4,google_trends_global
2024-W18,tensorflow,28.0,google_trends_global
2024-W19,tensorflow,33.0,google_trends_global
2024-W20,tensorflow,29.6,google_trends_global
2024-W21,tensorflow,32.0,google_trends_global
2024-W22,tensorflow,36.4,google_trends_global
2024-W23,tensorflow,33.5,google_trends_global
2024-W24,tensorflow,29.7,google_trends_global
2024-W25,tensorflow,27.2,google_trends_global
2024-W26,tensorflow,19.0,google_trends_global
2024-W27,tensorflow,28.5,google_trends_global
2024-W28,tensorflow,27.9,google_trends_global
2024-W29,tensorflow,30.7,google_trends_global
2024-W30,tensorflow,28.5,google_trends_global
2024-W31,tensorflow,27.8,google_trends_global
2024-W32,tensorflow,21.9,google_trends_global
2024-W33,tensorflow,25.2,google_trends_global
2024-W34,tensorflow,30.9,google_trends_global
2024-W35,tensorflow,35.8,google_trends_global
2024-W36,tensorflow,28.5,google_trends_global
2024-W37,tensorflow,30.2,google_trends_global
2024-W38,tensorflow,32.7,google_trends_global
2024-W39,tensorflow,25.6,google_trends_global
2024-W40,tensorflow,30.3,google_trends_global
2024-W41,tensorflow,25.8,google_trends_global
2024-W42,tensorflow,32.2,google_trends_global
2024-W43,tensorflow,29.3,google_trends_global
2024-W44,tensorflow,29.9,google_trends_global
2024-W45,tensorflow,25.5,google_trends_global
2024-W46,tensorflow,31.4,google_trends_global
2024-W47,tensorflow,36.9,google_trends_global
2024-W48,tensorflow,24.5,google_trends_global
2024-W49,tensorflow,27.2,google_trends_global
2024-W50,tensorflow,29.4,google_trends_global
2024-W51,tensorflow,31.6,google_trends_global
2024-W52,tensorflow,26.2,google_trends_global
2024-W53,tensorflow,17.1,google_trends_global
2025-W01,tensorflow,33.8,google_trends_global
2025-W02,tensorflow,31.4,google_trends_global
2025-W03,tensorflow,21.3,google_trends_global
2025-W04,tensorflow,25.8,google_trends_global
2025-W05,tensorflow,34.5,google_trends_global
2025-W06,tensorflow,34.0,google_trends_global
2025-W07,tensorflow,31.9,google_trends_global
2025-W08,tensorflow,27.4,google_trends_global
2025-W09,tensorflow,28.4,google_trends_global
2025-W10,tensorflow,27.6,google_trends_global
2025-W11,tensorflow,32.6,google_trends_global
2025-W12,tensorflow,24.5,google_trends_global
2025-W13,tensorflow,24.8,google_trends_global
2025-W14,tensorflow,32.0,google_trends_global
2025-W15,tensorflow,27.7,google_trends_global
2025-W16,tensorflow,33.4,google_trends_global
2025-W17,tensorflow,25.2,google_trends_global
2025-W18,tensorflow,27.6,google_trends_global
2025-W19,tensorflow,24.1,google_trends_global
2025-W20,tensorflow,27.8,google_trends_global
2025-W21,tensorflow,21.8,google_trends_global
2025-W22,tensorflow,25.8,google_trends_global
2025-W23,tensorflow,21.9,google_trends_global
2025-W24,tensorflow,30.4,google_trends_global
2025-W25,tensorflow,30.5,google_trends_global
2025-W26,tensorflow,20.7,google_trends_global
2025-W27,tensorflow,32.9,google_trends_global
2025-W28,tensorflow,37.5,google_trends_global
2025-W29,tensorflow,27.7,google_trends_global
2025-W30,tensorflow,24.9,google_trends_global
2025-W31,tensorflow,38.7,google_trends_global
2025-W32,tensorflow,22.1,google_trends_global
2025-W33,tensorflow,27.4,google_trends_global
2025-W34,tensorflow,28.1,google_trends_global
2025-W35,tensorflow,32.7,google_trends_global
2025-W36,tensorflow,28.7,google_trends_global
2025-W37,tensorflow,25.2,google_trends_global
2025-W38,tensorflow,23.4,google_trends_global
2025-W39,tensorflow,25.8,google_trends_global
2025-W40,tensorflow,23.1,google_trends_global
2025-W41,tensorflow,27.3,google_trends_global
2025-W42,tensorflow,24.8,google_trends_global
2025-W43,tensorflow,21.1,google_trends_global
2025-W44,tensorflow,32.0,google_trends_global
2025-W45,tensorflow,25.0,google_trends_global
2025-W46,tensorflow,21.9,google_trends_global
2025-W47,tensorflow,26.3,google_trends_global
2025-W48,tensorflow,27.2,google_trends_global
2025-W49,tensorflow,19.9,google_trends_global
2025-W50,tensorflow,28.2,google_trends_global
2025-W51,tensorflow,22.6,google_trends_global
2025-W52,tensorflow,33.6,google_trends_global
2026-W01,tensorflow,28.8,google_trends_global
2026-W02,tensorflow,25.1,google_trends_global
2026-W03,tensorflow,23.7,google_trends_global
2026-W04,tensorflow,26.2,google_trends_global
2026-W05,tensorflow,29.1,google_trends_global
2026-W06,tensorflow,26.5,google_trends_global
2026-W07,tensorflow,25.7,google_trends_global
2026-W08,tensorflow,26.8,google_trends_global
2026-W09,tensorflow,24.1,google_trends_global
2026-W10,tensorflow,25.1,google_trends_global
2026-W11,tensorflow,18.1,google_trends_global
2026-W12,tensorflow,30.3,google_trends_global
2026-W13,tensorflow,27.6,google_trends_global
2026-W14,tensorflow,23.2,google_trends_global
2026-W15,tensorflow,33.9,google_trends_global
2026-W16,tensorflow,26.6,google_trends_global
2026-W17,tensorflow,22.1,google_trends_global
2026-W18,tensorflow,29.6,google_trends_global
2026-W19,tensorflow,27.8,google_trends_global
2026-W20,tensorflow,27.7,google_trends_global
2026-W21,tensorflow,24.4,google_trends_global
2026-W22,tensorflow,27.9,google_trends_global
2026-W23,tensorflow,25.0,google_trends_global
2026-W24,tensorflow,28.3,google_trends_global
2026-W25,tensorflow,18.4,google_trends_global
2024-W01,pytorch,24.3,google_trends_global
2024-W02,pytorch,33.1,google_trends_global
2024-W03,pytorch,23.3,google_trends_global
2024-W04,pytorch,24.1,google_trends_global
2024-W05,pytorch,24.9,google_trends_global
2024-W06,pytorch,22.0,google_trends_global
2024-W07,pytorch,18.2,google_trends_global
2024-W08,pytorch,26.3,google_trends_global
2024-W09,pytorch,27.9,google_trends_global
2024-W10,pytorch,27.3,google_trends_global
2024-W11,pytorch,27.1,google_trends_global
2024-W12,pytorch,28.0,google_trends_global
2024-W13,pytorch,32.1,google_trends_global
2024-W14,pytorch,27.5,google_trends_global
2024-W15,pytorch,26.1,google_trends_global
2024-W16,pytorch,27.4,google_trends_global
2024-W17,pytorch,31.0,google_trends_global
2024-W18,pytorch,34.5,google_trends_global
2024-W19,pytorch,26.6,google_trends_global
2024-W20,pytorch,29.6,google_trends_global
2024-W21,pytorch,30.8,google_trends_global
2024-W22,pytorch,25.6,google_trends_global
2024-W23,pytorch,29.8,google_trends_global
2024-W24,pytorch,24.1,google_trends_global
2024-W25,pytorch,23.0,google_trends_global
2024-W26,pytorch,31.7,google_trends_global
2024-W27,pytorch,28.9,google_trends_global
2024-W28,pytorch,31.4,google_trends_global
2024-W29,pytorch,30.7,google_trends_global
2024-W30,pytorch,27.0,google_trends_global
2024-W31,pytorch,30.9,google_trends_global
2024-W32,pytorch,26.4,google_trends_global
2024-W33,pytorch,37.0,google_trends_global
2024-W34,pytorch,26.2,google_trends_global
2024-W35,pytorch,31.0,google_trends_global
2024-W36,pytorch,27.8,google_trends_global
2024-W37,pytorch,34.4,google_trends_global
2024-W38,pytorch,31.0,google_trends_global
2024-W39,pytorch,30.4,google_trends_global
2024-W40,pytorch,36.1,google_trends_global
2024-W41,pytorch,32.9,google_trends_global
2024-W42,pytorch,35.1,google_trends_global
2024-W43,pytorch,29.2,google_trends_global
2024-W44,pytorch,27.7,google_trends_global
2024-W45,pytorch,33.9,google_trends_global
2024-W46,pytorch,32.4,google_trends_global
2024-W47,pytorch,36.4,google_trends_global
2024-W48,pytorch,33.7,google_trends_global
2024-W49,pytorch,35.0,google_trends_global
2024-W50,pytorch,27.9,google_trends_global
2024-W51,pytorch,42.1,google_trends_global
2024-W52,pytorch,34.0,google_trends_global
2024-W53,pytorch,37.7,google_trends_global
2025-W01,pytorch,31.7,google_trends_global
2025-W02,pytorch,36.4,google_trends_global
2025-W03,pytorch,30.2,google_trends_global
2025-W04,pytorch,37.4,google_trends_global
2025-W05,pytorch,34.3,google_trends_global
2025-W06,pytorch,36.0,google_trends_global
2025-W07,pytorch,38.9,google_trends_global
2025-W08,pytorch,31.3,google_trends_global
2025-W09,pytorch,33.7,google_trends_global
2025-W10,pytorch,38.4,google_trends_global
2025-W11,pytorch,45.1,google_trends_global
2025-W12,pytorch,36.4,google_trends_global
2025-W13,pytorch,39.4,google_trends_global
2025-W14,pytorch,36.8,google_trends_global
2025-W15,pytorch,45.2,google_trends_global
2025-W16,pytorch,30.6,google_trends_global
2025-W17,pytorch,38.1,google_trends_global
2025-W18,pytorch,31.4,google_trends_global
2025-W19,pytorch,28.1,google_trends_global
2025-W20,pytorch,39.5,google_trends_global
2025-W21,pytorch,39.0,google_trends_global
2025-W22,pytorch,37.5,google_trends_global
2025-W23,pytorch,38.4,google_trends_global
2025-W24,pytorch,51.4,google_trends_global
2025-W25,pytorch,38.1,google_trends_global
2025-W26,pytorch,41.3,google_trends_global
2025-W27,pytorch,36.9,google_trends_global
2025-W28,pytorch,40.8,google_trends_global
2025-W29,pytorch,38.9,google_trends_global
2025-W30,pytorch,38.3,google_trends_global
2025-W31,pytorch,47.4,google_trends_global
2025-W32,pytorch,45.0,google_trends_global
2025-W33,pytorch,41.0,google_trends_global
2025-W34,pytorch,31.4,google_trends_global
2025-W35,pytorch,39.4,google_trends_global
2025-W36,pytorch,51.8,google_trends_global
2025-W37,pytorch,40.3,google_trends_global
2025-W38,pytorch,45.8,google_trends_global
2025-W39,pytorch,47.3,google_trends_global
2025-W40,pytorch,42.6,google_trends_global
2025-W41,pytorch,38.5,google_trends_global
2025-W42,pytorch,32.3,google_trends_global
2025-W43,pytorch,44.9,google_trends_global
2025-W44,pytorch,39.1,google_trends_global
2025-W45,pytorch,43.2,google_trends_global
2025-W46,pytorch,37.7,google_trends_global
2025-W47,pytorch,41.8,google_trends_global
2025-W48,pytorch,43.2,google_trends_global
2025-W49,pytorch,44.3,google_trends_global
2025-W50,pytorch,38.9,google_trends_global
2025-W51,pytorch,48.4,google_trends_global
2025-W52,pytorch,41.3,google_trends_global
2026-W01,pytorch,37.2,google_trends_global
2026-W02,pytorch,43.6,google_trends_global
2026-W03,pytorch,44.4,google_trends_global
2026-W04,pytorch,45.1,google_trends_global
2026-W05,pytorch,50.0,google_trends_global
2026-W06,pytorch,43.8,google_trends_global
2026-W07,pytorch,44.5,google_trends_global
2026-W08,pytorch,40.7,google_trends_global
2026-W09,pytorch,48.6,google_trends_global
2026-W10,pytorch,46.2,google_trends_global
2026-W11,pytorch,43.9,google_trends_global
2026-W12,pytorch,38.2,google_trends_global
2026-W13,pytorch,51.7,google_trends_global
2026-W14,pytorch,41.2,google_trends_global
2026-W15,pytorch,43.9,google_trends_global
2026-W16,pytorch,47.9,google_trends_global
2026-W17,pytorch,41.8,google_trends_global
2026-W18,pytorch,40.8,google_trends_global
2026-W19,pytorch,38.5,google_trends_global
2026-W20,pytorch,50.0,google_trends_global
2026-W21,pytorch,45.1,google_trends_global
2026-W22,pytorch,59.2,google_trends_global
2026-W23,pytorch,43.7,google_trends_global
2026-W24,pytorch,44.1,google_trends_global
2026-W25,pytorch,45.7,google_trends_global
2024-W01,scikit-learn,21.0,google_trends_global
2024-W02,scikit-learn,18.2,google_trends_global
2024-W03,scikit-learn,22.5,google_trends_global
2024-W04,scikit-learn,16.2,google_trends_global
2024-W05,scikit-learn,14.6,google_trends_global
2024-W06,scikit-learn,13.0,google_trends_global
2024-W07,scikit-learn,11.3,google_trends_global
2024-W08,scikit-learn,18.2,google_trends_global
2024-W09,scikit-learn,19.1,google_trends_global
2024-W10,scikit-learn,17.8,google_trends_global
2024-W11,scikit-learn,25.4,google_trends_global
2024-W12,scikit-learn,25.3,google_trends_global
2024-W13,scikit-learn,19.1,google_trends_global
2024-W14,scikit-learn,13.3,google_trends_global
2024-W15,scikit-learn,18.3,google_trends_global
2024-W16,scikit-learn,18.2,google_trends_global
2024-W17,scikit-learn,18.0,google_trends_global
2024-W18,scikit-learn,17.9,google_trends_global
2024-W19,scikit-learn,18.1,google_trends_global
2024-W20,scikit-learn,19.2,google_trends_global
2024-W21,scikit-learn,18.2,google_trends_global
2024-W22,scikit-learn,21.6,google_trends_global
2024-W23,scikit-learn,22.3,google_trends_global
2024-W24,scikit-learn,17.2,google_trends_global
2024-W25,scikit-learn,26.0,google_trends_global
2024-W26,scikit-learn,17.0,google_trends_global
2024-W27,scikit-learn,14.5,google_trends_global
2024-W28,scikit-learn,22.6,google_trends_global
2024-W29,scikit-learn,17.8,google_trends_global
2024-W30,scikit-learn,22.4,google_trends_global
2024-W31,scikit-learn,11.5,google_trends_global
2024-W32,scikit-learn,26.8,google_trends_global
2024-W33,scikit-learn,23.9,google_trends_global
2024-W34,scikit-learn,15.3,google_trends_global
2024-W35,scikit-learn,15.4,google_trends_global
2024-W36,scikit-learn,28.0,google_trends_global
2024-W37,scikit-learn,18.4,google_trends_global
2024-W38,scikit-learn,18.1,google_trends_global
2024-W39,scikit-learn,12.4,google_trends_global
2024-W40,scikit-learn,20.1,google_trends_global
2024-W41,scikit-learn,20.6,google_trends_global
2024-W42,scikit-learn,24.5,google_trends_global
2024-W43,scikit-learn,16.0,google_trends_global
2024-W44,scikit-learn,15.6,google_trends_global
2024-W45,scikit-learn,23.5,google_trends_global
2024-W46,scikit-learn,25.8,google_trends_global
2024-W47,scikit-learn,15.5,google_trends_global
2024-W48,scikit-learn,26.1,google_trends_global
2024-W49,scikit-learn,22.0,google_trends_global
2024-W50,scikit-learn,26.3,google_trends_global
2024-W51,scikit-learn,21.7,google_trends_global
2024-W52,scikit-learn,11.9,google_trends_global
2024-W53,scikit-learn,21.4,google_trends_global
2025-W01,scikit-learn,26.3,google_trends_global
2025-W02,scikit-learn,18.5,google_trends_global
2025-W03,scikit-learn,20.6,google_trends_global
2025-W04,scikit-learn,21.5,google_trends_global
2025-W05,scikit-learn,10.6,google_trends_global
2025-W06,scikit-learn,28.9,google_trends_global
2025-W07,scikit-learn,18.7,google_trends_global
2025-W08,scikit-learn,24.3,google_trends_global
2025-W09,scikit-learn,22.0,google_trends_global
2025-W10,scikit-learn,27.4,google_trends_global
2025-W11,scikit-learn,24.1,google_trends_global
2025-W12,scikit-learn,21.5,google_trends_global
2025-W13,scikit-learn,18.9,google_trends_global
2025-W14,scikit-learn,25.7,google_trends_global
2025-W15,scikit-learn,15.1,google_trends_global
2025-W16,scikit-learn,25.2,google_trends_global
2025-W17,scikit-learn,18.3,google_trends_global
2025-W18,scikit-learn,27.7,google_trends_global
2025-W19,scikit-learn,23.4,google_trends_global
2025-W20,scikit-learn,25.4,google_trends_global
2025-W21,scikit-learn,23.2,google_trends_global
2025-W22,scikit-learn,15.9,google_trends_global
2025-W23,scikit-learn,19.5,google_trends_global
2025-W24,scikit-learn,25.6,google_trends_global
2025-W25,scikit-learn,23.7,google_trends_global
2025-W26,scikit-learn,27.7,google_trends_global
2025-W27,scikit-learn,24.7,google_trends_global
2025-W28,scikit-learn,19.2,google_trends_global
2025-W29,scikit-learn,20.0,google_trends_global
2025-W30,scikit-learn,23.6,google_trends_global
2025-W31,scikit-learn,14.0,google_trends_global
2025-W32,scikit-learn,29.9,google_trends_global
2025-W33,scikit-learn,25.1,google_trends_global
2025-W34,scikit-learn,28.2,google_trends_global
2025-W35,scikit-learn,17.0,google_trends_global
2025-W36,scikit-learn,28.4,google_trends_global
2025-W37,scikit-learn,32.4,google_trends_global
2025-W38,scikit-learn,18.2,google_trends_global
2025-W39,scikit-learn,26.6,google_trends_global
2025-W40,scikit-learn,23.6,google_trends_global
2025-W41,scikit-learn,17.4,google_trends_global
2025-W42,scikit-learn,25.6,google_trends_global
2025-W43,scikit-learn,27.0,google_trends_global
2025-W44,scikit-learn,21.3,google_trends_global
2025-W45,scikit-learn,28.4,google_trends_global
2025-W46,scikit-learn,17.1,google_trends_global
2025-W47,scikit-learn,17.9,google_trends_global
2025-W48,scikit-learn,24.4,google_trends_global
2025-W49,scikit-learn,24.0,google_trends_global
2025-W50,scikit-learn,21.1,google_trends_global
2025-W51,scikit-learn,27.2,google_trends_global
2025-W52,scikit-learn,26.2,google_trends_global
2026-W01,scikit-learn,27.5,google_trends_global
2026-W02,scikit-learn,23.6,google_trends_global
2026-W03,scikit-learn,26.6,google_trends_global
2026-W04,scikit-learn,22.4,google_trends_global
2026-W05,scikit-learn,32.4,google_trends_global
2026-W06,scikit-learn,21.0,google_trends_global
2026-W07,scikit-learn,32.7,google_trends_global
2026-W08,scikit-learn,24.5,google_trends_global
2026-W09,scikit-learn,18.9,google_trends_global
2026-W10,scikit-learn,29.9,google_trends_global
2026-W11,scikit-learn,25.0,google_trends_global
2026-W12,scikit-learn,27.9,google_trends_global
2026-W13,scikit-learn,29.4,google_trends_global
2026-W14,scikit-learn,25.9,google_trends_global
2026-W15,scikit-learn,22.2,google_trends_global
2026-W16,scikit-learn,28.6,google_trends_global
2026-W17,scikit-learn,24.7,google_trends_global
2026-W18,scikit-learn,27.5,google_trends_global
2026-W19,scikit-learn,16.2,google_trends_global
2026-W20,scikit-learn,26.6,google_trends_global
2026-W21,scikit-learn,22.3,google_trends_global
2026-W22,scikit-learn,31.5,google_trends_global
2026-W23,scikit-learn,27.4,google_trends_global
2026-W24,scikit-learn,25.9,google_trends_global
2026-W25,scikit-learn,26.9,google_trends_global
2024-W01,llm,4.1,google_trends_global
2024-W02,llm,14.6,google_trends_global
2024-W03,llm,16.0,google_trends_global
2024-W04,llm,9.7,google_trends_global
2024-W05,llm,14.5,google_trends_global
2024-W06,llm,5.8,google_trends_global
2024-W07,llm,4.9,google_trends_global
2024-W08,llm,8.3,google_trends_global
2024-W09,llm,9.9,google_trends_global
2024-W10,llm,6.6,google_trends_global
2024-W11,llm,10.3,google_trends_global
2024-W12,llm,9.4,google_trends_global
2024-W13,llm,4.2,google_trends_global
2024-W14,llm,10.3,google_trends_global
2024-W15,llm,11.8,google_trends_global
2024-W16,llm,9.0,google_trends_global
2024-W17,llm,13.0,google_trends_global
2024-W18,llm,3.6,google_trends_global
2024-W19,llm,10.4,google_trends_global
2024-W20,llm,3.9,google_trends_global
2024-W21,llm,4.2,google_trends_global
2024-W22,llm,6.2,google_trends_global
2024-W23,llm,5.0,google_trends_global
2024-W24,llm,6.7,google_trends_global
2024-W25,llm,8.2,google_trends_global
2024-W26,llm,12.5,google_trends_global
2024-W27,llm,8.0,google_trends_global
2024-W28,llm,3.1,google_trends_global
2024-W29,llm,14.2,google_trends_global
2024-W30,llm,6.5,google_trends_global
2024-W31,llm,9.8,google_trends_global
2024-W32,llm,12.1,google_trends_global
2024-W33,llm,11.4,google_trends_global
2024-W34,llm,15.3,google_trends_global
2024-W35,llm,13.2,google_trends_global
2024-W36,llm,8.3,google_trends_global
2024-W37,llm,20.9,google_trends_global
2024-W38,llm,13.4,google_trends_global
2024-W39,llm,12.6,google_trends_global
2024-W40,llm,17.7,google_trends_global
2024-W41,llm,15.5,google_trends_global
2024-W42,llm,16.8,google_trends_global
2024-W43,llm,26.0,google_trends_global
2024-W44,llm,15.8,google_trends_global
2024-W45,llm,16.6,google_trends_global
2024-W46,llm,19.4,google_trends_global
2024-W47,llm,24.4,google_trends_global
2024-W48,llm,15.3,google_trends_global
2024-W49,llm,14.8,google_trends_global
2024-W50,llm,21.7,google_trends_global
2024-W51,llm,19.0,google_trends_global
2024-W52,llm,25.4,google_trends_global
2024-W53,llm,30.8,google_trends_global
2025-W01,llm,27.0,google_trends_global
2025-W02,llm,26.6,google_trends_global
2025-W03,llm,34.4,google_trends_global
2025-W04,llm,39.5,google_trends_global
2025-W05,llm,31.2,google_trends_global
2025-W06,llm,43.2,google_trends_global
2025-W07,llm,45.1,google_trends_global
2025-W08,llm,47.6,google_trends_global
2025-W09,llm,50.5,google_trends_global
2025-W10,llm,56.3,google_trends_global
2025-W11,llm,47.9,google_trends_global
2025-W12,llm,51.5,google_trends_global
2025-W13,llm,51.0,google_trends_global
2025-W14,llm,54.3,google_trends_global
2025-W15,llm,61.9,google_trends_global
2025-W16,llm,51.8,google_trends_global
2025-W17,llm,55.1,google_trends_global
2025-W18,llm,65.3,google_trends_global
2025-W19,llm,65.0,google_trends_global
2025-W20,llm,60.6,google_trends_global
2025-W21,llm,66.4,google_trends_global
2025-W22,llm,65.2,google_trends_global
2025-W23,llm,70.7,google_trends_global
2025-W24,llm,65.7,google_trends_global
2025-W25,llm,70.2,google_trends_global
2025-W26,llm,77.3,google_trends_global
2025-W27,llm,69.7,google_trends_global
2025-W28,llm,68.0,google_trends_global
2025-W29,llm,71.1,google_trends_global
2025-W30,llm,67.2,google_trends_global
2025-W31,llm,78.6,google_trends_global
2025-W32,llm,70.1,google_trends_global
2025-W33,llm,68.5,google_trends_global
2025-W34,llm,66.5,google_trends_global
2025-W35,llm,74.5,google_trends_global
2025-W36,llm,73.8,google_trends_global
2025-W37,llm,68.5,google_trends_global
2025-W38,llm,73.0,google_trends_global
2025-W39,llm,64.8,google_trends_global
2025-W40,llm,71.7,google_trends_global
2025-W41,llm,72.9,google_trends_global
2025-W42,llm,78.0,google_trends_global
2025-W43,llm,68.2,google_trends_global
2025-W44,llm,66.2,google_trends_global
2025-W45,llm,67.8,google_trends_global
2025-W46,llm,66.1,google_trends_global
2025-W47,llm,76.9,google_trends_global
2025-W48,llm,77.8,google_trends_global
2025-W49,llm,72.9,google_trends_global
2025-W50,llm,76.6,google_trends_global
2025-W51,llm,72.3,google_trends_global
2025-W52,llm,71.4,google_trends_global
2026-W01,llm,70.4,google_trends_global
2026-W02,llm,70.6,google_trends_global
2026-W03,llm,65.6,google_trends_global
2026-W04,llm,72.9,google_trends_global
2026-W05,llm,71.7,google_trends_global
2026-W06,llm,74.9,google_trends_global
2026-W07,llm,72.3,google_trends_global
2026-W08,llm,71.3,google_trends_global
2026-W09,llm,68.4,google_trends_global
2026-W10,llm,72.2,google_trends_global
2026-W11,llm,74.9,google_trends_global
2026-W12,llm,67.4,google_trends_global
2026-W13,llm,72.3,google_trends_global
2026-W14,llm,72.9,google_trends_global
2026-W15,llm,69.1,google_trends_global
2026-W16,llm,69.6,google_trends_global
2026-W17,llm,72.9,google_trends_global
2026-W18,llm,67.4,google_trends_global
2026-W19,llm,73.4,google_trends_global
2026-W20,llm,68.4,google_trends_global
2026-W21,llm,76.2,google_trends_global
2026-W22,llm,81.3,google_trends_global
2026-W23,llm,68.5,google_trends_global
2026-W24,llm,74.1,google_trends_global
2026-W25,llm,69.1,google_trends_global
2024-W01,langchain,9.2,google_trends_global
2024-W02,langchain,2.0,google_trends_global
2024-W03,langchain,7.0,google_trends_global
2024-W04,langchain,2.0,google_trends_global
2024-W05,langchain,4.2,google_trends_global
2024-W06,langchain,2.0,google_trends_global
2024-W07,langchain,8.4,google_trends_global
2024-W08,langchain,2.0,google_trends_global
2024-W09,langchain,7.3,google_trends_global
2024-W10,langchain,3.7,google_trends_global
2024-W11,langchain,4.7,google_trends_global
2024-W12,langchain,5.7,google_trends_global
2024-W13,langchain,2.1,google_trends_global
2024-W14,langchain,6.0,google_trends_global
2024-W15,langchain,11.3,google_trends_global
2024-W16,langchain,2.1,google_trends_global
2024-W17,langchain,10.0,google_trends_global
2024-W18,langchain,11.3,google_trends_global
2024-W19,langchain,2.1,google_trends_global
2024-W20,langchain,2.0,google_trends_global
2024-W21,langchain,6.7,google_trends_global
2024-W22,langchain,3.3,google_trends_global
2024-W23,langchain,13.1,google_trends_global
2024-W24,langchain,5.8,google_trends_global
2024-W25,langchain,2.5,google_trends_global
2024-W26,langchain,2.0,google_trends_global
2024-W27,langchain,10.3,google_trends_global
2024-W28,langchain,3.8,google_trends_global
2024-W29,langchain,6.4,google_trends_global
2024-W30,langchain,10.2,google_trends_global
2024-W31,langchain,4.6,google_trends_global
2024-W32,langchain,6.5,google_trends_global
2024-W33,langchain,6.9,google_trends_global
2024-W34,langchain,9.9,google_trends_global
2024-W35,langchain,9.8,google_trends_global
2024-W36,langchain,6.8,google_trends_global
2024-W37,langchain,8.3,google_trends_global
2024-W38,langchain,6.9,google_trends_global
2024-W39,langchain,2.9,google_trends_global
2024-W40,langchain,10.3,google_trends_global
2024-W41,langchain,17.3,google_trends_global
2024-W42,langchain,6.8,google_trends_global
2024-W43,langchain,7.8,google_trends_global
2024-W44,langchain,8.1,google_trends_global
2024-W45,langchain,15.2,google_trends_global
2024-W46,langchain,14.8,google_trends_global
2024-W47,langchain,13.2,google_trends_global
2024-W48,langchain,11.1,google_trends_global
2024-W49,langchain,16.1,google_trends_global
2024-W50,langchain,10.5,google_trends_global
2024-W51,langchain,18.5,google_trends_global
2024-W52,langchain,22.5,google_trends_global
2024-W53,langchain,15.3,google_trends_global
2025-W01,langchain,15.4,google_trends_global
2025-W02,langchain,29.2,google_trends_global
2025-W03,langchain,21.8,google_trends_global
2025-W04,langchain,30.1,google_trends_global
2025-W05,langchain,26.4,google_trends_global
2025-W06,langchain,27.8,google_trends_global
2025-W07,langchain,31.6,google_trends_global
2025-W08,langchain,27.7,google_trends_global
2025-W09,langchain,33.2,google_trends_global
2025-W10,langchain,32.5,google_trends_global
2025-W11,langchain,30.0,google_trends_global
2025-W12,langchain,38.0,google_trends_global
2025-W13,langchain,36.8,google_trends_global
2025-W14,langchain,38.4,google_trends_global
2025-W15,langchain,35.3,google_trends_global
2025-W16,langchain,47.5,google_trends_global
2025-W17,langchain,45.6,google_trends_global
2025-W18,langchain,46.9,google_trends_global
2025-W19,langchain,42.7,google_trends_global
2025-W20,langchain,37.7,google_trends_global
2025-W21,langchain,53.2,google_trends_global
2025-W22,langchain,45.8,google_trends_global
2025-W23,langchain,43.6,google_trends_global
2025-W24,langchain,48.9,google_trends_global
2025-W25,langchain,52.4,google_trends_global
2025-W26,langchain,48.0,google_trends_global
2025-W27,langchain,53.7,google_trends_global
2025-W28,langchain,53.2,google_trends_global
2025-W29,langchain,44.9,google_trends_global
2025-W30,langchain,46.8,google_trends_global
2025-W31,langchain,53.6,google_trends_global
2025-W32,langchain,39.2,google_trends_global
2025-W33,langchain,49.7,google_trends_global
2025-W34,langchain,44.7,google_trends_global
2025-W35,langchain,48.7,google_trends_global
2025-W36,langchain,49.6,google_trends_global
2025-W37,langchain,49.5,google_trends_global
2025-W38,langchain,48.8,google_trends_global
2025-W39,langchain,46.8,google_trends_global
2025-W40,langchain,60.4,google_trends_global
2025-W41,langchain,58.8,google_trends_global
2025-W42,langchain,46.8,google_trends_global
2025-W43,langchain,57.8,google_trends_global
2025-W44,langchain,49.9,google_trends_global
2025-W45,langchain,52.1,google_trends_global
2025-W46,langchain,51.4,google_trends_global
2025-W47,langchain,49.0,google_trends_global
2025-W48,langchain,55.6,google_trends_global
2025-W49,langchain,52.2,google_trends_global
2025-W50,langchain,49.9,google_trends_global
2025-W51,langchain,46.6,google_trends_global
2025-W52,langchain,48.2,google_trends_global
2026-W01,langchain,45.3,google_trends_global
2026-W02,langchain,51.9,google_trends_global
2026-W03,langchain,47.1,google_trends_global
2026-W04,langchain,50.8,google_trends_global
2026-W05,langchain,57.4,google_trends_global
2026-W06,langchain,56.7,google_trends_global
2026-W07,langchain,51.8,google_trends_global
2026-W08,langchain,51.6,google_trends_global
2026-W09,langchain,59.5,google_trends_global
2026-W10,langchain,54.0,google_trends_global
2026-W11,langchain,50.6,google_trends_global
2026-W12,langchain,46.3,google_trends_global
2026-W13,langchain,53.5,google_trends_global
2026-W14,langchain,55.3,google_trends_global
2026-W15,langchain,49.4,google_trends_global
2026-W16,langchain,53.1,google_trends_global
2026-W17,langchain,50.5,google_trends_global
2026-W18,langchain,51.2,google_trends_global
2026-W19,langchain,42.0,google_trends_global
2026-W20,langchain,51.1,google_trends_global
2026-W21,langchain,55.9,google_trends_global
2026-W22,langchain,49.5,google_trends_global
2026-W23,langchain,52.2,google_trends_global
2026-W24,langchain,49.0,google_trends_global
2026-W25,langchain,53.4,google_trends_global
2024-W01,flutter,27.1,google_trends_global
2024-W02,flutter,24.3,google_trends_global
2024-W03,flutter,33.5,google_trends_global
2024-W04,flutter,31.9,google_trends_global
2024-W05,flutter,25.8,google_trends_global
2024-W06,flutter,30.3,google_trends_global
2024-W07,flutter,30.5,google_trends_global
2024-W08,flutter,31.0,google_trends_global
2024-W09,flutter,21.7,google_trends_global
2024-W10,flutter,32.6,google_trends_global
2024-W11,flutter,26.3,google_trends_global
2024-W12,flutter,27.3,google_trends_global
2024-W13,flutter,39.3,google_trends_global
2024-W14,flutter,30.0,google_trends_global
2024-W15,flutter,27.3,google_trends_global
2024-W16,flutter,20.1,google_trends_global
2024-W17,flutter,34.6,google_trends_global
2024-W18,flutter,23.7,google_trends_global
2024-W19,flutter,25.1,google_trends_global
2024-W20,flutter,27.9,google_trends_global
2024-W21,flutter,34.9,google_trends_global
2024-W22,flutter,32.4,google_trends_global
2024-W23,flutter,28.7,google_trends_global
2024-W24,flutter,30.7,google_trends_global
2024-W25,flutter,27.1,google_trends_global
2024-W26,flutter,30.1,google_trends_global
2024-W27,flutter,29.9,google_trends_global
2024-W28,flutter,33.5,google_trends_global
2024-W29,flutter,33.6,google_trends_global
2024-W30,flutter,31.8,google_trends_global
2024-W31,flutter,28.4,google_trends_global
2024-W32,flutter,32.9,google_trends_global
2024-W33,flutter,29.6,google_trends_global
2024-W34,flutter,25.7,google_trends_global
2024-W35,flutter,28.5,google_trends_global
2024-W36,flutter,30.5,google_trends_global
2024-W37,flutter,33.9,google_trends_global
2024-W38,flutter,29.6,google_trends_global
2024-W39,flutter,25.5,google_trends_global
2024-W40,flutter,30.6,google_trends_global
2024-W41,flutter,30.9,google_trends_global
2024-W42,flutter,31.3,google_trends_global
2024-W43,flutter,34.3,google_trends_global
2024-W44,flutter,34.7,google_trends_global
2024-W45,flutter,28.4,google_trends_global
2024-W46,flutter,28.3,google_trends_global
2024-W47,flutter,26.7,google_trends_global
2024-W48,flutter,33.7,google_trends_global
2024-W49,flutter,36.8,google_trends_global
2024-W50,flutter,29.8,google_trends_global
2024-W51,flutter,30.1,google_trends_global
2024-W52,flutter,37.0,google_trends_global
2024-W53,flutter,33.2,google_trends_global
2025-W01,flutter,33.0,google_trends_global
2025-W02,flutter,26.6,google_trends_global
2025-W03,flutter,34.1,google_trends_global
2025-W04,flutter,27.8,google_trends_global
2025-W05,flutter,27.0,google_trends_global
2025-W06,flutter,30.2,google_trends_global
2025-W07,flutter,29.3,google_trends_global
2025-W08,flutter,30.8,google_trends_global
2025-W09,flutter,26.0,google_trends_global
2025-W10,flutter,35.7,google_trends_global
2025-W11,flutter,36.4,google_trends_global
2025-W12,flutter,24.2,google_trends_global
2025-W13,flutter,35.9,google_trends_global
2025-W14,flutter,28.9,google_trends_global
2025-W15,flutter,35.6,google_trends_global
2025-W16,flutter,31.9,google_trends_global
2025-W17,flutter,32.4,google_trends_global
2025-W18,flutter,31.6,google_trends_global
2025-W19,flutter,37.3,google_trends_global
2025-W20,flutter,27.5,google_trends_global
2025-W21,flutter,35.0,google_trends_global
2025-W22,flutter,37.0,google_trends_global
2025-W23,flutter,35.5,google_trends_global
2025-W24,flutter,42.0,google_trends_global
2025-W25,flutter,30.7,google_trends_global
2025-W26,flutter,36.7,google_trends_global
2025-W27,flutter,32.5,google_trends_global
2025-W28,flutter,37.9,google_trends_global
2025-W29,flutter,33.0,google_trends_global
2025-W30,flutter,31.5,google_trends_global
2025-W31,flutter,38.4,google_trends_global
2025-W32,flutter,31.2,google_trends_global
2025-W33,flutter,27.6,google_trends_global
2025-W34,flutter,31.3,google_trends_global
2025-W35,flutter,35.9,google_trends_global
2025-W36,flutter,39.0,google_trends_global
2025-W37,flutter,34.0,google_trends_global
2025-W38,flutter,38.9,google_trends_global
2025-W39,flutter,28.2,google_trends_global
2025-W40,flutter,31.9,google_trends_global
2025-W41,flutter,32.6,google_trends_global
2025-W42,flutter,33.4,google_trends_global
2025-W43,flutter,34.2,google_trends_global
2025-W44,flutter,36.7,google_trends_global
2025-W45,flutter,32.2,google_trends_global
2025-W46,flutter,34.6,google_trends_global
2025-W47,flutter,34.0,google_trends_global
2025-W48,flutter,30.5,google_trends_global
2025-W49,flutter,33.8,google_trends_global
2025-W50,flutter,33.8,google_trends_global
2025-W51,flutter,33.7,google_trends_global
2025-W52,flutter,34.6,google_trends_global
2026-W01,flutter,34.8,google_trends_global
2026-W02,flutter,32.8,google_trends_global
2026-W03,flutter,39.7,google_trends_global
2026-W04,flutter,30.0,google_trends_global
2026-W05,flutter,31.9,google_trends_global
2026-W06,flutter,45.9,google_trends_global
2026-W07,flutter,30.7,google_trends_global
2026-W08,flutter,29.5,google_trends_global
2026-W09,flutter,37.9,google_trends_global
2026-W10,flutter,26.8,google_trends_global
2026-W11,flutter,34.2,google_trends_global
2026-W12,flutter,43.8,google_trends_global
2026-W13,flutter,29.1,google_trends_global
2026-W14,flutter,27.4,google_trends_global
2026-W15,flutter,29.4,google_trends_global
2026-W16,flutter,39.0,google_trends_global
2026-W17,flutter,40.0,google_trends_global
2026-W18,flutter,33.5,google_trends_global
2026-W19,flutter,38.4,google_trends_global
2026-W20,flutter,41.3,google_trends_global
2026-W21,flutter,42.9,google_trends_global
2026-W22,flutter,34.8,google_trends_global
2026-W23,flutter,26.7,google_trends_global
2026-W24,flutter,32.7,google_trends_global
2026-W25,flutter,34.3,google_trends_global
2024-W01,react native,29.0,google_trends_global
2024-W02,react native,29.2,google_trends_global
2024-W03,react native,34.4,google_trends_global
2024-W04,react native,35.0,google_trends_global
2024-W05,react native,29.1,google_trends_global
2024-W06,react native,34.2,google_trends_global
2024-W07,react native,31.2,google_trends_global
2024-W08,react native,29.9,google_trends_global
2024-W09,react native,33.3,google_trends_global
2024-W10,react native,29.9,google_trends_global
2024-W11,react native,37.8,google_trends_global
2024-W12,react native,23.7,google_trends_global
2024-W13,react native,27.4,google_trends_global
2024-W14,react native,28.9,google_trends_global
2024-W15,react native,31.1,google_trends_global
2024-W16,react native,34.4,google_trends_global
2024-W17,react native,29.2,google_trends_global
2024-W18,react native,23.5,google_trends_global
2024-W19,react native,32.5,google_trends_global
2024-W20,react native,32.1,google_trends_global
2024-W21,react native,21.3,google_trends_global
2024-W22,react native,29.0,google_trends_global
2024-W23,react native,22.6,google_trends_global
2024-W24,react native,26.3,google_trends_global
2024-W25,react native,25.3,google_trends_global
2024-W26,react native,32.1,google_trends_global
2024-W27,react native,29.3,google_trends_global
2024-W28,react native,23.6,google_trends_global
2024-W29,react native,32.2,google_trends_global
2024-W30,react native,22.9,google_trends_global
2024-W31,react native,29.9,google_trends_global
2024-W32,react native,25.3,google_trends_global
2024-W33,react native,27.0,google_trends_global
2024-W34,react native,30.5,google_trends_global
2024-W35,react native,30.5,google_trends_global
2024-W36,react native,33.7,google_trends_global
2024-W37,react native,28.0,google_trends_global
2024-W38,react native,29.5,google_trends_global
2024-W39,react native,26.5,google_trends_global
2024-W40,react native,28.9,google_trends_global
2024-W41,react native,29.9,google_trends_global
2024-W42,react native,27.7,google_trends_global
2024-W43,react native,20.8,google_trends_global
2024-W44,react native,29.3,google_trends_global
2024-W45,react native,29.4,google_trends_global
2024-W46,react native,25.2,google_trends_global
2024-W47,react native,22.7,google_trends_global
2024-W48,react native,33.7,google_trends_global
2024-W49,react native,29.7,google_trends_global
2024-W50,react native,26.8,google_trends_global
2024-W51,react native,23.1,google_trends_global
2024-W52,react native,24.3,google_trends_global
2024-W53,react native,32.8,google_trends_global
2025-W01,react native,28.1,google_trends_global
2025-W02,react native,25.3,google_trends_global
2025-W03,react native,29.5,google_trends_global
2025-W04,react native,24.1,google_trends_global
2025-W05,react native,33.4,google_trends_global
2025-W06,react native,32.7,google_trends_global
2025-W07,react native,25.4,google_trends_global
2025-W08,react native,24.7,google_trends_global
2025-W09,react native,16.7,google_trends_global
2025-W10,react native,21.2,google_trends_global
2025-W11,react native,21.7,google_trends_global
2025-W12,react native,27.6,google_trends_global
2025-W13,react native,25.7,google_trends_global
2025-W14,react native,21.5,google_trends_global
2025-W15,react native,25.8,google_trends_global
2025-W16,react native,28.9,google_trends_global
2025-W17,react native,28.9,google_trends_global
2025-W18,react native,19.1,google_trends_global
2025-W19,react native,26.2,google_trends_global
2025-W20,react native,21.1,google_trends_global
2025-W21,react native,30.2,google_trends_global
2025-W22,react native,29.7,google_trends_global
2025-W23,react native,22.9,google_trends_global
2025-W24,react native,23.4,google_trends_global
2025-W25,react native,24.6,google_trends_global
2025-W26,react native,17.4,google_trends_global
2025-W27,react native,27.7,google_trends_global
2025-W28,react native,25.2,google_trends_global
2025-W29,react native,30.1,google_trends_global
2025-W30,react native,21.8,google_trends_global
2025-W31,react native,23.7,google_trends_global
2025-W32,react native,20.1,google_trends_global
2025-W33,react native,22.0,google_trends_global
2025-W34,react native,21.3,google_trends_global
2025-W35,react native,29.9,google_trends_global
2025-W36,react native,23.1,google_trends_global
2025-W37,react native,26.4,google_trends_global
2025-W38,react native,24.3,google_trends_global
2025-W39,react native,20.7,google_trends_global
2025-W40,react native,25.0,google_trends_global
2025-W41,react native,28.1,google_trends_global
2025-W42,react native,20.8,google_trends_global
2025-W43,react native,28.8,google_trends_global
2025-W44,react native,22.1,google_trends_global
2025-W45,react native,23.6,google_trends_global
2025-W46,react native,27.6,google_trends_global
2025-W47,react native,22.7,google_trends_global
2025-W48,react native,25.5,google_trends_global
2025-W49,react native,24.0,google_trends_global
2025-W50,react native,25.8,google_trends_global
2025-W51,react native,15.7,google_trends_global
2025-W52,react native,17.8,google_trends_global
2026-W01,react native,27.6,google_trends_global
2026-W02,react native,29.2,google_trends_global
2026-W03,react native,21.4,google_trends_global
2026-W04,react native,24.0,google_trends_global
2026-W05,react native,26.1,google_trends_global
2026-W06,react native,27.7,google_trends_global
2026-W07,react native,16.7,google_trends_global
2026-W08,react native,21.2,google_trends_global
2026-W09,react native,23.4,google_trends_global
2026-W10,react native,27.5,google_trends_global
2026-W11,react native,34.6,google_trends_global
2026-W12,react native,23.7,google_trends_global
2026-W13,react native,18.9,google_trends_global
2026-W14,react native,26.1,google_trends_global
2026-W15,react native,29.7,google_trends_global
2026-W16,react native,24.9,google_trends_global
2026-W17,react native,20.7,google_trends_global
2026-W18,react native,28.2,google_trends_global
2026-W19,react native,26.9,google_trends_global
2026-W20,react native,20.1,google_trends_global
2026-W21,react native,25.7,google_trends_global
2026-W22,react native,28.1,google_trends_global
2026-W23,react native,28.8,google_trends_global
2026-W24,react native,23.8,google_trends_global
2026-W25,react native,22.6,google_trends_global
2024-W01,android,38.9,google_trends_global
2024-W02,android,29.1,google_trends_global
2024-W03,android,35.7,google_trends_global
2024-W04,android,28.4,google_trends_global
2024-W05,android,38.1,google_trends_global
2024-W06,android,32.7,google_trends_global
2024-W07,android,38.8,google_trends_global
2024-W08,android,35.6,google_trends_global
2024-W09,android,28.7,google_trends_global
2024-W10,android,39.3,google_trends_global
2024-W11,android,39.7,google_trends_global
2024-W12,android,37.0,google_trends_global
2024-W13,android,30.4,google_trends_global
2024-W14,android,32.2,google_trends_global
2024-W15,android,33.9,google_trends_global
2024-W16,android,30.5,google_trends_global
2024-W17,android,40.0,google_trends_global
2024-W18,android,33.8,google_trends_global
2024-W19,android,22.3,google_trends_global
2024-W20,android,34.5,google_trends_global
2024-W21,android,31.7,google_trends_global
2024-W22,android,32.7,google_trends_global
2024-W23,android,31.5,google_trends_global
2024-W24,android,36.2,google_trends_global
2024-W25,android,37.4,google_trends_global
2024-W26,android,34.0,google_trends_global
2024-W27,android,31.4,google_trends_global
2024-W28,android,32.6,google_trends_global
2024-W29,android,32.8,google_trends_global
2024-W30,android,29.4,google_trends_global
2024-W31,android,34.9,google_trends_global
2024-W32,android,34.4,google_trends_global
2024-W33,android,38.7,google_trends_global
2024-W34,android,37.5,google_trends_global
2024-W35,android,29.7,google_trends_global
2024-W36,android,35.7,google_trends_global
2024-W37,android,28.5,google_trends_global
2024-W38,android,35.1,google_trends_global
2024-W39,android,30.2,google_trends_global
2024-W40,android,28.1,google_trends_global
2024-W41,android,33.3,google_trends_global
2024-W42,android,21.4,google_trends_global
2024-W43,android,25.0,google_trends_global
2024-W44,android,31.3,google_trends_global
2024-W45,android,32.3,google_trends_global
2024-W46,android,30.4,google_trends_global
2024-W47,android,25.5,google_trends_global
2024-W48,android,28.5,google_trends_global
2024-W49,android,33.3,google_trends_global
2024-W50,android,34.0,google_trends_global
2024-W51,android,31.6,google_trends_global
2024-W52,android,36.3,google_trends_global
2024-W53,android,33.2,google_trends_global
2025-W01,android,28.5,google_trends_global
2025-W02,android,30.4,google_trends_global
2025-W03,android,25.8,google_trends_global
2025-W04,android,31.0,google_trends_global
2025-W05,android,35.8,google_trends_global
2025-W06,android,34.0,google_trends_global
2025-W07,android,36.9,google_trends_global
2025-W08,android,30.0,google_trends_global
2025-W09,android,36.5,google_trends_global
2025-W10,android,30.3,google_trends_global
2025-W11,android,37.0,google_trends_global
2025-W12,android,30.9,google_trends_global
2025-W13,android,33.8,google_trends_global
2025-W14,android,36.8,google_trends_global
2025-W15,android,30.1,google_trends_global
2025-W16,android,31.7,google_trends_global
2025-W17,android,35.9,google_trends_global
2025-W18,android,30.2,google_trends_global
2025-W19,android,25.4,google_trends_global
2025-W20,android,39.2,google_trends_global
2025-W21,android,28.7,google_trends_global
2025-W22,android,31.2,google_trends_global
2025-W23,android,35.1,google_trends_global
2025-W24,android,28.0,google_trends_global
2025-W25,android,26.4,google_trends_global
2025-W26,android,31.4,google_trends_global
2025-W27,android,23.2,google_trends_global
2025-W28,android,29.1,google_trends_global
2025-W29,android,31.2,google_trends_global
2025-W30,android,29.1,google_trends_global
2025-W31,android,24.0,google_trends_global
2025-W32,android,36.5,google_trends_global
2025-W33,android,30.5,google_trends_global
2025-W34,android,35.7,google_trends_global
2025-W35,android,28.9,google_trends_global
2025-W36,android,26.4,google_trends_global
2025-W37,android,30.9,google_trends_global
2025-W38,android,29.0,google_trends_global
2025-W39,android,25.1,google_trends_global
2025-W40,android,35.6,google_trends_global
2025-W41,android,27.2,google_trends_global
2025-W42,android,22.3,google_trends_global
2025-W43,android,34.9,google_trends_global
2025-W44,android,27.5,google_trends_global
2025-W45,android,27.1,google_trends_global
2025-W46,android,22.4,google_trends_global
2025-W47,android,36.4,google_trends_global
2025-W48,android,24.2,google_trends_global
2025-W49,android,29.5,google_trends_global
2025-W50,android,32.9,google_trends_global
2025-W51,android,30.9,google_trends_global
2025-W52,android,28.9,google_trends_global
2026-W01,android,22.3,google_trends_global
2026-W02,android,25.8,google_trends_global
2026-W03,android,29.8,google_trends_global
2026-W04,android,25.8,google_trends_global
2026-W05,android,29.7,google_trends_global
2026-W06,android,31.6,google_trends_global
2026-W07,android,32.7,google_trends_global
2026-W08,android,23.9,google_trends_global
2026-W09,android,37.5,google_trends_global
2026-W10,android,31.8,google_trends_global
2026-W11,android,28.6,google_trends_global
2026-W12,android,33.0,google_trends_global
2026-W13,android,38.0,google_trends_global
2026-W14,android,22.8,google_trends_global
2026-W15,android,27.6,google_trends_global
2026-W16,android,18.9,google_trends_global
2026-W17,android,29.1,google_trends_global
2026-W18,android,29.8,google_trends_global
2026-W19,android,28.1,google_trends_global
2026-W20,android,25.6,google_trends_global
2026-W21,android,20.0,google_trends_global
2026-W22,android,29.6,google_trends_global
2026-W23,android,33.9,google_trends_global
2026-W24,android,25.7,google_trends_global
2026-W25,android,29.8,google_trends_global
2024-W01,ios,19.7,google_trends_global
2024-W02,ios,27.8,google_trends_global
2024-W03,ios,24.3,google_trends_global
2024-W04,ios,22.8,google_trends_global
2024-W05,ios,22.8,google_trends_global
2024-W06,ios,24.2,google_trends_global
2024-W07,ios,27.3,google_trends_global
2024-W08,ios,20.4,google_trends_global
2024-W09,ios,24.0,google_trends_global
2024-W10,ios,25.4,google_trends_global
2024-W11,ios,21.1,google_trends_global
2024-W12,ios,32.7,google_trends_global
2024-W13,ios,22.0,google_trends_global
2024-W14,ios,22.7,google_trends_global
2024-W15,ios,21.4,google_trends_global
2024-W16,ios,32.5,google_trends_global
2024-W17,ios,27.5,google_trends_global
2024-W18,ios,21.5,google_trends_global
2024-W19,ios,29.6,google_trends_global
2024-W20,ios,25.9,google_trends_global
2024-W21,ios,26.1,google_trends_global
2024-W22,ios,23.6,google_trends_global
2024-W23,ios,22.0,google_trends_global
2024-W24,ios,26.3,google_trends_global
2024-W25,ios,22.7,google_trends_global
2024-W26,ios,32.1,google_trends_global
2024-W27,ios,19.7,google_trends_global
2024-W28,ios,30.9,google_trends_global
2024-W29,ios,24.3,google_trends_global
2024-W30,ios,25.8,google_trends_global
2024-W31,ios,27.9,google_trends_global
2024-W32,ios,22.0,google_trends_global
2024-W33,ios,28.0,google_trends_global
2024-W34,ios,13.6,google_trends_global
2024-W35,ios,21.5,google_trends_global
2024-W36,ios,20.7,google_trends_global
2024-W37,ios,19.3,google_trends_global
2024-W38,ios,23.4,google_trends_global
2024-W39,ios,25.8,google_trends_global
2024-W40,ios,27.0,google_trends_global
2024-W41,ios,25.1,google_trends_global
2024-W42,ios,21.4,google_trends_global
2024-W43,ios,25.5,google_trends_global
2024-W44,ios,24.5,google_trends_global
2024-W45,ios,27.7,google_trends_global
2024-W46,ios,27.0,google_trends_global
2024-W47,ios,24.0,google_trends_global
2024-W48,ios,20.2,google_trends_global
2024-W49,ios,21.2,google_trends_global
2024-W50,ios,21.5,google_trends_global
2024-W51,ios,22.4,google_trends_global
2024-W52,ios,24.7,google_trends_global
2024-W53,ios,26.4,google_trends_global
2025-W01,ios,23.3,google_trends_global
2025-W02,ios,23.6,google_trends_global
2025-W03,ios,24.0,google_trends_global
2025-W04,ios,21.3,google_trends_global
2025-W05,ios,19.6,google_trends_global
2025-W06,ios,16.3,google_trends_global
2025-W07,ios,20.5,google_trends_global
2025-W08,ios,25.1,google_trends_global
2025-W09,ios,20.4,google_trends_global
2025-W10,ios,22.2,google_trends_global
2025-W11,ios,24.9,google_trends_global
2025-W12,ios,25.1,google_trends_global
2025-W13,ios,18.7,google_trends_global
2025-W14,ios,26.9,google_trends_global
2025-W15,ios,27.4,google_trends_global
2025-W16,ios,18.3,google_trends_global
2025-W17,ios,19.5,google_trends_global
2025-W18,ios,27.5,google_trends_global
2025-W19,ios,22.1,google_trends_global
2025-W20,ios,13.8,google_trends_global
2025-W21,ios,17.0,google_trends_global
2025-W22,ios,21.6,google_trends_global
2025-W23,ios,17.9,google_trends_global
2025-W24,ios,20.8,google_trends_global
2025-W25,ios,22.5,google_trends_global
2025-W26,ios,28.2,google_trends_global
2025-W27,ios,21.2,google_trends_global
2025-W28,ios,26.6,google_trends_global
2025-W29,ios,27.9,google_trends_global
2025-W30,ios,27.9,google_trends_global
2025-W31,ios,23.3,google_trends_global
2025-W32,ios,14.2,google_trends_global
2025-W33,ios,23.9,google_trends_global
2025-W34,ios,26.2,google_trends_global
2025-W35,ios,21.6,google_trends_global
2025-W36,ios,28.9,google_trends_global
2025-W37,ios,25.3,google_trends_global
2025-W38,ios,24.1,google_trends_global
2025-W39,ios,26.1,google_trends_global
2025-W40,ios,23.1,google_trends_global
2025-W41,ios,11.7,google_trends_global
2025-W42,ios,19.6,google_trends_global
2025-W43,ios,26.4,google_trends_global
2025-W44,ios,18.3,google_trends_global
2025-W45,ios,20.6,google_trends_global
2025-W46,ios,17.3,google_trends_global
2025-W47,ios,28.5,google_trends_global
2025-W48,ios,28.1,google_trends_global
2025-W49,ios,17.8,google_trends_global
2025-W50,ios,21.8,google_trends_global
2025-W51,ios,18.5,google_trends_global
2025-W52,ios,23.6,google_trends_global
2026-W01,ios,23.2,google_trends_global
2026-W02,ios,24.3,google_trends_global
2026-W03,ios,22.4,google_trends_global
2026-W04,ios,32.7,google_trends_global
2026-W05,ios,16.8,google_trends_global
2026-W06,ios,14.0,google_trends_global
2026-W07,ios,19.3,google_trends_global
2026-W08,ios,14.5,google_trends_global
2026-W09,ios,14.8,google_trends_global
2026-W10,ios,16.7,google_trends_global
2026-W11,ios,17.0,google_trends_global
2026-W12,ios,16.8,google_trends_global
2026-W13,ios,22.6,google_trends_global
2026-W14,ios,18.5,google_trends_global
2026-W15,ios,19.7,google_trends_global
2026-W16,ios,24.0,google_trends_global
2026-W17,ios,17.3,google_trends_global
2026-W18,ios,19.3,google_trends_global
2026-W19,ios,21.7,google_trends_global
2026-W20,ios,12.5,google_trends_global
2026-W21,ios,10.6,google_trends_global
2026-W22,ios,21.5,google_trends_global
2026-W23,ios,22.1,google_trends_global
2026-W24,ios,28.3,google_trends_global
2026-W25,ios,20.6,google_trends_global
2024-W01,devops,43.3,google_trends_global
2024-W02,devops,39.3,google_trends_global
2024-W03,devops,41.3,google_trends_global
2024-W04,devops,46.9,google_trends_global
2024-W05,devops,31.8,google_trends_global
2024-W06,devops,42.0,google_trends_global
2024-W07,devops,49.0,google_trends_global
2024-W08,devops,41.7,google_trends_global
2024-W09,devops,47.2,google_trends_global
2024-W10,devops,38.2,google_trends_global
2024-W11,devops,40.6,google_trends_global
2024-W12,devops,41.0,google_trends_global
2024-W13,devops,32.1,google_trends_global
2024-W14,devops,36.3,google_trends_global
2024-W15,devops,36.7,google_trends_global
2024-W16,devops,44.5,google_trends_global
2024-W17,devops,44.7,google_trends_global
2024-W18,devops,42.6,google_trends_global
2024-W19,devops,44.7,google_trends_global
2024-W20,devops,40.8,google_trends_global
2024-W21,devops,46.4,google_trends_global
2024-W22,devops,41.7,google_trends_global
2024-W23,devops,41.9,google_trends_global
2024-W24,devops,40.7,google_trends_global
2024-W25,devops,44.6,google_trends_global
2024-W26,devops,40.3,google_trends_global
2024-W27,devops,45.9,google_trends_global
2024-W28,devops,37.6,google_trends_global
2024-W29,devops,37.8,google_trends_global
2024-W30,devops,45.0,google_trends_global
2024-W31,devops,42.0,google_trends_global
2024-W32,devops,40.6,google_trends_global
2024-W33,devops,46.0,google_trends_global
2024-W34,devops,40.1,google_trends_global
2024-W35,devops,41.8,google_trends_global
2024-W36,devops,48.3,google_trends_global
2024-W37,devops,48.9,google_trends_global
2024-W38,devops,49.2,google_trends_global
2024-W39,devops,41.8,google_trends_global
2024-W40,devops,47.9,google_trends_global
2024-W41,devops,39.3,google_trends_global
2024-W42,devops,39.6,google_trends_global
2024-W43,devops,33.9,google_trends_global
2024-W44,devops,50.0,google_trends_global
2024-W45,devops,40.0,google_trends_global
2024-W46,devops,43.0,google_trends_global
2024-W47,devops,39.9,google_trends_global
2024-W48,devops,46.4,google_trends_global
2024-W49,devops,42.2,google_trends_global
2024-W50,devops,38.6,google_trends_global
2024-W51,devops,45.6,google_trends_global
2024-W52,devops,38.2,google_trends_global
2024-W53,devops,40.7,google_trends_global
2025-W01,devops,35.7,google_trends_global
2025-W02,devops,38.5,google_trends_global
2025-W03,devops,45.0,google_trends_global
2025-W04,devops,36.5,google_trends_global
2025-W05,devops,38.5,google_trends_global
2025-W06,devops,44.5,google_trends_global
2025-W07,devops,42.4,google_trends_global
2025-W08,devops,52.6,google_trends_global
2025-W09,devops,52.1,google_trends_global
2025-W10,devops,41.3,google_trends_global
2025-W11,devops,47.1,google_trends_global
2025-W12,devops,48.0,google_trends_global
2025-W13,devops,42.6,google_trends_global
2025-W14,devops,39.1,google_trends_global
2025-W15,devops,45.1,google_trends_global
2025-W16,devops,44.6,google_trends_global
2025-W17,devops,43.6,google_trends_global
2025-W18,devops,47.2,google_trends_global
2025-W19,devops,42.5,google_trends_global
2025-W20,devops,41.0,google_trends_global
2025-W21,devops,46.1,google_trends_global
2025-W22,devops,47.3,google_trends_global
2025-W23,devops,41.1,google_trends_global
2025-W24,devops,49.6,google_trends_global
2025-W25,devops,38.9,google_trends_global
2025-W26,devops,43.7,google_trends_global
2025-W27,devops,45.1,google_trends_global
2025-W28,devops,43.7,google_trends_global
2025-W29,devops,44.0,google_trends_global
2025-W30,devops,53.8,google_trends_global
2025-W31,devops,43.0,google_trends_global
2025-W32,devops,56.3,google_trends_global
2025-W33,devops,48.3,google_trends_global
2025-W34,devops,47.0,google_trends_global
2025-W35,devops,48.6,google_trends_global
2025-W36,devops,56.9,google_trends_global
2025-W37,devops,42.9,google_trends_global
2025-W38,devops,42.5,google_trends_global
2025-W39,devops,44.0,google_trends_global
2025-W40,devops,47.3,google_trends_global
2025-W41,devops,40.3,google_trends_global
2025-W42,devops,47.4,google_trends_global
2025-W43,devops,54.1,google_trends_global
2025-W44,devops,48.0,google_trends_global
2025-W45,devops,46.3,google_trends_global
2025-W46,devops,45.1,google_trends_global
2025-W47,devops,51.3,google_trends_global
2025-W48,devops,44.4,google_trends_global
2025-W49,devops,55.2,google_trends_global
2025-W50,devops,55.6,google_trends_global
2025-W51,devops,49.0,google_trends_global
2025-W52,devops,48.0,google_trends_global
2026-W01,devops,52.3,google_trends_global
2026-W02,devops,52.6,google_trends_global
2026-W03,devops,45.1,google_trends_global
2026-W04,devops,46.3,google_trends_global
2026-W05,devops,43.2,google_trends_global
2026-W06,devops,50.2,google_trends_global
2026-W07,devops,51.3,google_trends_global
2026-W08,devops,43.3,google_trends_global
2026-W09,devops,46.9,google_trends_global
2026-W10,devops,43.4,google_trends_global
2026-W11,devops,45.3,google_trends_global
2026-W12,devops,51.2,google_trends_global
2026-W13,devops,46.1,google_trends_global
2026-W14,devops,47.9,google_trends_global
2026-W15,devops,42.7,google_trends_global
2026-W16,devops,50.1,google_trends_global
2026-W17,devops,49.2,google_trends_global
2026-W18,devops,46.5,google_trends_global
2026-W19,devops,48.8,google_trends_global
2026-W20,devops,50.3,google_trends_global
2026-W21,devops,46.4,google_trends_global
2026-W22,devops,43.9,google_trends_global
2026-W23,devops,57.1,google_trends_global
2026-W24,devops,47.4,google_trends_global
2026-W25,devops,49.6,google_trends_global
2024-W01,cybersecurity,39.0,google_trends_global
2024-W02,cybersecurity,49.2,google_trends_global
2024-W03,cybersecurity,30.3,google_trends_global
2024-W04,cybersecurity,37.1,google_trends_global
2024-W05,cybersecurity,32.6,google_trends_global
2024-W06,cybersecurity,33.4,google_trends_global
2024-W07,cybersecurity,32.8,google_trends_global
2024-W08,cybersecurity,31.3,google_trends_global
2024-W09,cybersecurity,35.8,google_trends_global
2024-W10,cybersecurity,30.1,google_trends_global
2024-W11,cybersecurity,40.0,google_trends_global
2024-W12,cybersecurity,36.5,google_trends_global
2024-W13,cybersecurity,38.1,google_trends_global
2024-W14,cybersecurity,34.6,google_trends_global
2024-W15,cybersecurity,35.2,google_trends_global
2024-W16,cybersecurity,37.9,google_trends_global
2024-W17,cybersecurity,32.2,google_trends_global
2024-W18,cybersecurity,35.5,google_trends_global
2024-W19,cybersecurity,33.7,google_trends_global
2024-W20,cybersecurity,33.6,google_trends_global
2024-W21,cybersecurity,28.9,google_trends_global
2024-W22,cybersecurity,42.8,google_trends_global
2024-W23,cybersecurity,34.8,google_trends_global
2024-W24,cybersecurity,42.3,google_trends_global
2024-W25,cybersecurity,42.1,google_trends_global
2024-W26,cybersecurity,32.8,google_trends_global
2024-W27,cybersecurity,33.7,google_trends_global
2024-W28,cybersecurity,48.4,google_trends_global
2024-W29,cybersecurity,45.3,google_trends_global
2024-W30,cybersecurity,38.2,google_trends_global
2024-W31,cybersecurity,39.5,google_trends_global
2024-W32,cybersecurity,36.1,google_trends_global
2024-W33,cybersecurity,40.5,google_trends_global
2024-W34,cybersecurity,36.0,google_trends_global
2024-W35,cybersecurity,30.8,google_trends_global
2024-W36,cybersecurity,33.8,google_trends_global
2024-W37,cybersecurity,39.3,google_trends_global
2024-W38,cybersecurity,34.8,google_trends_global
2024-W39,cybersecurity,39.1,google_trends_global
2024-W40,cybersecurity,35.2,google_trends_global
2024-W41,cybersecurity,36.5,google_trends_global
2024-W42,cybersecurity,43.2,google_trends_global
2024-W43,cybersecurity,40.9,google_trends_global
2024-W44,cybersecurity,40.0,google_trends_global
2024-W45,cybersecurity,43.6,google_trends_global
2024-W46,cybersecurity,42.2,google_trends_global
2024-W47,cybersecurity,46.1,google_trends_global
2024-W48,cybersecurity,38.6,google_trends_global
2024-W49,cybersecurity,38.9,google_trends_global
2024-W50,cybersecurity,35.5,google_trends_global
2024-W51,cybersecurity,39.1,google_trends_global
2024-W52,cybersecurity,44.8,google_trends_global
2024-W53,cybersecurity,46.2,google_trends_global
2025-W01,cybersecurity,45.0,google_trends_global
2025-W02,cybersecurity,34.1,google_trends_global
2025-W03,cybersecurity,45.7,google_trends_global
2025-W04,cybersecurity,34.2,google_trends_global
2025-W05,cybersecurity,45.2,google_trends_global
2025-W06,cybersecurity,40.3,google_trends_global
2025-W07,cybersecurity,44.7,google_trends_global
2025-W08,cybersecurity,36.6,google_trends_global
2025-W09,cybersecurity,46.8,google_trends_global
2025-W10,cybersecurity,36.3,google_trends_global
2025-W11,cybersecurity,39.7,google_trends_global
2025-W12,cybersecurity,38.4,google_trends_global
2025-W13,cybersecurity,35.5,google_trends_global
2025-W14,cybersecurity,43.1,google_trends_global
2025-W15,cybersecurity,50.0,google_trends_global
2025-W16,cybersecurity,53.6,google_trends_global
2025-W17,cybersecurity,43.4,google_trends_global
2025-W18,cybersecurity,47.6,google_trends_global
2025-W19,cybersecurity,44.2,google_trends_global
2025-W20,cybersecurity,45.4,google_trends_global
2025-W21,cybersecurity,42.1,google_trends_global
2025-W22,cybersecurity,44.4,google_trends_global
2025-W23,cybersecurity,45.9,google_trends_global
2025-W24,cybersecurity,41.5,google_trends_global
2025-W25,cybersecurity,43.6,google_trends_global
2025-W26,cybersecurity,43.8,google_trends_global
2025-W27,cybersecurity,47.5,google_trends_global
2025-W28,cybersecurity,40.0,google_trends_global
2025-W29,cybersecurity,44.2,google_trends_global
2025-W30,cybersecurity,52.2,google_trends_global
2025-W31,cybersecurity,49.3,google_trends_global
2025-W32,cybersecurity,50.2,google_trends_global
2025-W33,cybersecurity,45.0,google_trends_global
2025-W34,cybersecurity,46.3,google_trends_global
2025-W35,cybersecurity,49.1,google_trends_global
2025-W36,cybersecurity,51.5,google_trends_global
2025-W37,cybersecurity,37.5,google_trends_global
2025-W38,cybersecurity,40.2,google_trends_global
2025-W39,cybersecurity,50.8,google_trends_global
2025-W40,cybersecurity,44.6,google_trends_global
2025-W41,cybersecurity,43.1,google_trends_global
2025-W42,cybersecurity,40.9,google_trends_global
2025-W43,cybersecurity,43.8,google_trends_global
2025-W44,cybersecurity,40.6,google_trends_global
2025-W45,cybersecurity,54.6,google_trends_global
2025-W46,cybersecurity,46.3,google_trends_global
2025-W47,cybersecurity,46.3,google_trends_global
2025-W48,cybersecurity,49.0,google_trends_global
2025-W49,cybersecurity,50.6,google_trends_global
2025-W50,cybersecurity,50.6,google_trends_global
2025-W51,cybersecurity,51.3,google_trends_global
2025-W52,cybersecurity,44.6,google_trends_global
2026-W01,cybersecurity,46.0,google_trends_global
2026-W02,cybersecurity,50.4,google_trends_global
2026-W03,cybersecurity,45.3,google_trends_global
2026-W04,cybersecurity,47.5,google_trends_global
2026-W05,cybersecurity,49.3,google_trends_global
2026-W06,cybersecurity,50.9,google_trends_global
2026-W07,cybersecurity,40.8,google_trends_global
2026-W08,cybersecurity,50.9,google_trends_global
2026-W09,cybersecurity,47.2,google_trends_global
2026-W10,cybersecurity,51.1,google_trends_global
2026-W11,cybersecurity,51.5,google_trends_global
2026-W12,cybersecurity,54.9,google_trends_global
2026-W13,cybersecurity,54.0,google_trends_global
2026-W14,cybersecurity,54.1,google_trends_global
2026-W15,cybersecurity,54.6,google_trends_global
2026-W16,cybersecurity,50.1,google_trends_global
2026-W17,cybersecurity,49.2,google_trends_global
2026-W18,cybersecurity,52.7,google_trends_global
2026-W19,cybersecurity,52.2,google_trends_global
2026-W20,cybersecurity,48.2,google_trends_global
2026-W21,cybersecurity,51.2,google_trends_global
2026-W22,cybersecurity,49.5,google_trends_global
2026-W23,cybersecurity,46.4,google_trends_global
2026-W24,cybersecurity,55.0,google_trends_global
2026-W25,cybersecurity,50.2,google_trends_global
2024-W01,blockchain,36.2,google_trends_global
2024-W02,blockchain,21.7,google_trends_global
2024-W03,blockchain,26.3,google_trends_global
2024-W04,blockchain,28.9,google_trends_global
2024-W05,blockchain,33.5,google_trends_global
2024-W06,blockchain,30.8,google_trends_global
2024-W07,blockchain,30.7,google_trends_global
2024-W08,blockchain,25.2,google_trends_global
2024-W09,blockchain,25.3,google_trends_global
2024-W10,blockchain,31.5,google_trends_global
2024-W11,blockchain,25.0,google_trends_global
2024-W12,blockchain,28.6,google_trends_global
2024-W13,blockchain,33.0,google_trends_global
2024-W14,blockchain,27.3,google_trends_global
2024-W15,blockchain,37.9,google_trends_global
2024-W16,blockchain,36.6,google_trends_global
2024-W17,blockchain,25.6,google_trends_global
2024-W18,blockchain,28.4,google_trends_global
2024-W19,blockchain,23.3,google_trends_global
2024-W20,blockchain,29.5,google_trends_global
2024-W21,blockchain,36.0,google_trends_global
2024-W22,blockchain,31.5,google_trends_global
2024-W23,blockchain,35.2,google_trends_global
2024-W24,blockchain,27.6,google_trends_global
2024-W25,blockchain,37.1,google_trends_global
2024-W26,blockchain,31.9,google_trends_global
2024-W27,blockchain,34.4,google_trends_global
2024-W28,blockchain,34.3,google_trends_global
2024-W29,blockchain,29.8,google_trends_global
2024-W30,blockchain,30.5,google_trends_global
2024-W31,blockchain,39.2,google_trends_global
2024-W32,blockchain,37.2,google_trends_global
2024-W33,blockchain,40.1,google_trends_global
2024-W34,blockchain,37.4,google_trends_global
2024-W35,blockchain,36.9,google_trends_global
2024-W36,blockchain,29.7,google_trends_global
2024-W37,blockchain,35.8,google_trends_global
2024-W38,blockchain,37.0,google_trends_global
2024-W39,blockchain,45.1,google_trends_global
2024-W40,blockchain,40.3,google_trends_global
2024-W41,blockchain,44.0,google_trends_global
2024-W42,blockchain,40.5,google_trends_global
2024-W43,blockchain,35.5,google_trends_global
2024-W44,blockchain,39.0,google_trends_global
2024-W45,blockchain,39.8,google_trends_global
2024-W46,blockchain,35.3,google_trends_global
2024-W47,blockchain,37.8,google_trends_global
2024-W48,blockchain,38.7,google_trends_global
2024-W49,blockchain,46.2,google_trends_global
2024-W50,blockchain,31.7,google_trends_global
2024-W51,blockchain,45.1,google_trends_global
2024-W52,blockchain,36.8,google_trends_global
2024-W53,blockchain,35.3,google_trends_global
2025-W01,blockchain,45.7,google_trends_global
2025-W02,blockchain,44.2,google_trends_global
2025-W03,blockchain,46.5,google_trends_global
2025-W04,blockchain,45.0,google_trends_global
2025-W05,blockchain,50.2,google_trends_global
2025-W06,blockchain,44.2,google_trends_global
2025-W07,blockchain,41.0,google_trends_global
2025-W08,blockchain,42.6,google_trends_global
2025-W09,blockchain,45.9,google_trends_global
2025-W10,blockchain,37.4,google_trends_global
2025-W11,blockchain,37.6,google_trends_global
2025-W12,blockchain,38.6,google_trends_global
2025-W13,blockchain,31.0,google_trends_global
2025-W14,blockchain,39.6,google_trends_global
2025-W15,blockchain,31.2,google_trends_global
2025-W16,blockchain,38.6,google_trends_global
2025-W17,blockchain,41.4,google_trends_global
2025-W18,blockchain,35.7,google_trends_global
2025-W19,blockchain,43.9,google_trends_global
2025-W20,blockchain,31.0,google_trends_global
2025-W21,blockchain,41.3,google_trends_global
2025-W22,blockchain,38.8,google_trends_global
2025-W23,blockchain,28.9,google_trends_global
2025-W24,blockchain,46.3,google_trends_global
2025-W25,blockchain,34.8,google_trends_global
2025-W26,blockchain,31.2,google_trends_global
2025-W27,blockchain,28.7,google_trends_global
2025-W28,blockchain,33.1,google_trends_global
2025-W29,blockchain,33.1,google_trends_global
2025-W30,blockchain,33.6,google_trends_global
2025-W31,blockchain,31.7,google_trends_global
2025-W32,blockchain,35.0,google_trends_global
2025-W33,blockchain,30.6,google_trends_global
2025-W34,blockchain,24.0,google_trends_global
2025-W35,blockchain,30.8,google_trends_global
2025-W36,blockchain,21.5,google_trends_global
2025-W37,blockchain,32.1,google_trends_global
2025-W38,blockchain,26.4,google_trends_global
2025-W39,blockchain,30.6,google_trends_global
2025-W40,blockchain,34.8,google_trends_global
2025-W41,blockchain,25.4,google_trends_global
2025-W42,blockchain,33.1,google_trends_global
2025-W43,blockchain,26.7,google_trends_global
2025-W44,blockchain,35.1,google_trends_global
2025-W45,blockchain,26.3,google_trends_global
2025-W46,blockchain,24.0,google_trends_global
2025-W47,blockchain,29.7,google_trends_global
2025-W48,blockchain,24.9,google_trends_global
2025-W49,blockchain,22.9,google_trends_global
2025-W50,blockchain,24.0,google_trends_global
2025-W51,blockchain,25.3,google_trends_global
2025-W52,blockchain,30.5,google_trends_global
2026-W01,blockchain,17.1,google_trends_global
2026-W02,blockchain,24.5,google_trends_global
2026-W03,blockchain,26.6,google_trends_global
2026-W04,blockchain,24.5,google_trends_global
2026-W05,blockchain,28.6,google_trends_global
2026-W06,blockchain,22.7,google_trends_global
2026-W07,blockchain,21.9,google_trends_global
2026-W08,blockchain,24.6,google_trends_global
2026-W09,blockchain,22.3,google_trends_global
2026-W10,blockchain,19.9,google_trends_global
2026-W11,blockchain,23.2,google_trends_global
2026-W12,blockchain,18.2,google_trends_global
2026-W13,blockchain,17.9,google_trends_global
2026-W14,blockchain,17.9,google_trends_global
2026-W15,blockchain,25.1,google_trends_global
2026-W16,blockchain,6.4,google_trends_global
2026-W17,blockchain,20.5,google_trends_global
2026-W18,blockchain,18.7,google_trends_global
2026-W19,blockchain,11.5,google_trends_global
2026-W20,blockchain,19.1,google_trends_global
2026-W21,blockchain,19.4,google_trends_global
2026-W22,blockchain,19.5,google_trends_global
2026-W23,blockchain,6.1,google_trends_global
2026-W24,blockchain,21.8,google_trends_global
2026-W25,blockchain,13.0,google_trends_global
2024-W01,microservices,26.7,google_trends_global
2024-W02,microservices,27.0,google_trends_global
2024-W03,microservices,20.6,google_trends_global
2024-W04,microservices,26.8,google_trends_global
2024-W05,microservices,22.6,google_trends_global
2024-W06,microservices,15.9,google_trends_global
2024-W07,microservices,29.0,google_trends_global
2024-W08,microservices,21.2,google_trends_global
2024-W09,microservices,21.0,google_trends_global
2024-W10,microservices,22.8,google_trends_global
2024-W11,microservices,25.6,google_trends_global
2024-W12,microservices,24.3,google_trends_global
2024-W13,microservices,26.8,google_trends_global
2024-W14,microservices,19.2,google_trends_global
2024-W15,microservices,21.7,google_trends_global
2024-W16,microservices,24.2,google_trends_global
2024-W17,microservices,32.3,google_trends_global
2024-W18,microservices,24.3,google_trends_global
2024-W19,microservices,29.2,google_trends_global
2024-W20,microservices,25.0,google_trends_global
2024-W21,microservices,23.0,google_trends_global
2024-W22,microservices,24.0,google_trends_global
2024-W23,microservices,24.3,google_trends_global
2024-W24,microservices,27.5,google_trends_global
2024-W25,microservices,30.6,google_trends_global
2024-W26,microservices,26.6,google_trends_global
2024-W27,microservices,30.0,google_trends_global
2024-W28,microservices,21.4,google_trends_global
2024-W29,microservices,23.6,google_trends_global
2024-W30,microservices,22.5,google_trends_global
2024-W31,microservices,26.7,google_trends_global
2024-W32,microservices,24.0,google_trends_global
2024-W33,microservices,28.4,google_trends_global
2024-W34,microservices,21.8,google_trends_global
2024-W35,microservices,25.8,google_trends_global
2024-W36,microservices,28.4,google_trends_global
2024-W37,microservices,17.4,google_trends_global
2024-W38,microservices,34.2,google_trends_global
2024-W39,microservices,24.6,google_trends_global
2024-W40,microservices,17.7,google_trends_global
2024-W41,microservices,26.5,google_trends_global
2024-W42,microservices,26.0,google_trends_global
2024-W43,microservices,25.6,google_trends_global
2024-W44,microservices,30.0,google_trends_global
2024-W45,microservices,29.0,google_trends_global
2024-W46,microservices,27.3,google_trends_global
2024-W47,microservices,27.9,google_trends_global
2024-W48,microservices,25.8,google_trends_global
2024-W49,microservices,33.3,google_trends_global
2024-W50,microservices,20.4,google_trends_global
2024-W51,microservices,26.9,google_trends_global
2024-W52,microservices,26.6,google_trends_global
2024-W53,microservices,29.7,google_trends_global
2025-W01,microservices,23.1,google_trends_global
2025-W02,microservices,19.5,google_trends_global
2025-W03,microservices,27.2,google_trends_global
2025-W04,microservices,27.7,google_trends_global
2025-W05,microservices,32.6,google_trends_global
2025-W06,microservices,21.6,google_trends_global
2025-W07,microservices,31.4,google_trends_global
2025-W08,microservices,36.3,google_trends_global
2025-W09,microservices,25.3,google_trends_global
2025-W10,microservices,21.7,google_trends_global
2025-W11,microservices,25.3,google_trends_global
2025-W12,microservices,27.0,google_trends_global
2025-W13,microservices,29.3,google_trends_global
2025-W14,microservices,24.7,google_trends_global
2025-W15,microservices,33.3,google_trends_global
2025-W16,microservices,22.7,google_trends_global
2025-W17,microservices,20.3,google_trends_global
2025-W18,microservices,31.7,google_trends_global
2025-W19,microservices,18.2,google_trends_global
2025-W20,microservices,26.5,google_trends_global
2025-W21,microservices,39.9,google_trends_global
2025-W22,microservices,27.4,google_trends_global
2025-W23,microservices,23.0,google_trends_global
2025-W24,microservices,27.3,google_trends_global
2025-W25,microservices,27.4,google_trends_global
2025-W26,microservices,28.3,google_trends_global
2025-W27,microservices,30.3,google_trends_global
2025-W28,microservices,23.6,google_trends_global
2025-W29,microservices,34.5,google_trends_global
2025-W30,microservices,28.8,google_trends_global
2025-W31,microservices,30.8,google_trends_global
2025-W32,microservices,25.4,google_trends_global
2025-W33,microservices,33.1,google_trends_global
2025-W34,microservices,27.0,google_trends_global
2025-W35,microservices,29.2,google_trends_global
2025-W36,microservices,24.4,google_trends_global
2025-W37,microservices,24.2,google_trends_global
2025-W38,microservices,30.9,google_trends_global
2025-W39,microservices,26.5,google_trends_global
2025-W40,microservices,24.9,google_trends_global
2025-W41,microservices,25.8,google_trends_global
2025-W42,microservices,31.2,google_trends_global
2025-W43,microservices,25.9,google_trends_global
2025-W44,microservices,28.0,google_trends_global
2025-W45,microservices,28.6,google_trends_global
2025-W46,microservices,20.9,google_trends_global
2025-W47,microservices,22.7,google_trends_global
2025-W48,microservices,30.0,google_trends_global
2025-W49,microservices,25.7,google_trends_global
2025-W50,microservices,33.0,google_trends_global
2025-W51,microservices,32.7,google_trends_global
2025-W52,microservices,31.7,google_trends_global
2026-W01,microservices,36.2,google_trends_global
2026-W02,microservices,28.6,google_trends_global
2026-W03,microservices,31.6,google_trends_global
2026-W04,microservices,26.7,google_trends_global
2026-W05,microservices,38.9,google_trends_global
2026-W06,microservices,37.1,google_trends_global
2026-W07,microservices,29.2,google_trends_global
2026-W08,microservices,30.8,google_trends_global
2026-W09,microservices,34.7,google_trends_global
2026-W10,microservices,28.7,google_trends_global
2026-W11,microservices,26.7,google_trends_global
2026-W12,microservices,32.9,google_trends_global
2026-W13,microservices,29.8,google_trends_global
2026-W14,microservices,30.2,google_trends_global
2026-W15,microservices,26.2,google_trends_global
2026-W16,microservices,22.7,google_trends_global
2026-W17,microservices,30.6,google_trends_global
2026-W18,microservices,33.3,google_trends_global
2026-W19,microservices,28.8,google_trends_global
2026-W20,microservices,35.5,google_trends_global
2026-W21,microservices,27.0,google_trends_global
2026-W22,microservices,25.6,google_trends_global
2026-W23,microservices,29.6,google_trends_global
2026-W24,microservices,29.6,google_trends_global
2026-W25,microservices,33.1,google_trends_global
2024-W01,agile,28.9,google_trends_global
2024-W02,agile,37.4,google_trends_global
2024-W03,agile,39.8,google_trends_global
2024-W04,agile,31.8,google_trends_global
2024-W05,agile,36.9,google_trends_global
2024-W06,agile,27.6,google_trends_global
2024-W07,agile,36.1,google_trends_global
2024-W08,agile,36.0,google_trends_global
2024-W09,agile,35.2,google_trends_global
2024-W10,agile,31.7,google_trends_global
2024-W11,agile,19.9,google_trends_global
2024-W12,agile,29.1,google_trends_global
2024-W13,agile,29.1,google_trends_global
2024-W14,agile,27.7,google_trends_global
2024-W15,agile,32.1,google_trends_global
2024-W16,agile,29.9,google_trends_global
2024-W17,agile,28.2,google_trends_global
2024-W18,agile,27.2,google_trends_global
2024-W19,agile,28.6,google_trends_global
2024-W20,agile,35.9,google_trends_global
2024-W21,agile,28.7,google_trends_global
2024-W22,agile,29.3,google_trends_global
2024-W23,agile,29.5,google_trends_global
2024-W24,agile,32.6,google_trends_global
2024-W25,agile,33.1,google_trends_global
2024-W26,agile,19.0,google_trends_global
2024-W27,agile,35.3,google_trends_global
2024-W28,agile,36.9,google_trends_global
2024-W29,agile,26.9,google_trends_global
2024-W30,agile,27.2,google_trends_global
2024-W31,agile,29.3,google_trends_global
2024-W32,agile,28.0,google_trends_global
2024-W33,agile,31.9,google_trends_global
2024-W34,agile,23.2,google_trends_global
2024-W35,agile,26.5,google_trends_global
2024-W36,agile,37.1,google_trends_global
2024-W37,agile,27.2,google_trends_global
2024-W38,agile,35.8,google_trends_global
2024-W39,agile,32.2,google_trends_global
2024-W40,agile,23.6,google_trends_global
2024-W41,agile,33.3,google_trends_global
2024-W42,agile,30.3,google_trends_global
2024-W43,agile,28.9,google_trends_global
2024-W44,agile,31.6,google_trends_global
2024-W45,agile,32.5,google_trends_global
2024-W46,agile,33.4,google_trends_global
2024-W47,agile,35.3,google_trends_global
2024-W48,agile,32.2,google_trends_global
2024-W49,agile,25.0,google_trends_global
2024-W50,agile,28.6,google_trends_global
2024-W51,agile,42.2,google_trends_global
2024-W52,agile,33.3,google_trends_global
2024-W53,agile,39.9,google_trends_global
2025-W01,agile,35.9,google_trends_global
2025-W02,agile,31.3,google_trends_global
2025-W03,agile,31.5,google_trends_global
2025-W04,agile,30.1,google_trends_global
2025-W05,agile,23.3,google_trends_global
2025-W06,agile,30.3,google_trends_global
2025-W07,agile,35.0,google_trends_global
2025-W08,agile,27.7,google_trends_global
2025-W09,agile,31.8,google_trends_global
2025-W10,agile,33.5,google_trends_global
2025-W11,agile,26.4,google_trends_global
2025-W12,agile,28.2,google_trends_global
2025-W13,agile,25.9,google_trends_global
2025-W14,agile,26.7,google_trends_global
2025-W15,agile,24.8,google_trends_global
2025-W16,agile,26.3,google_trends_global
2025-W17,agile,35.5,google_trends_global
2025-W18,agile,26.2,google_trends_global
2025-W19,agile,30.3,google_trends_global
2025-W20,agile,27.8,google_trends_global
2025-W21,agile,34.5,google_trends_global
2025-W22,agile,35.0,google_trends_global
2025-W23,agile,33.1,google_trends_global
2025-W24,agile,30.9,google_trends_global
2025-W25,agile,28.7,google_trends_global
2025-W26,agile,24.8,google_trends_global
2025-W27,agile,37.3,google_trends_global
2025-W28,agile,26.5,google_trends_global
2025-W29,agile,32.1,google_trends_global
2025-W30,agile,33.7,google_trends_global
2025-W31,agile,27.2,google_trends_global
2025-W32,agile,33.5,google_trends_global
2025-W33,agile,32.4,google_trends_global
2025-W34,agile,36.2,google_trends_global
2025-W35,agile,27.4,google_trends_global
2025-W36,agile,24.1,google_trends_global
2025-W37,agile,27.2,google_trends_global
2025-W38,agile,30.0,google_trends_global
2025-W39,agile,29.4,google_trends_global
2025-W40,agile,27.6,google_trends_global
2025-W41,agile,21.5,google_trends_global
2025-W42,agile,31.0,google_trends_global
2025-W43,agile,36.9,google_trends_global
2025-W44,agile,30.9,google_trends_global
2025-W45,agile,31.4,google_trends_global
2025-W46,agile,31.3,google_trends_global
2025-W47,agile,30.5,google_trends_global
2025-W48,agile,32.6,google_trends_global
2025-W49,agile,30.4,google_trends_global
2025-W50,agile,27.6,google_trends_global
2025-W51,agile,25.6,google_trends_global
2025-W52,agile,27.8,google_trends_global
2026-W01,agile,30.0,google_trends_global
2026-W02,agile,27.4,google_trends_global
2026-W03,agile,29.9,google_trends_global
2026-W04,agile,30.4,google_trends_global
2026-W05,agile,32.0,google_trends_global
2026-W06,agile,33.7,google_trends_global
2026-W07,agile,28.9,google_trends_global
2026-W08,agile,23.3,google_trends_global
2026-W09,agile,27.1,google_trends_global
2026-W10,agile,28.6,google_trends_global
2026-W11,agile,21.1,google_trends_global
2026-W12,agile,34.0,google_trends_global
2026-W13,agile,28.9,google_trends_global
2026-W14,agile,29.9,google_trends_global
2026-W15,agile,33.8,google_trends_global
2026-W16,agile,25.8,google_trends_global
2026-W17,agile,30.5,google_trends_global
2026-W18,agile,27.8,google_trends_global
2026-W19,agile,27.4,google_trends_global
2026-W20,agile,25.1,google_trends_global
2026-W21,agile,34.8,google_trends_global
2026-W22,agile,26.6,google_trends_global
2026-W23,agile,30.9,google_trends_global
2026-W24,agile,20.5,google_trends_global
2026-W25,agile,32.7,google_trends_global
2026-W26,python,85.0,google_trends_global
2026-W26,java,52.1,google_trends_global
2026-W26,javascript,57.6,google_trends_global
2026-W26,typescript,59.2,google_trends_global
2026-W26,go,38.6,google_trends_global
2026-W26,rust,29.2,google_trends_global
2026-W26,php,37.4,google_trends_global
2026-W26,csharp,32.1,google_trends_global
2026-W26,cpp,23.3,google_trends_global
2026-W26,kotlin,22.9,google_trends_global
2026-W26,swift,15.6,google_trends_global
2026-W26,ruby,5.4,google_trends_global
2026-W26,scala,10.2,google_trends_global
2026-W26,dart,16.7,google_trends_global
2026-W26,react,62.1,google_trends_global
2026-W26,angular,21.7,google_trends_global
2026-W26,vue,16.2,google_trends_global
2026-W26,next.js,43.5,google_trends_global
2026-W26,svelte,15.5,google_trends_global
2026-W26,tailwind,42.6,google_trends_global
2026-W26,graphql,25.5,google_trends_global
2026-W26,nodejs,45.3,google_trends_global
2026-W26,django,37.9,google_trends_global
2026-W26,flask,29.2,google_trends_global
2026-W26,fastapi,35.1,google_trends_global
2026-W26,spring,22.6,google_trends_global
2026-W26,dotnet,24.9,google_trends_global
2026-W26,laravel,21.3,google_trends_global
2026-W26,aws,61.5,google_trends_global
2026-W26,azure,57.2,google_trends_global
2026-W26,google cloud,40.4,google_trends_global
2026-W26,docker,67.0,google_trends_global
2026-W26,kubernetes,44.4,google_trends_global
2026-W26,terraform,21.7,google_trends_global
2026-W26,postgresql,46.8,google_trends_global
2026-W26,mysql,32.0,google_trends_global
2026-W26,mongodb,24.7,google_trends_global
2026-W26,redis,19.7,google_trends_global
2026-W26,elasticsearch,25.8,google_trends_global
2026-W26,machine learning,67.1,google_trends_global
2026-W26,deep learning,39.5,google_trends_global
2026-W26,data science,53.9,google_trends_global
2026-W26,data engineering,54.7,google_trends_global
2026-W26,tensorflow,14.0,google_trends_global
2026-W26,pytorch,46.9,google_trends_global
2026-W26,scikit-learn,27.3,google_trends_global
2026-W26,llm,65.1,google_trends_global
2026-W26,langchain,45.8,google_trends_global
2026-W26,flutter,36.9,google_trends_global
2026-W26,react native,22.1,google_trends_global
2026-W26,android,31.3,google_trends_global
2026-W26,ios,20.0,google_trends_global
2026-W26,devops,48.2,google_trends_global
2026-W26,cybersecurity,52.0,google_trends_global
2026-W26,blockchain,13.1,google_trends_global
2026-W26,microservices,36.6,google_trends_global
2026-W26,agile,39.4,google_trends_global
