candidate_id,target_role,experience_level,cv_skills_count,required_skills_count,preferred_skills_count,matched_required_count,matched_preferred_count,missing_required_count,missing_preferred_count,required_match_ratio,preferred_match_ratio,project_match_ratio,experience_months,num_projects,has_projects,num_certificates,has_certificates,ats_quality_score,final_score,level
CAND_920D187A,AI Engineer,Fresher,22,10,15,3,4,7,10,0.3,0.2857142857142857,0.043478260869565216,0.0,7.0,1,12.0,1,36.0,32.31,Beginner
CAND_B208BBBB,Data Analyst,Junior,32,10,7,3,2,7,5,0.3,0.2857142857142857,0.11764705882352941,12.0,2.0,1,1.0,1,52.0,32.06,Beginner
CAND_15E5E1DE,Software Developer,Fresher,26,10,15,4,4,6,10,0.4,0.2857142857142857,0.13043478260869565,0.0,4.0,1,1.0,1,49.0,30.26,Beginner
CAND_B41CA43C,Software Developer,Fresher,16,10,15,5,4,5,10,0.5,0.2857142857142857,0.08695652173913043,0.0,2.0,1,1.0,1,44.5,31.72,Beginner
CAND_D41C2E0F,Data Scientist,Fresher,47,10,9,5,4,5,5,0.5,0.4444444444444444,0.15789473684210525,0.0,5.0,1,3.0,1,41.0,39.86,Beginner
CAND_82AFFC53,Web Developer / Software Quality Assurance,Fresher,20,10,9,4,2,6,6,0.4,0.25,0.1111111111111111,0.0,5.0,1,6.0,1,66.0,38.47,Beginner
CAND_D92710F7,Quality Engineer,Entry Level,26,10,9,3,3,7,6,0.3,0.3333333333333333,0.05263157894736842,11.0,3.0,1,5.0,1,66.0,41.3,Beginner
CAND_65DCABEC,Mobile Application Developer,Entry Level,21,10,8,4,2,6,6,0.4,0.25,0.0,6.0,1.0,1,3.0,1,34.0,31.62,Beginner
CAND_4D33905C,Mobile App Developer,Fresher,21,10,9,1,3,9,6,0.1,0.3333333333333333,0.05555555555555555,0.0,3.0,1,1.0,1,47.5,17.54,Beginner
CAND_7D53CBD3,UI/UX Designer,Fresher,31,10,7,1,2,9,5,0.1,0.2857142857142857,0.0,0.0,2.0,1,1.0,1,36.0,13.99,Beginner
CAND_99FD4846,AI ML,Fresher,16,10,12,4,2,6,9,0.4,0.18181818181818182,0.23809523809523808,0.0,6.0,1,8.0,1,54.0,39.09,Beginner
CAND_99D8455A,AI ML,Fresher,3,10,12,1,1,9,10,0.1,0.09090909090909091,0.09523809523809523,0.0,1.0,1,5.0,1,9.5,18.48,Beginner
CAND_0D357D38,AI ML,Fresher,18,10,12,7,3,3,8,0.7,0.2727272727272727,0.0,0.0,0.0,0,35.0,1,27.0,42.08,Beginner
CAND_626C4BA9,AI ML,Fresher,32,10,12,8,6,2,5,0.8,0.5454545454545454,0.09523809523809523,0.0,6.0,1,30.0,1,78.0,57.78,Intermediate
CAND_52BAFD9F,AI ML,Fresher,55,10,12,8,4,2,7,0.8,0.36363636363636365,0.5238095238095238,0.0,9.0,1,8.0,1,100.0,63.49,Intermediate
CAND_7EEB74EA,AI ML,Fresher,16,10,12,2,4,8,7,0.2,0.36363636363636365,0.14285714285714285,0.0,9.0,1,12.0,1,69.0,32.23,Beginner
CAND_FEEE6BD0,AI ML,Fresher,4,10,12,1,1,9,10,0.1,0.09090909090909091,0.0,0.0,0.0,0,1.0,1,6.0,7.21,Beginner
CAND_01B77EB1,AI ML,Fresher,43,10,12,8,5,2,6,0.8,0.45454545454545453,0.0,0.0,0.0,0,5.0,1,64.5,49.77,Beginner
CAND_2602A2E6,AI ML,Fresher,11,10,12,1,2,9,9,0.1,0.18181818181818182,0.0,0.0,0.0,0,15.0,1,16.5,16.64,Beginner
CAND_AC534A96,AI ML,Fresher,25,10,12,5,3,5,8,0.5,0.2727272727272727,0.3333333333333333,0.0,4.0,1,9.0,1,57.5,45.6,Beginner
CAND_24AABA0E,AI ML,Fresher,11,10,12,0,4,10,7,0.0,0.36363636363636365,0.0,0.0,0.0,0,0.0,0,16.5,4.46,Beginner
CAND_E931B936,AI ML,Fresher,22,10,12,6,4,4,7,0.6,0.36363636363636365,0.0,0.0,1.0,1,17.0,1,38.0,41.2,Beginner
CAND_FFAA093B,AI ML,Fresher,20,10,12,8,3,2,8,0.8,0.2727272727272727,0.0,0.0,0.0,0,24.0,1,30.0,46.23,Beginner
CAND_434E0DDA,AI ML,Fresher,26,10,12,9,2,1,9,0.9,0.18181818181818182,0.0,0.0,0.0,0,31.0,1,39.0,49.77,Beginner
CAND_578C58C4,AI ML,Junior,17,10,12,6,3,4,8,0.6,0.2727272727272727,0.0,24.0,0.0,0,8.0,1,25.5,53.0,Intermediate
CAND_D76770F5,AI ML,Fresher,28,10,12,6,6,4,5,0.6,0.5454545454545454,0.0,0.0,0.0,0,6.0,1,42.0,41.55,Beginner
CAND_855B4C2E,AI ML,Entry Level,28,10,12,10,6,0,5,1.0,0.5454545454545454,0.0,3.0,0.0,0,38.0,1,42.0,59.43,Intermediate
CAND_7AE7152E,AI ML,Fresher,20,10,12,4,5,6,6,0.4,0.45454545454545453,0.0,0.0,0.0,0,5.0,1,30.0,32.05,Beginner
CAND_FD17331F,AI ML,Fresher,20,10,12,7,4,3,7,0.7,0.36363636363636365,0.14285714285714285,0.0,2.0,1,2.0,1,40.0,43.11,Beginner
CAND_7A2DF02A,AI ML,Fresher,20,10,12,5,4,5,7,0.5,0.36363636363636365,0.0,0.0,0.0,0,0.0,0,30.0,25.14,Beginner
CAND_DF46C549,AI ML,Fresher,19,10,12,4,3,6,8,0.4,0.2727272727272727,0.0,0.0,0.0,0,0.0,0,28.5,20.15,Beginner
CAND_486FB443,AI ML,Fresher,11,10,12,2,3,8,8,0.2,0.2727272727272727,0.0,0.0,0.0,0,9.0,1,16.5,21.55,Beginner
CAND_88864EA4,AI ML,Fresher,15,10,12,5,3,5,8,0.5,0.2727272727272727,0.3333333333333333,0.0,3.0,1,9.0,1,37.5,44.6,Beginner
CAND_6885D418,AI ML,Fresher,6,10,12,3,1,7,10,0.3,0.09090909090909091,0.0,0.0,0.0,0,0.0,0,9.0,13.36,Beginner
CAND_3C8B57E2,AI ML,Fresher,22,10,12,4,5,6,6,0.4,0.45454545454545453,0.0,0.0,0.0,0,27.0,1,33.0,32.2,Beginner
CAND_59211E5D,AI ML,Fresher,13,10,12,4,2,6,9,0.4,0.18181818181818182,0.0,0.0,0.0,0,32.0,1,19.5,28.79,Beginner
CAND_DC4257BB,AI ML,Fresher,11,10,12,1,4,9,7,0.1,0.36363636363636365,0.0,0.0,0.0,0,11.0,1,16.5,18.46,Beginner
CAND_03B358C0,AI ML,Fresher,22,10,12,5,4,5,7,0.5,0.36363636363636365,0.2857142857142857,0.0,8.0,1,6.0,1,73.0,46.57,Beginner
CAND_EFAA1780,AI ML,Fresher,32,10,12,9,3,1,8,0.9,0.2727272727272727,0.6190476190476191,0.0,3.0,1,9.0,1,63.0,66.16,Intermediate
CAND_836B6254,AI ML,Fresher,31,10,12,8,6,2,5,0.8,0.5454545454545454,0.0,0.0,0.0,0,27.0,1,46.5,49.78,Beginner
CAND_D4E1A4F0,AI ML,Fresher,38,10,12,9,3,1,8,0.9,0.2727272727272727,0.3333333333333333,0.0,3.0,1,4.0,1,72.0,60.33,Intermediate
CAND_EEA0C2D1,AI ML,Fresher,16,10,12,6,3,4,8,0.6,0.2727272727272727,0.0,0.0,0.0,0,36.0,1,24.0,37.93,Beginner
CAND_B8AC6392,AI ML,Fresher,25,10,12,7,4,3,7,0.7,0.36363636363636365,0.0,0.0,0.0,0,0.0,0,37.5,33.51,Beginner
CAND_993D510F,AI ML,Fresher,24,10,12,9,3,1,8,0.9,0.2727272727272727,0.0,0.0,0.0,0,4.0,1,36.0,48.53,Beginner
CAND_917512DC,AI ML,Fresher,19,10,12,2,4,8,7,0.2,0.36363636363636365,0.2857142857142857,0.0,5.0,1,13.0,1,53.5,33.6,Beginner
CAND_84F88CA1,AI ML,Fresher,16,10,12,1,4,9,7,0.1,0.36363636363636365,0.0,0.0,0.0,0,8.0,1,24.0,18.84,Beginner
CAND_AAEBD066,AI ML,Fresher,26,10,12,7,1,3,10,0.7,0.09090909090909091,0.0,0.0,0.0,0,2.0,1,39.0,34.86,Beginner
CAND_0B8D1441,AI ML,Fresher,29,10,12,8,3,2,8,0.8,0.2727272727272727,0.0,0.0,0.0,0,7.0,1,43.5,46.9,Beginner
CAND_5FABDFCF,AI ML,Fresher,27,10,12,8,5,2,6,0.8,0.45454545454545453,0.0,0.0,0.0,0,17.0,1,40.5,48.57,Beginner
CAND_B9D160A4,AI ML,Fresher,27,10,12,8,5,2,6,0.8,0.45454545454545453,0.0,0.0,0.0,0,19.0,1,40.5,48.57,Beginner
CAND_DCB6FEEF,AI ML,Fresher,28,10,12,7,5,3,6,0.7,0.45454545454545453,0.0,0.0,0.0,0,0.0,0,42.0,34.65,Beginner
CAND_C1E072C7,AI ML,Fresher,20,10,12,2,6,8,5,0.2,0.5454545454545454,0.0,0.0,0.0,0,18.0,1,30.0,24.95,Beginner
CAND_95A84DD4,AI ML,Fresher,24,10,12,8,1,2,10,0.8,0.09090909090909091,0.42857142857142855,0.0,11.0,1,3.0,1,91.0,54.89,Intermediate
CAND_B4B4565B,AI ML,Fresher,7,10,12,2,1,8,10,0.2,0.09090909090909091,0.0,0.0,0.0,0,5.0,1,10.5,19.43,Beginner
CAND_E4BCCC69,AI ML,Fresher,49,10,12,10,5,0,6,1.0,0.45454545454545453,0.0,0.0,0.0,0,26.0,1,73.5,58.22,Intermediate
CAND_779086B8,AI ML,Fresher,23,10,12,8,3,2,8,0.8,0.2727272727272727,0.0,0.0,0.0,0,0.0,0,34.5,36.45,Beginner
CAND_F5B4C333,AI ML,Fresher,26,10,12,8,3,2,8,0.8,0.2727272727272727,0.0,0.0,0.0,0,30.0,1,39.0,46.68,Beginner
CAND_806B84A6,AI ML,Mid Level,15,10,12,1,5,9,6,0.1,0.45454545454545453,0.0,612.0,1.0,1,0.0,0,27.5,26.59,Beginner
CAND_290FB434,Data Analyst,Fresher,14,10,7,3,3,7,4,0.3,0.42857142857142855,0.0,0.0,0.0,0,3.0,1,21.0,23.34,Beginner
CAND_2D78F605,Data Analyst,Fresher,6,10,7,0,2,10,5,0.0,0.2857142857142857,0.0,0.0,0.0,0,7.0,1,9.0,13.31,Beginner
CAND_E837FE34,Data Analyst,Fresher,0,10,7,0,0,10,7,0.0,0.0,0.0,0.0,0.0,0,18.0,1,0.0,10.0,Beginner
CAND_A268D615,Data Analyst,Fresher,38,10,7,6,3,4,4,0.6,0.42857142857142855,0.35294117647058826,0.0,6.0,1,34.0,1,87.0,52.93,Intermediate
CAND_AFBA0014,Data Analyst,Fresher,17,10,7,4,2,6,5,0.4,0.2857142857142857,0.0,0.0,1.0,1,6.0,1,30.5,32.05,Beginner
CAND_9DC621BF,Data Analyst,Fresher,7,10,7,2,2,8,5,0.2,0.2857142857142857,0.0,0.0,0.0,0,50.0,1,10.5,21.38,Beginner
CAND_ACA0EA9A,Data Analyst,Fresher,29,10,7,2,3,8,4,0.2,0.42857142857142855,0.0,0.0,0.0,0,11.0,1,43.5,24.46,Beginner
CAND_AEE75E7F,Data Analyst,Fresher,15,10,7,0,2,10,5,0.0,0.2857142857142857,0.0,0.0,0.0,0,0.0,0,22.5,3.98,Beginner
CAND_9556242E,Data Analyst,Fresher,18,10,7,5,2,5,5,0.5,0.2857142857142857,0.0,0.0,0.0,0,16.0,1,27.0,34.21,Beginner
CAND_5AD06641,Data Analyst,Fresher,9,10,7,0,2,10,5,0.0,0.2857142857142857,0.0,0.0,0.0,0,0.0,0,13.5,3.53,Beginner
CAND_9B669102,Data Analyst,Fresher,13,10,7,0,2,10,5,0.0,0.2857142857142857,0.0,0.0,0.0,0,7.0,1,19.5,13.83,Beginner
CAND_A7DCF9D7,Data Analyst,Fresher,1,10,7,1,0,9,7,0.1,0.0,0.0,0.0,0.0,0,0.0,0,1.5,4.08,Beginner
CAND_6A53BE92,Data Analyst,Fresher,18,10,7,2,2,8,5,0.2,0.2857142857142857,0.0,0.0,0.0,0,0.0,0,27.0,12.21,Beginner
CAND_53CF5D86,Data Analyst,Fresher,4,10,7,3,1,7,6,0.3,0.14285714285714285,0.0,0.0,0.0,0,0.0,0,6.0,13.73,Beginner
CAND_0833CA4D,Data Analyst,Fresher,6,10,7,0,2,10,5,0.0,0.2857142857142857,0.11764705882352941,0.0,4.0,1,0.0,0,29.0,11.07,Beginner
CAND_508C8902,Data Analyst,Fresher,21,10,7,4,2,6,5,0.4,0.2857142857142857,0.0,0.0,0.0,0,38.0,1,31.5,30.43,Beginner
CAND_70BB60EB,Data Analyst,Fresher,15,10,7,3,3,7,4,0.3,0.42857142857142855,0.0,0.0,0.0,0,33.0,1,22.5,27.41,Beginner
CAND_A8792D2E,Data Analyst,Fresher,12,10,7,3,3,7,4,0.3,0.42857142857142855,0.0,0.0,3.0,1,16.0,1,33.0,32.94,Beginner
CAND_C8702B0F,Data Analyst,Fresher,20,10,7,3,2,7,5,0.3,0.2857142857142857,0.0,0.0,2.0,1,9.0,1,40.0,30.19,Beginner
CAND_9C20C0C3,Data Analyst,Fresher,6,10,7,2,1,8,6,0.2,0.14285714285714285,0.0,0.0,0.0,0,6.0,1,9.0,19.88,Beginner
CAND_AE3CFEB1,Data Analyst,Fresher,9,10,7,2,2,8,5,0.2,0.2857142857142857,0.0,0.0,0.0,0,24.0,1,13.5,21.53,Beginner
CAND_EF8CE921,Data Analyst,Fresher,4,10,7,0,1,10,6,0.0,0.14285714285714285,0.0,0.0,0.0,0,8.0,1,6.0,11.73,Beginner
CAND_D74A7457,Data Analyst,Fresher,2,10,7,0,1,10,6,0.0,0.14285714285714285,0.0,0.0,0.0,0,19.0,1,3.0,11.58,Beginner
CAND_A89E4F3F,Data Analyst,Fresher,25,10,7,3,3,7,4,0.3,0.42857142857142855,0.23529411764705882,0.0,4.0,1,0.0,0,57.5,27.69,Beginner
CAND_8C23313A,Data Analyst,Fresher,5,10,7,1,1,9,6,0.1,0.14285714285714285,0.0,0.0,0.0,0,13.0,1,7.5,15.8,Beginner
CAND_B1B94CE6,Data Analyst,Fresher,25,10,7,5,3,5,4,0.5,0.42857142857142855,0.0,0.0,0.0,0,0.0,0,37.5,26.16,Beginner
CAND_CD3330E3,Data Analyst,Fresher,14,10,7,4,2,6,5,0.4,0.2857142857142857,0.0,0.0,0.0,0,26.0,1,21.0,29.91,Beginner
CAND_9783EAB2,Data Analyst,Fresher,7,10,7,1,2,9,5,0.1,0.2857142857142857,0.0,0.0,0.0,0,39.0,1,10.5,17.38,Beginner
CAND_B150F1F6,Data Analyst,Fresher,18,10,7,5,3,5,4,0.5,0.42857142857142855,0.0,0.0,0.0,0,0.0,0,27.0,25.64,Beginner
CAND_09B104EC,Data Analyst,Fresher,13,10,7,2,1,8,6,0.2,0.14285714285714285,0.0,0.0,1.0,1,6.0,1,24.5,22.32,Beginner
CAND_1F880F9D,Data Analyst,Fresher,13,10,7,5,1,5,6,0.5,0.14285714285714285,0.0,0.0,0.0,0,20.0,1,19.5,32.4,Beginner
CAND_2DFCB16A,Data Analyst,Fresher,28,10,7,2,3,8,4,0.2,0.42857142857142855,0.0,0.0,0.0,0,9.0,1,42.0,24.39,Beginner
CAND_9B9B9664,Data Analyst,Fresher,18,10,7,0,2,10,5,0.0,0.2857142857142857,0.0,0.0,0.0,0,7.0,1,27.0,14.21,Beginner
CAND_AFEB6B3B,Data Analyst,Fresher,31,10,7,4,3,6,4,0.4,0.42857142857142855,0.0,0.0,0.0,0,0.0,0,46.5,22.61,Beginner
CAND_2E86D007,Data Analyst,Fresher,25,10,7,2,3,8,4,0.2,0.42857142857142855,0.0,0.0,0.0,0,6.0,1,37.5,24.16,Beginner
CAND_7496CA7E,Data Analyst,Fresher,16,10,7,4,2,6,5,0.4,0.2857142857142857,0.0,0.0,0.0,0,6.0,1,24.0,30.06,Beginner
CAND_134976DE,Data Analyst,Fresher,7,10,7,2,1,8,6,0.2,0.14285714285714285,0.058823529411764705,0.0,1.0,1,47.0,1,15.5,22.75,Beginner
CAND_D7D2A11D,Data Analyst,Fresher,20,10,7,4,2,6,5,0.4,0.2857142857142857,0.0,0.0,0.0,0,4.0,1,30.0,28.36,Beginner
CAND_A0746461,Data Analyst,Fresher,7,10,7,4,2,6,5,0.4,0.2857142857142857,0.0,0.0,0.0,0,7.0,1,10.5,29.38,Beginner
CAND_FE9AC678,Data Analyst,Fresher,0,10,7,0,0,10,7,0.0,0.0,0.0,0.0,0.0,0,0.0,0,0.0,0.0,Beginner
CAND_24F4D650,Data Analyst,Fresher,11,10,7,1,2,9,5,0.1,0.2857142857142857,0.23529411764705882,0.0,2.0,1,28.0,1,26.5,25.04,Beginner
CAND_A985AF39,Data Analyst,Fresher,1,10,7,0,0,10,7,0.0,0.0,0.0,0.0,0.0,0,0.0,0,1.5,0.07,Beginner
CAND_EC16FCC9,Data Analyst,Fresher,13,10,7,0,2,10,5,0.0,0.2857142857142857,0.0,0.0,0.0,0,0.0,0,19.5,3.83,Beginner
CAND_E83B66AF,Data Analyst,Fresher,13,10,7,4,2,6,5,0.4,0.2857142857142857,0.0,0.0,0.0,0,12.0,1,19.5,29.83,Beginner
CAND_46EF8BFB,Data Analyst,Fresher,13,10,7,1,1,9,6,0.1,0.14285714285714285,0.11764705882352941,0.0,1.0,1,10.0,1,24.5,20.08,Beginner
CAND_1E3167FE,Data Analyst,Fresher,29,10,7,4,3,6,4,0.4,0.42857142857142855,0.0,0.0,0.0,0,9.0,1,43.5,32.46,Beginner
CAND_2F77652F,Data Analyst,Fresher,25,10,7,3,3,7,4,0.3,0.42857142857142855,0.0,0.0,0.0,0,0.0,0,37.5,18.16,Beginner
CAND_DF2A738E,Data Analyst,Entry Level,5,10,7,1,1,9,6,0.1,0.14285714285714285,0.0,6.0,0.0,0,19.0,1,7.5,19.55,Beginner
CAND_5376585C,Data Analyst,Fresher,20,10,7,4,2,6,5,0.4,0.2857142857142857,0.0,0.0,0.0,0,0.0,0,30.0,20.36,Beginner
CAND_C0E74ABB,Data Analyst,Fresher,2,10,7,1,1,9,6,0.1,0.14285714285714285,0.0,0.0,0.0,0,19.0,1,3.0,15.58,Beginner
CAND_300E011F,Data Analyst,Fresher,4,10,7,0,1,10,6,0.0,0.14285714285714285,0.0,0.0,0.0,0,14.0,1,6.0,11.73,Beginner
CAND_1D1695F1,Data Analyst,Fresher,30,10,7,4,3,6,4,0.4,0.42857142857142855,0.058823529411764705,0.0,1.0,1,1.0,1,50.0,27.33,Beginner
CAND_F0AED9CA,Data Analyst,Fresher,11,10,7,3,3,7,4,0.3,0.42857142857142855,0.0,0.0,0.0,0,6.0,1,16.5,27.11,Beginner
CAND_12958856,Data Analyst,Fresher,14,10,7,0,2,10,5,0.0,0.2857142857142857,0.0,0.0,0.0,0,0.0,0,21.0,3.91,Beginner
CAND_B0193106,Data Analyst,Fresher,22,10,7,5,2,5,5,0.5,0.2857142857142857,0.0,0.0,0.0,0,13.0,1,33.0,34.51,Beginner
CAND_65E2A96F,Data Analyst,Fresher,8,10,7,4,2,6,5,0.4,0.2857142857142857,0.0,0.0,0.0,0,23.0,1,12.0,29.46,Beginner
CAND_BEEAC839,Data Analyst,Fresher,37,10,7,4,2,6,5,0.4,0.2857142857142857,0.0,0.0,0.0,0,20.0,1,55.5,31.63,Beginner
CAND_4C80CBEB,Data Analyst,Fresher,5,10,7,2,2,8,5,0.2,0.2857142857142857,0.0,0.0,0.0,0,33.0,1,7.5,21.23,Beginner
CAND_7821B593,Data Analyst,Fresher,10,10,7,0,1,10,6,0.0,0.14285714285714285,0.0,0.0,3.0,1,21.0,1,30.0,17.93,Beginner
CAND_CD1F6CC7,Software Engineer,Entry Level,27,10,11,5,6,5,4,0.5,0.6,0.15,6.0,6.0,1,3.0,1,76.5,46.83,Beginner
CAND_1666FFF6,Backend Developer,Fresher,26,10,9,4,2,5,7,0.4444444444444444,0.2222222222222222,0.0,0.0,2.0,1,1.0,1,51.0,27.88,Beginner
CAND_0F02C7E3,Machine Learning Engineer,Entry Level,24,10,1,4,0,6,1,0.4,0.0,0.2727272727272727,12.0,3.0,1,1.0,1,53.0,37.24,Beginner
CAND_ADDD455B,UI/UX Designer,Entry Level,26,10,7,0,0,10,7,0.0,0.0,0.0,6.0,7.0,1,2.0,1,78.0,16.65,Beginner
CAND_90DCDE54,Product Manager,Entry Level,23,8,0,0,0,8,0,0.0,0.0,0.0,12.0,2.0,1,3.0,1,50.5,19.36,Beginner
CAND_1F5C19EF,Mobile Developer,Entry Level,28,10,15,2,3,8,12,0.2,0.2,0.0,6.0,2.0,1,0.0,0,52.0,19.68,Beginner
CAND_8CFAF8F3,UI/UX Designer,Entry Level,25,10,7,0,0,10,7,0.0,0.0,0.0,12.0,2.0,1,1.0,1,49.5,15.31,Beginner
CAND_39215490,Mobile Developer,Mid Level,23,10,15,4,1,6,14,0.4,0.06666666666666667,0.04,48.0,3.0,1,1.0,1,51.5,41.84,Beginner
CAND_5B3740AA,UI/UX Designer,Entry Level,23,10,7,0,1,10,6,0.0,0.14285714285714285,0.0,12.0,2.0,1,3.0,1,50.5,20.79,Beginner
CAND_6F5E87E7,DevOps Engineer,Fresher,22,10,7,1,1,9,6,0.1,0.14285714285714285,0.0,0.0,1.0,1,3.0,1,44.0,15.3,Beginner
CAND_0AE925E1,Data Analyst,Entry Level,25,10,7,6,3,4,4,0.6,0.42857142857142855,0.11764705882352941,6.0,3.0,1,3.0,1,58.5,47.73,Beginner
CAND_DA1DC49C,Frontend Developer,Fresher,28,10,10,2,1,8,8,0.2,0.1111111111111111,0.0,0.0,3.0,1,1.0,1,59.0,19.06,Beginner
CAND_E4CC429F,Software Engineer,Entry Level,25,10,11,6,5,4,5,0.6,0.5,0.1,12.0,1.0,1,4.0,1,50.5,50.19,Intermediate
CAND_57158E30,Data Engineer,Fresher,22,10,15,1,5,8,9,0.1111111111111111,0.35714285714285715,0.043478260869565216,0.0,5.0,1,4.0,1,66.0,24.97,Beginner
CAND_A11B56F7,Cloud Engineer,Junior,26,10,7,2,1,8,6,0.2,0.14285714285714285,0.058823529411764705,24.0,8.0,1,0.0,0,79.0,34.26,Beginner
CAND_C046F819,UI/UX Designer,Fresher,25,10,7,0,1,10,6,0.0,0.14285714285714285,0.0,0.0,1.0,1,0.0,0,42.5,5.22,Beginner
CAND_FCD205C7,UI/UX Designer,Fresher,24,10,7,0,2,10,5,0.0,0.2857142857142857,0.0,0.0,4.0,1,2.0,1,60.0,14.86,Beginner
CAND_1AC90280,Mobile Developer,Entry Level,28,10,15,0,4,10,11,0.0,0.26666666666666666,0.04,12.0,6.0,1,2.0,1,76.0,23.57,Beginner
CAND_C8503D3C,System Administrator,Fresher,26,2,0,0,0,2,0,0.0,0.0,0.0,0.0,6.0,1,1.0,1,71.0,10.55,Beginner
CAND_79B4D867,Mobile Developer,Entry Level,25,10,15,2,2,8,13,0.2,0.13333333333333333,0.08,6.0,4.0,1,4.0,1,65.5,30.56,Beginner
CAND_A9C257B7,QA Engineer,Mid Level,26,10,8,0,2,10,6,0.0,0.25,0.0,48.0,0.0,0,2.0,1,43.0,23.65,Beginner
CAND_F85823DE,Backend Developer,Entry Level,21,10,9,4,2,5,7,0.4444444444444444,0.2222222222222222,0.11764705882352941,12.0,4.0,1,1.0,1,53.5,38.94,Beginner
CAND_70848779,Frontend Developer,Fresher,23,10,10,0,2,10,7,0.0,0.2222222222222222,0.0,0.0,4.0,1,2.0,1,58.5,14.15,Beginner
CAND_D83167C5,Product Manager,Entry Level,25,8,0,3,0,5,0,0.375,0.0,0.125,6.0,2.0,1,3.0,1,53.5,32.63,Beginner
CAND_B943E561,DevOps Engineer,Entry Level,26,10,7,2,3,8,4,0.2,0.42857142857142855,0.0,6.0,2.0,1,3.0,1,55.0,28.12,Beginner
CAND_542D84D6,AI ML,Entry Level,28,10,12,8,4,2,7,0.8,0.36363636363636365,0.047619047619047616,6.0,1.0,1,3.0,1,53.0,50.42,Intermediate
CAND_43907170,Full Stack Developer,Junior,24,10,9,6,5,4,4,0.6,0.5555555555555556,0.2222222222222222,24.0,6.0,1,1.0,1,68.0,58.29,Intermediate
CAND_7E3DAD29,Business Analyst,Junior,29,10,6,3,1,7,5,0.3,0.16666666666666666,0.125,24.0,4.0,1,2.0,1,67.5,42.92,Beginner
CAND_2DB503E1,QA Engineer,Junior,26,10,8,0,3,10,5,0.0,0.375,0.05555555555555555,36.0,3.0,1,3.0,1,60.0,33.58,Beginner
CAND_80E82E56,System Administrator,Entry Level,24,2,0,0,0,2,0,0.0,0.0,0.0,12.0,4.0,1,1.0,1,58.0,17.4,Beginner
CAND_2FE0117A,Backend Developer,Fresher,23,10,9,2,1,7,8,0.2222222222222222,0.1111111111111111,0.058823529411764705,0.0,6.0,1,4.0,1,72.5,27.51,Beginner
CAND_3AE1B93A,Mobile Developer,Junior,21,10,15,3,1,7,14,0.3,0.06666666666666667,0.0,24.0,2.0,1,1.0,1,43.5,35.17,Beginner
CAND_616AC26C,System Administrator,Fresher,23,2,0,1,0,1,0,0.5,0.0,0.5,0.0,7.0,1,4.0,1,77.5,44.38,Beginner
CAND_5DF50C0B,Backend Developer,Entry Level,24,10,9,2,4,7,5,0.2222222222222222,0.4444444444444444,0.17647058823529413,6.0,4.0,1,1.0,1,58.0,29.63,Beginner
CAND_6D8457FC,UI/UX Designer,Entry Level,25,10,7,0,1,10,6,0.0,0.14285714285714285,0.0,6.0,3.0,1,1.0,1,54.5,14.9,Beginner
CAND_F64E93C6,Data Scientist,Fresher,30,10,9,3,4,7,5,0.3,0.4444444444444444,0.21052631578947367,0.0,6.0,1,2.0,1,79.0,32.55,Beginner
CAND_4064D740,Data Engineer,Fresher,22,10,15,2,1,7,13,0.2222222222222222,0.07142857142857142,0.0,0.0,2.0,1,0.0,0,43.0,15.09,Beginner
CAND_A4F2D2D7,Data Analyst,Entry Level,24,10,7,6,3,4,4,0.6,0.42857142857142855,0.058823529411764705,12.0,2.0,1,4.0,1,54.0,50.7,Intermediate
CAND_A4BBE6BA,AI ML,Entry Level,28,10,12,8,2,2,9,0.8,0.18181818181818182,0.09523809523809523,12.0,3.0,1,1.0,1,59.0,52.7,Intermediate
CAND_8A5030FF,System Administrator,Junior,25,2,0,0,0,2,0,0.0,0.0,0.0,24.0,1.0,1,2.0,1,46.5,22.99,Beginner
CAND_837B0831,System Administrator,Junior,27,2,0,0,0,2,0,0.0,0.0,0.0,24.0,5.0,1,3.0,1,71.5,29.57,Beginner
CAND_C5FC13A6,Machine Learning Engineer,Junior,25,10,1,4,0,6,1,0.4,0.0,0.18181818181818182,24.0,3.0,1,2.0,1,56.5,45.55,Beginner
CAND_CA8FF37A,AI ML,Entry Level,28,10,12,8,2,2,9,0.8,0.18181818181818182,0.0,12.0,0.0,0,2.0,1,46.0,47.62,Beginner
CAND_449C8304,QA Engineer,Entry Level,23,10,8,0,1,10,7,0.0,0.125,0.0,6.0,5.0,1,1.0,1,61.5,15.07,Beginner
CAND_08EF6B83,System Administrator,Fresher,25,2,0,1,0,1,0,0.5,0.0,0.0,0.0,4.0,1,2.0,1,61.5,32.08,Beginner
CAND_3382F1B1,Product Manager,Entry Level,27,8,0,3,0,5,0,0.375,0.0,0.125,12.0,1.0,1,3.0,1,51.5,34.62,Beginner
CAND_148F650A,Cloud Engineer,Entry Level,27,10,7,0,2,10,5,0.0,0.2857142857142857,0.0,6.0,1.0,1,1.0,1,47.5,12.65,Beginner
CAND_2D3326B9,Data Engineer,Entry Level,23,10,15,3,2,6,12,0.3333333333333333,0.14285714285714285,0.043478260869565216,12.0,3.0,1,3.0,1,55.5,36.69,Beginner
CAND_EEC6B46A,Frontend Developer,Fresher,26,10,10,1,2,9,7,0.1,0.2222222222222222,0.0,0.0,3.0,1,2.0,1,58.0,18.12,Beginner
CAND_21D1856C,Security Engineer,Entry Level,24,10,13,1,4,9,7,0.1,0.36363636363636365,0.047619047619047616,12.0,3.0,1,3.0,1,57.0,29.7,Beginner
CAND_0D57B354,Product Manager,Entry Level,22,8,0,2,0,6,0,0.25,0.0,0.0,6.0,1.0,1,2.0,1,42.0,21.52,Beginner
CAND_584B403F,QA Engineer,Entry Level,24,10,8,0,3,10,5,0.0,0.375,0.05555555555555555,6.0,4.0,1,0.0,0,56.0,16.13,Beginner
CAND_8B9D3DBA,Backend Developer,Entry Level,25,10,9,3,3,6,6,0.3333333333333333,0.3333333333333333,0.23529411764705882,6.0,3.0,1,0.0,0,52.5,31.57,Beginner
CAND_E48EABE6,DevOps Engineer,Fresher,25,10,7,3,1,7,6,0.3,0.14285714285714285,0.058823529411764705,0.0,1.0,1,3.0,1,48.5,24.4,Beginner
CAND_9E6EE267,Product Manager,Fresher,25,8,0,0,0,8,0,0.0,0.0,0.0,0.0,6.0,1,3.0,1,73.5,14.68,Beginner
CAND_635A4FD3,Mobile Developer,Junior,30,10,15,3,4,7,11,0.3,0.26666666666666666,0.08,36.0,2.0,1,0.0,0,55.0,36.95,Beginner
CAND_5B59A38B,Backend Developer,Mid Level,23,10,9,2,2,7,7,0.2222222222222222,0.2222222222222222,0.058823529411764705,48.0,3.0,1,3.0,1,55.5,40.77,Beginner
CAND_3467DE62,Backend Developer,Fresher,25,10,9,1,4,8,5,0.1111111111111111,0.4444444444444444,0.0,0.0,3.0,1,5.0,1,62.5,27.01,Beginner
CAND_16B95FFE,Cloud Engineer,Entry Level,24,10,7,2,1,8,6,0.2,0.14285714285714285,0.058823529411764705,12.0,5.0,1,1.0,1,63.0,27.96,Beginner
CAND_7AA6A13A,QA Engineer,Entry Level,25,10,8,0,2,10,6,0.0,0.25,0.0,6.0,3.0,1,2.0,1,56.5,18.07,Beginner
CAND_C00FDE27,UI/UX Designer,Entry Level,28,10,7,0,1,10,6,0.0,0.14285714285714285,0.0,12.0,2.0,1,2.0,1,56.0,19.06,Beginner
CAND_FD4329D5,Machine Learning Engineer,Entry Level,22,10,1,3,0,7,1,0.3,0.0,0.09090909090909091,6.0,1.0,1,1.0,1,40.0,22.78,Beginner
CAND_E8DD7F62,Cloud Engineer,Entry Level,25,10,7,1,1,9,6,0.1,0.14285714285714285,0.058823529411764705,12.0,5.0,1,0.0,0,62.5,21.94,Beginner
CAND_1DF08FD2,Product Manager,Junior,22,8,0,1,0,7,0,0.125,0.0,0.0,36.0,1.0,1,1.0,1,40.0,25.67,Beginner
CAND_4EE59FE0,Machine Learning Engineer,Entry Level,25,10,1,3,0,7,1,0.3,0.0,0.09090909090909091,6.0,1.0,1,1.0,1,44.5,23.01,Beginner
CAND_C49E85AE,AI ML,Entry Level,28,10,12,8,2,2,9,0.8,0.18181818181818182,0.19047619047619047,6.0,7.0,1,1.0,1,79.0,51.38,Intermediate
CAND_FA5C79FB,Mobile Developer,Junior,26,10,15,3,1,7,14,0.3,0.06666666666666667,0.04,36.0,3.0,1,4.0,1,62.0,44.37,Beginner
CAND_A9B07B93,AI ML,Fresher,30,10,12,8,2,2,9,0.8,0.18181818181818182,0.14285714285714285,0.0,3.0,1,2.0,1,64.0,48.16,Beginner
CAND_FF38EE5D,AI ML,Junior,25,10,12,8,3,2,8,0.8,0.2727272727272727,0.14285714285714285,24.0,4.0,1,2.0,1,61.5,63.95,Intermediate
CAND_2D79BA3B,Full Stack Developer,Entry Level,25,10,9,6,5,4,4,0.6,0.5555555555555556,0.2222222222222222,6.0,5.0,1,3.0,1,68.5,51.06,Intermediate
CAND_CF75D190,Backend Developer,Junior,25,10,9,4,3,5,6,0.4444444444444444,0.3333333333333333,0.11764705882352941,36.0,3.0,1,1.0,1,54.5,47.6,Beginner
CAND_17FEA1A4,Backend Developer,Entry Level,29,10,9,2,3,7,6,0.2222222222222222,0.3333333333333333,0.11764705882352941,12.0,4.0,1,1.0,1,65.5,31.76,Beginner
CAND_FFBECAE7,Security Engineer,Fresher,27,10,13,1,5,9,6,0.1,0.45454545454545453,0.047619047619047616,0.0,1.0,1,3.0,1,51.5,19.5,Beginner
CAND_5C19D3A1,AI ML,Entry Level,33,10,12,8,3,2,8,0.8,0.2727272727272727,0.14285714285714285,12.0,3.0,1,1.0,1,66.5,54.7,Intermediate
CAND_4E1D09FD,Cloud Engineer,Junior,25,10,7,3,0,7,7,0.3,0.0,0.11764705882352941,36.0,6.0,1,3.0,1,73.5,43.44,Beginner
CAND_FD68BF26,Cloud Engineer,Entry Level,25,10,7,1,0,9,7,0.1,0.0,0.0,12.0,3.0,1,1.0,1,54.5,21.23,Beginner
CAND_4FFDDAC1,UI/UX Designer,Junior,24,10,7,0,1,10,6,0.0,0.14285714285714285,0.058823529411764705,24.0,6.0,1,1.0,1,68.0,27.71,Beginner
CAND_5935C741,Frontend Developer,Fresher,22,10,10,2,1,8,8,0.2,0.1111111111111111,0.05263157894736842,0.0,2.0,1,1.0,1,45.0,17.48,Beginner
CAND_4B56932E,QA Engineer,Entry Level,24,10,8,0,1,10,7,0.0,0.125,0.05555555555555555,12.0,3.0,1,1.0,1,53.0,19.23,Beginner
CAND_FCACB5CB,QA Engineer,Junior,26,10,8,0,1,10,7,0.0,0.125,0.05555555555555555,24.0,3.0,1,1.0,1,56.0,26.88,Beginner
CAND_AA75874F,Backend Developer,Entry Level,25,10,9,4,3,5,6,0.4444444444444444,0.3333333333333333,0.058823529411764705,6.0,3.0,1,3.0,1,58.5,39.67,Beginner
CAND_E1935851,Product Manager,Entry Level,24,8,0,0,0,8,0,0.0,0.0,0.0,6.0,6.0,1,2.0,1,70.0,16.25,Beginner
CAND_334F0C16,Machine Learning Engineer,Fresher,23,10,1,3,0,7,1,0.3,0.0,0.18181818181818182,0.0,4.0,1,1.0,1,56.5,24.55,Beginner
CAND_F19752DC,Backend Developer,Junior,27,10,9,2,2,7,7,0.2222222222222222,0.2222222222222222,0.058823529411764705,24.0,2.0,1,2.0,1,54.5,37.05,Beginner
CAND_6BD7E186,Software Engineer,Junior,28,10,11,5,5,5,5,0.5,0.5,0.15,36.0,4.0,1,1.0,1,64.0,52.45,Intermediate
CAND_CEBE73D3,Data Analyst,Fresher,26,10,7,5,3,5,4,0.5,0.42857142857142855,0.0,0.0,0.0,0,2.0,1,43.0,30.44,Beginner
CAND_4CDDD18A,AI ML,Fresher,31,10,12,8,1,2,10,0.8,0.09090909090909091,0.14285714285714285,0.0,4.0,1,1.0,1,68.5,45.48,Beginner
CAND_F947CDAD,System Administrator,Junior,25,2,0,0,0,2,0,0.0,0.0,0.0,36.0,3.0,1,1.0,1,54.5,24.73,Beginner
CAND_A8202DEE,Full Stack Developer,Junior,24,10,9,6,5,4,4,0.6,0.5555555555555556,0.2222222222222222,36.0,5.0,1,1.0,1,63.0,58.04,Intermediate
CAND_BB61EA51,Mobile Developer,Entry Level,27,10,15,2,3,8,12,0.2,0.2,0.12,12.0,6.0,1,2.0,1,74.5,32.02,Beginner
CAND_46042BD5,Backend Developer,Junior,25,10,9,3,2,6,7,0.3333333333333333,0.2222222222222222,0.058823529411764705,24.0,3.0,1,4.0,1,60.5,47.46,Beginner
CAND_F7866186,Data Analyst,Entry Level,25,10,7,5,3,5,4,0.5,0.42857142857142855,0.11764705882352941,6.0,3.0,1,3.0,1,58.5,43.73,Beginner
CAND_BF200216,Data Analyst,Entry Level,27,10,7,7,3,3,4,0.7,0.42857142857142855,0.17647058823529413,6.0,2.0,1,3.0,1,56.5,50.84,Intermediate
CAND_7FE5C832,Full Stack Developer,Entry Level,27,10,9,7,5,3,4,0.7,0.5555555555555556,0.2222222222222222,6.0,5.0,1,2.0,1,69.5,53.11,Intermediate
CAND_67651957,Data Engineer,Entry Level,27,10,15,3,3,6,11,0.3333333333333333,0.21428571428571427,0.13043478260869565,12.0,5.0,1,2.0,1,69.5,37.41,Beginner
CAND_5626E585,Product Manager,Entry Level,24,8,0,0,0,8,0,0.0,0.0,0.0,12.0,0.0,0,1.0,1,38.0,11.4,Beginner
CAND_C5DEDE59,Data Scientist,Fresher,26,10,9,4,4,6,5,0.4,0.4444444444444444,0.21052631578947367,0.0,4.0,1,3.0,1,65.0,37.85,Beginner
CAND_7832C3A4,Business Analyst,Junior,21,10,6,1,2,9,4,0.1,0.3333333333333333,0.0,24.0,0.0,0,1.0,1,33.5,26.01,Beginner
CAND_D54F9969,Data Analyst,Fresher,27,10,7,6,3,4,4,0.6,0.42857142857142855,0.17647058823529413,0.0,3.0,1,2.0,1,59.5,42.91,Beginner
CAND_78DA3253,Cloud Engineer,Junior,24,10,7,0,2,10,5,0.0,0.2857142857142857,0.11764705882352941,24.0,3.0,1,1.0,1,53.0,29.27,Beginner
CAND_A9E1BD36,Data Scientist,Entry Level,25,10,9,3,4,7,5,0.3,0.4444444444444444,0.10526315789473684,12.0,1.0,1,1.0,1,44.5,31.42,Beginner
CAND_BEE9DB48,UI/UX Designer,Fresher,23,10,7,0,0,10,7,0.0,0.0,0.0,0.0,1.0,1,2.0,1,43.5,7.84,Beginner
CAND_713C034C,Data Engineer,Entry Level,24,10,15,3,4,6,10,0.3333333333333333,0.2857142857142857,0.13043478260869565,6.0,4.0,1,0.0,0,56.0,29.7,Beginner
CAND_AF2E896D,Machine Learning Engineer,Entry Level,28,10,1,5,0,5,1,0.5,0.0,0.18181818181818182,6.0,3.0,1,2.0,1,61.0,38.53,Beginner
CAND_612FEC71,AI ML,Fresher,28,10,12,8,3,2,8,0.8,0.2727272727272727,0.0,0.0,0.0,0,2.0,1,46.0,41.03,Beginner
CAND_FF226E48,Backend Developer,Mid Level,22,10,9,2,1,7,8,0.2222222222222222,0.1111111111111111,0.058823529411764705,48.0,4.0,1,2.0,1,57.0,37.73,Beginner
CAND_81306A66,Mobile Developer,Junior,26,10,15,2,5,8,10,0.2,0.3333333333333333,0.04,36.0,3.0,1,2.0,1,58.0,38.83,Beginner
CAND_4E446C84,System Administrator,Junior,26,2,0,0,0,2,0,0.0,0.0,0.0,36.0,1.0,1,2.0,1,48.0,23.07,Beginner
CAND_0362ACD4,Mobile Developer,Fresher,25,10,15,3,2,7,13,0.3,0.13333333333333333,0.04,0.0,2.0,1,1.0,1,49.5,21.74,Beginner
CAND_5B3357FB,Data Analyst,Entry Level,28,10,7,6,3,4,4,0.6,0.42857142857142855,0.11764705882352941,6.0,2.0,1,3.0,1,58.0,46.03,Beginner
CAND_54247FC6,AI ML,Entry Level,30,10,12,8,2,2,9,0.8,0.18181818181818182,0.23809523809523808,6.0,3.0,1,3.0,1,66.0,55.44,Intermediate
CAND_9499A60E,Data Engineer,Entry Level,28,10,15,1,4,8,10,0.1111111111111111,0.2857142857142857,0.08695652173913043,6.0,3.0,1,1.0,1,59.0,22.31,Beginner
CAND_19E8DA8E,Cloud Engineer,Entry Level,24,10,7,2,1,8,6,0.2,0.14285714285714285,0.11764705882352941,6.0,6.0,1,2.0,1,70.0,27.44,Beginner
CAND_21750FE4,System Administrator,Entry Level,23,2,0,0,0,2,0,0.0,0.0,0.0,12.0,3.0,1,1.0,1,51.5,17.07,Beginner
CAND_DE4DAABA,Machine Learning Engineer,Junior,26,10,1,5,0,5,1,0.5,0.0,0.18181818181818182,24.0,2.0,1,2.0,1,53.0,47.71,Beginner
CAND_DA28CE16,QA Engineer,Junior,22,10,8,1,2,9,6,0.1,0.25,0.0,24.0,7.0,1,2.0,1,72.0,34.1,Beginner
CAND_093CA572,Frontend Developer,Fresher,27,10,10,4,0,6,9,0.4,0.0,0.05263157894736842,0.0,2.0,1,3.0,1,56.5,28.95,Beginner
CAND_F43AC006,Frontend Developer,Fresher,27,10,10,2,2,8,7,0.2,0.2222222222222222,0.05263157894736842,0.0,3.0,1,4.0,1,63.5,27.19,Beginner
CAND_4B158EA4,System Administrator,Junior,26,2,0,0,0,2,0,0.0,0.0,0.0,24.0,4.0,1,2.0,1,63.0,27.15,Beginner
CAND_56DB4CE4,Machine Learning Engineer,Entry Level,22,10,1,1,0,9,1,0.1,0.0,0.09090909090909091,12.0,5.0,1,2.0,1,62.0,24.96,Beginner
CAND_5C8D38A8,DevOps Engineer,Fresher,25,10,7,2,0,8,7,0.2,0.0,0.0,0.0,2.0,1,2.0,1,51.5,17.91,Beginner
CAND_3A585F72,Data Scientist,Entry Level,28,10,9,3,4,7,5,0.3,0.4444444444444444,0.2631578947368421,12.0,5.0,1,1.0,1,69.0,38.34,Beginner
CAND_E2276600,Security Engineer,Entry Level,21,10,13,0,3,10,8,0.0,0.2727272727272727,0.09523809523809523,12.0,3.0,1,1.0,1,48.5,21.08,Beginner
CAND_205CCC60,Frontend Developer,Junior,20,10,10,1,1,9,8,0.1,0.1111111111111111,0.0,24.0,7.0,1,2.0,1,69.0,32.56,Beginner
CAND_DA4215F5,Data Engineer,Junior,26,10,15,3,4,6,10,0.3333333333333333,0.2857142857142857,0.043478260869565216,36.0,2.0,1,0.0,0,49.0,37.63,Beginner
CAND_F2E5617C,QA Engineer,Junior,24,10,8,0,1,10,7,0.0,0.125,0.0,24.0,4.0,1,2.0,1,60.0,28.25,Beginner
CAND_5538B474,Software Engineer,Junior,26,10,11,7,5,3,5,0.7,0.5,0.15,24.0,1.0,1,2.0,1,48.0,58.32,Intermediate
CAND_F838F46F,Frontend Developer,Fresher,23,10,10,2,1,8,8,0.2,0.1111111111111111,0.05263157894736842,0.0,5.0,1,2.0,1,63.5,22.08,Beginner
CAND_72A765B9,UI/UX Designer,Fresher,25,10,7,0,1,10,6,0.0,0.14285714285714285,0.0,0.0,7.0,1,2.0,1,76.5,14.25,Beginner
CAND_676D0EC5,Software Engineer,Entry Level,27,10,11,6,5,4,5,0.6,0.5,0.1,12.0,3.0,1,2.0,1,59.5,49.98,Beginner
CAND_FEE07C3F,Full Stack Developer,Entry Level,24,10,9,7,5,3,4,0.7,0.5555555555555556,0.2222222222222222,6.0,4.0,1,0.0,0,56.0,48.44,Beginner
CAND_8C98C3AC,Product Manager,Entry Level,21,8,0,4,0,4,0,0.5,0.0,0.125,6.0,6.0,1,3.0,1,67.5,40.0,Beginner
CAND_7AC5B79B,Security Engineer,Fresher,25,10,13,2,3,8,8,0.2,0.2727272727272727,0.047619047619047616,0.0,4.0,1,3.0,1,63.5,25.62,Beginner
CAND_510609D4,Backend Developer,Entry Level,23,10,9,1,3,8,6,0.1111111111111111,0.3333333333333333,0.11764705882352941,6.0,4.0,1,1.0,1,56.5,23.12,Beginner
CAND_A0E8966C,Data Analyst,Fresher,30,10,7,7,3,3,4,0.7,0.42857142857142855,0.17647058823529413,0.0,4.0,1,3.0,1,71.0,49.48,Beginner
CAND_DF91C5CB,UI/UX Designer,Entry Level,22,10,7,0,0,10,7,0.0,0.0,0.0,12.0,6.0,1,1.0,1,65.0,17.75,Beginner
CAND_617C78B8,System Administrator,Entry Level,26,2,0,0,0,2,0,0.0,0.0,0.0,6.0,3.0,1,4.0,1,62.0,19.85,Beginner
CAND_210CB20A,Security Engineer,Junior,25,10,13,1,3,9,8,0.1,0.2727272727272727,0.0,24.0,0.0,0,2.0,1,41.5,27.8,Beginner
CAND_3CAFCD1C,DevOps Engineer,Entry Level,22,10,7,1,1,9,6,0.1,0.14285714285714285,0.0,12.0,4.0,1,3.0,1,59.0,26.88,Beginner
CAND_46B56AD9,Backend Developer,Fresher,24,10,9,2,3,7,6,0.2222222222222222,0.3333333333333333,0.058823529411764705,0.0,4.0,1,2.0,1,60.0,25.1,Beginner
CAND_AB47233B,Cloud Engineer,Fresher,23,10,7,4,0,6,7,0.4,0.0,0.0,0.0,0.0,0,1.0,1,36.5,19.82,Beginner
CAND_EDB46A74,Security Engineer,Entry Level,25,10,13,1,4,9,7,0.1,0.36363636363636365,0.047619047619047616,12.0,4.0,1,1.0,1,59.5,25.83,Beginner
CAND_4B342277,DevOps Engineer,Fresher,29,10,7,1,3,9,4,0.1,0.42857142857142855,0.058823529411764705,0.0,4.0,1,1.0,1,65.5,19.44,Beginner
CAND_D0BB9C43,QA Engineer,Entry Level,26,10,8,1,2,9,6,0.1,0.25,0.0,12.0,3.0,1,2.0,1,58.0,25.9,Beginner
CAND_A8BA2195,Business Analyst,Junior,24,10,6,2,1,8,5,0.2,0.16666666666666666,0.0625,24.0,4.0,1,0.0,0,56.0,33.4,Beginner
CAND_2456E32C,Backend Developer,Entry Level,21,10,9,4,4,5,5,0.4444444444444444,0.4444444444444444,0.11764705882352941,12.0,3.0,1,2.0,1,50.5,43.01,Beginner
CAND_1FA55B67,QA Engineer,Entry Level,26,10,8,0,0,10,8,0.0,0.0,0.0,12.0,6.0,1,1.0,1,71.0,18.05,Beginner
CAND_4EBFDA4E,Backend Developer,Junior,23,10,9,3,2,6,7,0.3333333333333333,0.2222222222222222,0.17647058823529413,24.0,6.0,1,1.0,1,66.5,43.53,Beginner
CAND_F0724D6E,QA Engineer,Entry Level,25,10,8,0,1,10,7,0.0,0.125,0.0,6.0,1.0,1,2.0,1,46.5,12.99,Beginner
CAND_9F274281,Cloud Engineer,Entry Level,23,10,7,3,0,7,7,0.3,0.0,0.058823529411764705,12.0,4.0,1,2.0,1,58.5,32.31,Beginner
CAND_16245FA7,DevOps Engineer,Fresher,25,10,7,4,2,6,5,0.4,0.2857142857142857,0.058823529411764705,0.0,4.0,1,1.0,1,59.5,29.71,Beginner
CAND_F994D15B,Data Engineer,Fresher,24,10,15,2,5,7,9,0.2222222222222222,0.35714285714285715,0.13043478260869565,0.0,3.0,1,2.0,1,55.0,26.17,Beginner
CAND_AE600A5E,Data Engineer,Fresher,25,10,15,2,5,7,9,0.2222222222222222,0.35714285714285715,0.08695652173913043,0.0,3.0,1,3.0,1,58.5,27.69,Beginner
CAND_8D6CAD52,DevOps Engineer,Fresher,28,10,7,3,1,7,6,0.3,0.14285714285714285,0.058823529411764705,0.0,3.0,1,2.0,1,61.0,26.36,Beginner
CAND_238E647A,Security Engineer,Entry Level,18,10,13,1,3,9,8,0.1,0.2727272727272727,0.047619047619047616,6.0,2.0,1,3.0,1,43.0,22.67,Beginner
CAND_0432F62D,Product Manager,Junior,26,8,0,2,0,6,0,0.25,0.0,0.0,24.0,1.0,1,1.0,1,46.0,30.97,Beginner
CAND_184EE626,DevOps Engineer,Fresher,20,10,7,0,2,10,5,0.0,0.2857142857142857,0.0,0.0,2.0,1,2.0,1,44.0,12.39,Beginner
CAND_7BF585B9,Backend Developer,Fresher,25,10,9,2,2,7,7,0.2222222222222222,0.2222222222222222,0.058823529411764705,0.0,3.0,1,3.0,1,58.5,25.92,Beginner
CAND_B69DBEFC,Business Analyst,Entry Level,24,10,6,1,1,9,5,0.1,0.16666666666666666,0.0625,6.0,3.0,1,2.0,1,55.0,22.1,Beginner
CAND_2BDC51C0,QA Engineer,Fresher,25,10,8,0,3,10,5,0.0,0.375,0.05555555555555555,0.0,5.0,1,0.0,0,62.5,12.71,Beginner
CAND_71C366DC,Product Manager,Entry Level,26,8,0,0,0,8,0,0.0,0.0,0.0,12.0,2.0,1,4.0,1,57.0,21.68,Beginner
CAND_1BD74502,System Administrator,Fresher,27,2,0,1,0,1,0,0.5,0.0,0.5,0.0,2.0,1,0.0,0,50.5,33.36,Beginner
CAND_A845E54B,QA Engineer,Junior,25,10,8,0,3,10,5,0.0,0.375,0.0,24.0,4.0,1,0.0,0,57.5,26.62,Beginner
CAND_BF01B20E,Software Engineer,Junior,25,10,11,5,4,5,6,0.5,0.4,0.25,24.0,4.0,1,1.0,1,59.5,52.73,Intermediate
CAND_3F2D39BA,Data Scientist,Junior,21,10,9,4,4,6,5,0.4,0.4444444444444444,0.05263157894736842,24.0,6.0,1,4.0,1,69.5,52.71,Intermediate
CAND_C9F8B97B,Data Scientist,Entry Level,28,10,9,3,4,7,5,0.3,0.4444444444444444,0.10526315789473684,6.0,1.0,1,1.0,1,49.0,27.89,Beginner
CAND_940C9440,DevOps Engineer,Fresher,26,10,7,0,1,10,6,0.0,0.14285714285714285,0.0,0.0,2.0,1,1.0,1,51.0,9.31,Beginner
CAND_D0175D49,Machine Learning Engineer,Junior,26,10,1,0,0,10,1,0.0,0.0,0.0,36.0,5.0,1,2.0,1,68.0,27.4,Beginner
CAND_73AA9A58,Machine Learning Engineer,Fresher,26,10,1,0,0,10,1,0.0,0.0,0.0,0.0,4.0,1,1.0,1,61.0,10.05,Beginner
CAND_ECC9EECA,Mobile Developer,Junior,23,10,15,0,1,10,14,0.0,0.06666666666666667,0.0,24.0,1.0,1,1.0,1,41.5,21.41,Beginner
CAND_64C97142,Data Engineer,Entry Level,26,10,15,3,3,6,11,0.3333333333333333,0.21428571428571427,0.043478260869565216,6.0,4.0,1,4.0,1,67.0,36.23,Beginner
CAND_1476C222,Business Analyst,Junior,27,10,6,1,2,9,4,0.1,0.3333333333333333,0.0625,36.0,4.0,1,2.0,1,64.5,35.5,Beginner
CAND_AF0FF7E1,Frontend Developer,Mid Level,23,10,10,1,0,9,9,0.1,0.0,0.0,48.0,6.0,1,3.0,1,70.5,33.52,Beginner
CAND_C3ED4A4A,Software Engineer,Entry Level,30,10,11,5,4,5,6,0.5,0.4,0.25,6.0,5.0,1,3.0,1,76.0,46.3,Beginner
CAND_538FD0E4,Machine Learning Engineer,Junior,25,10,1,1,0,9,1,0.1,0.0,0.0,24.0,7.0,1,1.0,1,74.5,29.73,Beginner
CAND_EECDB225,QA Engineer,Entry Level,23,10,8,1,1,9,7,0.1,0.125,0.0,6.0,6.0,1,2.0,1,68.5,21.43,Beginner
CAND_0C6C716E,Business Analyst,Junior,24,10,6,1,0,9,6,0.1,0.0,0.0,36.0,1.0,1,3.0,1,47.0,29.02,Beginner
CAND_F83706D3,System Administrator,Fresher,22,2,0,0,0,2,0,0.0,0.0,0.0,0.0,6.0,1,3.0,1,69.0,14.45,Beginner
CAND_EC28ADAE,Software Engineer,Fresher,25,10,11,5,5,5,5,0.5,0.5,0.2,0.0,6.0,1,4.0,1,75.5,44.77,Beginner
CAND_AFFA7305,Data Engineer,Entry Level,24,10,15,5,2,4,12,0.5555555555555556,0.14285714285714285,0.13043478260869565,6.0,1.0,1,3.0,1,47.0,39.37,Beginner
CAND_2A62660A,Machine Learning Engineer,Fresher,27,10,1,4,0,6,1,0.4,0.0,0.18181818181818182,0.0,5.0,1,4.0,1,73.5,35.4,Beginner
CAND_3F9E2FEF,Mobile Developer,Junior,25,10,15,1,4,9,11,0.1,0.26666666666666666,0.08,24.0,6.0,1,3.0,1,73.5,37.54,Beginner
CAND_8F142C53,System Administrator,Entry Level,28,2,0,1,0,1,0,0.5,0.0,0.5,12.0,6.0,1,4.0,1,80.0,52.0,Intermediate
CAND_F3F2A7D5,QA Engineer,Entry Level,24,10,8,1,2,9,6,0.1,0.25,0.1111111111111111,6.0,2.0,1,3.0,1,52.0,23.85,Beginner
CAND_347F23C0,Frontend Developer,Fresher,22,10,10,2,2,8,7,0.2,0.2222222222222222,0.0,0.0,2.0,1,3.0,1,49.0,22.01,Beginner
CAND_925C11E0,Backend Developer,Fresher,27,10,9,4,2,5,7,0.4444444444444444,0.2222222222222222,0.058823529411764705,0.0,2.0,1,0.0,0,50.5,26.74,Beginner
CAND_F080BFD5,DevOps Engineer,Junior,25,10,7,2,1,8,6,0.2,0.14285714285714285,0.058823529411764705,36.0,6.0,1,2.0,1,71.5,37.89,Beginner
CAND_2F9FDEBA,Security Engineer,Fresher,22,10,13,1,4,9,7,0.1,0.36363636363636365,0.09523809523809523,0.0,5.0,1,1.0,1,60.0,19.06,Beginner
CAND_C6900C43,Data Engineer,Junior,27,10,15,3,1,6,13,0.3333333333333333,0.07142857142857142,0.08695652173913043,36.0,2.0,1,1.0,1,52.5,38.31,Beginner
CAND_0F905AD4,Business Analyst,Fresher,23,10,6,0,1,10,5,0.0,0.16666666666666666,0.0625,0.0,2.0,1,2.0,1,48.5,12.36,Beginner
CAND_ED4BAC21,Cloud Engineer,Junior,26,10,7,3,2,7,5,0.3,0.2857142857142857,0.0,36.0,1.0,1,3.0,1,50.0,40.02,Beginner
CAND_F02BEFB7,Security Engineer,Fresher,25,10,13,2,2,8,9,0.2,0.18181818181818182,0.14285714285714285,0.0,3.0,1,1.0,1,54.5,21.69,Beginner
CAND_5711123A,Full Stack Developer,Entry Level,25,10,9,7,4,3,5,0.7,0.4444444444444444,0.1111111111111111,12.0,2.0,1,2.0,1,51.5,51.52,Intermediate
CAND_8F9B03CE,Full Stack Developer,Entry Level,25,10,9,6,4,4,5,0.6,0.4444444444444444,0.1111111111111111,12.0,3.0,1,2.0,1,56.5,49.44,Beginner
CAND_B62C5187,Frontend Developer,Mid Level,23,10,10,0,1,10,8,0.0,0.1111111111111111,0.0,48.0,0.0,0,2.0,1,38.5,22.04,Beginner
CAND_51954EEB,System Administrator,Entry Level,22,2,0,0,0,2,0,0.0,0.0,0.0,6.0,5.0,1,2.0,1,62.0,15.85,Beginner
CAND_8A42A39C,Software Engineer,Entry Level,28,10,11,5,5,5,5,0.5,0.5,0.15,6.0,5.0,1,1.0,1,69.0,41.45,Beginner
CAND_2C9A6331,DevOps Engineer,Mid Level,26,10,7,2,1,8,6,0.2,0.14285714285714285,0.058823529411764705,48.0,2.0,1,2.0,1,53.0,35.29,Beginner
CAND_EDA997C7,Data Analyst,Fresher,28,10,7,6,3,4,4,0.6,0.42857142857142855,0.11764705882352941,0.0,3.0,1,4.0,1,65.0,46.3,Beginner
CAND_29028BFD,UI/UX Designer,Entry Level,24,10,7,0,2,10,5,0.0,0.2857142857142857,0.0,6.0,1.0,1,2.0,1,45.0,14.52,Beginner
CAND_8CB29A52,Business Analyst,Mid Level,21,10,6,4,0,6,6,0.4,0.0,0.125,48.0,3.0,1,1.0,1,48.5,42.3,Beginner
CAND_A98C3A90,Data Scientist,Fresher,28,10,9,3,4,7,5,0.3,0.4444444444444444,0.15789473684210525,0.0,4.0,1,4.0,1,70.0,35.31,Beginner
CAND_B4F17BC9,Security Engineer,Fresher,23,10,13,1,3,9,8,0.1,0.2727272727272727,0.047619047619047616,0.0,1.0,1,1.0,1,41.5,13.18,Beginner
CAND_C86714A5,Product Manager,Fresher,23,8,0,3,0,5,0,0.375,0.0,0.0,0.0,3.0,1,3.0,1,55.5,28.77,Beginner
CAND_529E41CD,Mobile Developer,Entry Level,21,10,15,0,4,10,11,0.0,0.26666666666666666,0.12,12.0,4.0,1,2.0,1,55.5,23.74,Beginner
CAND_B2A85CD9,UI/UX Designer,Fresher,21,10,7,0,0,10,7,0.0,0.0,0.0,0.0,4.0,1,1.0,1,53.5,9.68,Beginner
CAND_7240940E,Product Manager,Fresher,23,8,0,3,0,5,0,0.375,0.0,0.0,0.0,1.0,1,1.0,1,41.5,20.74,Beginner
CAND_5E779EDF,Security Engineer,Entry Level,25,10,13,0,2,10,9,0.0,0.18181818181818182,0.0,6.0,3.0,1,1.0,1,54.5,15.29,Beginner
CAND_4C2040CA,Data Analyst,Junior,27,10,7,6,3,4,4,0.6,0.42857142857142855,0.11764705882352941,24.0,5.0,1,1.0,1,67.5,55.43,Intermediate
CAND_962BDE57,Cloud Engineer,Junior,24,10,7,3,1,7,6,0.3,0.14285714285714285,0.058823529411764705,36.0,2.0,1,1.0,1,48.0,37.04,Beginner
CAND_32516F9C,Frontend Developer,Entry Level,25,10,10,1,1,9,8,0.1,0.1111111111111111,0.05263157894736842,12.0,1.0,1,2.0,1,46.5,21.39,Beginner
CAND_76367D42,Business Analyst,Junior,22,10,6,2,1,8,5,0.2,0.16666666666666666,0.0,24.0,4.0,1,2.0,1,57.0,36.52,Beginner
CAND_E8DE6DB0,Data Scientist,Fresher,26,10,9,3,5,7,4,0.3,0.5555555555555556,0.15789473684210525,0.0,5.0,1,1.0,1,66.0,30.22,Beginner
CAND_77DFB7F9,Frontend Developer,Entry Level,25,10,10,2,3,8,6,0.2,0.3333333333333333,0.05263157894736842,12.0,4.0,1,4.0,1,65.5,35.9,Beginner
CAND_C2D440A4,Machine Learning Engineer,Entry Level,25,10,1,3,0,7,1,0.3,0.0,0.09090909090909091,12.0,2.0,1,1.0,1,49.5,28.67,Beginner
CAND_1F43E336,Security Engineer,Entry Level,25,10,13,0,1,10,10,0.0,0.09090909090909091,0.0,6.0,4.0,1,2.0,1,61.5,16.73,Beginner
CAND_DD7768B1,System Administrator,Junior,25,2,0,0,0,2,0,0.0,0.0,0.0,24.0,3.0,1,0.0,0,52.5,22.62,Beginner
CAND_AB380FED,DevOps Engineer,Fresher,28,10,7,1,2,9,5,0.1,0.2857142857142857,0.0,0.0,4.0,1,2.0,1,66.0,19.16,Beginner
CAND_05258E59,System Administrator,Entry Level,24,2,0,0,0,2,0,0.0,0.0,0.0,6.0,0.0,0,1.0,1,38.0,7.65,Beginner
CAND_4B45CC47,Software Engineer,Fresher,27,10,11,8,6,2,4,0.8,0.6,0.15,0.0,2.0,1,1.0,1,52.5,48.21,Beginner
CAND_EC7AE48F,System Administrator,Fresher,25,2,0,0,0,2,0,0.0,0.0,0.0,0.0,6.0,1,1.0,1,69.5,10.47,Beginner
CAND_AF993539,Security Engineer,Entry Level,27,10,13,0,7,10,4,0.0,0.6363636363636364,0.19047619047619047,6.0,6.0,1,4.0,1,78.5,29.9,Beginner
CAND_3394C9D9,DevOps Engineer,Entry Level,23,10,7,1,0,9,7,0.1,0.0,0.058823529411764705,12.0,7.0,1,1.0,1,71.5,22.96,Beginner
CAND_53C01FBF,Frontend Developer,Junior,26,10,10,2,3,8,6,0.2,0.3333333333333333,0.0,24.0,0.0,0,3.0,1,45.0,34.58,Beginner
CAND_0A4277FA,Software Engineer,Entry Level,28,10,11,6,4,4,6,0.6,0.4,0.2,12.0,3.0,1,3.0,1,63.0,52.65,Intermediate
CAND_56D87672,UI/UX Designer,Entry Level,24,10,7,0,1,10,6,0.0,0.14285714285714285,0.0,6.0,1.0,1,2.0,1,45.0,13.1,Beginner
CAND_4DC04501,System Administrator,Fresher,22,2,0,1,0,1,0,0.5,0.0,0.0,0.0,2.0,1,2.0,1,47.0,29.68,Beginner
CAND_C9D6CDCE,Security Engineer,Fresher,26,10,13,2,5,8,6,0.2,0.45454545454545453,0.047619047619047616,0.0,4.0,1,2.0,1,63.0,25.41,Beginner
CAND_07F9620B,Security Engineer,Junior,22,10,13,0,5,10,6,0.0,0.45454545454545453,0.047619047619047616,24.0,2.0,1,2.0,1,47.0,29.94,Beginner
CAND_17C1CE92,QA Engineer,Junior,25,10,8,1,1,9,7,0.1,0.125,0.0,36.0,3.0,1,5.0,1,62.5,38.38,Beginner
CAND_A8625A84,System Administrator,Junior,25,2,0,0,0,2,0,0.0,0.0,0.0,36.0,4.0,1,1.0,1,59.5,24.98,Beginner
CAND_A9B95FC2,QA Engineer,Entry Level,27,10,8,0,3,10,5,0.0,0.375,0.0,12.0,1.0,1,5.0,1,55.5,25.69,Beginner
CAND_85DC0973,DevOps Engineer,Fresher,23,10,7,0,0,10,7,0.0,0.0,0.0,0.0,0.0,0,3.0,1,40.5,8.03,Beginner
CAND_7279F4BD,Backend Developer,Junior,26,10,9,3,5,6,4,0.3333333333333333,0.5555555555555556,0.058823529411764705,36.0,7.0,1,1.0,1,76.0,45.57,Beginner
CAND_3FB44E3A,Business Analyst,Entry Level,29,10,6,3,2,7,4,0.3,0.3333333333333333,0.125,6.0,4.0,1,4.0,1,71.5,37.53,Beginner
CAND_4C25A837,DevOps Engineer,Junior,22,10,7,1,1,9,6,0.1,0.14285714285714285,0.0,36.0,4.0,1,5.0,1,63.0,38.58,Beginner
CAND_7027434D,Full Stack Developer,Entry Level,25,10,9,5,5,5,4,0.5,0.5555555555555556,0.1111111111111111,6.0,4.0,1,3.0,1,63.5,45.15,Beginner
CAND_13C9E157,Cloud Engineer,Junior,25,10,7,2,1,8,6,0.2,0.14285714285714285,0.058823529411764705,24.0,2.0,1,1.0,1,49.5,33.12,Beginner
CAND_92F99069,Business Analyst,Fresher,26,10,6,3,0,7,6,0.3,0.0,0.0,0.0,4.0,1,2.0,1,63.0,24.15,Beginner
CAND_1D69FD1D,DevOps Engineer,Fresher,25,10,7,2,0,8,7,0.2,0.0,0.0,0.0,3.0,1,2.0,1,56.5,19.82,Beginner
CAND_747832F0,QA Engineer,Entry Level,23,10,8,0,1,10,7,0.0,0.125,0.0,12.0,3.0,1,2.0,1,53.5,20.43,Beginner
CAND_F34452B2,Data Analyst,Entry Level,25,10,7,5,3,5,4,0.5,0.42857142857142855,0.11764705882352941,12.0,1.0,1,2.0,1,46.5,41.54,Beginner
CAND_7CDE7CE3,Software Engineer,Fresher,23,10,11,5,6,5,4,0.5,0.6,0.1,0.0,2.0,1,3.0,1,50.5,39.36,Beginner
CAND_E5502512,Data Scientist,Junior,27,10,9,3,4,7,5,0.3,0.4444444444444444,0.0,24.0,0.0,0,1.0,1,42.5,35.57,Beginner
CAND_C75D1B8C,Business Analyst,Entry Level,23,10,6,2,1,8,5,0.2,0.16666666666666666,0.0625,12.0,4.0,1,3.0,1,60.5,32.13,Beginner
CAND_E892591C,Business Analyst,Entry Level,25,10,6,3,1,7,5,0.3,0.16666666666666666,0.125,6.0,3.0,1,1.0,1,54.5,29.02,Beginner
CAND_3057C448,Software Engineer,Entry Level,28,10,11,6,5,4,5,0.6,0.5,0.1,12.0,1.0,1,3.0,1,53.0,48.32,Beginner
CAND_3E9B8B1D,Data Analyst,Entry Level,30,10,7,5,3,5,4,0.5,0.42857142857142855,0.29411764705882354,6.0,5.0,1,2.0,1,74.0,45.15,Beginner
CAND_0EB936F4,Machine Learning Engineer,Junior,23,10,1,3,0,7,1,0.3,0.0,0.18181818181818182,36.0,4.0,1,1.0,1,56.5,39.55,Beginner
CAND_9AA5B7AA,DevOps Engineer,Entry Level,22,10,7,2,1,8,6,0.2,0.14285714285714285,0.058823529411764705,6.0,4.0,1,2.0,1,57.0,25.91,Beginner
CAND_569CA5A7,Frontend Developer,Entry Level,19,10,10,2,1,8,8,0.2,0.1111111111111111,0.0,6.0,4.0,1,5.0,1,58.5,30.79,Beginner
CAND_3DB3D23E,DevOps Engineer,Fresher,26,10,7,3,2,7,5,0.3,0.2857142857142857,0.0,0.0,0.0,0,1.0,1,41.0,18.91,Beginner
CAND_1275F45B,Full Stack Developer,Fresher,26,10,9,7,5,3,4,0.7,0.5555555555555556,0.2777777777777778,0.0,2.0,1,1.0,1,51.0,45.61,Beginner
CAND_B7E7DC00,UI/UX Designer,Mid Level,25,10,7,0,0,10,7,0.0,0.0,0.0,48.0,5.0,1,1.0,1,64.5,25.23,Beginner
CAND_06426BF4,UI/UX Designer,Mid Level,23,10,7,0,1,10,6,0.0,0.14285714285714285,0.0,48.0,2.0,1,1.0,1,46.5,24.09,Beginner
CAND_5976CCB8,DevOps Engineer,Fresher,24,10,7,2,3,8,4,0.2,0.42857142857142855,0.058823529411764705,0.0,6.0,1,1.0,1,68.0,23.57,Beginner
CAND_E9D1FEA9,Product Manager,Entry Level,23,8,0,3,0,5,0,0.375,0.0,0.125,6.0,4.0,1,2.0,1,58.5,32.55,Beginner
CAND_E6C19343,Data Analyst,Junior,28,10,7,7,3,3,4,0.7,0.42857142857142855,0.11764705882352941,24.0,3.0,1,2.0,1,61.0,61.1,Intermediate
CAND_6344C217,Business Analyst,Entry Level,26,10,6,1,1,9,5,0.1,0.16666666666666666,0.0,6.0,2.0,1,4.0,1,57.0,23.6,Beginner
CAND_B701B197,Mobile Developer,Junior,23,10,15,2,2,8,13,0.2,0.13333333333333333,0.16,36.0,6.0,1,2.0,1,68.5,39.16,Beginner
CAND_0A66A48C,Backend Developer,Entry Level,24,10,9,2,2,7,7,0.2222222222222222,0.2222222222222222,0.11764705882352941,6.0,3.0,1,2.0,1,55.0,28.38,Beginner
CAND_2663115E,Full Stack Developer,Entry Level,29,10,9,7,6,3,3,0.7,0.6666666666666666,0.16666666666666666,6.0,4.0,1,2.0,1,67.5,53.29,Intermediate
CAND_D0874F63,Frontend Developer,Entry Level,22,10,10,0,3,10,6,0.0,0.3333333333333333,0.05263157894736842,12.0,5.0,1,1.0,1,60.0,21.62,Beginner
CAND_161097B5,Software Engineer,Fresher,29,10,11,6,4,4,6,0.6,0.4,0.3,0.0,5.0,1,2.0,1,72.5,45.12,Beginner
CAND_B7C1E792,Security Engineer,Junior,23,10,13,2,2,8,9,0.2,0.18181818181818182,0.047619047619047616,24.0,2.0,1,1.0,1,46.5,33.19,Beginner
CAND_AEA7F529,Data Analyst,Junior,25,10,7,6,3,4,4,0.6,0.42857142857142855,0.0,24.0,0.0,0,3.0,1,43.5,51.46,Intermediate
CAND_D4DA0363,Mobile Developer,Junior,27,10,15,2,5,8,10,0.2,0.3333333333333333,0.04,24.0,2.0,1,2.0,1,54.5,36.99,Beginner
CAND_4EB2CE75,Full Stack Developer,Junior,25,10,9,6,4,4,5,0.6,0.4444444444444444,0.2222222222222222,24.0,5.0,1,5.0,1,72.5,65.4,Intermediate
CAND_7DC5C107,Full Stack Developer,Entry Level,28,10,9,7,6,3,3,0.7,0.6666666666666666,0.1111111111111111,12.0,4.0,1,2.0,1,66.0,56.13,Intermediate
CAND_7C57CE4A,Data Engineer,Entry Level,23,10,15,2,4,7,10,0.2222222222222222,0.2857142857142857,0.08695652173913043,12.0,5.0,1,0.0,0,59.5,28.53,Beginner
CAND_631A38C4,UI/UX Designer,Entry Level,22,10,7,0,0,10,7,0.0,0.0,0.0,6.0,3.0,1,1.0,1,50.0,13.25,Beginner
CAND_2DAC8BE3,Data Analyst,Fresher,26,10,7,7,3,3,4,0.7,0.42857142857142855,0.11764705882352941,0.0,3.0,1,0.0,0,54.0,41.75,Beginner
CAND_72272F4D,DevOps Engineer,Fresher,26,10,7,0,2,10,5,0.0,0.2857142857142857,0.11764705882352941,0.0,6.0,1,2.0,1,73.0,17.27,Beginner
CAND_C44F013A,Full Stack Developer,Fresher,26,10,9,6,6,4,3,0.6,0.6666666666666666,0.2777777777777778,0.0,3.0,1,3.0,1,60.0,48.83,Beginner
CAND_AFA648AD,AI ML,Entry Level,33,10,12,8,4,2,7,0.8,0.36363636363636365,0.23809523809523808,6.0,4.0,1,1.0,1,71.5,53.53,Intermediate
CAND_59EDF743,Cloud Engineer,Junior,24,10,7,0,0,10,7,0.0,0.0,0.0,36.0,3.0,1,3.0,1,57.0,28.85,Beginner
CAND_850A9017,AI ML,Entry Level,28,10,12,8,1,2,10,0.8,0.09090909090909091,0.047619047619047616,6.0,1.0,1,1.0,1,49.0,43.49,Beginner
CAND_BD3DF413,Software Engineer,Fresher,24,10,11,6,6,4,4,0.6,0.6,0.25,0.0,4.0,1,4.0,1,64.0,49.95,Beginner
CAND_D9E6E491,Cloud Engineer,Junior,26,10,7,1,1,9,6,0.1,0.14285714285714285,0.058823529411764705,24.0,3.0,1,3.0,1,60.0,35.31,Beginner
CAND_CE370144,UI/UX Designer,Fresher,26,10,7,0,1,10,6,0.0,0.14285714285714285,0.0,0.0,3.0,1,1.0,1,56.0,11.23,Beginner
CAND_FBC21252,Data Engineer,Entry Level,25,10,15,3,7,6,7,0.3333333333333333,0.5,0.17391304347826086,12.0,7.0,1,2.0,1,76.5,41.27,Beginner
CAND_25D27DA1,Data Engineer,Entry Level,22,10,15,2,0,7,14,0.2222222222222222,0.0,0.043478260869565216,12.0,7.0,1,3.0,1,74.0,31.74,Beginner
CAND_1A85A7C0,Full Stack Developer,Junior,23,10,9,8,5,2,4,0.8,0.5555555555555556,0.2222222222222222,24.0,4.0,1,0.0,0,54.5,63.61,Intermediate
CAND_FCCC4541,Software Engineer,Junior,30,10,11,8,4,2,6,0.8,0.4,0.3,24.0,3.0,1,3.0,1,66.0,69.8,Intermediate
CAND_4A4FF588,Full Stack Developer,Entry Level,21,10,9,6,4,4,5,0.6,0.4444444444444444,0.2222222222222222,6.0,4.0,1,1.0,1,53.5,45.2,Beginner
CAND_C3F7D146,System Administrator,Entry Level,23,2,0,0,0,2,0,0.0,0.0,0.0,6.0,6.0,1,2.0,1,68.5,16.18,Beginner
CAND_8BA6698B,Security Engineer,Fresher,23,10,13,2,3,8,8,0.2,0.2727272727272727,0.19047619047619047,0.0,6.0,1,0.0,0,64.5,21.81,Beginner
CAND_1DFBBA32,Cloud Engineer,Fresher,21,10,7,1,0,9,7,0.1,0.0,0.0,0.0,2.0,1,1.0,1,43.5,11.51,Beginner
CAND_54778A77,System Administrator,Fresher,23,2,0,0,0,2,0,0.0,0.0,0.0,0.0,2.0,1,2.0,1,48.5,9.76,Beginner
CAND_C6F1E28D,Full Stack Developer,Entry Level,26,10,9,6,6,4,3,0.6,0.6666666666666666,0.2222222222222222,6.0,5.0,1,0.0,0,64.0,45.95,Beginner
CAND_AD76909E,UI/UX Designer,Entry Level,25,10,7,0,1,10,6,0.0,0.14285714285714285,0.0,12.0,4.0,1,1.0,1,59.5,18.9,Beginner
CAND_8A1F9ECF,Data Engineer,Fresher,26,10,15,3,1,6,13,0.3333333333333333,0.07142857142857142,0.043478260869565216,0.0,2.0,1,2.0,1,53.0,24.68,Beginner
CAND_082ED336,Full Stack Developer,Junior,26,10,9,6,5,4,4,0.6,0.5555555555555556,0.16666666666666666,24.0,4.0,1,1.0,1,61.0,57.11,Intermediate
CAND_D016674D,Business Analyst,Entry Level,21,10,6,2,1,8,5,0.2,0.16666666666666666,0.0625,6.0,4.0,1,3.0,1,57.5,28.23,Beginner
CAND_02C74E78,Software Engineer,Entry Level,25,10,11,5,4,5,6,0.5,0.4,0.25,6.0,2.0,1,1.0,1,49.5,39.31,Beginner
CAND_EAE0BECC,System Administrator,Entry Level,25,2,0,0,0,2,0,0.0,0.0,0.0,6.0,2.0,1,5.0,1,57.5,19.96,Beginner
CAND_99816AD1,Data Scientist,Junior,27,10,9,4,5,6,4,0.4,0.5555555555555556,0.05263157894736842,24.0,3.0,1,3.0,1,61.5,51.42,Intermediate
CAND_62949396,System Administrator,Junior,23,2,0,0,0,2,0,0.0,0.0,0.0,24.0,3.0,1,2.0,1,53.5,26.68,Beginner
CAND_FEB4AE05,Data Scientist,Fresher,24,10,9,3,4,7,5,0.3,0.4444444444444444,0.10526315789473684,0.0,4.0,1,3.0,1,62.0,32.12,Beginner
CAND_1853E650,Frontend Developer,Entry Level,21,10,10,0,0,10,9,0.0,0.0,0.0,12.0,5.0,1,0.0,0,56.5,15.32,Beginner
CAND_44F60CB7,Data Analyst,Fresher,23,10,7,6,3,4,4,0.6,0.42857142857142855,0.11764705882352941,0.0,6.0,1,2.0,1,68.5,42.48,Beginner
CAND_0DAFD125,Data Engineer,Entry Level,22,10,15,4,0,5,14,0.4444444444444444,0.0,0.08695652173913043,12.0,4.0,1,2.0,1,57.0,38.43,Beginner
CAND_E64C188B,Full Stack Developer,Fresher,26,10,9,6,5,4,4,0.6,0.5555555555555556,0.1111111111111111,0.0,2.0,1,0.0,0,49.0,37.01,Beginner
CAND_595C2AC8,Security Engineer,Fresher,22,10,13,0,3,10,8,0.0,0.2727272727272727,0.0,0.0,4.0,1,0.0,0,53.0,10.38,Beginner
CAND_75E6B90C,UI/UX Designer,Fresher,26,10,7,0,1,10,6,0.0,0.14285714285714285,0.0,0.0,2.0,1,4.0,1,57.0,15.61,Beginner
CAND_8F63A39F,Software Engineer,Entry Level,31,10,11,7,4,3,6,0.7,0.4,0.3,6.0,7.0,1,2.0,1,85.5,53.52,Intermediate
CAND_A37C49C7,System Administrator,Fresher,25,2,0,0,0,2,0,0.0,0.0,0.0,0.0,6.0,1,4.0,1,75.5,16.77,Beginner
CAND_299D3456,Software Engineer,Entry Level,31,10,11,7,5,3,5,0.7,0.5,0.15,12.0,1.0,1,1.0,1,53.5,49.09,Beginner
CAND_7C4F5528,Backend Developer,Entry Level,21,10,9,1,1,8,8,0.1111111111111111,0.1111111111111111,0.058823529411764705,12.0,2.0,1,2.0,1,45.5,23.55,Beginner
CAND_3689A4A7,Machine Learning Engineer,Entry Level,21,10,1,2,0,8,1,0.2,0.0,0.18181818181818182,6.0,2.0,1,2.0,1,45.5,24.09,Beginner
CAND_BACAD95B,Machine Learning Engineer,Entry Level,22,10,1,1,0,9,1,0.1,0.0,0.09090909090909091,12.0,4.0,1,2.0,1,57.0,24.71,Beginner
CAND_2A719506,DevOps Engineer,Entry Level,27,10,7,4,0,6,7,0.4,0.0,0.0,6.0,0.0,0,1.0,1,42.5,23.88,Beginner
CAND_DBEA268D,Data Scientist,Entry Level,24,10,9,3,4,7,5,0.3,0.4444444444444444,0.10526315789473684,12.0,2.0,1,2.0,1,50.0,35.36,Beginner
CAND_9A64BE6E,Cloud Engineer,Fresher,25,10,7,1,2,9,5,0.1,0.2857142857142857,0.058823529411764705,0.0,6.0,1,3.0,1,73.5,22.41,Beginner
CAND_7830D44F,Frontend Developer,Fresher,22,10,10,0,1,10,8,0.0,0.1111111111111111,0.0,0.0,4.0,1,2.0,1,57.0,12.96,Beginner
CAND_B67B0ACC,AI ML,Entry Level,30,10,12,8,3,2,8,0.8,0.2727272727272727,0.3333333333333333,6.0,6.0,1,0.0,0,75.0,52.23,Intermediate
CAND_F8026D04,Frontend Developer,Junior,26,10,10,2,1,8,8,0.2,0.1111111111111111,0.10526315789473684,24.0,4.0,1,1.0,1,61.0,35.74,Beginner
CAND_D9208FA7,AI ML,Entry Level,27,10,12,8,2,2,9,0.8,0.18181818181818182,0.19047619047619047,6.0,2.0,1,2.0,1,54.5,50.48,Intermediate
CAND_40F4987B,DevOps Engineer,Entry Level,25,10,7,3,2,7,5,0.3,0.2857142857142857,0.11764705882352941,6.0,4.0,1,2.0,1,61.5,32.45,Beginner
CAND_3427540F,Business Analyst,Entry Level,28,10,6,5,0,5,6,0.5,0.0,0.1875,12.0,6.0,1,3.0,1,78.0,45.21,Beginner
CAND_C8B380E2,QA Engineer,Fresher,23,10,8,1,3,9,5,0.1,0.375,0.1111111111111111,0.0,4.0,1,2.0,1,58.5,21.34,Beginner
CAND_6F2FA867,AI ML,Fresher,32,10,12,8,2,2,9,0.8,0.18181818181818182,0.14285714285714285,0.0,2.0,1,0.0,0,58.0,42.19,Beginner
CAND_653A27F3,UI/UX Designer,Entry Level,27,10,7,0,0,10,7,0.0,0.0,0.0,12.0,3.0,1,2.0,1,59.5,19.48,Beginner
CAND_D77BBAEB,Business Analyst,Junior,24,10,6,3,0,7,6,0.3,0.0,0.125,24.0,4.0,1,1.0,1,58.0,38.77,Beginner
CAND_1A9B814F,Software Engineer,Fresher,28,10,11,5,6,5,4,0.5,0.6,0.25,0.0,7.0,1,3.0,1,83.0,44.9,Beginner
CAND_F4C8ED62,Cloud Engineer,Junior,28,10,7,1,1,9,6,0.1,0.14285714285714285,0.058823529411764705,24.0,3.0,1,2.0,1,61.0,33.36,Beginner
CAND_06C217DB,AI ML,Fresher,27,10,12,8,3,2,8,0.8,0.2727272727272727,0.19047619047619047,0.0,3.0,1,2.0,1,59.5,49.56,Beginner
CAND_2AC7E8B8,Mobile Developer,Entry Level,25,10,15,2,5,8,10,0.2,0.3333333333333333,0.16,6.0,3.0,1,1.0,1,54.5,27.21,Beginner
CAND_FE847F0D,Backend Developer,Entry Level,23,10,9,2,2,7,7,0.2222222222222222,0.2222222222222222,0.058823529411764705,12.0,4.0,1,1.0,1,56.5,29.32,Beginner
CAND_EEC14A23,Data Engineer,Entry Level,24,10,15,4,3,5,11,0.4444444444444444,0.21428571428571427,0.08695652173913043,6.0,4.0,1,1.0,1,58.0,34.87,Beginner
CAND_E00816AF,UI/UX Designer,Entry Level,22,10,7,0,1,10,6,0.0,0.14285714285714285,0.0,6.0,6.0,1,2.0,1,67.0,17.53,Beginner
CAND_5AAC4460,Mobile Developer,Fresher,24,10,15,2,3,8,12,0.2,0.2,0.12,0.0,3.0,1,1.0,1,53.0,21.45,Beginner
CAND_5D3C9A5E,UI/UX Designer,Junior,20,10,7,0,0,10,7,0.0,0.0,0.0,24.0,1.0,1,1.0,1,37.0,20.52,Beginner
CAND_818669A0,Software Engineer,Fresher,28,10,11,6,6,4,4,0.6,0.6,0.25,0.0,3.0,1,3.0,1,63.0,47.9,Beginner
CAND_5DE36AA0,UI/UX Designer,Junior,22,10,7,0,2,10,5,0.0,0.2857142857142857,0.0,24.0,5.0,1,3.0,1,64.0,32.06,Beginner
CAND_130D7903,Software Engineer,Entry Level,29,10,11,6,5,4,5,0.6,0.5,0.15,12.0,6.0,1,1.0,1,75.5,49.52,Beginner
CAND_6BF2BCC8,QA Engineer,Fresher,26,10,8,1,2,9,6,0.1,0.25,0.0,0.0,2.0,1,1.0,1,51.0,14.38,Beginner
CAND_30F4DB84,Mobile Developer,Junior,23,10,15,0,2,10,13,0.0,0.13333333333333333,0.0,24.0,8.0,1,1.0,1,76.5,27.16,Beginner
CAND_68C65C7A,Mobile Developer,Entry Level,26,10,15,1,5,9,10,0.1,0.3333333333333333,0.04,6.0,1.0,1,2.0,1,48.0,19.75,Beginner
CAND_9CEAB68B,Machine Learning Engineer,Entry Level,25,10,1,1,0,9,1,0.1,0.0,0.09090909090909091,12.0,4.0,1,0.0,0,57.5,20.74,Beginner
CAND_95570A97,QA Engineer,Junior,24,10,8,0,3,10,5,0.0,0.375,0.0,36.0,2.0,1,1.0,1,48.0,26.48,Beginner
CAND_740865EB,Backend Developer,Fresher,24,10,9,4,2,5,7,0.4444444444444444,0.2222222222222222,0.058823529411764705,0.0,2.0,1,4.0,1,54.0,34.92,Beginner
CAND_7EECD461,System Administrator,Junior,26,2,0,0,0,2,0,0.0,0.0,0.0,24.0,4.0,1,2.0,1,63.0,27.15,Beginner
CAND_E7232358,Product Manager,Junior,22,8,0,1,0,7,0,0.125,0.0,0.0,24.0,5.0,1,1.0,1,60.0,30.0,Beginner
CAND_8F9BCB84,Machine Learning Engineer,Junior,25,10,1,1,0,9,1,0.1,0.0,0.0,24.0,3.0,1,4.0,1,60.5,35.02,Beginner
CAND_42777FAA,QA Engineer,Junior,24,10,8,0,0,10,8,0.0,0.0,0.0,24.0,0.0,0,4.0,1,44.0,25.2,Beginner
CAND_954C8296,Product Manager,Entry Level,23,8,0,2,0,6,0,0.25,0.0,0.125,6.0,4.0,1,0.0,0,54.5,23.35,Beginner
CAND_524F067D,Frontend Developer,Entry Level,25,10,10,3,3,7,6,0.3,0.3333333333333333,0.05263157894736842,12.0,3.0,1,4.0,1,60.5,39.65,Beginner
CAND_B777C2D3,QA Engineer,Entry Level,26,10,8,0,3,10,5,0.0,0.375,0.1111111111111111,6.0,6.0,1,0.0,0,69.0,17.62,Beginner
CAND_D80422AA,Data Scientist,Entry Level,20,10,9,3,4,7,5,0.3,0.4444444444444444,0.15789473684210525,6.0,4.0,1,1.0,1,52.0,32.16,Beginner
CAND_6428A92D,Frontend Developer,Entry Level,23,10,10,0,2,10,7,0.0,0.2222222222222222,0.05263157894736842,12.0,5.0,1,1.0,1,61.5,20.59,Beginner
CAND_DDBDD3D1,Data Analyst,Entry Level,24,10,7,6,3,4,4,0.6,0.42857142857142855,0.17647058823529413,12.0,5.0,1,1.0,1,63.0,48.58,Beginner
CAND_9A782EC9,Security Engineer,Junior,23,10,13,3,2,7,9,0.3,0.18181818181818182,0.0,36.0,1.0,1,1.0,1,41.5,34.56,Beginner
CAND_68C385C4,Product Manager,Junior,24,8,0,3,0,5,0,0.375,0.0,0.125,36.0,7.0,1,3.0,1,77.0,46.73,Beginner
CAND_BF79D998,DevOps Engineer,Junior,21,10,7,3,2,7,5,0.3,0.2857142857142857,0.058823529411764705,24.0,3.0,1,1.0,1,48.5,40.16,Beginner
CAND_F5D16D81,Data Scientist,Entry Level,23,10,9,3,5,7,4,0.3,0.5555555555555556,0.0,12.0,0.0,0,2.0,1,38.5,30.98,Beginner
CAND_8DA914DD,Mobile Developer,Junior,23,10,15,2,2,8,13,0.2,0.13333333333333333,0.12,24.0,5.0,1,2.0,1,63.5,38.31,Beginner
CAND_236BF282,Mobile Developer,Entry Level,26,10,15,2,2,8,13,0.2,0.13333333333333333,0.08,6.0,5.0,1,1.0,1,66.0,24.58,Beginner
CAND_DE10F152,Full Stack Developer,Entry Level,25,10,9,6,4,4,5,0.6,0.4444444444444444,0.16666666666666666,12.0,4.0,1,2.0,1,61.5,50.52,Intermediate
CAND_28EDDA87,Data Scientist,Junior,25,10,9,3,4,7,5,0.3,0.4444444444444444,0.15789473684210525,36.0,5.0,1,2.0,1,66.5,46.14,Beginner
CAND_2C137307,Backend Developer,Fresher,23,10,9,1,1,8,8,0.1111111111111111,0.1111111111111111,0.058823529411764705,0.0,5.0,1,3.0,1,65.5,20.71,Beginner
CAND_3FE60C6D,Mobile Developer,Entry Level,25,10,15,2,3,8,12,0.2,0.2,0.08,6.0,3.0,1,2.0,1,56.5,26.77,Beginner
CAND_A0BBEC7C,Data Scientist,Fresher,27,10,9,3,5,7,4,0.3,0.5555555555555556,0.21052631578947367,0.0,4.0,1,2.0,1,64.5,32.94,Beginner
CAND_5F87984E,Business Analyst,Fresher,29,10,6,3,1,7,5,0.3,0.16666666666666666,0.0,0.0,0.0,0,1.0,1,45.5,17.94,Beginner
CAND_BFA556F4,Software Engineer,Entry Level,25,10,11,6,5,4,5,0.6,0.5,0.15,12.0,3.0,1,4.0,1,60.5,54.77,Intermediate
CAND_C8E807A9,Full Stack Developer,Junior,25,10,9,7,4,3,5,0.7,0.4444444444444444,0.2777777777777778,36.0,6.0,1,3.0,1,73.5,66.29,Intermediate
CAND_8C18BF69,Data Analyst,Mid Level,25,10,7,5,3,5,4,0.5,0.42857142857142855,0.058823529411764705,48.0,2.0,1,4.0,1,55.5,54.28,Intermediate
CAND_74D97B51,Data Engineer,Junior,26,10,15,3,6,6,8,0.3333333333333333,0.42857142857142855,0.08695652173913043,24.0,3.0,1,1.0,1,56.0,43.72,Beginner
CAND_503C5500,Cloud Engineer,Junior,24,10,7,2,1,8,6,0.2,0.14285714285714285,0.058823529411764705,36.0,5.0,1,2.0,1,65.0,37.56,Beginner
CAND_EF2859C0,Software Engineer,Junior,25,10,11,5,4,5,6,0.5,0.4,0.15,24.0,3.0,1,4.0,1,60.5,57.27,Intermediate
CAND_C6F58961,Data Analyst,Junior,27,10,7,7,3,3,4,0.7,0.42857142857142855,0.23529411764705882,36.0,2.0,1,3.0,1,56.5,62.97,Intermediate
CAND_BF3B0A56,Product Manager,Fresher,26,8,0,4,0,4,0,0.5,0.0,0.0,0.0,0.0,0,4.0,1,47.0,30.35,Beginner
CAND_36253D28,Product Manager,Fresher,22,8,0,0,0,8,0,0.0,0.0,0.0,0.0,2.0,1,1.0,1,45.0,7.58,Beginner
CAND_CCDF64B3,DevOps Engineer,Entry Level,22,10,7,0,1,10,6,0.0,0.14285714285714285,0.0,12.0,2.0,1,0.0,0,43.0,14.41,Beginner
CAND_4977244E,QA Engineer,Fresher,27,10,8,0,2,10,6,0.0,0.25,0.0,0.0,1.0,1,4.0,1,53.5,14.84,Beginner
CAND_B4EB99ED,Data Scientist,Junior,26,10,9,3,4,7,5,0.3,0.4444444444444444,0.2631578947368421,36.0,6.0,1,2.0,1,73.0,48.04,Beginner
CAND_6112B1F5,Full Stack Developer,Entry Level,25,10,9,6,5,4,4,0.6,0.5555555555555556,0.2777777777777778,6.0,5.0,1,4.0,1,70.5,54.0,Intermediate
CAND_76BD7BCF,System Administrator,Entry Level,23,2,0,0,0,2,0,0.0,0.0,0.0,6.0,5.0,1,4.0,1,67.5,20.12,Beginner
CAND_2D25E216,Full Stack Developer,Junior,22,10,9,6,4,4,5,0.6,0.4444444444444444,0.0,36.0,1.0,1,2.0,1,42.0,51.21,Intermediate
CAND_57657A05,DevOps Engineer,Entry Level,27,10,7,2,1,8,6,0.2,0.14285714285714285,0.0,12.0,4.0,1,2.0,1,64.5,29.15,Beginner
CAND_5B56FFAF,Data Scientist,Fresher,24,10,9,3,5,7,4,0.3,0.5555555555555556,0.10526315789473684,0.0,4.0,1,2.0,1,60.0,31.13,Beginner
CAND_AE3958C6,DevOps Engineer,Fresher,27,10,7,3,3,7,4,0.3,0.42857142857142855,0.058823529411764705,0.0,2.0,1,4.0,1,58.5,31.43,Beginner
CAND_96F477BE,Product Manager,Entry Level,24,8,0,1,0,7,0,0.125,0.0,0.0,6.0,2.0,1,1.0,1,48.0,16.48,Beginner
CAND_920BF649,Backend Developer,Entry Level,23,10,9,4,1,5,8,0.4444444444444444,0.1111111111111111,0.0,6.0,1.0,1,2.0,1,43.5,30.48,Beginner
CAND_10363F16,System Administrator,Junior,24,2,0,1,0,1,0,0.5,0.0,0.5,24.0,4.0,1,1.0,1,58.0,52.4,Intermediate
CAND_341E8C82,Software Engineer,Entry Level,26,10,11,4,5,6,5,0.4,0.5,0.1,12.0,1.0,1,3.0,1,50.0,40.17,Beginner
CAND_90FCEE9A,Product Manager,Entry Level,21,8,0,0,0,8,0,0.0,0.0,0.0,6.0,4.0,1,2.0,1,55.5,15.53,Beginner
CAND_C6A2082F,Data Scientist,Entry Level,28,10,9,3,5,7,4,0.3,0.5555555555555556,0.0,6.0,1.0,1,1.0,1,49.0,27.42,Beginner
CAND_D13B579B,Security Engineer,Entry Level,25,10,13,2,5,8,6,0.2,0.45454545454545453,0.19047619047619047,12.0,7.0,1,2.0,1,76.5,35.73,Beginner
CAND_C70FA7E2,Data Scientist,Junior,24,10,9,3,4,7,5,0.3,0.4444444444444444,0.10526315789473684,24.0,1.0,1,1.0,1,43.0,38.84,Beginner
CAND_F2E37711,Full Stack Developer,Entry Level,26,10,9,6,4,4,5,0.6,0.4444444444444444,0.2222222222222222,6.0,2.0,1,1.0,1,51.0,43.41,Beginner
CAND_50D7478E,Data Engineer,Junior,21,10,15,2,3,7,11,0.2222222222222222,0.21428571428571427,0.08695652173913043,24.0,5.0,1,3.0,1,62.5,41.46,Beginner
CAND_051B3F9D,Data Engineer,Entry Level,23,10,15,3,2,6,12,0.3333333333333333,0.14285714285714285,0.08695652173913043,12.0,3.0,1,2.0,1,53.5,35.24,Beginner
CAND_A4E0C066,Software Engineer,Fresher,28,10,11,6,4,4,6,0.6,0.4,0.15,0.0,3.0,1,2.0,1,61.0,42.3,Beginner
CAND_51F10D00,Data Analyst,Junior,26,10,7,6,3,4,4,0.6,0.42857142857142855,0.17647058823529413,24.0,4.0,1,0.0,0,59.0,53.88,Intermediate
CAND_BBC7A4C3,Backend Developer,Entry Level,22,10,9,2,1,7,8,0.2222222222222222,0.1111111111111111,0.058823529411764705,12.0,5.0,1,2.0,1,62.0,30.48,Beginner
CAND_91F3CBE1,QA Engineer,Entry Level,26,10,8,0,4,10,4,0.0,0.5,0.05555555555555555,6.0,3.0,1,1.0,1,56.0,19.38,Beginner
CAND_90E42930,Software Engineer,Mid Level,27,10,11,4,6,6,4,0.4,0.6,0.25,48.0,6.0,1,2.0,1,74.5,53.48,Intermediate
CAND_315C29BA,AI ML,Entry Level,29,10,12,8,2,2,9,0.8,0.18181818181818182,0.23809523809523808,6.0,5.0,1,0.0,0,68.5,49.56,Beginner
CAND_AA96AB27,Security Engineer,Fresher,28,10,13,1,3,9,8,0.1,0.2727272727272727,0.09523809523809523,0.0,3.0,1,2.0,1,61.0,20.21,Beginner
CAND_1845ED8F,Business Analyst,Entry Level,26,10,6,2,0,8,6,0.2,0.0,0.0,6.0,5.0,1,3.0,1,70.0,26.25,Beginner
CAND_FEBE157A,Data Engineer,Fresher,22,10,15,1,2,8,12,0.1111111111111111,0.14285714285714285,0.043478260869565216,0.0,4.0,1,1.0,1,55.0,16.28,Beginner
CAND_526FE73F,Mobile Developer,Junior,26,10,15,2,4,8,11,0.2,0.26666666666666666,0.04,36.0,1.0,1,3.0,1,50.0,36.43,Beginner
CAND_1514E131,System Administrator,Mid Level,23,2,0,0,0,2,0,0.0,0.0,0.0,48.0,4.0,1,4.0,1,62.5,31.12,Beginner
CAND_7499BB01,Data Engineer,Fresher,23,10,15,2,4,7,10,0.2222222222222222,0.2857142857142857,0.0,0.0,0.0,0,1.0,1,36.5,15.57,Beginner
CAND_93F7EBC8,UI/UX Designer,Fresher,26,10,7,0,0,10,7,0.0,0.0,0.0,0.0,6.0,1,2.0,1,73.0,12.65,Beginner
CAND_B3F5B483,Backend Developer,Junior,26,10,9,4,2,5,7,0.4444444444444444,0.2222222222222222,0.11764705882352941,24.0,4.0,1,4.0,1,67.0,53.11,Intermediate
CAND_05AF2864,Mobile Developer,Entry Level,23,10,15,1,3,9,12,0.1,0.2,0.04,6.0,3.0,1,0.0,0,49.5,17.82,Beginner
CAND_F8912667,Frontend Developer,Junior,25,10,10,1,3,9,6,0.1,0.3333333333333333,0.0,24.0,2.0,1,2.0,1,51.5,32.24,Beginner
CAND_1E697FFC,DevOps Engineer,Entry Level,23,10,7,1,2,9,5,0.1,0.2857142857142857,0.058823529411764705,12.0,1.0,1,5.0,1,49.5,29.38,Beginner
CAND_14D95E62,Product Manager,Entry Level,23,8,0,3,0,5,0,0.375,0.0,0.125,6.0,6.0,1,2.0,1,68.5,33.05,Beginner
CAND_43D12948,Frontend Developer,Entry Level,22,10,10,1,0,9,9,0.1,0.0,0.0,6.0,4.0,1,1.0,1,55.0,17.5,Beginner
CAND_08E1EA5C,Business Analyst,Entry Level,21,10,6,2,1,8,5,0.2,0.16666666666666666,0.0625,12.0,1.0,1,2.0,1,40.5,25.8,Beginner
CAND_082EDD19,QA Engineer,Junior,24,10,8,1,2,9,6,0.1,0.25,0.05555555555555555,24.0,5.0,1,2.0,1,65.0,34.58,Beginner
CAND_133637B1,Frontend Developer,Entry Level,22,10,10,0,2,10,7,0.0,0.2222222222222222,0.0,12.0,5.0,1,2.0,1,62.0,21.82,Beginner
CAND_3CA7AE8E,Backend Developer,Entry Level,21,10,9,3,1,6,8,0.3333333333333333,0.1111111111111111,0.058823529411764705,12.0,1.0,1,2.0,1,40.5,30.52,Beginner
CAND_21922715,Machine Learning Engineer,Entry Level,24,10,1,1,0,9,1,0.1,0.0,0.09090909090909091,6.0,1.0,1,2.0,1,45.0,17.03,Beginner
CAND_C73B0F2E,System Administrator,Junior,24,2,0,0,0,2,0,0.0,0.0,0.0,24.0,2.0,1,2.0,1,50.0,24.83,Beginner
CAND_0497CED9,AI ML,Fresher,30,10,12,8,2,2,9,0.8,0.18181818181818182,0.19047619047619047,0.0,4.0,1,2.0,1,69.0,49.13,Beginner
CAND_9CE270C2,Software Engineer,Fresher,28,10,11,6,4,4,6,0.6,0.4,0.15,0.0,4.0,1,1.0,1,64.0,40.45,Beginner
CAND_2F6297A9,System Administrator,Fresher,26,2,0,1,0,1,0,0.5,0.0,0.5,0.0,4.0,1,3.0,1,65.0,41.75,Beginner
CAND_69CEA6AE,Full Stack Developer,Fresher,28,10,9,7,6,3,3,0.7,0.6666666666666666,0.16666666666666666,0.0,2.0,1,0.0,0,52.0,43.1,Beginner
CAND_A0CB4331,Software Engineer,Junior,31,10,11,7,6,3,4,0.7,0.6,0.1,24.0,3.0,1,1.0,1,63.5,60.67,Intermediate
CAND_616A6F64,DevOps Engineer,Entry Level,23,10,7,2,2,8,5,0.2,0.2857142857142857,0.0,12.0,5.0,1,3.0,1,65.5,32.63,Beginner
CAND_A91F8E27,Machine Learning Engineer,Entry Level,26,10,1,1,0,9,1,0.1,0.0,0.0,12.0,2.0,1,3.0,1,55.0,23.58,Beginner
CAND_9351E8BD,Security Engineer,Fresher,23,10,13,1,3,9,8,0.1,0.2727272727272727,0.09523809523809523,0.0,4.0,1,2.0,1,58.5,20.08,Beginner
CAND_FA01F4D2,DevOps Engineer,Entry Level,25,10,7,1,2,9,5,0.1,0.2857142857142857,0.058823529411764705,12.0,3.0,1,3.0,1,58.5,29.16,Beginner
CAND_5265610F,Data Scientist,Entry Level,27,10,9,3,5,7,4,0.3,0.5555555555555556,0.3684210526315789,6.0,8.0,1,1.0,1,82.5,37.96,Beginner
CAND_3CF23556,DevOps Engineer,Fresher,22,10,7,2,0,8,7,0.2,0.0,0.0,0.0,1.0,1,3.0,1,44.0,17.87,Beginner
CAND_6DA095DC,Machine Learning Engineer,Junior,23,10,1,4,0,6,1,0.4,0.0,0.18181818181818182,24.0,5.0,1,3.0,1,65.5,48.0,Beginner
CAND_CFF13EED,Frontend Developer,Entry Level,27,10,10,1,3,9,6,0.1,0.3333333333333333,0.0,6.0,3.0,1,1.0,1,57.5,20.96,Beginner
CAND_3D28B9DF,Data Analyst,Junior,29,10,7,6,3,4,4,0.6,0.42857142857142855,0.11764705882352941,24.0,2.0,1,3.0,1,59.5,57.36,Intermediate
CAND_B22FD50A,Data Engineer,Entry Level,27,10,15,2,0,7,14,0.2222222222222222,0.0,0.08695652173913043,6.0,7.0,1,3.0,1,81.5,29.02,Beginner
CAND_720B7B54,Data Analyst,Junior,28,10,7,6,3,4,4,0.6,0.42857142857142855,0.11764705882352941,36.0,5.0,1,0.0,0,67.0,53.4,Intermediate
CAND_941F8543,Security Engineer,Mid Level,26,10,13,0,3,10,8,0.0,0.2727272727272727,0.047619047619047616,48.0,3.0,1,2.0,1,58.0,30.34,Beginner
CAND_AC937A7D,System Administrator,Junior,23,2,0,0,0,2,0,0.0,0.0,0.0,24.0,4.0,1,3.0,1,60.5,29.02,Beginner
CAND_72878E5F,Data Scientist,Junior,25,10,9,3,5,7,4,0.3,0.5555555555555556,0.15789473684210525,36.0,5.0,1,1.0,1,64.5,45.15,Beginner
CAND_65E4DE44,Software Engineer,Fresher,26,10,11,6,5,4,5,0.6,0.5,0.15,0.0,3.0,1,2.0,1,58.0,43.15,Beginner
CAND_602D01FE,Software Engineer,Entry Level,24,10,11,5,5,5,5,0.5,0.5,0.0,12.0,0.0,0,1.0,1,38.0,36.4,Beginner
CAND_C517FC8A,Software Engineer,Entry Level,27,10,11,6,5,4,5,0.6,0.5,0.0,6.0,0.0,0,2.0,1,44.5,38.98,Beginner
CAND_C8813560,Data Scientist,Fresher,21,10,9,3,4,7,5,0.3,0.4444444444444444,0.15789473684210525,0.0,3.0,1,0.0,0,46.5,26.14,Beginner
CAND_E5F75A40,UI/UX Designer,Fresher,25,10,7,0,1,10,6,0.0,0.14285714285714285,0.0,0.0,2.0,1,2.0,1,51.5,11.34,Beginner
CAND_68184EA4,Full Stack Developer,Junior,27,10,9,6,6,4,3,0.6,0.6666666666666666,0.0,24.0,0.0,0,0.0,0,40.5,47.69,Beginner
CAND_851A473A,Software Engineer,Fresher,28,10,11,6,5,4,5,0.6,0.5,0.3,0.0,6.0,1,2.0,1,76.0,46.3,Beginner
CAND_30A5221E,Product Manager,Entry Level,21,8,0,2,0,6,0,0.25,0.0,0.125,12.0,3.0,1,2.0,1,50.5,30.9,Beginner
CAND_DA274BCA,Product Manager,Fresher,26,8,0,2,0,6,0,0.25,0.0,0.125,0.0,4.0,1,1.0,1,61.0,21.93,Beginner
CAND_BD6F3437,UI/UX Designer,Junior,21,10,7,0,1,10,6,0.0,0.14285714285714285,0.058823529411764705,24.0,7.0,1,4.0,1,74.5,34.04,Beginner
CAND_F609751B,Data Engineer,Fresher,24,10,15,1,1,8,13,0.1111111111111111,0.07142857142857142,0.043478260869565216,0.0,6.0,1,3.0,1,72.0,20.41,Beginner
CAND_015D008F,Business Analyst,Junior,26,10,6,1,1,9,5,0.1,0.16666666666666666,0.0625,24.0,3.0,1,1.0,1,56.0,31.4,Beginner
CAND_74FF5F54,System Administrator,Junior,23,2,0,1,0,1,0,0.5,0.0,0.0,24.0,3.0,1,4.0,1,57.5,50.88,Intermediate
CAND_EFE14757,AI ML,Entry Level,27,10,12,8,1,2,10,0.8,0.09090909090909091,0.19047619047619047,12.0,3.0,1,1.0,1,57.5,53.14,Intermediate
CAND_B1C15B87,Data Scientist,Junior,26,10,9,3,5,7,4,0.3,0.5555555555555556,0.21052631578947367,24.0,4.0,1,2.0,1,63.0,47.86,Beginner
CAND_94856C31,Software Engineer,Fresher,21,10,11,8,4,2,6,0.8,0.4,0.15,0.0,3.0,1,3.0,1,52.5,51.88,Intermediate
CAND_DA17C167,Software Engineer,Entry Level,25,10,11,6,5,4,5,0.6,0.5,0.15,6.0,1.0,1,4.0,1,50.5,47.19,Beginner
CAND_ED636D16,System Administrator,Junior,27,2,0,1,0,1,0,0.5,0.0,0.0,24.0,0.0,0,0.0,0,40.5,37.02,Beginner
CAND_E60C404B,Backend Developer,Entry Level,27,10,9,3,2,6,7,0.3333333333333333,0.2222222222222222,0.0,6.0,5.0,1,3.0,1,71.5,33.88,Beginner
CAND_A5F072FE,Backend Developer,Junior,26,10,9,3,2,6,7,0.3333333333333333,0.2222222222222222,0.058823529411764705,24.0,6.0,1,3.0,1,75.0,46.19,Beginner
CAND_6419D1F8,AI ML,Fresher,29,10,12,8,2,2,9,0.8,0.18181818181818182,0.2857142857142857,0.0,6.0,1,4.0,1,81.5,55.18,Intermediate
CAND_4A2D98CB,DevOps Engineer,Entry Level,23,10,7,3,1,7,6,0.3,0.14285714285714285,0.058823529411764705,6.0,3.0,1,1.0,1,51.5,27.64,Beginner
CAND_024F3AB1,Data Scientist,Entry Level,23,10,9,3,4,7,5,0.3,0.4444444444444444,0.10526315789473684,12.0,1.0,1,3.0,1,45.5,35.47,Beginner
CAND_8873D1B4,Data Analyst,Entry Level,28,10,7,5,3,5,4,0.5,0.42857142857142855,0.11764705882352941,6.0,3.0,1,2.0,1,61.0,41.85,Beginner
CAND_FA9FFFDA,Mobile Developer,Entry Level,24,10,15,1,3,9,12,0.1,0.2,0.0,12.0,1.0,1,2.0,1,45.0,21.42,Beginner
CAND_057CE1A4,DevOps Engineer,Junior,22,10,7,1,0,9,7,0.1,0.0,0.0,36.0,0.0,0,1.0,1,35.0,22.75,Beginner
CAND_C7A1C909,QA Engineer,Fresher,29,10,8,0,1,10,7,0.0,0.125,0.0,0.0,5.0,1,1.0,1,70.5,11.78,Beginner
CAND_F34E67FA,System Administrator,Fresher,20,2,0,0,0,2,0,0.0,0.0,0.0,0.0,6.0,1,3.0,1,66.0,14.3,Beginner
CAND_6DED2402,Frontend Developer,Junior,23,10,10,0,2,10,7,0.0,0.2222222222222222,0.0,36.0,3.0,1,2.0,1,53.5,28.9,Beginner
CAND_D887DFDC,AI ML,Fresher,28,10,12,8,2,2,9,0.8,0.18181818181818182,0.2857142857142857,0.0,7.0,1,0.0,0,77.0,46.95,Beginner
CAND_3424F3FF,Frontend Developer,Junior,23,10,10,0,3,10,6,0.0,0.3333333333333333,0.10526315789473684,24.0,3.0,1,2.0,1,53.5,31.59,Beginner
CAND_515FF0CC,Business Analyst,Entry Level,20,10,6,2,0,8,6,0.2,0.0,0.0625,6.0,3.0,1,3.0,1,51.0,26.24,Beginner
CAND_FD758DAF,Machine Learning Engineer,Entry Level,25,10,1,2,0,8,1,0.2,0.0,0.0,12.0,6.0,1,3.0,1,73.5,30.18,Beginner
CAND_A861AFAB,Data Scientist,Entry Level,25,10,9,4,4,6,5,0.4,0.4444444444444444,0.10526315789473684,6.0,1.0,1,3.0,1,48.5,35.87,Beginner
CAND_1CF55F60,Data Engineer,Fresher,26,10,15,3,2,6,12,0.3333333333333333,0.14285714285714285,0.13043478260869565,0.0,3.0,1,0.0,0,54.0,24.42,Beginner
CAND_668DCB0F,Software Engineer,Fresher,27,10,11,5,6,5,4,0.5,0.6,0.05,0.0,3.0,1,5.0,1,65.5,45.02,Beginner
CAND_1364FA87,Frontend Developer,Entry Level,24,10,10,2,0,8,9,0.2,0.0,0.0,12.0,3.0,1,1.0,1,53.0,25.15,Beginner
CAND_C733DDE0,Frontend Developer,Entry Level,24,10,10,1,3,9,6,0.1,0.3333333333333333,0.15789473684210525,6.0,5.0,1,2.0,1,65.0,25.7,Beginner
CAND_2EA4A8AF,Data Scientist,Entry Level,24,10,9,3,4,7,5,0.3,0.4444444444444444,0.21052631578947367,6.0,5.0,1,0.0,0,61.0,31.4,Beginner
CAND_AB806E89,Machine Learning Engineer,Junior,26,10,1,2,0,8,1,0.2,0.0,0.0,24.0,6.0,1,2.0,1,73.0,35.65,Beginner
CAND_5E46D10B,DevOps Engineer,Entry Level,27,10,7,0,1,10,6,0.0,0.14285714285714285,0.0,6.0,7.0,1,2.0,1,79.5,18.15,Beginner
CAND_9908B926,AI ML,Fresher,29,10,12,8,3,2,8,0.8,0.2727272727272727,0.38095238095238093,0.0,8.0,1,1.0,1,85.5,51.72,Intermediate
CAND_4AC8ECFA,UI/UX Designer,Entry Level,28,10,7,0,1,10,6,0.0,0.14285714285714285,0.0,12.0,4.0,1,2.0,1,66.0,21.23,Beginner
CAND_BCB37128,QA Engineer,Junior,25,10,8,0,2,10,6,0.0,0.25,0.05555555555555555,24.0,4.0,1,2.0,1,61.5,30.41,Beginner
CAND_C21BCA97,QA Engineer,Entry Level,24,10,8,0,2,10,6,0.0,0.25,0.0,6.0,1.0,1,3.0,1,47.0,16.27,Beginner
CAND_E1BCB104,Business Analyst,Fresher,25,10,6,4,0,6,6,0.4,0.0,0.0625,0.0,4.0,1,1.0,1,59.5,26.91,Beginner
CAND_2CDE8CF9,Full Stack Developer,Entry Level,27,10,9,7,5,3,4,0.7,0.5555555555555556,0.16666666666666666,6.0,4.0,1,1.0,1,62.5,49.93,Beginner
CAND_61DB03EC,Software Engineer,Fresher,26,10,11,5,5,5,5,0.5,0.5,0.25,0.0,3.0,1,2.0,1,58.0,40.65,Beginner
CAND_59B9E386,Data Scientist,Entry Level,24,10,9,3,5,7,4,0.3,0.5555555555555556,0.21052631578947367,12.0,5.0,1,3.0,1,67.0,42.56,Beginner
CAND_2FF2D21E,DevOps Engineer,Junior,24,10,7,1,1,9,6,0.1,0.14285714285714285,0.058823529411764705,24.0,4.0,1,3.0,1,62.0,35.41,Beginner
CAND_E6660D16,Software Engineer,Entry Level,28,10,11,5,4,5,6,0.5,0.4,0.15,6.0,6.0,1,0.0,0,72.0,38.6,Beginner
CAND_52D22888,Cloud Engineer,Fresher,23,10,7,1,0,9,7,0.1,0.0,0.058823529411764705,0.0,2.0,1,1.0,1,46.5,12.54,Beginner
CAND_3D42B82A,Software Engineer,Junior,27,10,11,5,5,5,5,0.5,0.5,0.25,24.0,4.0,1,2.0,1,64.5,55.98,Intermediate
CAND_9381D5B6,Data Analyst,Mid Level,27,10,7,6,3,4,4,0.6,0.42857142857142855,0.17647058823529413,48.0,6.0,1,2.0,1,74.5,58.66,Intermediate
CAND_68162DEA,System Administrator,Entry Level,21,2,0,0,0,2,0,0.0,0.0,0.0,12.0,4.0,1,0.0,0,51.5,15.07,Beginner
CAND_E6BF2FF4,Mobile Developer,Fresher,24,10,15,1,2,9,13,0.1,0.13333333333333333,0.08,0.0,5.0,1,1.0,1,63.0,16.68,Beginner
CAND_294B82C4,Product Manager,Junior,23,8,0,0,0,8,0,0.0,0.0,0.0,24.0,5.0,1,2.0,1,63.5,27.18,Beginner
CAND_15BDFCAB,UI/UX Designer,Fresher,29,10,7,0,1,10,6,0.0,0.14285714285714285,0.0,0.0,3.0,1,2.0,1,62.5,13.55,Beginner
CAND_19DB4245,Software Engineer,Junior,24,10,11,6,4,4,6,0.6,0.4,0.15,24.0,4.0,1,1.0,1,58.0,55.15,Intermediate
CAND_7D51AABD,Data Engineer,Entry Level,27,10,15,4,1,5,13,0.4444444444444444,0.07142857142857142,0.13043478260869565,6.0,5.0,1,2.0,1,69.5,36.67,Beginner
CAND_69620724,AI ML,Entry Level,29,10,12,8,2,2,9,0.8,0.18181818181818182,0.0,6.0,1.0,1,3.0,1,54.5,47.96,Beginner
CAND_A406ECFB,Full Stack Developer,Fresher,29,10,9,5,4,5,5,0.5,0.4444444444444444,0.16666666666666666,0.0,2.0,1,2.0,1,57.5,37.15,Beginner
CAND_1FDE2082,Data Analyst,Junior,26,10,7,6,3,4,4,0.6,0.42857142857142855,0.11764705882352941,36.0,4.0,1,2.0,1,63.0,57.2,Intermediate
CAND_08C635C6,Data Engineer,Entry Level,26,10,15,2,5,7,9,0.2222222222222222,0.35714285714285715,0.08695652173913043,6.0,3.0,1,3.0,1,60.0,31.51,Beginner
CAND_D288575C,QA Engineer,Fresher,23,10,8,0,0,10,8,0.0,0.0,0.0,0.0,1.0,1,3.0,1,45.5,9.94,Beginner
CAND_6C21118A,QA Engineer,Entry Level,26,10,8,0,3,10,5,0.0,0.375,0.05555555555555555,12.0,1.0,1,3.0,1,50.0,22.25,Beginner
CAND_A5CE7BF4,System Administrator,Fresher,25,2,0,0,0,2,0,0.0,0.0,0.0,0.0,3.0,1,2.0,1,56.5,11.82,Beginner
CAND_524187DF,Cloud Engineer,Junior,24,10,7,2,2,8,5,0.2,0.2857142857142857,0.058823529411764705,36.0,5.0,1,4.0,1,69.0,43.19,Beginner
CAND_CF3F4F26,Business Analyst,Mid Level,25,10,6,5,1,5,5,0.5,0.16666666666666666,0.1875,48.0,5.0,1,2.0,1,66.5,51.8,Intermediate
CAND_47344BFE,Full Stack Developer,Fresher,22,10,9,5,5,5,4,0.5,0.5555555555555556,0.1111111111111111,0.0,4.0,1,0.0,0,53.0,34.87,Beginner
CAND_22E3C16E,UI/UX Designer,Entry Level,22,10,7,0,0,10,7,0.0,0.0,0.0,6.0,3.0,1,1.0,1,50.0,13.25,Beginner
CAND_5F469534,Data Scientist,Entry Level,24,10,9,3,4,7,5,0.3,0.4444444444444444,0.10526315789473684,12.0,5.0,1,5.0,1,71.0,44.07,Beginner
CAND_2A94E643,System Administrator,Entry Level,24,2,0,0,0,2,0,0.0,0.0,0.0,12.0,4.0,1,3.0,1,62.0,21.6,Beginner
CAND_620069F1,Data Scientist,Junior,24,10,9,3,5,7,4,0.3,0.5555555555555556,0.10526315789473684,36.0,2.0,1,3.0,1,52.0,46.07,Beginner
CAND_A702C5B5,Mobile Developer,Fresher,23,10,15,2,1,8,14,0.2,0.06666666666666667,0.04,0.0,2.0,1,0.0,0,44.5,14.82,Beginner
CAND_79BCE495,System Administrator,Fresher,27,2,0,1,0,1,0,0.5,0.0,0.5,0.0,3.0,1,1.0,1,57.5,37.38,Beginner
CAND_0A6E98B0,Full Stack Developer,Fresher,23,10,9,5,4,5,5,0.5,0.4444444444444444,0.16666666666666666,0.0,1.0,1,1.0,1,41.5,32.69,Beginner
CAND_2AC0CD58,Machine Learning Engineer,Fresher,27,10,1,4,0,6,1,0.4,0.0,0.09090909090909091,0.0,1.0,1,2.0,1,49.5,25.51,Beginner
CAND_8DCFE36D,Frontend Developer,Fresher,22,10,10,0,3,10,6,0.0,0.3333333333333333,0.0,0.0,1.0,1,1.0,1,40.0,9.0,Beginner
CAND_E02602C8,Security Engineer,Entry Level,26,10,13,1,6,9,5,0.1,0.5454545454545454,0.047619047619047616,12.0,2.0,1,1.0,1,51.0,25.55,Beginner
CAND_17C23058,Data Analyst,Fresher,28,10,7,7,3,3,4,0.7,0.42857142857142855,0.23529411764705882,0.0,7.0,1,1.0,1,79.0,46.77,Beginner
CAND_D2786E9A,System Administrator,Entry Level,21,2,0,0,0,2,0,0.0,0.0,0.0,6.0,4.0,1,0.0,0,51.5,11.32,Beginner
CAND_40141A12,Machine Learning Engineer,Junior,24,10,1,1,0,9,1,0.1,0.0,0.09090909090909091,24.0,3.0,1,2.0,1,55.0,32.11,Beginner
CAND_94EB7924,Data Scientist,Junior,29,10,9,4,4,6,5,0.4,0.4444444444444444,0.0,36.0,0.0,0,3.0,1,49.5,43.92,Beginner
CAND_255788C6,Cloud Engineer,Fresher,25,10,7,1,1,9,6,0.1,0.14285714285714285,0.058823529411764705,0.0,3.0,1,3.0,1,58.5,20.24,Beginner
CAND_EEDA574B,AI ML,Entry Level,30,10,12,8,2,2,9,0.8,0.18181818181818182,0.09523809523809523,6.0,3.0,1,2.0,1,64.0,51.2,Intermediate
CAND_B0FCB3F9,Frontend Developer,Junior,28,10,10,1,1,9,8,0.1,0.1111111111111111,0.05263157894736842,36.0,3.0,1,1.0,1,59.0,30.85,Beginner
CAND_F8E1225E,Machine Learning Engineer,Entry Level,24,10,1,3,0,7,1,0.3,0.0,0.18181818181818182,6.0,6.0,1,2.0,1,70.0,30.98,Beginner
CAND_4EDAA23B,QA Engineer,Entry Level,24,10,8,0,2,10,6,0.0,0.25,0.0,6.0,4.0,1,3.0,1,62.0,20.35,Beginner
CAND_94586652,Security Engineer,Entry Level,24,10,13,2,5,8,6,0.2,0.45454545454545453,0.047619047619047616,6.0,1.0,1,2.0,1,45.0,24.93,Beginner
CAND_528C4E5B,Mobile Developer,Junior,25,10,15,2,6,8,9,0.2,0.4,0.0,36.0,1.0,1,3.0,1,48.5,37.09,Beginner
CAND_2B7A1FFB,Data Analyst,Junior,27,10,7,6,3,4,4,0.6,0.42857142857142855,0.17647058823529413,36.0,4.0,1,2.0,1,64.5,58.16,Intermediate
CAND_F4B75389,QA Engineer,Entry Level,24,10,8,0,1,10,7,0.0,0.125,0.0,6.0,4.0,1,1.0,1,58.0,14.9,Beginner
CAND_4B37CB9C,Mobile Developer,Entry Level,23,10,15,2,3,8,12,0.2,0.2,0.0,12.0,1.0,1,1.0,1,41.5,23.24,Beginner
CAND_364D2919,Frontend Developer,Junior,21,10,10,1,3,9,6,0.1,0.3333333333333333,0.10526315789473684,24.0,7.0,1,2.0,1,70.5,36.44,Beginner
CAND_FFAF2AA4,Cloud Engineer,Junior,20,10,7,0,2,10,5,0.0,0.2857142857142857,0.0,24.0,2.0,1,2.0,1,44.0,27.39,Beginner
CAND_ED502398,Software Engineer,Entry Level,26,10,11,5,4,5,6,0.5,0.4,0.15,12.0,2.0,1,4.0,1,57.0,47.93,Beginner
CAND_0FEEEC7E,QA Engineer,Mid Level,25,10,8,1,1,9,7,0.1,0.125,0.05555555555555555,48.0,4.0,1,3.0,1,63.5,35.26,Beginner
CAND_80573D54,Data Scientist,Entry Level,24,10,9,3,4,7,5,0.3,0.4444444444444444,0.15789473684210525,12.0,4.0,1,2.0,1,60.0,38.31,Beginner
CAND_CBD8B622,Backend Developer,Fresher,23,10,9,1,1,8,8,0.1111111111111111,0.1111111111111111,0.058823529411764705,0.0,2.0,1,3.0,1,50.5,18.3,Beginner
CAND_3552F57C,Machine Learning Engineer,Junior,24,10,1,1,0,9,1,0.1,0.0,0.09090909090909091,36.0,4.0,1,5.0,1,66.0,38.66,Beginner
CAND_58236526,Product Manager,Fresher,21,8,0,2,0,6,0,0.25,0.0,0.125,0.0,6.0,1,4.0,1,69.5,28.35,Beginner
CAND_242CEE98,Software Engineer,Fresher,26,10,11,7,4,3,6,0.7,0.4,0.0,0.0,0.0,0,0.0,0,39.0,33.95,Beginner
CAND_F80C7D7F,Business Analyst,Fresher,24,10,6,0,1,10,5,0.0,0.16666666666666666,0.0625,0.0,4.0,1,3.0,1,62.0,16.7,Beginner
CAND_EDCCD558,DevOps Engineer,Entry Level,26,10,7,3,2,7,5,0.3,0.2857142857142857,0.0,6.0,0.0,0,1.0,1,41.0,22.66,Beginner
CAND_A55CB945,Machine Learning Engineer,Junior,23,10,1,2,0,8,1,0.2,0.0,0.09090909090909091,24.0,3.0,1,2.0,1,53.5,36.04,Beginner
CAND_6158EDE8,Frontend Developer,Entry Level,24,10,10,2,2,8,7,0.2,0.2222222222222222,0.0,6.0,4.0,1,1.0,1,58.0,23.87,Beginner
CAND_A209E4CF,Backend Developer,Entry Level,22,10,9,4,2,5,7,0.4444444444444444,0.2222222222222222,0.23529411764705882,6.0,2.0,1,1.0,1,45.0,34.86,Beginner
CAND_5BA74559,Software Engineer,Fresher,25,10,11,6,5,4,5,0.6,0.5,0.2,0.0,4.0,1,1.0,1,59.5,41.98,Beginner
CAND_04FD2748,Cloud Engineer,Junior,24,10,7,4,0,6,7,0.4,0.0,0.0,36.0,0.0,0,0.0,0,36.0,32.8,Beginner
CAND_02E55253,Security Engineer,Fresher,26,10,13,1,4,9,7,0.1,0.36363636363636365,0.09523809523809523,0.0,7.0,1,0.0,0,74.0,17.76,Beginner
CAND_F5468A70,UI/UX Designer,Entry Level,25,10,7,0,1,10,6,0.0,0.14285714285714285,0.0,12.0,7.0,1,1.0,1,74.5,19.65,Beginner
CAND_54D27AB1,DevOps Engineer,Entry Level,22,10,7,4,0,6,7,0.4,0.0,0.058823529411764705,6.0,3.0,1,2.0,1,52.0,32.23,Beginner
CAND_8E73B0B4,Product Manager,Fresher,27,8,0,1,0,7,0,0.125,0.0,0.0,0.0,6.0,1,2.0,1,74.5,17.73,Beginner
CAND_27ED24C9,Machine Learning Engineer,Entry Level,23,10,1,2,0,8,1,0.2,0.0,0.09090909090909091,6.0,2.0,1,3.0,1,50.5,24.97,Beginner
CAND_A1ACB644,Machine Learning Engineer,Entry Level,24,10,1,2,0,8,1,0.2,0.0,0.09090909090909091,6.0,4.0,1,4.0,1,64.0,29.31,Beginner
CAND_B8AC8467,Cloud Engineer,Fresher,28,10,7,2,1,8,6,0.2,0.14285714285714285,0.11764705882352941,0.0,4.0,1,0.0,0,62.0,19.29,Beginner
CAND_B788ED24,Data Analyst,Entry Level,29,10,7,6,3,4,4,0.6,0.42857142857142855,0.17647058823529413,6.0,3.0,1,3.0,1,64.5,48.91,Beginner
CAND_021D3C94,Machine Learning Engineer,Fresher,22,10,1,1,0,9,1,0.1,0.0,0.09090909090909091,0.0,4.0,1,1.0,1,55.0,15.11,Beginner
CAND_A53B0E11,Cloud Engineer,Mid Level,26,10,7,4,0,6,7,0.4,0.0,0.11764705882352941,48.0,7.0,1,1.0,1,76.0,43.56,Beginner
CAND_96C5E9B0,Data Engineer,Entry Level,25,10,15,2,1,7,13,0.2222222222222222,0.07142857142857142,0.08695652173913043,6.0,4.0,1,1.0,1,59.5,24.63,Beginner
CAND_BC0E27BA,Business Analyst,Fresher,25,10,6,3,0,7,6,0.3,0.0,0.0625,0.0,6.0,1,1.0,1,69.5,23.41,Beginner
CAND_985C2068,Data Scientist,Junior,28,10,9,4,6,6,3,0.4,0.6666666666666666,0.3157894736842105,36.0,5.0,1,3.0,1,73.0,57.05,Intermediate
CAND_21A69186,Security Engineer,Fresher,27,10,13,1,2,9,9,0.1,0.18181818181818182,0.0,0.0,1.0,1,0.0,0,45.5,9.76,Beginner
CAND_E122E9B8,Cloud Engineer,Fresher,25,10,7,2,1,8,6,0.2,0.14285714285714285,0.11764705882352941,0.0,6.0,1,1.0,1,69.5,21.67,Beginner
CAND_55F80A1F,Software Engineer,Junior,27,10,11,6,5,4,5,0.6,0.5,0.2,36.0,1.0,1,3.0,1,51.5,57.24,Intermediate
CAND_D617CED8,Backend Developer,Fresher,24,10,9,4,2,5,7,0.4444444444444444,0.2222222222222222,0.0,0.0,0.0,0,1.0,1,38.0,23.9,Beginner
CAND_CC12CF2A,UI/UX Designer,Entry Level,23,10,7,0,1,10,6,0.0,0.14285714285714285,0.0,6.0,4.0,1,1.0,1,56.5,15.0,Beginner
CAND_0630889B,QA Engineer,Entry Level,26,10,8,1,3,9,5,0.1,0.375,0.0,6.0,6.0,1,2.0,1,73.0,24.15,Beginner
CAND_BC741150,DevOps Engineer,Entry Level,24,10,7,1,1,9,6,0.1,0.14285714285714285,0.0,12.0,2.0,1,1.0,1,48.0,20.66,Beginner
CAND_053A8A62,Software Engineer,Fresher,26,10,11,5,4,5,6,0.5,0.4,0.25,0.0,5.0,1,1.0,1,66.0,38.05,Beginner
CAND_6950EA7C,Frontend Developer,Entry Level,23,10,10,2,0,8,9,0.2,0.0,0.0,12.0,3.0,1,3.0,1,55.5,29.27,Beginner
CAND_B7ACEFB5,Data Analyst,Fresher,27,10,7,5,3,5,4,0.5,0.42857142857142855,0.058823529411764705,0.0,3.0,1,4.0,1,63.5,41.34,Beginner
CAND_329CC642,Backend Developer,Fresher,20,10,9,3,1,6,8,0.3333333333333333,0.1111111111111111,0.058823529411764705,0.0,2.0,1,1.0,1,42.0,22.76,Beginner
CAND_3DF7B212,Machine Learning Engineer,Junior,23,10,1,1,0,9,1,0.1,0.0,0.09090909090909091,24.0,4.0,1,3.0,1,60.5,34.39,Beginner
CAND_44536D15,Business Analyst,Junior,27,10,6,2,1,8,5,0.2,0.16666666666666666,0.125,24.0,5.0,1,1.0,1,67.5,36.92,Beginner
CAND_755441DD,System Administrator,Fresher,27,2,0,1,0,1,0,0.5,0.0,0.5,0.0,6.0,1,4.0,1,78.5,44.42,Beginner
CAND_AF6BFEE1,Frontend Developer,Entry Level,25,10,10,1,1,9,8,0.1,0.1111111111111111,0.0,6.0,3.0,1,0.0,0,52.5,16.49,Beginner
CAND_838E2696,Data Analyst,Entry Level,23,10,7,5,3,5,4,0.5,0.42857142857142855,0.17647058823529413,6.0,3.0,1,3.0,1,55.5,44.46,Beginner
CAND_F2735A3E,Software Engineer,Fresher,24,10,11,5,5,5,5,0.5,0.5,0.15,0.0,3.0,1,2.0,1,55.0,39.0,Beginner
CAND_C5EBB831,Cloud Engineer,Entry Level,23,10,7,1,2,9,5,0.1,0.2857142857142857,0.0,6.0,6.0,1,3.0,1,70.5,25.13,Beginner
CAND_8B8160BE,Product Manager,Entry Level,25,8,0,2,0,6,0,0.25,0.0,0.25,12.0,2.0,1,2.0,1,51.5,31.16,Beginner
CAND_B041F117,System Administrator,Fresher,25,2,0,0,0,2,0,0.0,0.0,0.0,0.0,4.0,1,1.0,1,59.5,9.97,Beginner
CAND_552B15F8,Data Engineer,Junior,23,10,15,2,4,7,10,0.2222222222222222,0.2857142857142857,0.043478260869565216,24.0,1.0,1,2.0,1,43.5,35.24,Beginner
CAND_B52FA4A6,System Administrator,Fresher,27,2,0,0,0,2,0,0.0,0.0,0.0,0.0,1.0,1,3.0,1,51.5,10.24,Beginner
CAND_3F21C0B3,Data Engineer,Entry Level,26,10,15,2,3,7,11,0.2222222222222222,0.21428571428571427,0.043478260869565216,12.0,3.0,1,1.0,1,56.0,28.98,Beginner
CAND_DBC44A5D,Product Manager,Entry Level,23,8,0,0,0,8,0,0.0,0.0,0.0,6.0,5.0,1,2.0,1,63.5,15.93,Beginner
CAND_D80283CB,Cloud Engineer,Fresher,25,10,7,1,0,9,7,0.1,0.0,0.0,0.0,3.0,1,5.0,1,62.5,22.12,Beginner
CAND_970095ED,Full Stack Developer,Entry Level,27,10,9,7,4,3,5,0.7,0.4444444444444444,0.1111111111111111,12.0,1.0,1,2.0,1,49.5,49.75,Beginner
CAND_A819B9D4,Cloud Engineer,Mid Level,23,10,7,3,0,7,7,0.3,0.0,0.058823529411764705,48.0,1.0,1,1.0,1,41.5,33.62,Beginner
CAND_F343183F,Product Manager,Fresher,29,8,0,1,0,7,0,0.125,0.0,0.0,0.0,3.0,1,1.0,1,60.5,15.03,Beginner
CAND_E5F46640,Data Engineer,Fresher,25,10,15,1,2,8,12,0.1111111111111111,0.14285714285714285,0.0,0.0,2.0,1,3.0,1,53.5,17.88,Beginner
CAND_D56BB3E5,Full Stack Developer,Fresher,30,10,9,5,6,5,3,0.5,0.6666666666666666,0.0,0.0,3.0,1,1.0,1,62.0,36.77,Beginner
CAND_C4A34059,Machine Learning Engineer,Junior,30,10,1,1,0,9,1,0.1,0.0,0.0,24.0,1.0,1,1.0,1,52.0,25.27,Beginner
CAND_52FD9BAE,Frontend Developer,Entry Level,23,10,10,1,2,9,7,0.1,0.2222222222222222,0.10526315789473684,6.0,5.0,1,3.0,1,65.5,25.83,Beginner
CAND_0B5BBDE7,Frontend Developer,Entry Level,25,10,10,3,0,7,9,0.3,0.0,0.0,6.0,2.0,1,2.0,1,51.5,25.66,Beginner
CAND_C8E9EAE5,DevOps Engineer,Mid Level,26,10,7,1,4,9,3,0.1,0.5714285714285714,0.058823529411764705,48.0,6.0,1,2.0,1,73.0,38.25,Beginner
CAND_BAFBE51D,UI/UX Designer,Fresher,23,10,7,0,1,10,6,0.0,0.14285714285714285,0.0,0.0,1.0,1,3.0,1,45.5,11.37,Beginner
CAND_1B1A7AED,UI/UX Designer,Fresher,26,10,7,0,2,10,5,0.0,0.2857142857142857,0.058823529411764705,0.0,8.0,1,2.0,1,83.0,16.89,Beginner
CAND_E4AACBF2,Backend Developer,Junior,23,10,9,5,2,4,7,0.5555555555555556,0.2222222222222222,0.0,36.0,0.0,0,4.0,1,42.5,49.57,Beginner
CAND_DED5B4C2,AI ML,Entry Level,31,10,12,8,3,2,8,0.8,0.2727272727272727,0.14285714285714285,12.0,3.0,1,2.0,1,65.5,56.65,Intermediate
CAND_3F2F16E2,Backend Developer,Entry Level,27,10,9,4,0,5,9,0.4444444444444444,0.0,0.058823529411764705,6.0,3.0,1,3.0,1,61.5,36.49,Beginner
CAND_CFB683E3,Mobile Developer,Fresher,27,10,15,3,4,7,11,0.3,0.26666666666666666,0.08,0.0,3.0,1,3.0,1,61.5,29.94,Beginner
CAND_4AB498F4,Mobile Developer,Entry Level,26,10,15,3,2,7,13,0.3,0.13333333333333333,0.04,12.0,1.0,1,3.0,1,50.0,31.6,Beginner
CAND_3F629188,Machine Learning Engineer,Fresher,24,10,1,4,0,6,1,0.4,0.0,0.36363636363636365,0.0,5.0,1,3.0,1,67.0,35.8,Beginner
CAND_D77C3DE8,Mobile Developer,Entry Level,26,10,15,4,1,6,14,0.4,0.06666666666666667,0.2,12.0,8.0,1,2.0,1,83.0,40.32,Beginner
CAND_F50B7C44,Data Scientist,Entry Level,22,10,9,3,4,7,5,0.3,0.4444444444444444,0.0,12.0,0.0,0,2.0,1,37.0,29.79,Beginner
CAND_44359DC7,Software Engineer,Fresher,29,10,11,5,7,5,3,0.5,0.7,0.05,0.0,2.0,1,1.0,1,55.5,35.86,Beginner
CAND_BF0AE0A2,Mobile Developer,Entry Level,24,10,15,0,3,10,12,0.0,0.2,0.04,6.0,5.0,1,1.0,1,63.0,16.5,Beginner
CAND_9B50AF4D,Data Scientist,Entry Level,28,10,9,4,5,6,4,0.4,0.5555555555555556,0.21052631578947367,12.0,7.0,1,2.0,1,81.0,45.26,Beginner
CAND_F6CA7B94,Frontend Developer,Entry Level,25,10,10,2,1,8,8,0.2,0.1111111111111111,0.05263157894736842,12.0,1.0,1,2.0,1,46.5,25.39,Beginner
CAND_9233FA45,Cloud Engineer,Entry Level,25,10,7,2,1,8,6,0.2,0.14285714285714285,0.058823529411764705,6.0,5.0,1,1.0,1,64.5,24.29,Beginner
CAND_EB3F3A5E,Machine Learning Engineer,Entry Level,25,10,1,3,0,7,1,0.3,0.0,0.18181818181818182,12.0,5.0,1,4.0,1,70.5,38.75,Beginner
CAND_59F7C146,Machine Learning Engineer,Entry Level,28,10,1,3,0,7,1,0.3,0.0,0.09090909090909091,6.0,1.0,1,1.0,1,49.0,23.23,Beginner
CAND_C620F2CD,Full Stack Developer,Entry Level,25,10,9,6,6,4,3,0.6,0.6666666666666666,0.2777777777777778,6.0,6.0,1,1.0,1,69.5,49.06,Beginner
CAND_D24B2630,System Administrator,Entry Level,22,2,0,0,0,2,0,0.0,0.0,0.0,6.0,6.0,1,3.0,1,69.0,18.2,Beginner
CAND_7FC258A2,Business Analyst,Entry Level,24,10,6,1,2,9,4,0.1,0.3333333333333333,0.0,6.0,0.0,0,2.0,1,40.0,17.08,Beginner
CAND_BD629CC7,Frontend Developer,Entry Level,26,10,10,3,3,7,6,0.3,0.3333333333333333,0.05263157894736842,12.0,2.0,1,2.0,1,53.0,33.61,Beginner
CAND_D564BE83,QA Engineer,Entry Level,21,10,8,1,1,9,7,0.1,0.125,0.0,6.0,4.0,1,1.0,1,53.5,18.68,Beginner
CAND_21CA8823,Machine Learning Engineer,Junior,24,10,1,3,0,7,1,0.3,0.0,0.18181818181818182,24.0,4.0,1,1.0,1,58.0,39.63,Beginner
CAND_7D758D07,Backend Developer,Fresher,25,10,9,3,1,6,8,0.3333333333333333,0.1111111111111111,0.058823529411764705,0.0,3.0,1,4.0,1,60.5,31.35,Beginner
CAND_4DB82579,Backend Developer,Fresher,24,10,9,4,3,5,6,0.4444444444444444,0.3333333333333333,0.11764705882352941,0.0,1.0,1,2.0,1,45.0,30.79,Beginner
CAND_F136A48D,Software Engineer,Fresher,28,10,11,4,5,6,5,0.4,0.5,0.15,0.0,3.0,1,4.0,1,65.0,39.5,Beginner
CAND_D1BCA24D,Frontend Developer,Entry Level,28,10,10,3,2,7,7,0.3,0.2222222222222222,0.05263157894736842,6.0,5.0,1,3.0,1,73.0,33.41,Beginner
CAND_59F03DBD,Cloud Engineer,Junior,24,10,7,3,0,7,7,0.3,0.0,0.11764705882352941,36.0,2.0,1,2.0,1,50.0,38.6,Beginner
CAND_CC18EBAB,Mobile Developer,Fresher,21,10,15,3,3,7,12,0.3,0.2,0.16,0.0,4.0,1,4.0,1,59.5,32.38,Beginner
CAND_A2E95EC7,Software Engineer,Junior,31,10,11,5,4,5,6,0.5,0.4,0.0,36.0,0.0,0,2.0,1,50.5,45.52,Beginner
CAND_E5936F16,Full Stack Developer,Entry Level,27,10,9,6,6,4,3,0.6,0.6666666666666666,0.2222222222222222,6.0,6.0,1,2.0,1,74.5,50.48,Intermediate
CAND_77E9FB39,DevOps Engineer,Junior,22,10,7,1,0,9,7,0.1,0.0,0.0,24.0,1.0,1,2.0,1,42.0,26.77,Beginner
CAND_64908BDD,Machine Learning Engineer,Junior,20,10,1,3,0,7,1,0.3,0.0,0.09090909090909091,24.0,3.0,1,0.0,0,45.0,35.61,Beginner
CAND_FB8F3D56,Software Engineer,Entry Level,26,10,11,6,4,4,6,0.6,0.4,0.15,6.0,3.0,1,1.0,1,56.0,43.8,Beginner
CAND_A1073639,DevOps Engineer,Entry Level,23,10,7,1,2,9,5,0.1,0.2857142857142857,0.058823529411764705,6.0,4.0,1,3.0,1,60.5,25.51,Beginner
CAND_6B0F9460,Data Scientist,Entry Level,26,10,9,3,5,7,4,0.3,0.5555555555555556,0.10526315789473684,6.0,4.0,1,3.0,1,65.0,37.13,Beginner
CAND_D10382D2,Software Engineer,Entry Level,27,10,11,5,6,5,4,0.5,0.6,0.15,6.0,2.0,1,3.0,1,56.5,44.16,Beginner
CAND_76AD82C4,Product Manager,Fresher,25,8,0,2,0,6,0,0.25,0.0,0.0,0.0,1.0,1,2.0,1,46.5,17.99,Beginner
CAND_70CF790D,Product Manager,Junior,22,8,0,0,0,8,0,0.0,0.0,0.0,24.0,1.0,1,1.0,1,40.0,20.67,Beginner
CAND_1FF0F88A,Business Analyst,Fresher,25,10,6,0,0,10,6,0.0,0.0,0.0,0.0,5.0,1,2.0,1,66.5,12.32,Beginner
CAND_1D994B65,Backend Developer,Entry Level,24,10,9,4,1,5,8,0.4444444444444444,0.1111111111111111,0.17647058823529413,6.0,1.0,1,3.0,1,47.0,35.3,Beginner
CAND_6F1BCC31,Data Engineer,Junior,23,10,15,1,4,8,10,0.1111111111111111,0.2857142857142857,0.08695652173913043,24.0,5.0,1,3.0,1,65.5,37.88,Beginner
CAND_4442562D,Mobile Developer,Entry Level,23,10,15,0,2,10,13,0.0,0.13333333333333333,0.0,6.0,4.0,1,1.0,1,56.5,14.91,Beginner
CAND_69513DC1,AI ML,Junior,32,10,12,8,2,2,9,0.8,0.18181818181818182,0.3333333333333333,24.0,4.0,1,0.0,0,68.0,62.22,Intermediate
CAND_36394A2D,Backend Developer,Entry Level,25,10,9,3,2,6,7,0.3333333333333333,0.2222222222222222,0.058823529411764705,12.0,5.0,1,1.0,1,64.5,34.16,Beginner
CAND_49BC2B31,Frontend Developer,Fresher,22,10,10,1,1,9,8,0.1,0.1111111111111111,0.0,0.0,3.0,1,0.0,0,48.0,12.51,Beginner
CAND_9DCBD213,UI/UX Designer,Fresher,24,10,7,0,1,10,6,0.0,0.14285714285714285,0.0,0.0,6.0,1,0.0,0,66.0,9.73,Beginner
CAND_68EBE37A,UI/UX Designer,Fresher,25,10,7,0,0,10,7,0.0,0.0,0.0,0.0,4.0,1,2.0,1,61.5,12.07,Beginner
CAND_BA892CE4,QA Engineer,Junior,28,10,8,0,1,10,7,0.0,0.125,0.0,24.0,2.0,1,2.0,1,56.0,26.38,Beginner
CAND_B129708E,Mobile Developer,Entry Level,24,10,15,2,3,8,12,0.2,0.2,0.08,12.0,4.0,1,2.0,1,60.0,30.7,Beginner
CAND_5523568B,Data Engineer,Fresher,23,10,15,3,6,6,8,0.3333333333333333,0.42857142857142855,0.0,0.0,0.0,0,3.0,1,40.5,25.64,Beginner
CAND_EC8D6E39,Business Analyst,Junior,25,10,6,3,1,7,5,0.3,0.16666666666666666,0.0625,24.0,2.0,1,2.0,1,51.5,39.51,Beginner
CAND_BD90A611,Full Stack Developer,Entry Level,28,10,9,7,4,3,5,0.7,0.4444444444444444,0.0,12.0,2.0,1,1.0,1,54.0,47.98,Beginner
CAND_FDF57EAA,Data Analyst,Entry Level,27,10,7,5,3,5,4,0.5,0.42857142857142855,0.11764705882352941,12.0,3.0,1,2.0,1,59.5,45.53,Beginner
CAND_C443DBE6,Cloud Engineer,Entry Level,24,10,7,2,1,8,6,0.2,0.14285714285714285,0.0,6.0,3.0,1,4.0,1,59.0,29.13,Beginner
CAND_3D3574FA,Backend Developer,Entry Level,23,10,9,3,1,6,8,0.3333333333333333,0.1111111111111111,0.11764705882352941,12.0,1.0,1,2.0,1,43.5,31.55,Beginner
CAND_CF6375AC,AI ML,Fresher,26,10,12,8,3,2,8,0.8,0.2727272727272727,0.0,0.0,1.0,1,0.0,0,44.0,38.59,Beginner
CAND_A623D52E,System Administrator,Entry Level,25,2,0,0,0,2,0,0.0,0.0,0.0,12.0,0.0,0,4.0,1,45.5,17.77,Beginner
CAND_147EE718,Software Engineer,Entry Level,28,10,11,6,4,4,6,0.6,0.4,0.25,6.0,3.0,1,2.0,1,61.0,47.55,Beginner
CAND_8B8D8E08,AI ML,Entry Level,30,10,12,8,5,2,6,0.8,0.45454545454545453,0.14285714285714285,6.0,3.0,1,2.0,1,64.0,54.64,Intermediate
CAND_47DC32D0,Software Engineer,Entry Level,31,10,11,5,5,5,5,0.5,0.5,0.15,12.0,3.0,1,3.0,1,67.5,49.12,Beginner
CAND_8B9FCD8B,Full Stack Developer,Fresher,28,10,9,7,4,3,5,0.7,0.4444444444444444,0.2222222222222222,0.0,5.0,1,2.0,1,71.0,48.33,Beginner
CAND_C46AB515,Security Engineer,Fresher,26,10,13,0,3,10,8,0.0,0.2727272727272727,0.09523809523809523,0.0,5.0,1,2.0,1,68.0,16.56,Beginner
CAND_01296F29,AI ML,Mid Level,30,10,12,8,4,2,7,0.8,0.36363636363636365,0.0,48.0,0.0,0,2.0,1,49.0,57.09,Intermediate
CAND_15222CEC,Business Analyst,Fresher,26,10,6,2,0,8,6,0.2,0.0,0.0,0.0,0.0,0,3.0,1,45.0,16.25,Beginner
CAND_A66022F8,Business Analyst,Fresher,27,10,6,1,0,9,6,0.1,0.0,0.0625,0.0,3.0,1,1.0,1,57.5,14.81,Beginner
CAND_FCF0F1F1,QA Engineer,Entry Level,23,10,8,0,1,10,7,0.0,0.125,0.0,6.0,1.0,1,1.0,1,41.5,10.74,Beginner
CAND_9E9BDB4F,Data Analyst,Entry Level,26,10,7,7,3,3,4,0.7,0.42857142857142855,0.058823529411764705,6.0,3.0,1,0.0,0,54.0,44.62,Beginner
CAND_AD38BC34,Cloud Engineer,Entry Level,25,10,7,1,1,9,6,0.1,0.14285714285714285,0.0,6.0,4.0,1,4.0,1,65.5,25.45,Beginner
CAND_C31AFBCE,UI/UX Designer,Fresher,26,10,7,0,2,10,5,0.0,0.2857142857142857,0.0,0.0,2.0,1,3.0,1,55.0,14.94,Beginner
CAND_138387A6,Business Analyst,Fresher,25,10,6,4,2,6,4,0.4,0.3333333333333333,0.1875,0.0,3.0,1,2.0,1,56.5,33.97,Beginner
CAND_DB8341A8,Backend Developer,Entry Level,27,10,9,3,2,6,7,0.3333333333333333,0.2222222222222222,0.0,6.0,0.0,0,3.0,1,46.5,27.63,Beginner
CAND_E4539258,Software Engineer,Fresher,27,10,11,6,4,4,6,0.6,0.4,0.25,0.0,4.0,1,2.0,1,64.5,43.98,Beginner
CAND_711F0070,Mobile Developer,Fresher,25,10,15,1,4,9,11,0.1,0.26666666666666666,0.04,0.0,1.0,1,2.0,1,46.5,15.26,Beginner
CAND_9C4BCD56,AI ML,Fresher,29,10,12,8,1,2,10,0.8,0.09090909090909091,0.19047619047619047,0.0,2.0,1,2.0,1,57.5,45.97,Beginner
CAND_71459C29,Data Scientist,Entry Level,24,10,9,3,5,7,4,0.3,0.5555555555555556,0.10526315789473684,6.0,4.0,1,0.0,0,56.0,30.68,Beginner
CAND_C9DC9934,UI/UX Designer,Fresher,25,10,7,0,2,10,5,0.0,0.2857142857142857,0.0,0.0,0.0,0,1.0,1,39.5,6.83,Beginner
CAND_18E1CCA8,Machine Learning Engineer,Junior,27,10,1,1,0,9,1,0.1,0.0,0.09090909090909091,36.0,4.0,1,1.0,1,62.5,30.49,Beginner
CAND_A970B8D4,Data Analyst,Junior,31,10,7,8,3,2,4,0.8,0.42857142857142855,0.11764705882352941,36.0,4.0,1,2.0,1,70.5,65.58,Intermediate
CAND_7B8BC8E9,Data Engineer,Junior,27,10,15,3,3,6,11,0.3333333333333333,0.21428571428571427,0.13043478260869565,24.0,4.0,1,0.0,0,60.5,40.46,Beginner
CAND_B53C17F7,UI/UX Designer,Entry Level,25,10,7,0,1,10,6,0.0,0.14285714285714285,0.0,6.0,0.0,0,5.0,1,47.5,17.55,Beginner
CAND_506F7436,Mobile Developer,Fresher,28,10,15,3,3,7,12,0.3,0.2,0.04,0.0,2.0,1,2.0,1,56.0,24.73,Beginner
CAND_F968A5CC,DevOps Engineer,Entry Level,25,10,7,3,2,7,5,0.3,0.2857142857142857,0.058823529411764705,6.0,1.0,1,0.0,0,42.5,23.28,Beginner
CAND_97F4A15F,QA Engineer,Junior,25,10,8,0,3,10,5,0.0,0.375,0.0,36.0,1.0,1,3.0,1,48.5,28.84,Beginner
CAND_4E8C96C2,Security Engineer,Entry Level,24,10,13,3,3,7,8,0.3,0.2727272727272727,0.14285714285714285,6.0,4.0,1,0.0,0,56.0,28.42,Beginner
CAND_73177308,Full Stack Developer,Fresher,24,10,9,8,4,2,5,0.8,0.4444444444444444,0.2222222222222222,0.0,2.0,1,3.0,1,52.0,51.71,Intermediate
CAND_DEA2DCA5,Security Engineer,Junior,23,10,13,1,2,9,9,0.1,0.18181818181818182,0.047619047619047616,24.0,1.0,1,2.0,1,43.5,29.37,Beginner
CAND_710157AE,Mobile Developer,Fresher,25,10,15,1,3,9,12,0.1,0.2,0.16,0.0,3.0,1,1.0,1,54.5,18.12,Beginner
CAND_40ACD85A,Data Analyst,Entry Level,28,10,7,7,3,3,4,0.7,0.42857142857142855,0.0,6.0,0.0,0,2.0,1,46.0,42.34,Beginner
CAND_3A33628D,Data Engineer,Fresher,24,10,15,2,7,7,7,0.2222222222222222,0.5,0.13043478260869565,0.0,3.0,1,1.0,1,53.0,25.5,Beginner
CAND_DBB64CF5,Full Stack Developer,Junior,25,10,9,6,4,4,5,0.6,0.4444444444444444,0.0,24.0,5.0,1,3.0,1,68.5,57.87,Intermediate
CAND_5153130F,Full Stack Developer,Junior,25,10,9,7,6,3,3,0.7,0.6666666666666666,0.2222222222222222,24.0,2.0,1,2.0,1,51.5,62.91,Intermediate
CAND_3889EEF6,Cloud Engineer,Fresher,25,10,7,1,1,9,6,0.1,0.14285714285714285,0.0,0.0,3.0,1,1.0,1,54.5,15.15,Beginner
CAND_2A1633AE,Data Engineer,Fresher,25,10,15,2,5,7,9,0.2222222222222222,0.35714285714285715,0.043478260869565216,0.0,1.0,1,0.0,0,42.5,16.9,Beginner
CAND_953A59C6,Full Stack Developer,Junior,23,10,9,7,5,3,4,0.7,0.5555555555555556,0.16666666666666666,24.0,2.0,1,2.0,1,48.5,60.81,Intermediate
CAND_22C32551,Security Engineer,Fresher,27,10,13,2,5,8,6,0.2,0.45454545454545453,0.09523809523809523,0.0,1.0,1,2.0,1,49.5,22.12,Beginner
CAND_CD81EA0E,Product Manager,Fresher,22,8,0,3,0,5,0,0.375,0.0,0.25,0.0,6.0,1,1.0,1,65.0,29.0,Beginner
CAND_9E5B8994,Business Analyst,Entry Level,27,10,6,3,1,7,5,0.3,0.16666666666666666,0.0625,12.0,3.0,1,3.0,1,61.5,36.18,Beginner
CAND_1CDB8081,Business Analyst,Entry Level,22,10,6,1,1,9,5,0.1,0.16666666666666666,0.0625,12.0,3.0,1,1.0,1,50.0,23.6,Beginner
CAND_B9611DC2,Data Analyst,Mid Level,25,10,7,7,3,3,4,0.7,0.42857142857142855,0.11764705882352941,48.0,2.0,1,1.0,1,49.5,56.86,Intermediate
CAND_044DEC1D,Product Manager,Fresher,23,8,0,1,0,7,0,0.125,0.0,0.125,0.0,4.0,1,3.0,1,60.5,20.9,Beginner
CAND_FFE43B3E,Frontend Developer,Entry Level,23,10,10,1,2,9,7,0.1,0.2222222222222222,0.10526315789473684,6.0,4.0,1,1.0,1,56.5,21.38,Beginner
CAND_ADE60A2C,Software Engineer,Entry Level,25,10,11,6,5,4,5,0.6,0.5,0.0,6.0,0.0,0,0.0,0,37.5,34.62,Beginner
CAND_835173EE,Full Stack Developer,Junior,28,10,9,7,4,3,5,0.7,0.4444444444444444,0.0,36.0,1.0,1,2.0,1,51.0,55.66,Intermediate
CAND_2F80704E,Software Engineer,Fresher,28,10,11,4,6,6,4,0.4,0.6,0.25,0.0,6.0,1,3.0,1,78.0,40.65,Beginner
CAND_B18AF123,Machine Learning Engineer,Entry Level,25,10,1,4,0,6,1,0.4,0.0,0.0,12.0,0.0,0,3.0,1,43.5,31.68,Beginner
CAND_0A18CC11,UI/UX Designer,Entry Level,26,10,7,0,2,10,5,0.0,0.2857142857142857,0.0,6.0,2.0,1,1.0,1,51.0,14.49,Beginner
CAND_6ABF09EA,Security Engineer,Entry Level,24,10,13,3,1,7,10,0.3,0.09090909090909091,0.09523809523809523,6.0,5.0,1,0.0,0,61.0,26.14,Beginner
CAND_BD501797,Software Engineer,Mid Level,25,10,11,6,4,4,6,0.6,0.4,0.15,48.0,7.0,1,0.0,0,72.5,53.88,Intermediate
CAND_DC88AF56,Backend Developer,Entry Level,23,10,9,4,2,5,7,0.4444444444444444,0.2222222222222222,0.0,12.0,0.0,0,2.0,1,38.5,33.42,Beginner
CAND_68EBD8ED,Data Engineer,Mid Level,26,10,15,2,5,7,9,0.2222222222222222,0.35714285714285715,0.13043478260869565,48.0,5.0,1,1.0,1,66.0,39.72,Beginner
CAND_68F377B0,Mobile Developer,Entry Level,23,10,15,3,1,7,14,0.3,0.06666666666666667,0.04,6.0,5.0,1,3.0,1,65.5,31.29,Beginner
CAND_974EE2F0,AI ML,Fresher,27,10,12,8,3,2,8,0.8,0.2727272727272727,0.19047619047619047,0.0,4.0,1,3.0,1,66.5,51.91,Intermediate
CAND_94BA9619,Machine Learning Engineer,Entry Level,27,10,1,3,0,7,1,0.3,0.0,0.0,6.0,0.0,0,2.0,1,44.5,21.98,Beginner
CAND_1599B945,Software Engineer,Fresher,24,10,11,5,4,5,6,0.5,0.4,0.05,0.0,3.0,1,3.0,1,57.0,38.6,Beginner
CAND_E5706CA6,UI/UX Designer,Mid Level,24,10,7,0,0,10,7,0.0,0.0,0.0,48.0,3.0,1,2.0,1,55.0,26.75,Beginner
CAND_EB6A0B14,UI/UX Designer,Entry Level,25,10,7,0,1,10,6,0.0,0.14285714285714285,0.0,6.0,3.0,1,1.0,1,54.5,14.9,Beginner
CAND_C3132609,Data Analyst,Entry Level,26,10,7,6,3,4,4,0.6,0.42857142857142855,0.23529411764705882,12.0,4.0,1,0.0,0,59.0,47.27,Beginner
CAND_C919B1E4,Data Engineer,Entry Level,23,10,15,1,3,8,11,0.1111111111111111,0.21428571428571427,0.0,12.0,3.0,1,3.0,1,55.5,27.86,Beginner
CAND_C6C2AE1D,Machine Learning Engineer,Entry Level,22,10,1,0,0,10,1,0.0,0.0,0.0,6.0,0.0,0,1.0,1,35.0,7.5,Beginner
CAND_6C9EBD4B,QA Engineer,Entry Level,27,10,8,1,3,9,5,0.1,0.375,0.0,6.0,2.0,1,1.0,1,52.5,19.46,Beginner
CAND_C199C352,Mobile Developer,Junior,25,10,15,2,5,8,10,0.2,0.3333333333333333,0.12,36.0,4.0,1,0.0,0,57.5,36.01,Beginner
CAND_A2A919A4,Data Scientist,Entry Level,25,10,9,3,5,7,4,0.3,0.5555555555555556,0.15789473684210525,6.0,3.0,1,2.0,1,56.5,35.5,Beginner
CAND_EDF92FBF,Cloud Engineer,Fresher,26,10,7,1,1,9,6,0.1,0.14285714285714285,0.058823529411764705,0.0,3.0,1,3.0,1,60.0,20.31,Beginner
CAND_601E9665,AI ML,Fresher,31,10,12,8,5,2,6,0.8,0.45454545454545453,0.14285714285714285,0.0,2.0,1,1.0,1,58.5,46.95,Beginner
CAND_07D37786,Data Scientist,Fresher,24,10,9,3,5,7,4,0.3,0.5555555555555556,0.10526315789473684,0.0,2.0,1,0.0,0,46.0,24.77,Beginner
CAND_1A68742C,Backend Developer,Fresher,29,10,9,4,2,5,7,0.4444444444444444,0.2222222222222222,0.11764705882352941,0.0,4.0,1,2.0,1,67.5,34.14,Beginner
CAND_A64F4E53,Product Manager,Entry Level,20,8,0,2,0,6,0,0.25,0.0,0.0,12.0,7.0,1,2.0,1,69.0,29.95,Beginner
CAND_E40D2768,DevOps Engineer,Fresher,21,10,7,1,1,9,6,0.1,0.14285714285714285,0.0,0.0,3.0,1,2.0,1,50.5,16.95,Beginner
CAND_24712886,Data Engineer,Entry Level,24,10,15,2,3,7,11,0.2222222222222222,0.21428571428571427,0.13043478260869565,6.0,4.0,1,0.0,0,56.0,24.54,Beginner
CAND_2E5D1907,Mobile Developer,Junior,27,10,15,1,5,9,10,0.1,0.3333333333333333,0.0,24.0,1.0,1,0.0,0,45.5,26.27,Beginner
CAND_BD22EAC1,Frontend Developer,Entry Level,26,10,10,2,3,8,6,0.2,0.3333333333333333,0.0,6.0,3.0,1,1.0,1,56.0,24.88,Beginner
CAND_D22FE90A,Data Analyst,Entry Level,28,10,7,6,3,4,4,0.6,0.42857142857142855,0.11764705882352941,12.0,2.0,1,2.0,1,56.0,47.68,Beginner
CAND_A86D6702,Security Engineer,Entry Level,26,10,13,1,4,9,7,0.1,0.36363636363636365,0.19047619047619047,12.0,6.0,1,2.0,1,73.0,30.64,Beginner
CAND_EFC1BF76,Mobile Developer,Entry Level,28,10,15,1,4,9,11,0.1,0.26666666666666666,0.04,12.0,4.0,1,4.0,1,70.0,31.27,Beginner
CAND_968E93A8,Frontend Developer,Junior,26,10,10,0,2,10,7,0.0,0.2222222222222222,0.0,24.0,4.0,1,2.0,1,63.0,29.37,Beginner
CAND_BE8DB8CD,Data Analyst,Fresher,23,10,7,6,3,4,4,0.6,0.42857142857142855,0.17647058823529413,0.0,5.0,1,3.0,1,65.5,45.21,Beginner
CAND_8EF7B816,Security Engineer,Entry Level,23,10,13,1,4,9,7,0.1,0.36363636363636365,0.047619047619047616,6.0,3.0,1,2.0,1,53.5,23.78,Beginner
CAND_6773DA1B,DevOps Engineer,Entry Level,25,10,7,0,1,10,6,0.0,0.14285714285714285,0.058823529411764705,12.0,5.0,1,1.0,1,64.5,20.04,Beginner
CAND_CACBC871,Business Analyst,Fresher,25,10,6,3,1,7,5,0.3,0.16666666666666666,0.0625,0.0,4.0,1,2.0,1,61.5,26.68,Beginner
CAND_6676EEF4,AI ML,Fresher,30,10,12,8,5,2,6,0.8,0.45454545454545453,0.19047619047619047,0.0,3.0,1,2.0,1,64.0,51.6,Intermediate
CAND_FFFBB431,Software Engineer,Junior,25,10,11,6,5,4,5,0.6,0.5,0.25,24.0,3.0,1,3.0,1,58.5,61.67,Intermediate
CAND_D33B6D54,Cloud Engineer,Entry Level,21,10,7,4,0,6,7,0.4,0.0,0.058823529411764705,12.0,1.0,1,0.0,0,36.5,27.87,Beginner
CAND_EFE73374,Machine Learning Engineer,Entry Level,23,10,1,3,0,7,1,0.3,0.0,0.09090909090909091,6.0,4.0,1,3.0,1,60.5,31.14,Beginner
CAND_A347CE42,Backend Developer,Fresher,22,10,9,1,2,8,7,0.1111111111111111,0.2222222222222222,0.058823529411764705,0.0,4.0,1,2.0,1,57.0,19.4,Beginner
CAND_4EB03417,Data Analyst,Junior,28,10,7,5,3,5,4,0.5,0.42857142857142855,0.17647058823529413,24.0,4.0,1,4.0,1,70.0,58.43,Intermediate
CAND_9C664E76,System Administrator,Entry Level,26,2,0,1,0,1,0,0.5,0.0,0.5,12.0,6.0,1,1.0,1,71.0,45.55,Beginner
CAND_248CA9F9,Full Stack Developer,Junior,22,10,9,5,4,5,5,0.5,0.4444444444444444,0.2222222222222222,36.0,4.0,1,1.0,1,55.0,52.53,Intermediate
CAND_CFF5C0C9,Data Engineer,Fresher,25,10,15,4,3,5,11,0.4444444444444444,0.21428571428571427,0.17391304347826086,0.0,6.0,1,2.0,1,71.5,35.1,Beginner
CAND_F312A31A,UI/UX Designer,Entry Level,25,10,7,0,1,10,6,0.0,0.14285714285714285,0.0,6.0,2.0,1,0.0,0,47.5,10.89,Beginner
CAND_246D6BBE,Backend Developer,Entry Level,23,10,9,3,3,6,6,0.3333333333333333,0.3333333333333333,0.058823529411764705,6.0,2.0,1,1.0,1,46.5,28.96,Beginner
CAND_76F150AC,Data Analyst,Fresher,28,10,7,5,3,5,4,0.5,0.42857142857142855,0.058823529411764705,0.0,3.0,1,1.0,1,59.0,35.12,Beginner
CAND_7730A562,Data Scientist,Entry Level,28,10,9,4,6,6,3,0.4,0.6666666666666666,0.21052631578947367,12.0,4.0,1,1.0,1,64.0,43.52,Beginner
CAND_AF04C2B0,DevOps Engineer,Entry Level,21,10,7,2,1,8,6,0.2,0.14285714285714285,0.0,6.0,2.0,1,2.0,1,45.5,22.79,Beginner
CAND_11473D2B,QA Engineer,Junior,24,10,8,0,2,10,6,0.0,0.25,0.0,24.0,1.0,1,1.0,1,43.0,23.32,Beginner
CAND_EE9D17B0,Data Analyst,Entry Level,28,10,7,5,3,5,4,0.5,0.42857142857142855,0.058823529411764705,6.0,3.0,1,2.0,1,61.0,40.97,Beginner
CAND_605D8310,Full Stack Developer,Fresher,26,10,9,8,4,2,5,0.8,0.4444444444444444,0.16666666666666666,0.0,3.0,1,3.0,1,60.0,52.94,Intermediate
CAND_E1B8AAE0,Product Manager,Junior,22,8,0,1,0,7,0,0.125,0.0,0.0,24.0,2.0,1,1.0,1,45.0,27.58,Beginner
CAND_D4AC7CB1,Product Manager,Junior,22,8,0,2,0,6,0,0.25,0.0,0.0,24.0,5.0,1,1.0,1,60.0,35.0,Beginner
CAND_51DC5156,Data Scientist,Junior,26,10,9,3,4,7,5,0.3,0.4444444444444444,0.10526315789473684,24.0,1.0,1,2.0,1,48.0,41.09,Beginner
CAND_D4D95B7D,Machine Learning Engineer,Fresher,27,10,1,3,0,7,1,0.3,0.0,0.0,0.0,1.0,1,1.0,1,47.5,18.04,Beginner
CAND_1F42B801,Frontend Developer,Junior,29,10,10,1,3,9,6,0.1,0.3333333333333333,0.10526315789473684,24.0,4.0,1,2.0,1,67.5,36.29,Beginner
CAND_4858BA04,Machine Learning Engineer,Entry Level,24,10,1,3,0,7,1,0.3,0.0,0.0,6.0,0.0,0,0.0,0,36.0,17.55,Beginner
CAND_A5EE4B91,AI ML,Junior,29,10,12,8,2,2,9,0.8,0.18181818181818182,0.3333333333333333,24.0,6.0,1,2.0,1,77.5,66.69,Intermediate
CAND_2C26C833,Security Engineer,Fresher,25,10,13,2,4,8,7,0.2,0.36363636363636365,0.047619047619047616,0.0,4.0,1,3.0,1,63.5,26.53,Beginner
CAND_FE37B852,AI ML,Entry Level,29,10,12,8,3,2,8,0.8,0.2727272727272727,0.19047619047619047,6.0,2.0,1,1.0,1,55.5,49.44,Beginner
CAND_3369DE2E,QA Engineer,Junior,23,10,8,0,5,10,3,0.0,0.625,0.0,24.0,3.0,1,3.0,1,55.5,35.02,Beginner
CAND_2A108A6D,Security Engineer,Entry Level,21,10,13,0,2,10,9,0.0,0.18181818181818182,0.047619047619047616,12.0,4.0,1,3.0,1,57.5,23.91,Beginner
CAND_2EAAD37E,QA Engineer,Fresher,22,10,8,1,1,9,7,0.1,0.125,0.0,0.0,2.0,1,3.0,1,49.0,17.03,Beginner
CAND_9A355426,Cloud Engineer,Fresher,23,10,7,2,0,8,7,0.2,0.0,0.058823529411764705,0.0,4.0,1,2.0,1,58.5,20.81,Beginner
CAND_F1A66D77,Security Engineer,Junior,29,10,13,3,4,7,7,0.3,0.36363636363636365,0.047619047619047616,24.0,2.0,1,1.0,1,55.5,39.46,Beginner
CAND_5945F23B,System Administrator,Mid Level,27,2,0,0,0,2,0,0.0,0.0,0.0,48.0,1.0,1,3.0,1,51.5,25.24,Beginner
CAND_574978E6,Machine Learning Engineer,Entry Level,29,10,1,3,0,7,1,0.3,0.0,0.18181818181818182,6.0,4.0,1,1.0,1,65.5,28.75,Beginner
CAND_05C98826,Backend Developer,Fresher,26,10,9,4,1,5,8,0.4444444444444444,0.1111111111111111,0.058823529411764705,0.0,1.0,1,1.0,1,46.0,25.74,Beginner
CAND_230B4BB1,Cloud Engineer,Fresher,24,10,7,1,2,9,5,0.1,0.2857142857142857,0.0,0.0,1.0,1,4.0,1,49.0,18.97,Beginner
CAND_A9FE6F1C,Software Engineer,Entry Level,27,10,11,6,6,4,4,0.6,0.6,0.15,12.0,5.0,1,4.0,1,73.5,56.42,Intermediate
CAND_5B5218E4,Data Engineer,Junior,20,10,15,2,4,7,10,0.2222222222222222,0.2857142857142857,0.043478260869565216,24.0,5.0,1,0.0,0,55.0,35.15,Beginner
CAND_8A18EA16,QA Engineer,Fresher,21,10,8,0,3,10,5,0.0,0.375,0.0,0.0,5.0,1,0.0,0,56.5,11.57,Beginner
CAND_65F4664B,DevOps Engineer,Entry Level,22,10,7,1,2,9,5,0.1,0.2857142857142857,0.0,12.0,3.0,1,3.0,1,54.0,28.06,Beginner
CAND_6BE15F73,Full Stack Developer,Fresher,26,10,9,5,4,5,5,0.5,0.4444444444444444,0.2222222222222222,0.0,4.0,1,2.0,1,63.0,39.93,Beginner
CAND_B0B21689,Mobile Developer,Entry Level,23,10,15,1,4,9,11,0.1,0.26666666666666666,0.12,12.0,5.0,1,5.0,1,69.5,34.44,Beginner
CAND_82BD5A3C,Machine Learning Engineer,Junior,29,10,1,2,0,8,1,0.2,0.0,0.0,24.0,0.0,0,3.0,1,49.5,31.48,Beginner
CAND_1D98BCFB,Data Engineer,Fresher,25,10,15,3,2,6,12,0.3333333333333333,0.14285714285714285,0.13043478260869565,0.0,3.0,1,3.0,1,58.5,30.64,Beginner
CAND_D7253DD7,Machine Learning Engineer,Junior,26,10,1,3,0,7,1,0.3,0.0,0.09090909090909091,24.0,4.0,1,1.0,1,61.0,38.41,Beginner
CAND_B93FEF45,Data Analyst,Entry Level,27,10,7,6,3,4,4,0.6,0.42857142857142855,0.0,6.0,0.0,0,2.0,1,44.5,38.26,Beginner
CAND_ADD25351,Backend Developer,Entry Level,25,10,9,3,3,6,6,0.3333333333333333,0.3333333333333333,0.0,6.0,0.0,0,2.0,1,41.5,26.49,Beginner
CAND_C5241396,Data Analyst,Entry Level,26,10,7,6,3,4,4,0.6,0.42857142857142855,0.17647058823529413,12.0,4.0,1,1.0,1,61.0,48.48,Beginner
CAND_E3CA2913,Data Scientist,Entry Level,26,10,9,3,6,7,3,0.3,0.6666666666666666,0.10526315789473684,12.0,1.0,1,3.0,1,50.0,37.91,Beginner
CAND_1946E4A4,Machine Learning Engineer,Entry Level,27,10,1,4,0,6,1,0.4,0.0,0.2727272727272727,6.0,4.0,1,2.0,1,64.5,36.07,Beginner
CAND_36CAFFD5,Mobile Developer,Entry Level,24,10,15,3,0,7,15,0.3,0.0,0.0,6.0,0.0,0,1.0,1,38.0,19.65,Beginner
CAND_4F1985DB,Frontend Developer,Fresher,21,10,10,1,0,9,9,0.1,0.0,0.0,0.0,2.0,1,3.0,1,47.5,15.71,Beginner
CAND_EA018A4C,DevOps Engineer,Entry Level,22,10,7,2,2,8,5,0.2,0.2857142857142857,0.11764705882352941,6.0,4.0,1,2.0,1,57.0,28.22,Beginner
CAND_705CD7E3,QA Engineer,Junior,20,10,8,1,1,9,7,0.1,0.125,0.05555555555555555,24.0,3.0,1,2.0,1,49.0,32.53,Beginner
CAND_600F36B9,Data Analyst,Junior,26,10,7,5,3,5,4,0.5,0.42857142857142855,0.17647058823529413,36.0,6.0,1,4.0,1,77.0,58.78,Intermediate
CAND_1BF22CAB,Machine Learning Engineer,Fresher,25,10,1,3,0,7,1,0.3,0.0,0.0,0.0,0.0,0,2.0,1,41.5,18.07,Beginner
CAND_1E7EC4C7,Data Analyst,Entry Level,26,10,7,5,3,5,4,0.5,0.42857142857142855,0.11764705882352941,12.0,4.0,1,4.0,1,67.0,49.9,Beginner
CAND_9CF3FA89,System Administrator,Junior,27,2,0,0,0,2,0,0.0,0.0,0.0,36.0,4.0,1,1.0,1,62.5,25.12,Beginner
CAND_CEE17C3F,Data Engineer,Junior,26,10,15,2,5,7,9,0.2222222222222222,0.35714285714285715,0.08695652173913043,24.0,1.0,1,1.0,1,46.0,34.73,Beginner
CAND_1F12E32A,QA Engineer,Fresher,27,10,8,0,5,10,3,0.0,0.625,0.0,0.0,6.0,1,4.0,1,78.5,23.18,Beginner
CAND_6FB385AA,Backend Developer,Junior,27,10,9,5,4,4,5,0.5555555555555556,0.4444444444444444,0.17647058823529413,36.0,3.0,1,1.0,1,57.5,54.19,Intermediate
CAND_FD258E97,Security Engineer,Entry Level,22,10,13,0,5,10,6,0.0,0.45454545454545453,0.09523809523809523,6.0,3.0,1,3.0,1,54.0,23.42,Beginner
CAND_00380FB9,System Administrator,Fresher,27,2,0,1,0,1,0,0.5,0.0,0.5,0.0,4.0,1,1.0,1,62.5,37.62,Beginner
CAND_3FEEF3C4,System Administrator,Junior,25,2,0,0,0,2,0,0.0,0.0,0.0,36.0,5.0,1,2.0,1,66.5,27.32,Beginner
CAND_1B5C345B,QA Engineer,Fresher,26,10,8,1,2,9,6,0.1,0.25,0.05555555555555555,0.0,5.0,1,4.0,1,72.0,23.93,Beginner
CAND_EB387501,DevOps Engineer,Junior,29,10,7,3,2,7,5,0.3,0.2857142857142857,0.0,36.0,6.0,1,1.0,1,75.5,40.63,Beginner
CAND_41033139,Software Engineer,Mid Level,23,10,11,4,4,6,6,0.4,0.4,0.25,48.0,6.0,1,3.0,1,70.5,53.27,Intermediate
CAND_02793EF9,Mobile Developer,Fresher,31,10,15,2,8,8,7,0.2,0.5333333333333333,0.16,0.0,5.0,1,1.0,1,73.5,26.41,Beginner
CAND_F2DEDE82,Data Engineer,Entry Level,27,10,15,3,2,6,12,0.3333333333333333,0.14285714285714285,0.08695652173913043,6.0,4.0,1,2.0,1,64.5,32.04,Beginner
CAND_A2933DB7,Business Analyst,Entry Level,26,10,6,1,1,9,5,0.1,0.16666666666666666,0.0,6.0,0.0,0,2.0,1,43.0,15.57,Beginner
CAND_FCA065E3,Cloud Engineer,Entry Level,24,10,7,2,0,8,7,0.2,0.0,0.0,6.0,1.0,1,2.0,1,45.0,19.67,Beginner
CAND_14DE10D1,Product Manager,Entry Level,25,8,0,1,0,7,0,0.125,0.0,0.0,6.0,2.0,1,1.0,1,49.5,16.56,Beginner
CAND_8AF2014F,Full Stack Developer,Entry Level,23,10,9,6,4,4,5,0.6,0.4444444444444444,0.2777777777777778,6.0,4.0,1,2.0,1,58.5,48.29,Beginner
CAND_0E4E70B4,System Administrator,Fresher,29,2,0,0,0,2,0,0.0,0.0,0.0,0.0,1.0,1,3.0,1,54.5,10.39,Beginner
CAND_50B553CC,Security Engineer,Entry Level,22,10,13,0,4,10,7,0.0,0.36363636363636365,0.09523809523809523,12.0,2.0,1,1.0,1,45.0,20.15,Beginner
CAND_A57567FE,Software Engineer,Entry Level,25,10,11,5,5,5,5,0.5,0.5,0.15,6.0,5.0,1,0.0,0,62.5,39.12,Beginner
CAND_69887B50,Software Engineer,Junior,31,10,11,4,5,6,5,0.4,0.5,0.15,24.0,4.0,1,3.0,1,72.5,52.88,Intermediate
CAND_41C55213,Data Scientist,Fresher,27,10,9,3,4,7,5,0.3,0.4444444444444444,0.10526315789473684,0.0,1.0,1,3.0,1,51.5,28.27,Beginner
CAND_B09A2CD1,UI/UX Designer,Entry Level,22,10,7,0,1,10,6,0.0,0.14285714285714285,0.0,6.0,3.0,1,2.0,1,52.0,16.78,Beginner
CAND_E3E10BA0,Data Scientist,Entry Level,26,10,9,4,4,6,5,0.4,0.4444444444444444,0.21052631578947367,6.0,7.0,1,0.0,0,74.0,36.05,Beginner
CAND_E9F2D491,Data Engineer,Fresher,24,10,15,2,3,7,11,0.2222222222222222,0.21428571428571427,0.13043478260869565,0.0,7.0,1,3.0,1,77.0,27.84,Beginner
CAND_04DB8C86,DevOps Engineer,Entry Level,24,10,7,3,2,7,5,0.3,0.2857142857142857,0.058823529411764705,6.0,4.0,1,1.0,1,58.0,29.39,Beginner
CAND_68457342,System Administrator,Fresher,23,2,0,0,0,2,0,0.0,0.0,0.0,0.0,2.0,1,1.0,1,46.5,7.66,Beginner
CAND_15144D20,QA Engineer,Fresher,22,10,8,0,1,10,7,0.0,0.125,0.0,0.0,4.0,1,1.0,1,55.0,11.0,Beginner
CAND_73626170,Cloud Engineer,Entry Level,22,10,7,1,0,9,7,0.1,0.0,0.0,6.0,5.0,1,2.0,1,62.0,19.85,Beginner
CAND_CC9F4D4E,Data Scientist,Fresher,26,10,9,3,4,7,5,0.3,0.4444444444444444,0.15789473684210525,0.0,4.0,1,1.0,1,61.0,28.86,Beginner
CAND_559D722A,Data Engineer,Entry Level,25,10,15,1,2,8,12,0.1111111111111111,0.14285714285714285,0.08695652173913043,6.0,4.0,1,2.0,1,61.5,23.0,Beginner
CAND_359107C3,QA Engineer,Entry Level,25,10,8,0,3,10,5,0.0,0.375,0.0,6.0,2.0,1,1.0,1,49.5,15.31,Beginner
CAND_4AC7990C,Mobile Developer,Entry Level,21,10,15,1,1,9,14,0.1,0.06666666666666667,0.04,12.0,7.0,1,3.0,1,72.5,27.39,Beginner
CAND_A341BE1C,System Administrator,Entry Level,24,2,0,0,0,2,0,0.0,0.0,0.0,6.0,4.0,1,2.0,1,60.0,15.75,Beginner
CAND_6A7970D2,System Administrator,Entry Level,25,2,0,1,0,1,0,0.5,0.0,0.5,12.0,4.0,1,5.0,1,67.5,53.38,Intermediate
CAND_9605662D,UI/UX Designer,Junior,24,10,7,0,2,10,5,0.0,0.2857142857142857,0.0,24.0,4.0,1,1.0,1,58.0,27.76,Beginner
CAND_D974EA7D,Security Engineer,Fresher,24,10,13,2,1,8,10,0.2,0.09090909090909091,0.09523809523809523,0.0,5.0,1,4.0,1,69.0,26.79,Beginner
CAND_CA661359,Backend Developer,Fresher,24,10,9,3,2,6,7,0.3333333333333333,0.2222222222222222,0.11764705882352941,0.0,5.0,1,0.0,0,61.0,25.37,Beginner
CAND_00E2141D,Backend Developer,Fresher,23,10,9,3,2,6,7,0.3333333333333333,0.2222222222222222,0.0,0.0,1.0,1,3.0,1,45.5,25.5,Beginner
CAND_A6B738A2,Backend Developer,Entry Level,28,10,9,2,2,7,7,0.2222222222222222,0.2222222222222222,0.058823529411764705,12.0,6.0,1,3.0,1,78.0,34.39,Beginner
CAND_946C07FD,Mobile Developer,Junior,21,10,15,1,4,9,11,0.1,0.26666666666666666,0.0,24.0,2.0,1,3.0,1,47.5,33.38,Beginner
CAND_687FA0B9,Security Engineer,Junior,24,10,13,0,3,10,8,0.0,0.2727272727272727,0.047619047619047616,24.0,3.0,1,2.0,1,55.0,30.19,Beginner
CAND_6E0A5903,DevOps Engineer,Entry Level,26,10,7,2,2,8,5,0.2,0.2857142857142857,0.11764705882352941,6.0,3.0,1,1.0,1,56.0,26.17,Beginner
CAND_CD055F40,Business Analyst,Entry Level,25,10,6,1,2,9,4,0.1,0.3333333333333333,0.0,12.0,3.0,1,0.0,0,52.5,22.46,Beginner
CAND_BCF8F7FC,AI ML,Junior,34,10,12,8,4,2,7,0.8,0.36363636363636365,0.23809523809523808,24.0,3.0,1,1.0,1,68.0,64.61,Intermediate
CAND_018D1779,Software Engineer,Entry Level,25,10,11,7,4,3,6,0.7,0.4,0.3,6.0,5.0,1,1.0,1,64.5,50.48,Intermediate
CAND_8E3904E4,Backend Developer,Entry Level,22,10,9,1,0,8,9,0.1111111111111111,0.0,0.0,12.0,5.0,1,3.0,1,64.0,26.14,Beginner
CAND_D38808B8,Data Analyst,Entry Level,25,10,7,5,3,5,4,0.5,0.42857142857142855,0.058823529411764705,6.0,4.0,1,2.0,1,61.5,40.99,Beginner
CAND_06C16893,QA Engineer,Entry Level,25,10,8,0,3,10,5,0.0,0.375,0.1111111111111111,6.0,8.0,1,1.0,1,79.5,20.14,Beginner
CAND_734C3FEF,System Administrator,Junior,25,2,0,0,0,2,0,0.0,0.0,0.0,24.0,5.0,1,4.0,1,70.5,31.52,Beginner
CAND_32A7F9DC,UI/UX Designer,Fresher,24,10,7,0,2,10,5,0.0,0.2857142857142857,0.0,0.0,6.0,1,3.0,1,72.0,17.46,Beginner
CAND_3BEBEED9,Data Scientist,Entry Level,26,10,9,3,4,7,5,0.3,0.4444444444444444,0.21052631578947367,6.0,5.0,1,0.0,0,64.0,31.55,Beginner
CAND_4A09D036,DevOps Engineer,Entry Level,29,10,7,3,2,7,5,0.3,0.2857142857142857,0.058823529411764705,6.0,6.0,1,1.0,1,75.5,30.26,Beginner
CAND_92B68461,Security Engineer,Entry Level,23,10,13,1,4,9,7,0.1,0.36363636363636365,0.14285714285714285,12.0,6.0,1,1.0,1,66.5,27.6,Beginner
CAND_C8879977,Security Engineer,Entry Level,25,10,13,1,3,9,8,0.1,0.2727272727272727,0.09523809523809523,12.0,3.0,1,1.0,1,54.5,25.38,Beginner
CAND_05542D4A,UI/UX Designer,Fresher,23,10,7,0,0,10,7,0.0,0.0,0.0,0.0,4.0,1,2.0,1,58.5,11.93,Beginner
CAND_7F254EB9,Data Scientist,Entry Level,24,10,9,3,5,7,4,0.3,0.5555555555555556,0.10526315789473684,12.0,1.0,1,1.0,1,43.0,32.45,Beginner
CAND_FFD166E5,UI/UX Designer,Junior,25,10,7,0,0,10,7,0.0,0.0,0.0,24.0,6.0,1,4.0,1,75.5,31.77,Beginner
CAND_EAE9DF77,AI ML,Entry Level,32,10,12,8,4,2,7,0.8,0.36363636363636365,0.19047619047619047,12.0,4.0,1,2.0,1,72.0,58.59,Intermediate
CAND_996E5ED2,DevOps Engineer,Fresher,24,10,7,3,0,7,7,0.3,0.0,0.058823529411764705,0.0,2.0,1,1.0,1,48.0,20.62,Beginner
CAND_39F73E86,Machine Learning Engineer,Junior,26,10,1,3,0,7,1,0.3,0.0,0.09090909090909091,36.0,6.0,1,3.0,1,75.0,43.11,Beginner
CAND_438CC3B6,UI/UX Designer,Junior,28,10,7,0,2,10,5,0.0,0.2857142857142857,0.0,24.0,4.0,1,2.0,1,66.0,30.16,Beginner
CAND_9F813D78,Machine Learning Engineer,Junior,24,10,1,3,0,7,1,0.3,0.0,0.0,24.0,0.0,0,2.0,1,40.0,33.0,Beginner
CAND_7AB05073,Mobile Developer,Mid Level,23,10,15,1,4,9,11,0.1,0.26666666666666666,0.04,48.0,2.0,1,2.0,1,48.5,32.02,Beginner
CAND_733D7FC6,AI ML,Fresher,29,10,12,8,4,2,7,0.8,0.36363636363636365,0.23809523809523808,0.0,4.0,1,3.0,1,69.5,53.68,Intermediate
CAND_65D2B191,Mobile Developer,Entry Level,24,10,15,2,3,8,12,0.2,0.2,0.08,12.0,4.0,1,5.0,1,66.0,37.0,Beginner
CAND_0375F36E,Data Engineer,Fresher,24,10,15,3,3,6,11,0.3333333333333333,0.21428571428571427,0.17391304347826086,0.0,5.0,1,4.0,1,69.0,34.53,Beginner
CAND_7AD7E814,QA Engineer,Entry Level,25,10,8,0,3,10,5,0.0,0.375,0.1111111111111111,6.0,4.0,1,1.0,1,59.5,19.14,Beginner
CAND_BFC19525,QA Engineer,Entry Level,23,10,8,0,4,10,4,0.0,0.5,0.05555555555555555,6.0,4.0,1,1.0,1,56.5,19.41,Beginner
CAND_9CBC7D66,Business Analyst,Fresher,24,10,6,2,2,8,4,0.2,0.3333333333333333,0.0625,0.0,4.0,1,3.0,1,62.0,26.37,Beginner
CAND_55D232CA,DevOps Engineer,Junior,21,10,7,1,2,9,5,0.1,0.2857142857142857,0.058823529411764705,24.0,5.0,1,3.0,1,62.5,36.86,Beginner
CAND_337AA6E1,Data Engineer,Fresher,25,10,15,4,1,5,13,0.4444444444444444,0.07142857142857142,0.043478260869565216,0.0,1.0,1,3.0,1,48.5,29.24,Beginner
CAND_72F7FB3D,Cloud Engineer,Entry Level,24,10,7,2,0,8,7,0.2,0.0,0.058823529411764705,6.0,2.0,1,1.0,1,48.0,20.37,Beginner
CAND_4C94C834,Security Engineer,Entry Level,26,10,13,1,2,9,9,0.1,0.18181818181818182,0.09523809523809523,12.0,5.0,1,2.0,1,68.0,27.15,Beginner
CAND_37D39953,Software Engineer,Entry Level,25,10,11,6,5,4,5,0.6,0.5,0.15,6.0,4.0,1,2.0,1,61.5,47.08,Beginner
CAND_250000FE,Data Analyst,Junior,28,10,7,6,3,4,4,0.6,0.42857142857142855,0.058823529411764705,24.0,3.0,1,2.0,1,61.0,56.22,Intermediate
CAND_39C1B424,Backend Developer,Entry Level,23,10,9,3,3,6,6,0.3333333333333333,0.3333333333333333,0.11764705882352941,6.0,4.0,1,3.0,1,60.5,36.21,Beginner
CAND_80E84855,System Administrator,Entry Level,27,2,0,1,0,1,0,0.5,0.0,0.5,12.0,4.0,1,1.0,1,62.5,45.12,Beginner
CAND_567052EE,Backend Developer,Junior,23,10,9,3,3,6,6,0.3333333333333333,0.3333333333333333,0.11764705882352941,24.0,5.0,1,0.0,0,59.5,41.41,Beginner
CAND_02E0033E,Full Stack Developer,Entry Level,25,10,9,7,6,3,3,0.7,0.6666666666666666,0.1111111111111111,12.0,3.0,1,2.0,1,56.5,55.66,Intermediate
CAND_D1FC136C,Full Stack Developer,Entry Level,25,10,9,6,5,4,4,0.6,0.5555555555555556,0.16666666666666666,6.0,5.0,1,1.0,1,64.5,46.03,Beginner
CAND_37969D12,Backend Developer,Junior,24,10,9,5,2,4,7,0.5555555555555556,0.2222222222222222,0.058823529411764705,36.0,1.0,1,2.0,1,45.0,48.24,Beginner
CAND_3832DD07,Data Scientist,Fresher,24,10,9,3,4,7,5,0.3,0.4444444444444444,0.15789473684210525,0.0,4.0,1,4.0,1,64.0,35.01,Beginner
CAND_31A148EA,Cloud Engineer,Entry Level,21,10,7,2,1,8,6,0.2,0.14285714285714285,0.058823529411764705,6.0,6.0,1,3.0,1,67.5,28.44,Beginner
CAND_78DC56A9,Business Analyst,Entry Level,29,10,6,3,1,7,5,0.3,0.16666666666666666,0.0625,12.0,1.0,1,1.0,1,50.5,28.3,Beginner
CAND_83F14E73,Backend Developer,Entry Level,22,10,9,3,4,6,5,0.3333333333333333,0.4444444444444444,0.23529411764705882,6.0,6.0,1,4.0,1,71.0,41.61,Beginner
CAND_F259D5F5,Mobile Developer,Entry Level,25,10,15,2,1,8,14,0.2,0.06666666666666667,0.08,6.0,6.0,1,1.0,1,69.5,24.09,Beginner
CAND_F7AE5BD8,Machine Learning Engineer,Fresher,27,10,1,3,0,7,1,0.3,0.0,0.0,0.0,3.0,1,3.0,1,61.5,26.07,Beginner
CAND_B66D47D7,Data Scientist,Mid Level,26,10,9,3,6,7,3,0.3,0.6666666666666666,0.15789473684210525,48.0,2.0,1,5.0,1,59.0,52.32,Intermediate
CAND_355AE8E4,UI/UX Designer,Entry Level,26,10,7,0,2,10,5,0.0,0.2857142857142857,0.0,6.0,4.0,1,2.0,1,63.0,18.76,Beginner
CAND_0A9D32FF,AI ML,Entry Level,29,10,12,8,4,2,7,0.8,0.36363636363636365,0.09523809523809523,6.0,4.0,1,3.0,1,69.5,55.29,Intermediate
CAND_66D1C7E2,System Administrator,Junior,26,2,0,1,0,1,0,0.5,0.0,0.5,36.0,3.0,1,3.0,1,60.0,56.5,Intermediate
CAND_A3E6D59F,Frontend Developer,Junior,27,10,10,1,4,9,5,0.1,0.4444444444444444,0.0,24.0,5.0,1,1.0,1,67.5,33.82,Beginner
CAND_87AF0592,System Administrator,Junior,25,2,0,0,0,2,0,0.0,0.0,0.0,24.0,6.0,1,2.0,1,71.5,27.57,Beginner
CAND_A6CD071B,Machine Learning Engineer,Entry Level,25,10,1,3,0,7,1,0.3,0.0,0.09090909090909091,12.0,3.0,1,4.0,1,60.5,36.89,Beginner
CAND_67110386,DevOps Engineer,Entry Level,26,10,7,0,1,10,6,0.0,0.14285714285714285,0.0,12.0,5.0,1,3.0,1,70.0,23.43,Beginner
CAND_E630671A,AI ML,Entry Level,29,10,12,8,5,2,6,0.8,0.45454545454545453,0.38095238095238093,6.0,5.0,1,2.0,1,72.5,58.63,Intermediate
CAND_9DC692A9,Frontend Developer,Fresher,26,10,10,2,3,8,6,0.2,0.3333333333333333,0.05263157894736842,0.0,4.0,1,4.0,1,67.0,28.47,Beginner
CAND_88806A5E,AI ML,Entry Level,29,10,12,8,5,2,6,0.8,0.45454545454545453,0.2857142857142857,6.0,7.0,1,2.0,1,82.5,57.71,Intermediate
CAND_484DB0D5,QA Engineer,Entry Level,23,10,8,0,3,10,5,0.0,0.375,0.1111111111111111,6.0,4.0,1,1.0,1,56.5,18.99,Beginner
CAND_FBD439FD,Data Scientist,Entry Level,25,10,9,4,5,6,4,0.4,0.5555555555555556,0.15789473684210525,6.0,5.0,1,2.0,1,66.5,40.0,Beginner
CAND_ADED30F9,Full Stack Developer,Entry Level,24,10,9,7,4,3,5,0.7,0.4444444444444444,0.0,6.0,1.0,1,3.0,1,47.0,46.21,Beginner
CAND_756B04C3,DevOps Engineer,Fresher,27,10,7,1,1,9,6,0.1,0.14285714285714285,0.058823529411764705,0.0,7.0,1,2.0,1,79.5,19.29,Beginner
CAND_A0A678C5,QA Engineer,Mid Level,22,10,8,0,1,10,7,0.0,0.125,0.0,48.0,6.0,1,3.0,1,69.0,30.7,Beginner
CAND_B3CD2647,Software Engineer,Entry Level,24,10,11,4,5,6,5,0.4,0.5,0.25,6.0,5.0,1,4.0,1,69.0,44.95,Beginner
CAND_937009AC,DevOps Engineer,Entry Level,26,10,7,2,3,8,4,0.2,0.42857142857142855,0.11764705882352941,12.0,4.0,1,2.0,1,63.0,33.7,Beginner
CAND_A65BB140,Backend Developer,Entry Level,24,10,9,3,2,6,7,0.3333333333333333,0.2222222222222222,0.11764705882352941,12.0,3.0,1,2.0,1,55.0,36.57,Beginner
CAND_9E8CA87B,Frontend Developer,Fresher,29,10,10,2,2,8,7,0.2,0.2222222222222222,0.05263157894736842,0.0,5.0,1,1.0,1,70.5,21.54,Beginner
CAND_515CB10E,Full Stack Developer,Fresher,21,10,9,5,4,5,5,0.5,0.4444444444444444,0.2222222222222222,0.0,5.0,1,2.0,1,60.5,39.8,Beginner
CAND_ACD50899,Cloud Engineer,Entry Level,21,10,7,2,1,8,6,0.2,0.14285714285714285,0.058823529411764705,6.0,4.0,1,1.0,1,53.5,23.74,Beginner
CAND_67620DB9,System Administrator,Entry Level,25,2,0,0,0,2,0,0.0,0.0,0.0,6.0,7.0,1,3.0,1,78.5,18.68,Beginner
CAND_507DC088,AI ML,Entry Level,29,10,12,8,4,2,7,0.8,0.36363636363636365,0.14285714285714285,12.0,2.0,1,2.0,1,57.5,55.49,Intermediate
CAND_82A03882,QA Engineer,Fresher,30,10,8,0,1,10,7,0.0,0.125,0.05555555555555555,0.0,2.0,1,3.0,1,61.0,14.47,Beginner
CAND_D74006BF,Machine Learning Engineer,Fresher,24,10,1,2,0,8,1,0.2,0.0,0.09090909090909091,0.0,1.0,1,1.0,1,43.0,15.18,Beginner
CAND_943510B9,Frontend Developer,Entry Level,24,10,10,1,2,9,7,0.1,0.2222222222222222,0.0,6.0,4.0,1,1.0,1,58.0,19.87,Beginner
CAND_37EF88CB,Product Manager,Junior,26,8,0,2,0,6,0,0.25,0.0,0.0,36.0,2.0,1,2.0,1,53.0,34.98,Beginner
CAND_80EB2D39,Cloud Engineer,Junior,26,10,7,2,0,8,7,0.2,0.0,0.058823529411764705,24.0,4.0,1,1.0,1,61.0,33.93,Beginner
CAND_0D0EAACF,Cloud Engineer,Junior,22,10,7,2,0,8,7,0.2,0.0,0.11764705882352941,24.0,7.0,1,2.0,1,72.0,37.36,Beginner
CAND_CF24B770,Product Manager,Fresher,23,8,0,2,0,6,0,0.25,0.0,0.0,0.0,8.0,1,2.0,1,78.5,22.93,Beginner
CAND_55B38844,DevOps Engineer,Junior,27,10,7,3,2,7,5,0.3,0.2857142857142857,0.0,24.0,2.0,1,2.0,1,54.5,39.92,Beginner
CAND_0EA3933A,UI/UX Designer,Entry Level,20,10,7,0,1,10,6,0.0,0.14285714285714285,0.0,6.0,1.0,1,3.0,1,41.0,14.9,Beginner
CAND_C6FCFE84,Data Engineer,Junior,28,10,15,1,4,8,10,0.1111111111111111,0.2857142857142857,0.043478260869565216,36.0,1.0,1,0.0,0,47.0,26.97,Beginner
CAND_FE96E056,Mobile Developer,Fresher,25,10,15,2,3,8,12,0.2,0.2,0.16,0.0,4.0,1,3.0,1,63.5,26.57,Beginner
CAND_68F0689D,Machine Learning Engineer,Junior,25,10,1,2,0,8,1,0.2,0.0,0.0,24.0,4.0,1,3.0,1,63.5,37.17,Beginner
CAND_3CBCE5AD,Data Analyst,Entry Level,24,10,7,5,3,5,4,0.5,0.42857142857142855,0.058823529411764705,12.0,3.0,1,2.0,1,55.0,44.42,Beginner
CAND_52473D39,Product Manager,Entry Level,23,8,0,1,0,7,0,0.125,0.0,0.0,6.0,1.0,1,3.0,1,45.5,18.69,Beginner
CAND_1EBC5BC2,UI/UX Designer,Fresher,25,10,7,0,1,10,6,0.0,0.14285714285714285,0.0,0.0,6.0,1,1.0,1,69.5,11.9,Beginner
CAND_FE0F0812,AI ML,Entry Level,31,10,12,8,3,2,8,0.8,0.2727272727272727,0.09523809523809523,6.0,2.0,1,5.0,1,66.5,56.56,Intermediate
CAND_AFC3BB54,AI ML,Entry Level,32,10,12,8,3,2,8,0.8,0.2727272727272727,0.23809523809523808,6.0,6.0,1,3.0,1,84.0,57.25,Intermediate
CAND_256BFAFD,Software Engineer,Junior,28,10,11,5,4,5,6,0.5,0.4,0.15,24.0,4.0,1,3.0,1,68.0,55.65,Intermediate
CAND_68AFABC1,Data Analyst,Entry Level,28,10,7,6,3,4,4,0.6,0.42857142857142855,0.11764705882352941,6.0,7.0,1,2.0,1,81.0,46.85,Beginner
CAND_9A70CAE3,Data Engineer,Junior,27,10,15,2,4,7,10,0.2222222222222222,0.2857142857142857,0.17391304347826086,24.0,6.0,1,3.0,1,76.5,44.18,Beginner
CAND_811D36A0,Data Engineer,Junior,22,10,15,2,2,7,12,0.2222222222222222,0.14285714285714285,0.08695652173913043,36.0,2.0,1,2.0,1,47.0,36.31,Beginner
CAND_A00C286A,DevOps Engineer,Entry Level,25,10,7,1,3,9,4,0.1,0.42857142857142855,0.11764705882352941,6.0,4.0,1,2.0,1,61.5,25.88,Beginner
CAND_2EF2BBCD,Full Stack Developer,Fresher,28,10,9,6,5,4,4,0.6,0.5555555555555556,0.16666666666666666,0.0,5.0,1,2.0,1,71.0,44.61,Beginner
CAND_59E718F8,DevOps Engineer,Junior,24,10,7,1,0,9,7,0.1,0.0,0.0,24.0,2.0,1,2.0,1,50.0,28.83,Beginner
CAND_AA478DB1,Cloud Engineer,Fresher,23,10,7,3,1,7,6,0.3,0.14285714285714285,0.11764705882352941,0.0,3.0,1,2.0,1,53.5,26.87,Beginner
CAND_63E6643D,QA Engineer,Junior,24,10,8,0,2,10,6,0.0,0.25,0.0,24.0,2.0,1,1.0,1,48.0,25.23,Beginner
CAND_7D0A7B13,Data Engineer,Entry Level,28,10,15,2,3,7,11,0.2222222222222222,0.21428571428571427,0.0,12.0,3.0,1,0.0,0,57.0,26.38,Beginner
CAND_A943ED89,Business Analyst,Junior,26,10,6,2,1,8,5,0.2,0.16666666666666666,0.0625,36.0,3.0,1,0.0,0,54.0,33.3,Beginner
CAND_78DAAE9C,DevOps Engineer,Entry Level,25,10,7,3,1,7,6,0.3,0.14285714285714285,0.11764705882352941,12.0,2.0,1,1.0,1,49.5,30.5,Beginner
CAND_C4021475,QA Engineer,Junior,28,10,8,1,2,9,6,0.1,0.25,0.0,24.0,4.0,1,1.0,1,64.0,31.7,Beginner
CAND_84F05B02,Software Engineer,Entry Level,28,10,11,5,5,5,5,0.5,0.5,0.05,12.0,3.0,1,1.0,1,59.0,43.2,Beginner
CAND_5162DA4C,Data Analyst,Entry Level,23,10,7,5,3,5,4,0.5,0.42857142857142855,0.058823529411764705,12.0,4.0,1,1.0,1,56.5,42.49,Beginner
CAND_9D77757C,Cloud Engineer,Fresher,27,10,7,0,1,10,6,0.0,0.14285714285714285,0.0,0.0,4.0,1,3.0,1,66.5,15.75,Beginner
CAND_C386EACF,Data Engineer,Entry Level,23,10,15,0,3,9,11,0.0,0.21428571428571427,0.0,12.0,7.0,1,1.0,1,71.5,20.22,Beginner
CAND_8D2B9BC0,Security Engineer,Fresher,20,10,13,1,6,9,5,0.1,0.5454545454545454,0.23809523809523808,0.0,8.0,1,1.0,1,72.0,23.63,Beginner
CAND_58BBD851,QA Engineer,Entry Level,26,10,8,1,2,9,6,0.1,0.25,0.0,12.0,2.0,1,3.0,1,55.0,26.08,Beginner
CAND_45972DB4,Backend Developer,Fresher,25,10,9,3,3,6,6,0.3333333333333333,0.3333333333333333,0.058823529411764705,0.0,2.0,1,4.0,1,55.5,31.66,Beginner
CAND_EF72AEA2,UI/UX Designer,Fresher,25,10,7,0,0,10,7,0.0,0.0,0.0,0.0,3.0,1,1.0,1,54.5,9.72,Beginner
CAND_3B94E007,Product Manager,Entry Level,21,8,0,1,0,7,0,0.125,0.0,0.0,6.0,2.0,1,2.0,1,45.5,18.36,Beginner
CAND_C9C58CE2,Software Engineer,Fresher,26,10,11,6,4,4,6,0.6,0.4,0.25,0.0,4.0,1,4.0,1,67.0,48.1,Beginner
CAND_88696CEB,Mobile Developer,Fresher,28,10,15,1,3,9,12,0.1,0.2,0.0,0.0,3.0,1,1.0,1,59.0,15.95,Beginner
CAND_ECC9B27D,Business Analyst,Entry Level,25,10,6,3,1,7,5,0.3,0.16666666666666666,0.0625,6.0,3.0,1,1.0,1,54.5,28.08,Beginner
CAND_2A8C6E62,Frontend Developer,Junior,26,10,10,4,1,6,8,0.4,0.1111111111111111,0.05263157894736842,24.0,3.0,1,2.0,1,58.0,44.8,Beginner
CAND_3B36066F,System Administrator,Entry Level,27,2,0,0,0,2,0,0.0,0.0,0.0,12.0,4.0,1,3.0,1,66.5,21.82,Beginner
CAND_A9E3B451,AI ML,Fresher,31,10,12,8,3,2,8,0.8,0.2727272727272727,0.3333333333333333,0.0,4.0,1,1.0,1,68.5,50.15,Intermediate
CAND_5A18D8F8,Software Engineer,Fresher,27,10,11,6,6,4,4,0.6,0.6,0.2,0.0,4.0,1,1.0,1,62.5,43.12,Beginner
CAND_07E64951,Business Analyst,Fresher,20,10,6,1,0,9,6,0.1,0.0,0.0,0.0,4.0,1,3.0,1,56.0,17.8,Beginner
CAND_A6E608C7,Business Analyst,Mid Level,27,10,6,1,1,9,5,0.1,0.16666666666666666,0.125,48.0,6.0,1,4.0,1,78.5,39.47,Beginner
CAND_A28F2EEC,Data Engineer,Fresher,24,10,15,2,3,7,11,0.2222222222222222,0.21428571428571427,0.08695652173913043,0.0,2.0,1,1.0,1,48.0,20.07,Beginner
CAND_8E48F36D,Full Stack Developer,Fresher,26,10,9,6,5,4,4,0.6,0.5555555555555556,0.0,0.0,0.0,0,2.0,1,43.0,35.71,Beginner
CAND_9C0FF8DF,Frontend Developer,Fresher,27,10,10,1,2,9,7,0.1,0.2222222222222222,0.0,0.0,4.0,1,4.0,1,68.5,22.65,Beginner
CAND_EAD23AB4,Data Scientist,Junior,26,10,9,3,5,7,4,0.3,0.5555555555555556,0.15789473684210525,24.0,5.0,1,0.0,0,64.0,43.12,Beginner
CAND_DF85C5F4,Software Engineer,Fresher,23,10,11,5,5,5,5,0.5,0.5,0.25,0.0,6.0,1,3.0,1,70.5,43.27,Beginner
CAND_BB15F178,Mobile Developer,Junior,27,10,15,3,1,7,14,0.3,0.06666666666666667,0.08,24.0,5.0,1,1.0,1,67.5,39.24,Beginner
CAND_D56C18AC,Backend Developer,Junior,24,10,9,2,1,7,8,0.2222222222222222,0.1111111111111111,0.058823529411764705,24.0,6.0,1,2.0,1,70.0,38.38,Beginner
CAND_D9BC45D9,Machine Learning Engineer,Entry Level,21,10,1,1,0,9,1,0.1,0.0,0.0,6.0,1.0,1,2.0,1,40.5,15.44,Beginner
CAND_F30F2B5D,System Administrator,Junior,25,2,0,0,0,2,0,0.0,0.0,0.0,36.0,1.0,1,3.0,1,48.5,25.09,Beginner
CAND_5C9CE78D,System Administrator,Entry Level,27,2,0,0,0,2,0,0.0,0.0,0.0,12.0,6.0,1,4.0,1,78.5,24.43,Beginner
CAND_13A77FEA,Machine Learning Engineer,Junior,25,10,1,4,0,6,1,0.4,0.0,0.18181818181818182,36.0,1.0,1,1.0,1,44.5,39.62,Beginner
CAND_73DE9983,Business Analyst,Fresher,22,10,6,2,0,8,6,0.2,0.0,0.0625,0.0,3.0,1,3.0,1,54.0,22.64,Beginner
CAND_6BE4AA3D,System Administrator,Junior,24,2,0,0,0,2,0,0.0,0.0,0.0,24.0,2.0,1,0.0,0,46.0,20.63,Beginner
CAND_5C36C48B,Security Engineer,Fresher,25,10,13,0,3,10,8,0.0,0.2727272727272727,0.0,0.0,1.0,1,3.0,1,48.5,12.82,Beginner
CAND_8CDAD9E3,UI/UX Designer,Junior,23,10,7,0,0,10,7,0.0,0.0,0.0,36.0,2.0,1,1.0,1,46.5,22.66,Beginner
CAND_3C84B37C,Data Engineer,Entry Level,22,10,15,3,6,6,8,0.3333333333333333,0.42857142857142855,0.13043478260869565,12.0,4.0,1,1.0,1,55.0,36.83,Beginner
CAND_4B92905C,Product Manager,Junior,24,8,0,2,0,6,0,0.25,0.0,0.25,24.0,4.0,1,1.0,1,58.0,38.65,Beginner
CAND_D52EB92A,Mobile Developer,Entry Level,26,10,15,3,4,7,11,0.3,0.26666666666666666,0.04,6.0,5.0,1,0.0,0,64.0,27.22,Beginner
CAND_EBD269B4,Mobile Developer,Fresher,22,10,15,2,2,8,13,0.2,0.13333333333333333,0.08,0.0,4.0,1,2.0,1,57.0,22.38,Beginner
CAND_467AD6DE,Security Engineer,Entry Level,25,10,13,2,2,8,9,0.2,0.18181818181818182,0.047619047619047616,6.0,3.0,1,4.0,1,60.5,30.31,Beginner
CAND_55F300D4,Backend Developer,Fresher,22,10,9,4,0,5,9,0.4444444444444444,0.0,0.0,0.0,0.0,0,0.0,0,33.0,19.43,Beginner
CAND_158E11EF,Data Scientist,Entry Level,22,10,9,3,5,7,4,0.3,0.5555555555555556,0.15789473684210525,6.0,6.0,1,2.0,1,67.0,36.02,Beginner
CAND_C71DBFC2,Data Analyst,Entry Level,22,10,7,6,3,4,4,0.6,0.42857142857142855,0.17647058823529413,12.0,3.0,1,4.0,1,56.0,54.23,Intermediate
CAND_5CCED92E,Business Analyst,Entry Level,26,10,6,4,2,6,4,0.4,0.3333333333333333,0.125,12.0,4.0,1,3.0,1,65.0,42.96,Beginner
CAND_2C17B397,Data Scientist,Mid Level,26,10,9,3,4,7,5,0.3,0.4444444444444444,0.15789473684210525,48.0,3.0,1,1.0,1,56.0,43.61,Beginner
CAND_483D9FC9,Machine Learning Engineer,Fresher,23,10,1,0,0,10,1,0.0,0.0,0.0,0.0,3.0,1,3.0,1,55.5,13.78,Beginner
CAND_C104C052,DevOps Engineer,Entry Level,26,10,7,0,1,10,6,0.0,0.14285714285714285,0.0,12.0,0.0,0,0.0,0,39.0,10.88,Beginner
CAND_890DC434,Data Scientist,Junior,28,10,9,3,5,7,4,0.3,0.5555555555555556,0.15789473684210525,36.0,5.0,1,3.0,1,73.0,49.57,Beginner
CAND_73ECB217,Data Engineer,Entry Level,24,10,15,1,5,8,9,0.1111111111111111,0.35714285714285715,0.0,6.0,4.0,1,2.0,1,60.0,23.77,Beginner
CAND_DE3C512B,System Administrator,Entry Level,22,2,0,1,0,1,0,0.5,0.0,0.5,6.0,3.0,1,1.0,1,50.0,40.75,Beginner
CAND_9B16363E,System Administrator,Entry Level,22,2,0,1,0,1,0,0.5,0.0,0.5,6.0,6.0,1,5.0,1,73.0,49.9,Beginner
CAND_07DB28DB,Mobile Developer,Entry Level,29,10,15,0,3,10,12,0.0,0.2,0.04,6.0,5.0,1,3.0,1,74.5,21.08,Beginner
CAND_4F590941,Frontend Developer,Fresher,24,10,10,3,1,7,8,0.3,0.1111111111111111,0.10526315789473684,0.0,5.0,1,1.0,1,63.0,24.84,Beginner
CAND_27AEE92D,QA Engineer,Junior,26,10,8,0,3,10,5,0.0,0.375,0.0,36.0,2.0,1,4.0,1,57.0,32.93,Beginner
CAND_9D120F17,Machine Learning Engineer,Entry Level,27,10,1,2,0,8,1,0.2,0.0,0.18181818181818182,6.0,6.0,1,3.0,1,76.5,29.3,Beginner
CAND_C0A5A7C8,UI/UX Designer,Junior,22,10,7,0,0,10,7,0.0,0.0,0.0,36.0,7.0,1,3.0,1,74.0,29.7,Beginner
CAND_B6694227,DevOps Engineer,Entry Level,26,10,7,2,1,8,6,0.2,0.14285714285714285,0.0,6.0,2.0,1,1.0,1,51.0,21.06,Beginner
CAND_B3682798,DevOps Engineer,Fresher,24,10,7,2,0,8,7,0.2,0.0,0.11764705882352941,0.0,5.0,1,3.0,1,67.0,24.11,Beginner
CAND_4F688CB6,Machine Learning Engineer,Junior,27,10,1,3,0,7,1,0.3,0.0,0.18181818181818182,24.0,4.0,1,2.0,1,64.5,41.95,Beginner
CAND_948E6EBF,Business Analyst,Entry Level,24,10,6,3,2,7,4,0.3,0.3333333333333333,0.125,12.0,4.0,1,4.0,1,64.0,40.91,Beginner
CAND_BF4EE5BD,System Administrator,Fresher,23,2,0,0,0,2,0,0.0,0.0,0.0,0.0,2.0,1,1.0,1,46.5,7.66,Beginner
CAND_5B5C9DCD,Data Scientist,Entry Level,25,10,9,3,5,7,4,0.3,0.5555555555555556,0.05263157894736842,12.0,2.0,1,2.0,1,51.5,35.75,Beginner
CAND_89C82FE6,DevOps Engineer,Entry Level,28,10,7,3,3,7,4,0.3,0.42857142857142855,0.058823529411764705,6.0,3.0,1,1.0,1,59.0,30.87,Beginner
CAND_5ACCDB4D,DevOps Engineer,Entry Level,28,10,7,2,2,8,5,0.2,0.2857142857142857,0.058823529411764705,6.0,2.0,1,1.0,1,54.0,23.52,Beginner
CAND_5D8C5893,Data Engineer,Entry Level,21,10,15,1,4,8,10,0.1111111111111111,0.2857142857142857,0.043478260869565216,6.0,6.0,1,2.0,1,65.5,23.98,Beginner
CAND_0036418C,Data Engineer,Entry Level,25,10,15,3,3,6,11,0.3333333333333333,0.21428571428571427,0.13043478260869565,6.0,6.0,1,3.0,1,73.5,35.86,Beginner
CAND_CA95DCB2,Machine Learning Engineer,Junior,25,10,1,3,0,7,1,0.3,0.0,0.09090909090909091,24.0,2.0,1,0.0,0,47.5,34.07,Beginner
CAND_855EB8DC,Data Scientist,Junior,25,10,9,3,4,7,5,0.3,0.4444444444444444,0.15789473684210525,24.0,2.0,1,2.0,1,51.5,43.72,Beginner
CAND_655D4519,Full Stack Developer,Entry Level,27,10,9,8,5,2,4,0.8,0.5555555555555556,0.16666666666666666,12.0,3.0,1,2.0,1,59.5,59.53,Intermediate
CAND_E0A5A48C,System Administrator,Entry Level,24,2,0,1,0,1,0,0.5,0.0,0.5,12.0,8.0,1,2.0,1,80.0,48.0,Beginner
CAND_1D59A155,Business Analyst,Fresher,26,10,6,5,1,5,5,0.5,0.16666666666666666,0.0625,0.0,3.0,1,4.0,1,62.0,38.7,Beginner
CAND_69CE3B8F,Frontend Developer,Entry Level,24,10,10,2,2,8,7,0.2,0.2222222222222222,0.10526315789473684,6.0,5.0,1,2.0,1,65.0,27.8,Beginner
CAND_2CD6E78A,AI ML,Mid Level,31,10,12,8,4,2,7,0.8,0.36363636363636365,0.23809523809523808,48.0,2.0,1,4.0,1,64.5,68.77,Intermediate
CAND_882C4BA9,Data Scientist,Junior,23,10,9,3,6,7,3,0.3,0.6666666666666666,0.21052631578947367,24.0,6.0,1,1.0,1,66.5,47.15,Beginner
CAND_6DD7832F,Cloud Engineer,Entry Level,22,10,7,1,0,9,7,0.1,0.0,0.058823529411764705,12.0,2.0,1,2.0,1,47.0,22.07,Beginner
CAND_11560C3A,Business Analyst,Entry Level,25,10,6,4,2,6,4,0.4,0.3333333333333333,0.0625,6.0,4.0,1,3.0,1,63.5,38.2,Beginner
CAND_DC9887B0,Security Engineer,Mid Level,24,10,13,2,2,8,9,0.2,0.18181818181818182,0.0,48.0,3.0,1,0.0,0,51.0,32.37,Beginner
CAND_B80FF6DD,QA Engineer,Fresher,25,10,8,0,1,10,7,0.0,0.125,0.0,0.0,2.0,1,0.0,0,47.5,6.96,Beginner
CAND_50CFD30B,Data Analyst,Entry Level,30,10,7,6,3,4,4,0.6,0.42857142857142855,0.17647058823529413,12.0,5.0,1,2.0,1,74.0,51.13,Intermediate
CAND_8CEE1D44,UI/UX Designer,Fresher,27,10,7,0,1,10,6,0.0,0.14285714285714285,0.0,0.0,6.0,1,0.0,0,70.5,9.95,Beginner
CAND_0FC29AAA,Frontend Developer,Junior,25,10,10,2,2,8,7,0.2,0.2222222222222222,0.10526315789473684,24.0,6.0,1,1.0,1,69.5,37.28,Beginner
CAND_66993624,Security Engineer,Entry Level,22,10,13,1,3,9,8,0.1,0.2727272727272727,0.09523809523809523,6.0,5.0,1,0.0,0,58.0,19.81,Beginner
CAND_803FE56A,UI/UX Designer,Fresher,23,10,7,0,1,10,6,0.0,0.14285714285714285,0.0,0.0,6.0,1,1.0,1,66.5,11.75,Beginner
CAND_AD04AFA7,Software Engineer,Entry Level,28,10,11,5,5,5,5,0.5,0.5,0.15,6.0,3.0,1,2.0,1,61.0,43.05,Beginner
CAND_38E2C012,Cloud Engineer,Entry Level,22,10,7,0,1,10,6,0.0,0.14285714285714285,0.0,6.0,3.0,1,0.0,0,48.0,12.58,Beginner
CAND_12A15A14,Business Analyst,Entry Level,21,10,6,2,2,8,4,0.2,0.3333333333333333,0.125,12.0,5.0,1,2.0,1,60.5,32.73,Beginner
CAND_45FCAABA,Data Analyst,Entry Level,31,10,7,6,3,4,4,0.6,0.42857142857142855,0.11764705882352941,12.0,2.0,1,0.0,0,56.5,43.71,Beginner
CAND_F6747815,Mobile Developer,Entry Level,21,10,15,1,2,9,13,0.1,0.13333333333333333,0.12,6.0,6.0,1,1.0,1,63.5,21.06,Beginner
CAND_F27C300E,AI ML,Fresher,32,10,12,8,3,2,8,0.8,0.2727272727272727,0.3333333333333333,0.0,8.0,1,0.0,0,88.0,49.13,Beginner
CAND_019CF316,System Administrator,Fresher,24,2,0,0,0,2,0,0.0,0.0,0.0,0.0,1.0,1,2.0,1,45.0,7.92,Beginner
CAND_F532A9F7,Software Engineer,Junior,27,10,11,4,5,6,5,0.4,0.5,0.15,36.0,4.0,1,1.0,1,62.5,48.38,Beginner
CAND_101BC5AC,Data Analyst,Fresher,26,10,7,5,3,5,4,0.5,0.42857142857142855,0.11764705882352941,0.0,6.0,1,2.0,1,73.0,38.7,Beginner
CAND_6588CF8B,System Administrator,Entry Level,26,2,0,0,0,2,0,0.0,0.0,0.0,6.0,2.0,1,3.0,1,55.0,15.83,Beginner
CAND_5B59B02D,Backend Developer,Entry Level,25,10,9,4,3,5,6,0.4444444444444444,0.3333333333333333,0.23529411764705882,12.0,5.0,1,2.0,1,66.5,44.47,Beginner
CAND_2DE6AEAE,Product Manager,Fresher,29,8,0,1,0,7,0,0.125,0.0,0.125,0.0,6.0,1,0.0,0,73.5,15.55,Beginner
CAND_59ED5EEB,Cloud Engineer,Fresher,25,10,7,1,2,9,5,0.1,0.2857142857142857,0.058823529411764705,0.0,7.0,1,0.0,0,72.5,16.36,Beginner
CAND_9CC3FCBB,Product Manager,Entry Level,29,8,0,1,0,7,0,0.125,0.0,0.0,6.0,2.0,1,1.0,1,55.5,16.86,Beginner
CAND_E1832C18,Software Engineer,Entry Level,23,10,11,5,4,5,6,0.5,0.4,0.05,6.0,2.0,1,3.0,1,50.5,40.36,Beginner
CAND_30CE0390,System Administrator,Entry Level,22,2,0,0,0,2,0,0.0,0.0,0.0,6.0,3.0,1,1.0,1,50.0,13.25,Beginner
CAND_D8D3770A,Security Engineer,Junior,28,10,13,1,6,9,5,0.1,0.5454545454545454,0.14285714285714285,36.0,5.0,1,5.0,1,77.0,45.45,Beginner
CAND_971F2ADE,Frontend Developer,Junior,22,10,10,0,2,10,7,0.0,0.2222222222222222,0.0,24.0,1.0,1,1.0,1,40.0,22.89,Beginner
CAND_08C7C7E0,Data Analyst,Junior,28,10,7,5,3,5,4,0.5,0.42857142857142855,0.17647058823529413,24.0,2.0,1,1.0,1,54.0,49.97,Beginner
CAND_73C683A4,Data Scientist,Junior,20,10,9,4,4,6,5,0.4,0.4444444444444444,0.3157894736842105,24.0,6.0,1,1.0,1,62.0,50.28,Intermediate
CAND_3FB8B550,System Administrator,Entry Level,27,2,0,1,0,1,0,0.5,0.0,0.5,6.0,4.0,1,1.0,1,62.5,41.38,Beginner
CAND_22BECBC8,UI/UX Designer,Entry Level,21,10,7,0,1,10,6,0.0,0.14285714285714285,0.058823529411764705,6.0,5.0,1,2.0,1,60.5,18.09,Beginner
CAND_4CBAA846,QA Engineer,Junior,27,10,8,1,2,9,6,0.1,0.25,0.0,24.0,6.0,1,2.0,1,74.5,34.23,Beginner
CAND_C6BE297C,Cloud Engineer,Fresher,24,10,7,1,1,9,6,0.1,0.14285714285714285,0.058823529411764705,0.0,7.0,1,2.0,1,75.0,19.06,Beginner
CAND_A2D7E757,AI ML,Fresher,27,10,12,8,4,2,7,0.8,0.36363636363636365,0.19047619047619047,0.0,3.0,1,2.0,1,59.5,50.47,Intermediate
CAND_F1C979C3,Product Manager,Entry Level,24,8,0,1,0,7,0,0.125,0.0,0.0,6.0,5.0,1,3.0,1,67.0,23.1,Beginner
CAND_F21F84E5,Software Engineer,Fresher,26,10,11,6,4,4,6,0.6,0.4,0.3,0.0,6.0,1,0.0,0,69.0,40.95,Beginner
CAND_2D88BB5F,Security Engineer,Fresher,26,10,13,2,2,8,9,0.2,0.18181818181818182,0.047619047619047616,0.0,3.0,1,0.0,0,54.0,18.23,Beginner
CAND_D7077271,AI ML,Entry Level,29,10,12,8,3,2,8,0.8,0.2727272727272727,0.09523809523809523,6.0,2.0,1,2.0,1,57.5,50.11,Intermediate
CAND_070A80FA,UI/UX Designer,Fresher,21,10,7,0,0,10,7,0.0,0.0,0.0,0.0,2.0,1,2.0,1,45.5,9.61,Beginner
CAND_DA28A0D9,Frontend Developer,Junior,21,10,10,1,2,9,7,0.1,0.2222222222222222,0.05263157894736842,24.0,6.0,1,4.0,1,69.5,38.49,Beginner
CAND_EA5932A7,DevOps Engineer,Junior,24,10,7,1,2,9,5,0.1,0.2857142857142857,0.058823529411764705,24.0,5.0,1,2.0,1,65.0,34.99,Beginner
CAND_1FD4A2D4,QA Engineer,Junior,27,10,8,0,2,10,6,0.0,0.25,0.0,24.0,0.0,0,1.0,1,42.5,21.62,Beginner
CAND_5A182960,Software Engineer,Entry Level,27,10,11,4,6,6,4,0.4,0.6,0.05,12.0,1.0,1,1.0,1,47.5,36.29,Beginner
CAND_90FF3F62,Frontend Developer,Fresher,27,10,10,3,2,7,7,0.3,0.2222222222222222,0.0,0.0,3.0,1,3.0,1,61.5,28.3,Beginner
CAND_A18CC28B,Backend Developer,Entry Level,21,10,9,3,4,6,5,0.3333333333333333,0.4444444444444444,0.0,12.0,1.0,1,3.0,1,42.5,35.07,Beginner
CAND_CC1EA5F9,Product Manager,Entry Level,24,8,0,1,0,7,0,0.125,0.0,0.0,6.0,1.0,1,3.0,1,47.0,18.77,Beginner
CAND_977CD617,DevOps Engineer,Fresher,26,10,7,1,4,9,3,0.1,0.5714285714285714,0.11764705882352941,0.0,3.0,1,4.0,1,62.0,27.58,Beginner
CAND_41598B1B,UI/UX Designer,Fresher,24,10,7,0,0,10,7,0.0,0.0,0.0,0.0,3.0,1,1.0,1,53.0,9.65,Beginner
CAND_CAFC0737,Data Analyst,Entry Level,23,10,7,5,3,5,4,0.5,0.42857142857142855,0.23529411764705882,12.0,8.0,1,2.0,1,78.5,48.24,Beginner
CAND_868B1F29,Cloud Engineer,Junior,23,10,7,3,1,7,6,0.3,0.14285714285714285,0.17647058823529413,36.0,5.0,1,1.0,1,61.5,41.15,Beginner
CAND_2DAD5447,Backend Developer,Entry Level,24,10,9,4,4,5,5,0.4444444444444444,0.4444444444444444,0.058823529411764705,6.0,3.0,1,2.0,1,55.0,38.6,Beginner
CAND_4BE386E0,Security Engineer,Mid Level,23,10,13,4,2,6,9,0.4,0.18181818181818182,0.14285714285714285,48.0,5.0,1,2.0,1,63.5,47.14,Beginner
CAND_2F35F2E5,Software Engineer,Fresher,27,10,11,5,5,5,5,0.5,0.5,0.3,0.0,5.0,1,4.0,1,73.5,46.17,Beginner
CAND_D4E6721E,Security Engineer,Entry Level,25,10,13,1,6,9,5,0.1,0.5454545454545454,0.14285714285714285,6.0,6.0,1,2.0,1,71.5,27.92,Beginner
CAND_D188E410,Security Engineer,Fresher,28,10,13,2,4,8,7,0.2,0.36363636363636365,0.047619047619047616,0.0,3.0,1,1.0,1,59.0,22.3,Beginner
CAND_DC901279,Mobile Developer,Junior,25,10,15,2,1,8,14,0.2,0.06666666666666667,0.04,24.0,4.0,1,1.0,1,59.5,34.24,Beginner
CAND_716CFA4B,Data Analyst,Entry Level,30,10,7,7,3,3,4,0.7,0.42857142857142855,0.058823529411764705,6.0,3.0,1,4.0,1,68.0,53.32,Intermediate
CAND_C4DB15FB,Data Analyst,Entry Level,28,10,7,5,3,5,4,0.5,0.42857142857142855,0.17647058823529413,12.0,5.0,1,2.0,1,71.0,46.98,Beginner
CAND_7AC81F52,Software Engineer,Fresher,29,10,11,6,6,4,4,0.6,0.6,0.15,0.0,2.0,1,3.0,1,59.5,44.56,Beginner
CAND_2A57D496,Business Analyst,Fresher,27,10,6,5,1,5,5,0.5,0.16666666666666666,0.0625,0.0,4.0,1,1.0,1,62.5,32.73,Beginner
CAND_6E3531D3,Data Analyst,Entry Level,30,10,7,7,3,3,4,0.7,0.42857142857142855,0.23529411764705882,6.0,3.0,1,2.0,1,64.0,51.77,Intermediate
CAND_4B70C16D,UI/UX Designer,Entry Level,28,10,7,0,0,10,7,0.0,0.0,0.0,12.0,2.0,1,0.0,0,52.0,13.43,Beginner
CAND_D9E731C5,Software Engineer,Entry Level,26,10,11,5,5,5,5,0.5,0.5,0.3,6.0,5.0,1,2.0,1,68.0,45.65,Beginner
CAND_DE34677F,Machine Learning Engineer,Fresher,23,10,1,2,0,8,1,0.2,0.0,0.0,0.0,3.0,1,2.0,1,53.5,19.68,Beginner
CAND_241CFFEE,Data Scientist,Junior,26,10,9,3,4,7,5,0.3,0.4444444444444444,0.21052631578947367,24.0,7.0,1,4.0,1,82.0,51.7,Intermediate
CAND_5E164399,Business Analyst,Junior,23,10,6,1,2,9,4,0.1,0.3333333333333333,0.0625,24.0,3.0,1,2.0,1,53.5,34.95,Beginner
CAND_6F846FD6,Software Engineer,Entry Level,26,10,11,8,4,2,6,0.8,0.4,0.15,12.0,5.0,1,2.0,1,68.0,58.15,Intermediate
CAND_A51772E6,Data Analyst,Entry Level,26,10,7,7,3,3,4,0.7,0.42857142857142855,0.11764705882352941,6.0,5.0,1,1.0,1,66.0,48.1,Beginner
CAND_565EE251,Cloud Engineer,Fresher,23,10,7,1,1,9,6,0.1,0.14285714285714285,0.0,0.0,2.0,1,2.0,1,48.5,15.19,Beginner
CAND_4A323C88,Mobile Developer,Junior,25,10,15,1,3,9,12,0.1,0.2,0.08,24.0,6.0,1,2.0,1,71.5,34.77,Beginner
CAND_6C2C7249,Machine Learning Engineer,Entry Level,21,10,1,1,0,9,1,0.1,0.0,0.0,6.0,0.0,0,2.0,1,35.5,13.53,Beginner
CAND_83ADEAC9,Data Scientist,Junior,22,10,9,4,4,6,5,0.4,0.4444444444444444,0.10526315789473684,24.0,2.0,1,2.0,1,47.0,46.71,Beginner
CAND_69779F98,System Administrator,Entry Level,25,2,0,0,0,2,0,0.0,0.0,0.0,12.0,2.0,1,3.0,1,53.5,19.51,Beginner
CAND_2F80ADD7,Full Stack Developer,Junior,30,10,9,7,6,3,3,0.7,0.6666666666666666,0.16666666666666666,24.0,2.0,1,1.0,1,57.0,60.35,Intermediate
CAND_840AF63A,Software Engineer,Junior,24,10,11,5,4,5,6,0.5,0.4,0.15,24.0,5.0,1,0.0,0,61.0,49.3,Beginner
CAND_26F085BD,Data Scientist,Entry Level,24,10,9,3,5,7,4,0.3,0.5555555555555556,0.21052631578947367,12.0,5.0,1,5.0,1,71.0,46.76,Beginner
CAND_2AE6E080,Frontend Developer,Entry Level,21,10,10,1,0,9,9,0.1,0.0,0.0,6.0,2.0,1,0.0,0,41.5,13.16,Beginner
CAND_3E3FA6CC,System Administrator,Entry Level,27,2,0,1,0,1,0,0.5,0.0,0.5,6.0,6.0,1,2.0,1,74.5,43.98,Beginner
CAND_AC6E1DBA,Software Engineer,Entry Level,22,10,11,4,5,6,5,0.4,0.5,0.15,12.0,3.0,1,2.0,1,52.0,42.35,Beginner
CAND_7565D3DA,Data Scientist,Junior,28,10,9,3,4,7,5,0.3,0.4444444444444444,0.15789473684210525,36.0,3.0,1,1.0,1,59.0,43.76,Beginner
CAND_159FDC58,Cloud Engineer,Entry Level,26,10,7,4,1,6,6,0.4,0.14285714285714285,0.058823529411764705,12.0,4.0,1,1.0,1,61.0,35.86,Beginner
CAND_532A83EB,System Administrator,Fresher,25,2,0,0,0,2,0,0.0,0.0,0.0,0.0,6.0,1,2.0,1,71.5,12.57,Beginner
CAND_DF9F7E3B,Product Manager,Fresher,23,8,0,2,0,6,0,0.25,0.0,0.125,0.0,2.0,1,1.0,1,46.5,19.53,Beginner
CAND_4C091E0E,Frontend Developer,Entry Level,24,10,10,0,3,10,6,0.0,0.3333333333333333,0.05263157894736842,6.0,5.0,1,4.0,1,69.0,24.32,Beginner
CAND_EBD1F031,Backend Developer,Entry Level,27,10,9,2,1,7,8,0.2222222222222222,0.1111111111111111,0.11764705882352941,12.0,4.0,1,0.0,0,60.5,27.29,Beginner
CAND_D8C878EC,AI ML,Entry Level,25,10,12,8,2,2,9,0.8,0.18181818181818182,0.2857142857142857,6.0,4.0,1,0.0,0,57.5,49.73,Beginner
CAND_5CE0C0D4,Data Engineer,Entry Level,27,10,15,3,3,6,11,0.3333333333333333,0.21428571428571427,0.13043478260869565,6.0,4.0,1,3.0,1,66.5,35.51,Beginner
CAND_AFBC42F5,Business Analyst,Entry Level,24,10,6,3,3,7,3,0.3,0.5,0.1875,6.0,7.0,1,3.0,1,77.0,38.41,Beginner
CAND_E803238B,Backend Developer,Fresher,30,10,9,6,3,3,6,0.6666666666666666,0.3333333333333333,0.23529411764705882,0.0,6.0,1,3.0,1,81.0,48.58,Beginner
CAND_ACD2D3F3,Frontend Developer,Junior,28,10,10,2,1,8,8,0.2,0.1111111111111111,0.0,36.0,3.0,1,0.0,0,57.0,31.96,Beginner
CAND_CB9CE41B,Cloud Engineer,Junior,20,10,7,2,0,8,7,0.2,0.0,0.0,24.0,4.0,1,0.0,0,50.0,30.5,Beginner
CAND_BE1152AA,AI ML,Fresher,28,10,12,8,3,2,8,0.8,0.2727272727272727,0.23809523809523808,0.0,3.0,1,3.0,1,63.0,52.45,Intermediate
CAND_DD3B94FF,Backend Developer,Entry Level,24,10,9,2,2,7,7,0.2222222222222222,0.2222222222222222,0.0,6.0,3.0,1,2.0,1,55.0,26.61,Beginner
CAND_576ECC0E,UI/UX Designer,Entry Level,24,10,7,0,0,10,7,0.0,0.0,0.0,12.0,6.0,1,2.0,1,70.0,20.0,Beginner
CAND_538B1CB1,Data Engineer,Junior,20,10,15,3,1,6,13,0.3333333333333333,0.07142857142857142,0.043478260869565216,36.0,2.0,1,3.0,1,46.0,41.33,Beginner
CAND_9235F327,Backend Developer,Entry Level,25,10,9,2,1,7,8,0.2222222222222222,0.1111111111111111,0.058823529411764705,12.0,2.0,1,2.0,1,51.5,28.29,Beginner
CAND_A014A0AA,AI ML,Entry Level,26,10,12,8,5,2,6,0.8,0.45454545454545453,0.14285714285714285,12.0,2.0,1,1.0,1,51.0,54.07,Intermediate
CAND_1481DD07,Product Manager,Entry Level,21,8,0,0,0,8,0,0.0,0.0,0.0,12.0,4.0,1,5.0,1,61.5,25.57,Beginner
CAND_388500C6,Software Engineer,Fresher,27,10,11,7,5,3,5,0.7,0.5,0.15,0.0,5.0,1,4.0,1,73.5,51.92,Intermediate
CAND_26BA6825,Frontend Developer,Fresher,23,10,10,2,2,8,7,0.2,0.2222222222222222,0.10526315789473684,0.0,5.0,1,1.0,1,61.5,21.88,Beginner
CAND_3B6441BF,Backend Developer,Junior,22,10,9,3,0,6,9,0.3333333333333333,0.0,0.058823529411764705,24.0,3.0,1,2.0,1,52.0,40.82,Beginner
CAND_BDB69A3C,Data Engineer,Entry Level,26,10,15,4,4,5,10,0.4444444444444444,0.2857142857142857,0.17391304347826086,12.0,6.0,1,3.0,1,75.0,45.49,Beginner
CAND_60E82C58,Mobile Developer,Entry Level,22,10,15,2,3,8,12,0.2,0.2,0.04,6.0,4.0,1,2.0,1,57.0,26.2,Beginner
CAND_155E014C,Mobile Developer,Fresher,25,10,15,3,2,7,13,0.3,0.13333333333333333,0.12,0.0,3.0,1,3.0,1,58.5,29.06,Beginner
CAND_BFA5575E,AI ML,Fresher,33,10,12,8,3,2,8,0.8,0.2727272727272727,0.047619047619047616,0.0,1.0,1,1.0,1,56.5,41.93,Beginner
CAND_F78FBA30,AI ML,Entry Level,32,10,12,8,3,2,8,0.8,0.2727272727272727,0.23809523809523808,12.0,3.0,1,4.0,1,71.0,62.35,Intermediate
CAND_93E21E73,Cloud Engineer,Entry Level,28,10,7,2,0,8,7,0.2,0.0,0.0,6.0,0.0,0,3.0,1,48.0,20.15,Beginner
CAND_0C01F971,Frontend Developer,Junior,23,10,10,1,1,9,8,0.1,0.1111111111111111,0.0,24.0,1.0,1,1.0,1,41.5,25.85,Beginner
CAND_6078F7A2,Product Manager,Junior,24,8,0,2,0,6,0,0.25,0.0,0.125,24.0,2.0,1,1.0,1,48.0,34.61,Beginner
CAND_B393D749,Cloud Engineer,Fresher,22,10,7,3,2,7,5,0.3,0.2857142857142857,0.058823529411764705,0.0,6.0,1,2.0,1,67.0,28.09,Beginner
CAND_F87D9306,Data Engineer,Entry Level,21,10,15,2,3,7,11,0.2222222222222222,0.21428571428571427,0.08695652173913043,6.0,3.0,1,0.0,0,46.5,23.41,Beginner
CAND_F527B4D1,Machine Learning Engineer,Entry Level,24,10,1,3,0,7,1,0.3,0.0,0.2727272727272727,6.0,6.0,1,1.0,1,68.0,30.24,Beginner
CAND_AD5AB183,Security Engineer,Entry Level,26,10,13,2,3,8,8,0.2,0.2727272727272727,0.19047619047619047,12.0,4.0,1,2.0,1,63.0,33.23,Beginner
CAND_160026D8,Cloud Engineer,Junior,26,10,7,2,1,8,6,0.2,0.14285714285714285,0.058823529411764705,24.0,5.0,1,2.0,1,68.0,37.71,Beginner
CAND_710B32C9,Data Analyst,Entry Level,26,10,7,6,3,4,4,0.6,0.42857142857142855,0.11764705882352941,6.0,4.0,1,1.0,1,61.0,43.85,Beginner
CAND_B572FBD1,UI/UX Designer,Fresher,27,10,7,0,0,10,7,0.0,0.0,0.0,0.0,1.0,1,2.0,1,49.5,8.14,Beginner
CAND_55145A16,UI/UX Designer,Fresher,25,10,7,0,2,10,5,0.0,0.2857142857142857,0.0,0.0,3.0,1,1.0,1,54.5,12.58,Beginner
CAND_EE487EE7,Frontend Developer,Fresher,21,10,10,3,2,7,7,0.3,0.2222222222222222,0.05263157894736842,0.0,2.0,1,1.0,1,43.5,22.52,Beginner
CAND_B49772B3,Machine Learning Engineer,Fresher,22,10,1,3,0,7,1,0.3,0.0,0.18181818181818182,0.0,8.0,1,4.0,1,81.0,31.78,Beginner
CAND_7AD6245F,Cloud Engineer,Fresher,25,10,7,1,1,9,6,0.1,0.14285714285714285,0.0,0.0,0.0,0,3.0,1,43.5,13.6,Beginner
CAND_61698087,DevOps Engineer,Entry Level,23,10,7,0,1,10,6,0.0,0.14285714285714285,0.0,12.0,2.0,1,1.0,1,46.5,16.59,Beginner
CAND_43B196A6,Machine Learning Engineer,Entry Level,23,10,1,4,0,6,1,0.4,0.0,0.18181818181818182,6.0,5.0,1,4.0,1,67.5,38.85,Beginner
CAND_F040B723,Data Analyst,Entry Level,26,10,7,7,3,3,4,0.7,0.42857142857142855,0.058823529411764705,12.0,1.0,1,3.0,1,50.0,50.83,Intermediate
CAND_394658FC,QA Engineer,Fresher,26,10,8,0,2,10,6,0.0,0.25,0.05555555555555555,0.0,3.0,1,3.0,1,60.0,17.33,Beginner
CAND_00D25998,System Administrator,Fresher,21,2,0,0,0,2,0,0.0,0.0,0.0,0.0,0.0,0,3.0,1,37.5,7.88,Beginner
CAND_48DB8E97,Software Engineer,Fresher,29,10,11,4,4,6,6,0.4,0.4,0.05,0.0,1.0,1,3.0,1,54.5,31.14,Beginner
CAND_268CBC8E,Data Scientist,Fresher,27,10,9,4,5,6,4,0.4,0.5555555555555556,0.15789473684210525,0.0,3.0,1,2.0,1,59.5,35.9,Beginner
CAND_DA74C41C,Machine Learning Engineer,Entry Level,27,10,1,3,0,7,1,0.3,0.0,0.2727272727272727,6.0,5.0,1,2.0,1,69.5,32.32,Beginner
CAND_F811A3B0,Cloud Engineer,Fresher,21,10,7,1,1,9,6,0.1,0.14285714285714285,0.0,0.0,0.0,0,2.0,1,35.5,11.2,Beginner
CAND_D055B688,Machine Learning Engineer,Fresher,22,10,1,3,0,7,1,0.3,0.0,0.09090909090909091,0.0,3.0,1,2.0,1,52.0,24.96,Beginner
CAND_5DBCF12C,Data Analyst,Fresher,24,10,7,7,3,3,4,0.7,0.42857142857142855,0.11764705882352941,0.0,2.0,1,1.0,1,48.0,41.78,Beginner
CAND_A1D33244,QA Engineer,Entry Level,23,10,8,1,3,9,5,0.1,0.375,0.0,6.0,2.0,1,2.0,1,48.5,21.26,Beginner
CAND_31C213CA,Data Scientist,Fresher,22,10,9,4,5,6,4,0.4,0.5555555555555556,0.21052631578947367,0.0,3.0,1,1.0,1,50.0,34.21,Beginner
CAND_C7A83D83,DevOps Engineer,Fresher,22,10,7,1,1,9,6,0.1,0.14285714285714285,0.0,0.0,6.0,1,0.0,0,63.0,13.58,Beginner
CAND_C1EB57C5,Data Scientist,Fresher,22,10,9,3,4,7,5,0.3,0.4444444444444444,0.3157894736842105,0.0,6.0,1,3.0,1,69.0,35.63,Beginner
CAND_3A3FD773,UI/UX Designer,Entry Level,28,10,7,0,2,10,5,0.0,0.2857142857142857,0.0,6.0,2.0,1,1.0,1,54.0,14.64,Beginner
CAND_4D371D90,System Administrator,Entry Level,20,2,0,0,0,2,0,0.0,0.0,0.0,12.0,1.0,1,4.0,1,43.0,19.32,Beginner
CAND_7ED30396,Security Engineer,Fresher,27,10,13,2,2,8,9,0.2,0.18181818181818182,0.047619047619047616,0.0,2.0,1,2.0,1,54.5,20.59,Beginner
CAND_69FB2FD8,Frontend Developer,Fresher,23,10,10,2,3,8,6,0.2,0.3333333333333333,0.10526315789473684,0.0,4.0,1,3.0,1,60.5,26.94,Beginner
CAND_CDDE5B07,Business Analyst,Entry Level,24,10,6,1,0,9,6,0.1,0.0,0.0,6.0,7.0,1,0.0,0,71.0,16.3,Beginner
CAND_EB8DBF1A,Product Manager,Entry Level,26,8,0,3,0,5,0,0.375,0.0,0.25,6.0,4.0,1,1.0,1,61.0,32.55,Beginner
CAND_6BDAC42F,Business Analyst,Fresher,27,10,6,2,1,8,5,0.2,0.16666666666666666,0.0,0.0,3.0,1,0.0,0,55.5,17.44,Beginner
CAND_B0CB6014,Full Stack Developer,Fresher,26,10,9,8,4,2,5,0.8,0.4444444444444444,0.2222222222222222,0.0,5.0,1,1.0,1,66.0,50.08,Intermediate
CAND_15992AD5,System Administrator,Entry Level,25,2,0,0,0,2,0,0.0,0.0,0.0,6.0,2.0,1,2.0,1,51.5,13.66,Beginner
CAND_B0C90542,Business Analyst,Fresher,29,10,6,5,0,5,6,0.5,0.0,0.125,0.0,4.0,1,2.0,1,67.5,34.25,Beginner
CAND_3D3A934A,UI/UX Designer,Fresher,25,10,7,0,1,10,6,0.0,0.14285714285714285,0.0,0.0,2.0,1,2.0,1,51.5,11.34,Beginner
CAND_5E698DFF,Software Engineer,Entry Level,26,10,11,6,4,4,6,0.6,0.4,0.25,6.0,6.0,1,3.0,1,75.0,50.25,Intermediate
CAND_E1717572,Data Analyst,Entry Level,28,10,7,5,3,5,4,0.5,0.42857142857142855,0.058823529411764705,6.0,6.0,1,2.0,1,76.0,41.72,Beginner
CAND_787055C3,Business Analyst,Entry Level,23,10,6,3,0,7,6,0.3,0.0,0.0625,12.0,4.0,1,2.0,1,58.5,32.36,Beginner
CAND_0E4DEA0D,Data Scientist,Entry Level,27,10,9,3,4,7,5,0.3,0.4444444444444444,0.21052631578947367,12.0,5.0,1,0.0,0,65.5,35.38,Beginner
CAND_73FA8F28,Full Stack Developer,Entry Level,23,10,9,5,5,5,4,0.5,0.5555555555555556,0.2222222222222222,6.0,4.0,1,1.0,1,56.5,42.46,Beginner
CAND_8998C8AC,Product Manager,Mid Level,23,8,0,3,0,5,0,0.375,0.0,0.125,48.0,3.0,1,0.0,0,49.5,39.35,Beginner
CAND_DB5EDA37,Software Engineer,Entry Level,26,10,11,6,5,4,5,0.6,0.5,0.25,6.0,3.0,1,4.0,1,62.0,52.6,Intermediate
CAND_C2A64D5C,Software Engineer,Fresher,29,10,11,4,5,6,5,0.4,0.5,0.15,0.0,5.0,1,1.0,1,70.5,33.77,Beginner
CAND_59703703,Data Scientist,Entry Level,27,10,9,3,5,7,4,0.3,0.5555555555555556,0.21052631578947367,12.0,7.0,1,3.0,1,81.5,43.29,Beginner
CAND_0176BFFA,Machine Learning Engineer,Fresher,29,10,1,2,0,8,1,0.2,0.0,0.18181818181818182,0.0,5.0,1,4.0,1,76.5,27.55,Beginner
CAND_89C20918,Data Analyst,Fresher,26,10,7,6,3,4,4,0.6,0.42857142857142855,0.11764705882352941,0.0,2.0,1,2.0,1,53.0,40.03,Beginner
CAND_FF8E8A94,System Administrator,Entry Level,24,2,0,1,0,1,0,0.5,0.0,0.5,12.0,6.0,1,1.0,1,68.0,45.4,Beginner
CAND_51944B20,UI/UX Designer,Mid Level,24,10,7,0,1,10,6,0.0,0.14285714285714285,0.0,48.0,2.0,1,1.0,1,48.0,24.16,Beginner
CAND_7C171E7F,Backend Developer,Fresher,29,10,9,4,2,5,7,0.4444444444444444,0.2222222222222222,0.11764705882352941,0.0,5.0,1,0.0,0,68.5,30.19,Beginner
CAND_628743B9,Mobile Developer,Junior,24,10,15,0,3,10,12,0.0,0.2,0.0,24.0,1.0,1,0.0,0,41.0,20.72,Beginner
CAND_859C3E0B,Product Manager,Entry Level,28,8,0,2,0,6,0,0.25,0.0,0.125,12.0,3.0,1,3.0,1,63.0,33.52,Beginner
CAND_EA4FEB23,Data Analyst,Entry Level,26,10,7,5,3,5,4,0.5,0.42857142857142855,0.11764705882352941,12.0,5.0,1,4.0,1,72.0,50.15,Intermediate
CAND_D1798585,DevOps Engineer,Junior,22,10,7,2,2,8,5,0.2,0.2857142857142857,0.058823529411764705,24.0,2.0,1,2.0,1,47.0,36.42,Beginner
CAND_5030CAE4,System Administrator,Entry Level,26,2,0,1,0,1,0,0.5,0.0,0.5,12.0,6.0,1,0.0,0,69.0,43.45,Beginner
CAND_1E61561B,Frontend Developer,Junior,27,10,10,3,3,7,6,0.3,0.3333333333333333,0.05263157894736842,36.0,3.0,1,2.0,1,59.5,43.1,Beginner
CAND_D9D74E1D,Full Stack Developer,Fresher,25,10,9,6,4,4,5,0.6,0.4444444444444444,0.2777777777777778,0.0,6.0,1,1.0,1,69.5,43.09,Beginner
CAND_65C6BE1D,AI ML,Mid Level,26,10,12,8,2,2,9,0.8,0.18181818181818182,0.09523809523809523,48.0,4.0,1,4.0,1,67.0,66.6,Intermediate
CAND_301870FA,Machine Learning Engineer,Entry Level,22,10,1,2,0,8,1,0.2,0.0,0.09090909090909091,12.0,1.0,1,2.0,1,42.0,24.63,Beginner
CAND_C3CF7C07,Software Engineer,Entry Level,25,10,11,6,5,4,5,0.6,0.5,0.15,12.0,4.0,1,2.0,1,61.5,50.83,Intermediate
CAND_CBBB892C,QA Engineer,Entry Level,22,10,8,0,2,10,6,0.0,0.25,0.0,12.0,4.0,1,3.0,1,59.0,23.95,Beginner
CAND_C7DB3DCE,Business Analyst,Fresher,26,10,6,3,2,7,4,0.3,0.3333333333333333,0.125,0.0,2.0,1,0.0,0,49.0,22.99,Beginner
CAND_5C892D70,Security Engineer,Entry Level,21,10,13,2,3,8,8,0.2,0.2727272727272727,0.09523809523809523,12.0,4.0,1,1.0,1,53.5,29.33,Beginner
CAND_B4DFEEA4,DevOps Engineer,Entry Level,25,10,7,2,2,8,5,0.2,0.2857142857142857,0.11764705882352941,12.0,4.0,1,2.0,1,61.5,32.2,Beginner
CAND_16F25114,Product Manager,Entry Level,22,8,0,1,0,7,0,0.125,0.0,0.0,12.0,5.0,1,2.0,1,62.0,24.6,Beginner
CAND_5AC96091,Software Engineer,Fresher,25,10,11,5,4,5,6,0.5,0.4,0.25,0.0,3.0,1,2.0,1,56.5,39.58,Beginner
CAND_1CF58A8A,AI ML,Entry Level,26,10,12,8,2,2,9,0.8,0.18181818181818182,0.2857142857142857,6.0,5.0,1,1.0,1,66.0,52.15,Intermediate
CAND_4EED5B83,Full Stack Developer,Mid Level,25,10,9,7,5,3,4,0.7,0.5555555555555556,0.2777777777777778,48.0,6.0,1,1.0,1,69.5,63.2,Intermediate
CAND_4524D2FF,QA Engineer,Junior,18,10,8,0,2,10,6,0.0,0.25,0.0,24.0,4.0,1,2.0,1,51.0,29.05,Beginner
CAND_8CD2D0C1,Data Scientist,Entry Level,24,10,9,3,4,7,5,0.3,0.4444444444444444,0.15789473684210525,12.0,2.0,1,3.0,1,52.0,38.25,Beginner
CAND_1E952625,QA Engineer,Junior,24,10,8,0,2,10,6,0.0,0.25,0.0,36.0,3.0,1,3.0,1,57.0,31.35,Beginner
CAND_8B1954C7,Data Analyst,Fresher,24,10,7,6,3,4,4,0.6,0.42857142857142855,0.17647058823529413,0.0,4.0,1,3.0,1,62.0,45.03,Beginner
CAND_165630BA,Machine Learning Engineer,Entry Level,27,10,1,1,0,9,1,0.1,0.0,0.0,12.0,0.0,0,2.0,1,44.5,17.73,Beginner
CAND_4DCF9475,Security Engineer,Fresher,23,10,13,0,1,10,10,0.0,0.09090909090909091,0.0,0.0,0.0,0,2.0,1,38.5,6.83,Beginner
CAND_CACB5EF3,UI/UX Designer,Junior,23,10,7,0,1,10,6,0.0,0.14285714285714285,0.0,24.0,2.0,1,3.0,1,50.5,28.29,Beginner
CAND_3D6795C1,UI/UX Designer,Fresher,27,10,7,0,1,10,6,0.0,0.14285714285714285,0.0,0.0,7.0,1,1.0,1,77.5,12.3,Beginner
CAND_F5AD955E,Data Analyst,Entry Level,24,10,7,6,3,4,4,0.6,0.42857142857142855,0.058823529411764705,6.0,2.0,1,3.0,1,52.0,44.85,Beginner
CAND_952DB5A5,Data Engineer,Mid Level,23,10,15,2,4,7,10,0.2222222222222222,0.2857142857142857,0.043478260869565216,48.0,2.0,1,1.0,1,46.5,35.06,Beginner
CAND_946F395A,DevOps Engineer,Entry Level,27,10,7,1,3,9,4,0.1,0.42857142857142855,0.11764705882352941,12.0,2.0,1,4.0,1,58.5,31.81,Beginner
CAND_A963F3DB,QA Engineer,Junior,26,10,8,0,2,10,6,0.0,0.25,0.0,24.0,4.0,1,2.0,1,63.0,29.65,Beginner
CAND_D973C4AF,Security Engineer,Entry Level,21,10,13,2,3,8,8,0.2,0.2727272727272727,0.09523809523809523,6.0,2.0,1,1.0,1,43.5,23.41,Beginner
CAND_FB6AA130,QA Engineer,Entry Level,21,10,8,0,0,10,8,0.0,0.0,0.0,12.0,0.0,0,2.0,1,35.5,13.28,Beginner
CAND_5F3678D5,Product Manager,Entry Level,25,8,0,1,0,7,0,0.125,0.0,0.125,6.0,4.0,1,4.0,1,65.5,26.9,Beginner
CAND_524D69E2,Cloud Engineer,Fresher,23,10,7,1,0,9,7,0.1,0.0,0.0,0.0,3.0,1,2.0,1,53.5,15.68,Beginner
CAND_AC25670C,DevOps Engineer,Entry Level,26,10,7,3,2,7,5,0.3,0.2857142857142857,0.058823529411764705,6.0,2.0,1,1.0,1,51.0,27.37,Beginner
CAND_6D1AE7E6,Backend Developer,Entry Level,21,10,9,2,1,7,8,0.2222222222222222,0.1111111111111111,0.0,12.0,1.0,1,1.0,1,38.5,23.09,Beginner
CAND_F298BB8B,Software Engineer,Entry Level,27,10,11,5,4,5,6,0.5,0.4,0.0,12.0,0.0,0,1.0,1,42.5,35.62,Beginner
CAND_74E6670D,DevOps Engineer,Entry Level,23,10,7,0,0,10,7,0.0,0.0,0.0,12.0,5.0,1,1.0,1,61.5,17.57,Beginner
CAND_9EA66F66,Software Engineer,Entry Level,27,10,11,7,4,3,6,0.7,0.4,0.25,12.0,8.0,1,3.0,1,86.5,58.58,Intermediate
CAND_0515581D,AI ML,Fresher,35,10,12,8,4,2,7,0.8,0.36363636363636365,0.19047619047619047,0.0,5.0,1,1.0,1,79.5,49.47,Beginner
CAND_6BEA0FC0,Frontend Developer,Junior,22,10,10,0,4,10,5,0.0,0.4444444444444444,0.05263157894736842,24.0,6.0,1,0.0,0,63.0,28.38,Beginner
CAND_4708F703,Cloud Engineer,Junior,21,10,7,1,1,9,6,0.1,0.14285714285714285,0.0,36.0,0.0,0,4.0,1,39.5,30.4,Beginner
CAND_52DC95B8,Frontend Developer,Junior,24,10,10,2,1,8,8,0.2,0.1111111111111111,0.05263157894736842,24.0,4.0,1,1.0,1,58.0,34.8,Beginner
CAND_7928C9B9,Software Engineer,Junior,25,10,11,4,4,6,6,0.4,0.4,0.25,36.0,4.0,1,3.0,1,63.5,52.92,Intermediate
CAND_9251435E,Software Engineer,Entry Level,24,10,11,5,5,5,5,0.5,0.5,0.05,12.0,2.0,1,2.0,1,50.0,43.08,Beginner
CAND_28C9D5A2,Full Stack Developer,Fresher,29,10,9,7,5,3,4,0.7,0.5555555555555556,0.16666666666666666,0.0,5.0,1,1.0,1,70.5,46.58,Beginner
CAND_3DC03581,Data Scientist,Junior,25,10,9,3,4,7,5,0.3,0.4444444444444444,0.10526315789473684,24.0,1.0,1,2.0,1,46.5,41.02,Beginner
CAND_25D6CE52,Data Engineer,Entry Level,27,10,15,4,3,5,11,0.4444444444444444,0.21428571428571427,0.043478260869565216,6.0,1.0,1,2.0,1,49.5,32.46,Beginner
CAND_41768C2E,Software Engineer,Entry Level,27,10,11,4,6,6,4,0.4,0.6,0.15,6.0,4.0,1,3.0,1,66.5,42.33,Beginner
CAND_F55891DC,AI ML,Fresher,25,10,12,8,3,2,8,0.8,0.2727272727272727,0.14285714285714285,0.0,2.0,1,2.0,1,51.5,46.78,Beginner
CAND_E16C45CF,UI/UX Designer,Junior,23,10,7,0,1,10,6,0.0,0.14285714285714285,0.058823529411764705,24.0,3.0,1,3.0,1,55.5,31.09,Beginner
CAND_FAEB5CAA,DevOps Engineer,Junior,23,10,7,1,2,9,5,0.1,0.2857142857142857,0.0,36.0,1.0,1,5.0,1,49.5,36.0,Beginner
CAND_C74BE5F6,Data Scientist,Fresher,25,10,9,4,4,6,5,0.4,0.4444444444444444,0.10526315789473684,0.0,3.0,1,1.0,1,54.5,31.75,Beginner
CAND_CE500CC4,Backend Developer,Entry Level,22,10,9,2,3,7,6,0.2222222222222222,0.3333333333333333,0.0,6.0,0.0,0,0.0,0,33.0,17.62,Beginner
CAND_1DE066C9,Software Engineer,Junior,28,10,11,6,6,4,4,0.6,0.6,0.15,24.0,3.0,1,3.0,1,63.0,61.4,Intermediate
CAND_09DF7E6F,UI/UX Designer,Entry Level,23,10,7,0,1,10,6,0.0,0.14285714285714285,0.058823529411764705,6.0,2.0,1,2.0,1,48.5,15.82,Beginner
CAND_918F9B6C,Security Engineer,Entry Level,28,10,13,1,5,9,6,0.1,0.45454545454545453,0.09523809523809523,6.0,5.0,1,3.0,1,73.0,28.37,Beginner
CAND_91ED1E38,Data Analyst,Junior,28,10,7,6,3,4,4,0.6,0.42857142857142855,0.0,36.0,0.0,0,2.0,1,46.0,49.59,Beginner
CAND_79560A49,Security Engineer,Entry Level,24,10,13,0,3,10,8,0.0,0.2727272727272727,0.047619047619047616,12.0,2.0,1,2.0,1,50.0,20.77,Beginner
CAND_5310097D,Business Analyst,Entry Level,23,10,6,3,0,7,6,0.3,0.0,0.0625,12.0,2.0,1,3.0,1,50.5,32.3,Beginner
CAND_ADBE1305,Data Scientist,Entry Level,28,10,9,3,4,7,5,0.3,0.4444444444444444,0.10526315789473684,6.0,2.0,1,2.0,1,56.0,31.91,Beginner
CAND_687B0DF1,Cloud Engineer,Entry Level,25,10,7,2,1,8,6,0.2,0.14285714285714285,0.0,12.0,2.0,1,1.0,1,49.5,24.74,Beginner
CAND_DAA68F6F,Data Scientist,Entry Level,21,10,9,3,4,7,5,0.3,0.4444444444444444,0.21052631578947367,6.0,6.0,1,3.0,1,67.5,37.73,Beginner
CAND_260653AE,QA Engineer,Mid Level,22,10,8,0,3,10,5,0.0,0.375,0.05555555555555555,48.0,2.0,1,1.0,1,45.0,27.17,Beginner
CAND_60CE132F,DevOps Engineer,Entry Level,26,10,7,0,2,10,5,0.0,0.2857142857142857,0.0,6.0,5.0,1,2.0,1,68.0,19.01,Beginner
CAND_40007E95,AI ML,Entry Level,28,10,12,8,1,2,10,0.8,0.09090909090909091,0.19047619047619047,6.0,2.0,1,3.0,1,58.0,51.75,Intermediate
CAND_9E283CF4,UI/UX Designer,Fresher,21,10,7,0,2,10,5,0.0,0.2857142857142857,0.0,0.0,1.0,1,1.0,1,38.5,8.45,Beginner
CAND_E3C0A7AD,Data Analyst,Entry Level,29,10,7,6,3,4,4,0.6,0.42857142857142855,0.17647058823529413,6.0,2.0,1,1.0,1,55.5,42.79,Beginner
CAND_D2EC90C0,Data Analyst,Entry Level,29,10,7,8,3,2,4,0.8,0.42857142857142855,0.11764705882352941,12.0,4.0,1,1.0,1,65.5,55.83,Intermediate
CAND_2FB55881,Product Manager,Fresher,24,8,0,1,0,7,0,0.125,0.0,0.0,0.0,4.0,1,1.0,1,58.0,14.9,Beginner
CAND_48AA3E2D,QA Engineer,Fresher,21,10,8,1,2,9,6,0.1,0.25,0.05555555555555555,0.0,3.0,1,0.0,0,46.5,14.66,Beginner
CAND_CD3FF747,Frontend Developer,Entry Level,23,10,10,2,2,8,7,0.2,0.2222222222222222,0.0,12.0,2.0,1,5.0,1,54.5,33.78,Beginner
CAND_3D562911,Security Engineer,Junior,27,10,13,3,5,7,6,0.3,0.45454545454545453,0.047619047619047616,36.0,4.0,1,3.0,1,66.5,46.58,Beginner
CAND_AE32308C,Software Engineer,Entry Level,25,10,11,7,5,3,5,0.7,0.5,0.15,12.0,6.0,1,2.0,1,71.5,55.33,Intermediate
CAND_D09DE25F,Mobile Developer,Fresher,26,10,15,1,2,9,13,0.1,0.13333333333333333,0.0,0.0,5.0,1,1.0,1,66.0,15.63,Beginner
CAND_DCA8D4F6,Mobile Developer,Fresher,23,10,15,3,2,7,13,0.3,0.13333333333333333,0.12,0.0,5.0,1,4.0,1,67.5,31.51,Beginner
CAND_6153520D,Cloud Engineer,Junior,22,10,7,3,1,7,6,0.3,0.14285714285714285,0.058823529411764705,36.0,2.0,1,3.0,1,49.0,41.09,Beginner
CAND_94B2DDB8,Data Scientist,Entry Level,25,10,9,3,5,7,4,0.3,0.5555555555555556,0.21052631578947367,6.0,7.0,1,0.0,0,72.5,33.09,Beginner
CAND_2795292E,Data Analyst,Entry Level,24,10,7,5,3,5,4,0.5,0.42857142857142855,0.17647058823529413,12.0,6.0,1,1.0,1,68.0,44.83,Beginner
CAND_4F66C472,Data Scientist,Entry Level,25,10,9,3,4,7,5,0.3,0.4444444444444444,0.21052631578947367,6.0,5.0,1,1.0,1,64.5,33.58,Beginner
CAND_B63CF346,Data Scientist,Entry Level,24,10,9,3,5,7,4,0.3,0.5555555555555556,0.15789473684210525,12.0,3.0,1,5.0,1,61.0,45.47,Beginner
CAND_A405F81C,Frontend Developer,Entry Level,28,10,10,2,2,8,7,0.2,0.2222222222222222,0.0,6.0,6.0,1,0.0,0,72.0,22.57,Beginner
CAND_575D0137,Business Analyst,Entry Level,28,10,6,3,2,7,4,0.3,0.3333333333333333,0.125,12.0,6.0,1,1.0,1,74.0,35.41,Beginner
CAND_47A2218D,Data Analyst,Junior,27,10,7,5,3,5,4,0.5,0.42857142857142855,0.058823529411764705,36.0,5.0,1,4.0,1,73.5,56.84,Intermediate
CAND_0B889880,AI ML,Fresher,31,10,12,8,3,2,8,0.8,0.2727272727272727,0.09523809523809523,0.0,3.0,1,1.0,1,63.5,46.33,Beginner
CAND_A583CC6D,Cloud Engineer,Entry Level,26,10,7,1,1,9,6,0.1,0.14285714285714285,0.058823529411764705,6.0,4.0,1,0.0,0,59.0,18.01,Beginner
CAND_F560DAB4,QA Engineer,Fresher,25,10,8,1,3,9,5,0.1,0.375,0.0,0.0,5.0,1,0.0,0,62.5,15.88,Beginner
CAND_49BB3CA3,Full Stack Developer,Entry Level,22,10,9,5,5,5,4,0.5,0.5555555555555556,0.2222222222222222,6.0,7.0,1,4.0,1,76.0,49.44,Beginner
CAND_1361479C,Backend Developer,Junior,27,10,9,4,2,5,7,0.4444444444444444,0.2222222222222222,0.11764705882352941,36.0,3.0,1,3.0,1,61.5,50.84,Intermediate
CAND_FAA373DF,Software Engineer,Fresher,28,10,11,5,4,5,6,0.5,0.4,0.15,0.0,2.0,1,1.0,1,54.0,34.28,Beginner
CAND_CB860945,AI ML,Junior,32,10,12,8,5,2,6,0.8,0.45454545454545453,0.23809523809523808,36.0,3.0,1,3.0,1,69.0,69.57,Intermediate
CAND_63126A5C,DevOps Engineer,Entry Level,25,10,7,1,1,9,6,0.1,0.14285714285714285,0.0,6.0,2.0,1,2.0,1,51.5,19.09,Beginner
CAND_182FEE3C,DevOps Engineer,Entry Level,24,10,7,1,1,9,6,0.1,0.14285714285714285,0.0,6.0,1.0,1,5.0,1,51.0,23.4,Beginner
CAND_0B6E779E,Product Manager,Entry Level,20,8,0,1,0,7,0,0.125,0.0,0.125,6.0,7.0,1,3.0,1,71.0,25.18,Beginner
CAND_01C7D801,DevOps Engineer,Junior,24,10,7,1,2,9,5,0.1,0.2857142857142857,0.11764705882352941,24.0,4.0,1,3.0,1,62.0,37.72,Beginner
CAND_47B2BECA,Product Manager,Entry Level,23,8,0,2,0,6,0,0.25,0.0,0.0,12.0,2.0,1,1.0,1,46.5,25.16,Beginner
CAND_14B627B9,Business Analyst,Entry Level,24,10,6,4,1,6,5,0.4,0.16666666666666666,0.125,12.0,5.0,1,4.0,1,69.0,43.49,Beginner
CAND_96BC11DE,Data Analyst,Entry Level,26,10,7,6,3,4,4,0.6,0.42857142857142855,0.11764705882352941,12.0,4.0,1,2.0,1,63.0,49.7,Beginner
CAND_C312ACE7,Data Engineer,Entry Level,24,10,15,2,3,7,11,0.2222222222222222,0.21428571428571427,0.08695652173913043,6.0,5.0,1,1.0,1,63.0,26.24,Beginner
CAND_BFD936E1,UI/UX Designer,Entry Level,26,10,7,0,1,10,6,0.0,0.14285714285714285,0.0,6.0,3.0,1,2.0,1,58.0,17.08,Beginner
CAND_7A892C07,Data Scientist,Entry Level,25,10,9,3,5,7,4,0.3,0.5555555555555556,0.21052631578947367,6.0,6.0,1,1.0,1,69.5,34.94,Beginner
CAND_C7FE3F8D,UI/UX Designer,Fresher,23,10,7,0,1,10,6,0.0,0.14285714285714285,0.0,0.0,3.0,1,1.0,1,51.5,11.0,Beginner
CAND_88720AF9,AI ML,Entry Level,32,10,12,8,2,2,9,0.8,0.18181818181818182,0.23809523809523808,6.0,4.0,1,1.0,1,70.0,51.64,Intermediate
CAND_C4DDD235,Product Manager,Fresher,22,8,0,2,0,6,0,0.25,0.0,0.0,0.0,1.0,1,0.0,0,38.0,13.57,Beginner
CAND_5BFE5FF1,Security Engineer,Fresher,27,10,13,3,4,7,7,0.3,0.36363636363636365,0.09523809523809523,0.0,2.0,1,2.0,1,54.5,27.12,Beginner
CAND_ED78A471,Security Engineer,Junior,27,10,13,0,4,10,7,0.0,0.36363636363636365,0.0,24.0,0.0,0,1.0,1,42.5,22.76,Beginner
CAND_3AF4CE3D,Backend Developer,Entry Level,24,10,9,3,1,6,8,0.3333333333333333,0.1111111111111111,0.058823529411764705,6.0,4.0,1,0.0,0,56.0,26.88,Beginner
CAND_13140C17,Security Engineer,Entry Level,22,10,13,1,1,9,10,0.1,0.09090909090909091,0.0,12.0,5.0,1,2.0,1,62.0,24.51,Beginner
CAND_A523586A,Backend Developer,Fresher,23,10,9,3,2,6,7,0.3333333333333333,0.2222222222222222,0.11764705882352941,0.0,6.0,1,1.0,1,66.5,27.65,Beginner
CAND_5DB9DA5C,DevOps Engineer,Fresher,24,10,7,1,0,9,7,0.1,0.0,0.058823529411764705,0.0,5.0,1,2.0,1,65.0,17.13,Beginner
CAND_226A581E,Machine Learning Engineer,Entry Level,26,10,1,3,0,7,1,0.3,0.0,0.18181818181818182,6.0,5.0,1,2.0,1,68.0,30.88,Beginner
CAND_2860D5EA,Product Manager,Fresher,25,8,0,2,0,6,0,0.25,0.0,0.0,0.0,3.0,1,2.0,1,56.5,21.82,Beginner
CAND_213C0178,Backend Developer,Junior,26,10,9,2,1,7,8,0.2222222222222222,0.1111111111111111,0.058823529411764705,24.0,3.0,1,2.0,1,58.0,37.78,Beginner
CAND_A352C14E,Security Engineer,Entry Level,26,10,13,2,2,8,9,0.2,0.18181818181818182,0.14285714285714285,12.0,4.0,1,2.0,1,63.0,31.61,Beginner
CAND_C523F9A0,Data Analyst,Entry Level,28,10,7,7,3,3,4,0.7,0.42857142857142855,0.11764705882352941,6.0,4.0,1,2.0,1,66.0,50.1,Intermediate
CAND_CA4C0FF9,Data Engineer,Fresher,24,10,15,2,4,7,10,0.2222222222222222,0.2857142857142857,0.17391304347826086,0.0,3.0,1,1.0,1,53.0,24.0,Beginner
CAND_BAE6A44B,Mobile Developer,Fresher,26,10,15,3,1,7,14,0.3,0.06666666666666667,0.04,0.0,1.0,1,1.0,1,46.0,19.23,Beginner
CAND_5155B569,Backend Developer,Junior,20,10,9,2,2,7,7,0.2222222222222222,0.2222222222222222,0.058823529411764705,24.0,3.0,1,3.0,1,51.0,40.54,Beginner
CAND_9B9A575A,Security Engineer,Junior,26,10,13,1,1,9,10,0.1,0.09090909090909091,0.09523809523809523,24.0,4.0,1,0.0,0,59.0,29.29,Beginner
CAND_EEAF2E8E,Frontend Developer,Junior,26,10,10,1,1,9,8,0.1,0.1111111111111111,0.0,24.0,4.0,1,1.0,1,61.0,30.16,Beginner
CAND_708C96E2,Full Stack Developer,Fresher,27,10,9,9,5,1,4,0.9,0.5555555555555556,0.2222222222222222,0.0,6.0,1,2.0,1,74.5,57.61,Intermediate
CAND_80DBF3C0,Software Engineer,Entry Level,23,10,11,6,4,4,6,0.6,0.4,0.15,12.0,1.0,1,3.0,1,45.5,47.69,Beginner
CAND_893E67F9,DevOps Engineer,Fresher,23,10,7,1,2,9,5,0.1,0.2857142857142857,0.0,0.0,0.0,0,2.0,1,38.5,12.78,Beginner
CAND_4DCBC252,AI ML,Fresher,31,10,12,8,4,2,7,0.8,0.36363636363636365,0.19047619047619047,0.0,4.0,1,3.0,1,72.5,53.12,Intermediate
CAND_417C0BBD,UI/UX Designer,Fresher,21,10,7,0,0,10,7,0.0,0.0,0.0,0.0,4.0,1,3.0,1,57.5,13.88,Beginner
CAND_2850B939,Data Analyst,Entry Level,29,10,7,5,3,5,4,0.5,0.42857142857142855,0.11764705882352941,12.0,5.0,1,4.0,1,76.5,50.38,Intermediate
CAND_5D44D4B0,Data Engineer,Junior,29,10,15,2,5,7,9,0.2222222222222222,0.35714285714285715,0.043478260869565216,36.0,1.0,1,1.0,1,50.5,34.3,Beginner
CAND_5B7BAB21,Business Analyst,Entry Level,22,10,6,2,1,8,5,0.2,0.16666666666666666,0.0,6.0,4.0,1,4.0,1,61.0,29.47,Beginner
CAND_B79D6BA5,Data Analyst,Entry Level,27,10,7,6,3,4,4,0.6,0.42857142857142855,0.11764705882352941,6.0,3.0,1,3.0,1,61.5,47.88,Beginner
CAND_8255D211,QA Engineer,Fresher,24,10,8,1,4,9,4,0.1,0.5,0.0,0.0,4.0,1,4.0,1,64.0,25.2,Beginner
CAND_91326059,Backend Developer,Entry Level,25,10,9,4,2,5,7,0.4444444444444444,0.2222222222222222,0.17647058823529413,6.0,5.0,1,2.0,1,66.5,38.72,Beginner
CAND_D72D1764,QA Engineer,Entry Level,24,10,8,0,1,10,7,0.0,0.125,0.05555555555555555,12.0,6.0,1,0.0,0,66.0,17.88,Beginner
CAND_322CCE0D,Product Manager,Entry Level,28,8,0,2,0,6,0,0.25,0.0,0.125,12.0,5.0,1,2.0,1,71.0,31.93,Beginner
CAND_D33901D0,Data Engineer,Fresher,26,10,15,4,4,5,10,0.4444444444444444,0.2857142857142857,0.17391304347826086,0.0,6.0,1,0.0,0,69.0,31.69,Beginner
CAND_714614C2,Security Engineer,Fresher,21,10,13,1,3,9,8,0.1,0.2727272727272727,0.14285714285714285,0.0,3.0,1,2.0,1,50.5,20.4,Beginner
CAND_8E90F44F,Mobile Developer,Fresher,22,10,15,1,1,9,14,0.1,0.06666666666666667,0.04,0.0,3.0,1,0.0,0,48.0,12.67,Beginner
CAND_AA1B4BAC,QA Engineer,Junior,27,10,8,0,0,10,8,0.0,0.0,0.0,36.0,2.0,1,2.0,1,54.5,25.06,Beginner
CAND_9D39BA9C,Cloud Engineer,Fresher,25,10,7,1,1,9,6,0.1,0.14285714285714285,0.0,0.0,1.0,1,3.0,1,48.5,15.52,Beginner
CAND_28B313BA,Data Scientist,Entry Level,28,10,9,4,5,6,4,0.4,0.5555555555555556,0.10526315789473684,6.0,2.0,1,2.0,1,56.0,37.02,Beginner
CAND_A385A355,System Administrator,Mid Level,25,2,0,0,0,2,0,0.0,0.0,0.0,48.0,3.0,1,0.0,0,52.5,22.62,Beginner
CAND_90AB185F,AI ML,Junior,31,10,12,8,4,2,7,0.8,0.36363636363636365,0.14285714285714285,24.0,3.0,1,1.0,1,63.5,62.95,Intermediate
CAND_628BB5A4,Security Engineer,Entry Level,24,10,13,1,2,9,9,0.1,0.18181818181818182,0.047619047619047616,6.0,2.0,1,1.0,1,48.0,18.02,Beginner
CAND_CA824A17,Backend Developer,Mid Level,24,10,9,2,2,7,7,0.2222222222222222,0.2222222222222222,0.0,48.0,2.0,1,1.0,1,48.0,33.84,Beginner
CAND_4884F5E2,Data Scientist,Fresher,28,10,9,4,5,6,4,0.4,0.5555555555555556,0.21052631578947367,0.0,5.0,1,4.0,1,75.0,41.46,Beginner
CAND_4E251468,Security Engineer,Entry Level,26,10,13,4,4,6,7,0.4,0.36363636363636365,0.14285714285714285,12.0,5.0,1,1.0,1,66.0,39.58,Beginner
CAND_E0ECFE78,Cloud Engineer,Entry Level,21,10,7,1,0,9,7,0.1,0.0,0.058823529411764705,6.0,1.0,1,1.0,1,38.5,14.22,Beginner
CAND_37B05878,Security Engineer,Entry Level,25,10,13,0,5,10,6,0.0,0.45454545454545453,0.09523809523809523,6.0,5.0,1,2.0,1,66.5,22.05,Beginner
CAND_8F56B602,Cloud Engineer,Entry Level,25,10,7,1,3,9,4,0.1,0.42857142857142855,0.0,6.0,0.0,0,2.0,1,41.5,18.11,Beginner
CAND_A8EB3FD1,System Administrator,Entry Level,26,2,0,1,0,1,0,0.5,0.0,0.0,6.0,3.0,1,5.0,1,64.0,41.95,Beginner
CAND_DFA71612,QA Engineer,Junior,23,10,8,0,4,10,4,0.0,0.5,0.05555555555555555,36.0,5.0,1,3.0,1,65.5,35.11,Beginner
CAND_747647BD,Security Engineer,Entry Level,27,10,13,2,5,8,6,0.2,0.45454545454545453,0.14285714285714285,6.0,2.0,1,1.0,1,52.5,26.4,Beginner
CAND_AB481555,Security Engineer,Entry Level,27,10,13,2,4,8,7,0.2,0.36363636363636365,0.09523809523809523,12.0,4.0,1,3.0,1,66.5,34.89,Beginner
CAND_F1734A4D,Data Analyst,Entry Level,26,10,7,7,3,3,4,0.7,0.42857142857142855,0.11764705882352941,6.0,2.0,1,2.0,1,53.0,47.78,Beginner
CAND_411D3018,System Administrator,Entry Level,22,2,0,0,0,2,0,0.0,0.0,0.0,6.0,1.0,1,2.0,1,42.0,11.52,Beginner
CAND_2E2F868F,Data Engineer,Entry Level,30,10,15,2,5,7,9,0.2222222222222222,0.35714285714285715,0.13043478260869565,6.0,6.0,1,4.0,1,83.0,35.32,Beginner
CAND_7D044F3D,Machine Learning Engineer,Entry Level,28,10,1,1,0,9,1,0.1,0.0,0.09090909090909091,12.0,5.0,1,1.0,1,69.0,23.31,Beginner
CAND_742B55DB,Backend Developer,Entry Level,27,10,9,3,0,6,9,0.3333333333333333,0.0,0.058823529411764705,6.0,4.0,1,1.0,1,62.5,28.09,Beginner
CAND_EFAE4129,Data Engineer,Junior,27,10,15,2,2,7,12,0.2222222222222222,0.14285714285714285,0.043478260869565216,36.0,3.0,1,2.0,1,59.5,37.94,Beginner
CAND_352EAF35,System Administrator,Fresher,25,2,0,0,0,2,0,0.0,0.0,0.0,0.0,6.0,1,0.0,0,67.5,8.38,Beginner
CAND_A7DE337B,QA Engineer,Junior,26,10,8,1,4,9,4,0.1,0.5,0.05555555555555555,24.0,3.0,1,1.0,1,56.0,34.63,Beginner
CAND_03FFB8FD,UI/UX Designer,Entry Level,24,10,7,0,1,10,6,0.0,0.14285714285714285,0.0,12.0,3.0,1,1.0,1,53.0,18.58,Beginner
CAND_1382BB87,Security Engineer,Entry Level,21,10,13,1,0,9,11,0.1,0.0,0.047619047619047616,6.0,2.0,1,3.0,1,47.5,20.17,Beginner
CAND_373B7BF6,Backend Developer,Entry Level,23,10,9,3,2,6,7,0.3333333333333333,0.2222222222222222,0.058823529411764705,12.0,3.0,1,2.0,1,53.5,35.61,Beginner
CAND_203F2A55,QA Engineer,Junior,22,10,8,0,3,10,5,0.0,0.375,0.05555555555555555,24.0,5.0,1,2.0,1,62.0,31.68,Beginner
CAND_72A96B17,DevOps Engineer,Fresher,26,10,7,0,1,10,6,0.0,0.14285714285714285,0.0,0.0,5.0,1,2.0,1,68.0,13.83,Beginner
CAND_9DA67005,Full Stack Developer,Fresher,25,10,9,6,4,4,5,0.6,0.4444444444444444,0.2777777777777778,0.0,6.0,1,2.0,1,71.5,45.19,Beginner
CAND_72AEB299,QA Engineer,Fresher,27,10,8,0,3,10,5,0.0,0.375,0.0,0.0,5.0,1,2.0,1,69.5,16.23,Beginner
CAND_8FD273F0,Data Analyst,Entry Level,26,10,7,5,3,5,4,0.5,0.42857142857142855,0.11764705882352941,6.0,3.0,1,1.0,1,56.0,39.6,Beginner
CAND_87148A34,QA Engineer,Fresher,24,10,8,1,3,9,5,0.1,0.375,0.0,0.0,4.0,1,2.0,1,60.0,19.75,Beginner
CAND_D5D2A890,Data Analyst,Fresher,24,10,7,5,3,5,4,0.5,0.42857142857142855,0.11764705882352941,0.0,7.0,1,4.0,1,79.0,43.0,Beginner
CAND_0A3A71AB,Data Scientist,Entry Level,26,10,9,3,6,7,3,0.3,0.6666666666666666,0.10526315789473684,6.0,1.0,1,2.0,1,48.0,32.06,Beginner
CAND_AC409DB6,Security Engineer,Entry Level,23,10,13,0,4,10,7,0.0,0.36363636363636365,0.14285714285714285,6.0,6.0,1,3.0,1,70.5,24.05,Beginner
CAND_61F8E41F,Machine Learning Engineer,Entry Level,28,10,1,2,0,8,1,0.2,0.0,0.09090909090909091,12.0,2.0,1,0.0,0,52.0,22.8,Beginner
CAND_5661A958,Business Analyst,Entry Level,24,10,6,1,1,9,5,0.1,0.16666666666666666,0.125,6.0,8.0,1,0.0,0,76.0,20.09,Beginner
CAND_BAFD66C4,Product Manager,Entry Level,24,8,0,2,0,6,0,0.25,0.0,0.25,12.0,5.0,1,2.0,1,65.0,33.5,Beginner
CAND_41C7D490,Backend Developer,Entry Level,24,10,9,1,2,8,7,0.1111111111111111,0.2222222222222222,0.058823529411764705,6.0,4.0,1,1.0,1,58.0,21.2,Beginner
CAND_043C047E,System Administrator,Fresher,22,2,0,0,0,2,0,0.0,0.0,0.0,0.0,3.0,1,1.0,1,50.0,9.5,Beginner
CAND_FB866D6D,Full Stack Developer,Fresher,25,10,9,6,4,4,5,0.6,0.4444444444444444,0.2777777777777778,0.0,5.0,1,1.0,1,64.5,42.84,Beginner
CAND_F87D8A33,UI/UX Designer,Junior,22,10,7,0,0,10,7,0.0,0.0,0.0,36.0,4.0,1,0.0,0,53.0,22.65,Beginner
CAND_663EB6CF,Full Stack Developer,Entry Level,26,10,9,7,4,3,5,0.7,0.4444444444444444,0.2222222222222222,12.0,7.0,1,3.0,1,80.0,58.28,Intermediate
CAND_F722367F,Data Engineer,Entry Level,28,10,15,3,2,6,12,0.3333333333333333,0.14285714285714285,0.0,6.0,0.0,0,2.0,1,46.0,24.81,Beginner
CAND_77B4DCE3,Product Manager,Entry Level,25,8,0,2,0,6,0,0.25,0.0,0.0,6.0,5.0,1,1.0,1,64.5,23.98,Beginner
CAND_E5DBAF54,QA Engineer,Entry Level,28,10,8,0,2,10,6,0.0,0.25,0.0,6.0,4.0,1,3.0,1,68.0,20.65,Beginner
CAND_D3FB9424,System Administrator,Entry Level,25,2,0,0,0,2,0,0.0,0.0,0.0,12.0,5.0,1,2.0,1,66.5,19.82,Beginner
CAND_D4DA131E,Data Engineer,Entry Level,26,10,15,2,3,7,11,0.2222222222222222,0.21428571428571427,0.0,6.0,1.0,1,2.0,1,48.0,22.85,Beginner
CAND_B33F6348,Mobile Developer,Fresher,24,10,15,3,1,7,14,0.3,0.06666666666666667,0.08,0.0,5.0,1,2.0,1,65.0,26.12,Beginner
CAND_6F078ADB,Mobile Developer,Entry Level,26,10,15,3,2,7,13,0.3,0.13333333333333333,0.08,12.0,3.0,1,2.0,1,58.0,33.93,Beginner
CAND_853B39C8,Data Analyst,Junior,26,10,7,7,3,3,4,0.7,0.42857142857142855,0.0,36.0,0.0,0,0.0,0,39.0,49.24,Beginner
CAND_CE3D7600,UI/UX Designer,Entry Level,26,10,7,0,2,10,5,0.0,0.2857142857142857,0.0,6.0,4.0,1,1.0,1,61.0,16.66,Beginner
CAND_B925E2B1,Backend Developer,Entry Level,26,10,9,4,3,5,6,0.4444444444444444,0.3333333333333333,0.11764705882352941,6.0,7.0,1,3.0,1,80.0,41.63,Beginner
CAND_F1E21FBB,Data Engineer,Fresher,24,10,15,4,6,5,8,0.4444444444444444,0.42857142857142855,0.13043478260869565,0.0,2.0,1,1.0,1,48.0,31.75,Beginner
CAND_F5C64A4D,Frontend Developer,Entry Level,22,10,10,2,1,8,8,0.2,0.1111111111111111,0.05263157894736842,6.0,4.0,1,2.0,1,57.0,25.5,Beginner
CAND_03F1B503,Machine Learning Engineer,Junior,21,10,1,3,0,7,1,0.3,0.0,0.18181818181818182,24.0,4.0,1,0.0,0,51.5,37.3,Beginner
CAND_92114A55,Data Engineer,Entry Level,24,10,15,1,2,8,12,0.1111111111111111,0.14285714285714285,0.043478260869565216,6.0,5.0,1,1.0,1,63.0,20.43,Beginner
CAND_4CCB829B,Data Analyst,Junior,27,10,7,6,3,4,4,0.6,0.42857142857142855,0.11764705882352941,36.0,4.0,1,1.0,1,62.5,55.18,Intermediate
CAND_348E22FF,Security Engineer,Entry Level,27,10,13,1,3,9,8,0.1,0.2727272727272727,0.047619047619047616,12.0,6.0,1,2.0,1,74.5,27.67,Beginner
CAND_7D6838DD,Security Engineer,Entry Level,25,10,13,1,4,9,7,0.1,0.36363636363636365,0.047619047619047616,12.0,3.0,1,1.0,1,54.5,25.58,Beginner
CAND_08C2F4ED,Frontend Developer,Junior,27,10,10,3,2,7,7,0.3,0.2222222222222222,0.05263157894736842,24.0,7.0,1,1.0,1,77.5,40.89,Beginner
CAND_37BB2034,DevOps Engineer,Entry Level,26,10,7,2,1,8,6,0.2,0.14285714285714285,0.058823529411764705,6.0,5.0,1,4.0,1,72.0,30.66,Beginner
CAND_DD62398B,Product Manager,Entry Level,21,8,0,1,0,7,0,0.125,0.0,0.0,12.0,2.0,1,1.0,1,43.5,20.01,Beginner
CAND_2E7191BC,Frontend Developer,Fresher,26,10,10,1,3,9,6,0.1,0.3333333333333333,0.05263157894736842,0.0,2.0,1,3.0,1,55.0,20.21,Beginner
CAND_78D668AF,QA Engineer,Entry Level,26,10,8,1,3,9,5,0.1,0.375,0.0,12.0,0.0,0,1.0,1,41.0,19.3,Beginner
CAND_A21CE825,UI/UX Designer,Fresher,27,10,7,0,1,10,6,0.0,0.14285714285714285,0.058823529411764705,0.0,7.0,1,2.0,1,79.5,15.29,Beginner
CAND_B254AC80,DevOps Engineer,Fresher,22,10,7,0,4,10,3,0.0,0.5714285714285714,0.17647058823529413,0.0,6.0,1,0.0,0,63.0,16.51,Beginner
CAND_28AB1403,DevOps Engineer,Entry Level,23,10,7,0,1,10,6,0.0,0.14285714285714285,0.058823529411764705,6.0,3.0,1,2.0,1,53.5,17.74,Beginner
CAND_3955836B,Backend Developer,Junior,25,10,9,3,1,6,8,0.3333333333333333,0.1111111111111111,0.11764705882352941,24.0,3.0,1,2.0,1,56.5,43.03,Beginner
CAND_D8CA0B19,UI/UX Designer,Entry Level,25,10,7,0,2,10,5,0.0,0.2857142857142857,0.0,6.0,4.0,1,0.0,0,57.5,14.48,Beginner
CAND_046179D5,Product Manager,Fresher,27,8,0,1,0,7,0,0.125,0.0,0.0,0.0,5.0,1,3.0,1,71.5,19.57,Beginner
CAND_763DB553,Mobile Developer,Entry Level,26,10,15,2,4,8,11,0.2,0.26666666666666666,0.0,12.0,0.0,0,4.0,1,47.0,28.52,Beginner
CAND_1A3479A1,Data Engineer,Fresher,23,10,15,1,5,8,9,0.1111111111111111,0.35714285714285715,0.13043478260869565,0.0,4.0,1,2.0,1,58.5,21.9,Beginner
CAND_B0716978,Product Manager,Fresher,24,8,0,0,0,8,0,0.0,0.0,0.0,0.0,2.0,1,1.0,1,48.0,7.73,Beginner
CAND_F0F47C0D,Security Engineer,Fresher,23,10,13,2,4,8,7,0.2,0.36363636363636365,0.0,0.0,1.0,1,2.0,1,43.5,19.48,Beginner
CAND_7408AA00,AI ML,Fresher,31,10,12,8,4,2,7,0.8,0.36363636363636365,0.38095238095238093,0.0,8.0,1,2.0,1,90.5,54.88,Intermediate
CAND_07702422,Frontend Developer,Fresher,29,10,10,2,2,8,7,0.2,0.2222222222222222,0.05263157894736842,0.0,4.0,1,3.0,1,69.5,25.49,Beginner
CAND_3F15699B,Full Stack Developer,Entry Level,26,10,9,6,5,4,4,0.6,0.5555555555555556,0.0,12.0,1.0,1,1.0,1,46.0,43.02,Beginner
CAND_60AA51FC,DevOps Engineer,Mid Level,20,10,7,2,2,8,5,0.2,0.2857142857142857,0.058823529411764705,48.0,3.0,1,2.0,1,49.0,38.19,Beginner
CAND_7081D842,Backend Developer,Entry Level,20,10,9,3,4,6,5,0.3333333333333333,0.4444444444444444,0.11764705882352941,6.0,2.0,1,0.0,0,40.0,28.63,Beginner
CAND_7D0968F3,Data Scientist,Fresher,25,10,9,3,4,7,5,0.3,0.4444444444444444,0.15789473684210525,0.0,5.0,1,2.0,1,66.5,31.14,Beginner
CAND_830B55B4,QA Engineer,Entry Level,29,10,8,0,2,10,6,0.0,0.25,0.0,6.0,7.0,1,1.0,1,80.5,17.27,Beginner
CAND_BD925D54,Mobile Developer,Fresher,23,10,15,2,2,8,13,0.2,0.13333333333333333,0.04,0.0,4.0,1,1.0,1,56.5,19.76,Beginner
CAND_4706A514,Security Engineer,Entry Level,24,10,13,0,3,10,8,0.0,0.2727272727272727,0.0,6.0,1.0,1,1.0,1,43.0,12.29,Beginner
CAND_F693BBC3,Business Analyst,Fresher,28,10,6,5,1,5,5,0.5,0.16666666666666666,0.0625,0.0,5.0,1,1.0,1,69.0,33.05,Beginner
CAND_57522EE9,UI/UX Designer,Fresher,25,10,7,0,0,10,7,0.0,0.0,0.0,0.0,2.0,1,2.0,1,51.5,9.91,Beginner
CAND_D51686E6,Data Scientist,Entry Level,23,10,9,3,4,7,5,0.3,0.4444444444444444,0.21052631578947367,12.0,5.0,1,3.0,1,65.5,41.38,Beginner
CAND_0EEB38C1,Security Engineer,Entry Level,25,10,13,2,2,8,9,0.2,0.18181818181818182,0.14285714285714285,12.0,4.0,1,2.0,1,61.5,31.54,Beginner
CAND_DA49DCC4,Full Stack Developer,Junior,23,10,9,7,5,3,4,0.7,0.5555555555555556,0.0,24.0,0.0,0,2.0,1,38.5,54.48,Intermediate
CAND_ED9AE0B6,Data Scientist,Fresher,23,10,9,3,4,7,5,0.3,0.4444444444444444,0.05263157894736842,0.0,4.0,1,2.0,1,58.5,29.16,Beginner
CAND_0DA91188,UI/UX Designer,Fresher,28,10,7,0,1,10,6,0.0,0.14285714285714285,0.0,0.0,2.0,1,0.0,0,52.0,7.36,Beginner
CAND_65E12B5D,UI/UX Designer,Entry Level,22,10,7,0,1,10,6,0.0,0.14285714285714285,0.0,6.0,0.0,0,2.0,1,37.0,11.03,Beginner
CAND_16E58507,DevOps Engineer,Entry Level,28,10,7,1,1,9,6,0.1,0.14285714285714285,0.0,6.0,4.0,1,1.0,1,64.0,19.38,Beginner
CAND_C1AC2D60,Machine Learning Engineer,Entry Level,26,10,1,5,0,5,1,0.5,0.0,0.18181818181818182,12.0,6.0,1,2.0,1,73.0,42.88,Beginner
CAND_015669C2,QA Engineer,Fresher,22,10,8,1,2,9,6,0.1,0.25,0.0,0.0,3.0,1,5.0,1,58.0,24.4,Beginner
CAND_46263DB2,Backend Developer,Entry Level,27,10,9,4,1,5,8,0.4444444444444444,0.1111111111111111,0.11764705882352941,12.0,2.0,1,2.0,1,54.5,38.21,Beginner
CAND_41BC59D0,Data Analyst,Fresher,25,10,7,7,3,3,4,0.7,0.42857142857142855,0.17647058823529413,0.0,3.0,1,2.0,1,56.5,46.76,Beginner
CAND_E19A2EE4,Frontend Developer,Fresher,29,10,10,1,1,9,8,0.1,0.1111111111111111,0.0,0.0,3.0,1,4.0,1,66.5,21.44,Beginner
CAND_4762A0CD,Business Analyst,Fresher,23,10,6,3,0,7,6,0.3,0.0,0.0625,0.0,4.0,1,3.0,1,60.5,26.96,Beginner
CAND_A2BC61CE,Frontend Developer,Fresher,22,10,10,2,2,8,7,0.2,0.2222222222222222,0.0,0.0,3.0,1,1.0,1,50.0,19.72,Beginner
CAND_7D10D878,Data Scientist,Fresher,24,10,9,3,4,7,5,0.3,0.4444444444444444,0.10526315789473684,0.0,1.0,1,4.0,1,49.0,30.14,Beginner
CAND_3450335B,Data Analyst,Entry Level,23,10,7,5,3,5,4,0.5,0.42857142857142855,0.11764705882352941,6.0,4.0,1,0.0,0,54.5,37.53,Beginner
CAND_FDC64CDF,Security Engineer,Entry Level,25,10,13,2,2,8,9,0.2,0.18181818181818182,0.09523809523809523,6.0,5.0,1,1.0,1,64.5,25.22,Beginner
CAND_02E9277A,Frontend Developer,Entry Level,23,10,10,3,1,7,8,0.3,0.1111111111111111,0.0,12.0,4.0,1,5.0,1,64.5,38.84,Beginner
CAND_489566BB,Data Scientist,Entry Level,25,10,9,4,5,6,4,0.4,0.5555555555555556,0.15789473684210525,12.0,4.0,1,2.0,1,61.5,43.5,Beginner
CAND_2175BC57,DevOps Engineer,Fresher,25,10,7,2,1,8,6,0.2,0.14285714285714285,0.0,0.0,1.0,1,1.0,1,44.5,15.32,Beginner
CAND_FDDF1D98,System Administrator,Entry Level,28,2,0,0,0,2,0,0.0,0.0,0.0,12.0,3.0,1,2.0,1,61.0,19.55,Beginner
CAND_5319F3FD,Business Analyst,Junior,23,10,6,4,0,6,6,0.4,0.0,0.0,36.0,4.0,1,3.0,1,60.5,45.02,Beginner
CAND_6909D891,Cloud Engineer,Entry Level,24,10,7,1,0,9,7,0.1,0.0,0.058823529411764705,12.0,3.0,1,2.0,1,55.0,24.13,Beginner
CAND_94B093DB,Backend Developer,Entry Level,24,10,9,3,1,6,8,0.3333333333333333,0.1111111111111111,0.17647058823529413,12.0,2.0,1,3.0,1,52.0,36.52,Beginner
CAND_2811169B,Software Engineer,Entry Level,28,10,11,6,5,4,5,0.6,0.5,0.3,6.0,8.0,1,0.0,0,82.0,46.35,Beginner
CAND_6FFF89CB,UI/UX Designer,Entry Level,26,10,7,0,1,10,6,0.0,0.14285714285714285,0.0,6.0,2.0,1,2.0,1,53.0,15.16,Beginner
CAND_FF821856,System Administrator,Entry Level,23,2,0,0,0,2,0,0.0,0.0,0.0,12.0,3.0,1,1.0,1,51.5,17.07,Beginner
CAND_8BB395E2,Frontend Developer,Fresher,26,10,10,0,2,10,7,0.0,0.2222222222222222,0.0,0.0,3.0,1,1.0,1,56.0,12.02,Beginner
CAND_F95443F6,QA Engineer,Entry Level,23,10,8,1,2,9,6,0.1,0.25,0.0,6.0,6.0,1,1.0,1,66.5,20.57,Beginner
CAND_A163BE82,QA Engineer,Entry Level,27,10,8,0,3,10,5,0.0,0.375,0.0,12.0,3.0,1,2.0,1,59.5,23.23,Beginner
CAND_22BB9A2C,Data Scientist,Entry Level,22,10,9,3,4,7,5,0.3,0.4444444444444444,0.2631578947368421,6.0,4.0,1,1.0,1,55.0,33.89,Beginner
CAND_2E99979D,Business Analyst,Mid Level,28,10,6,2,1,8,5,0.2,0.16666666666666666,0.1875,48.0,4.0,1,2.0,1,66.0,39.78,Beginner
CAND_C97D0CE1,Full Stack Developer,Entry Level,22,10,9,7,4,3,5,0.7,0.4444444444444444,0.16666666666666666,6.0,5.0,1,2.0,1,62.0,50.79,Intermediate
CAND_A06F1493,DevOps Engineer,Entry Level,27,10,7,2,1,8,6,0.2,0.14285714285714285,0.0,12.0,4.0,1,0.0,0,60.5,24.95,Beginner
CAND_A4A6C10A,UI/UX Designer,Entry Level,27,10,7,0,1,10,6,0.0,0.14285714285714285,0.0,12.0,4.0,1,2.0,1,64.5,21.15,Beginner
CAND_A3F59DB7,DevOps Engineer,Fresher,23,10,7,2,2,8,5,0.2,0.2857142857142857,0.0,0.0,1.0,1,2.0,1,43.5,18.7,Beginner
CAND_2347B52F,Business Analyst,Entry Level,25,10,6,3,1,7,5,0.3,0.16666666666666666,0.125,6.0,3.0,1,1.0,1,54.5,29.02,Beginner
CAND_7DD7526F,Product Manager,Fresher,26,8,0,2,0,6,0,0.25,0.0,0.0,0.0,3.0,1,0.0,0,54.0,17.7,Beginner
CAND_8D91861A,System Administrator,Fresher,22,2,0,0,0,2,0,0.0,0.0,0.0,0.0,1.0,1,2.0,1,42.0,7.77,Beginner
CAND_2BB3E51C,Data Engineer,Fresher,24,10,15,2,2,7,12,0.2222222222222222,0.14285714285714285,0.043478260869565216,0.0,1.0,1,1.0,1,43.0,16.79,Beginner
CAND_8251984C,Security Engineer,Fresher,26,10,13,1,1,9,10,0.1,0.09090909090909091,0.047619047619047616,0.0,4.0,1,2.0,1,63.0,17.77,Beginner
CAND_2C2C3248,Data Scientist,Entry Level,27,10,9,3,4,7,5,0.3,0.4444444444444444,0.21052631578947367,12.0,7.0,1,2.0,1,79.5,40.08,Beginner
CAND_957C6EE1,Machine Learning Engineer,Fresher,26,10,1,5,0,5,1,0.5,0.0,0.09090909090909091,0.0,4.0,1,3.0,1,65.0,35.61,Beginner
CAND_52AB4532,Data Engineer,Entry Level,25,10,15,1,4,8,10,0.1111111111111111,0.2857142857142857,0.08695652173913043,6.0,5.0,1,2.0,1,66.5,24.68,Beginner
CAND_B2F7B3AE,Business Analyst,Fresher,24,10,6,1,2,9,4,0.1,0.3333333333333333,0.0,0.0,1.0,1,5.0,1,51.0,21.55,Beginner
CAND_ED679F44,Data Engineer,Entry Level,28,10,15,2,5,7,9,0.2222222222222222,0.35714285714285715,0.08695652173913043,12.0,7.0,1,2.0,1,81.0,34.31,Beginner
CAND_1FC35A12,Backend Developer,Fresher,28,10,9,5,4,4,5,0.5555555555555556,0.4444444444444444,0.058823529411764705,0.0,2.0,1,1.0,1,54.0,35.58,Beginner
CAND_48A5EDA3,Backend Developer,Entry Level,23,10,9,1,3,8,6,0.1111111111111111,0.3333333333333333,0.11764705882352941,12.0,6.0,1,1.0,1,66.5,27.37,Beginner
CAND_B6D4BD95,Mobile Developer,Fresher,20,10,15,1,4,9,11,0.1,0.26666666666666666,0.08,0.0,4.0,1,1.0,1,52.0,17.47,Beginner
CAND_34D391C3,Frontend Developer,Fresher,27,10,10,0,4,10,5,0.0,0.4444444444444444,0.0,0.0,6.0,1,2.0,1,74.5,17.17,Beginner
CAND_9CD2D29A,Business Analyst,Fresher,24,10,6,3,0,7,6,0.3,0.0,0.0625,0.0,3.0,1,3.0,1,57.0,26.79,Beginner
CAND_D83537C2,Full Stack Developer,Entry Level,27,10,9,6,4,4,5,0.6,0.4444444444444444,0.1111111111111111,6.0,3.0,1,3.0,1,61.5,47.94,Beginner
CAND_CBD7818A,Mobile Developer,Junior,26,10,15,0,4,10,11,0.0,0.26666666666666666,0.12,24.0,4.0,1,1.0,1,61.0,29.52,Beginner
CAND_3EDD4040,Business Analyst,Entry Level,21,10,6,2,1,8,5,0.2,0.16666666666666666,0.1875,12.0,4.0,1,4.0,1,59.5,35.95,Beginner
CAND_A533D58E,Frontend Developer,Fresher,21,10,10,1,3,9,6,0.1,0.3333333333333333,0.0,0.0,4.0,1,2.0,1,55.5,19.11,Beginner
CAND_55922C6C,DevOps Engineer,Fresher,23,10,7,1,3,9,4,0.1,0.42857142857142855,0.058823529411764705,0.0,2.0,1,2.0,1,48.5,18.93,Beginner
CAND_65210FEB,QA Engineer,Junior,25,10,8,0,1,10,7,0.0,0.125,0.0,24.0,4.0,1,3.0,1,63.5,30.43,Beginner
CAND_1454BCBF,Backend Developer,Entry Level,26,10,9,2,3,7,6,0.2222222222222222,0.3333333333333333,0.058823529411764705,6.0,3.0,1,2.0,1,58.0,28.75,Beginner
CAND_2EED84D6,Data Engineer,Entry Level,24,10,15,3,6,6,8,0.3333333333333333,0.42857142857142855,0.08695652173913043,6.0,7.0,1,3.0,1,77.0,37.52,Beginner
CAND_FB4D3612,Machine Learning Engineer,Entry Level,26,10,1,1,0,9,1,0.1,0.0,0.09090909090909091,12.0,2.0,1,2.0,1,53.0,22.85,Beginner
CAND_96DAE4AC,Data Engineer,Junior,25,10,15,1,3,8,11,0.1111111111111111,0.21428571428571427,0.043478260869565216,36.0,5.0,1,2.0,1,66.5,34.56,Beginner
CAND_9C319E35,Data Analyst,Fresher,27,10,7,5,3,5,4,0.5,0.42857142857142855,0.11764705882352941,0.0,2.0,1,0.0,0,50.5,31.91,Beginner
CAND_A32EE16D,Full Stack Developer,Fresher,29,10,9,6,4,4,5,0.6,0.4444444444444444,0.05555555555555555,0.0,1.0,1,0.0,0,48.5,33.37,Beginner
CAND_077EE95D,Data Engineer,Fresher,28,10,15,0,2,9,12,0.0,0.14285714285714285,0.08695652173913043,0.0,6.0,1,2.0,1,76.0,15.53,Beginner
CAND_CA0032E1,Security Engineer,Junior,26,10,13,1,4,9,7,0.1,0.36363636363636365,0.19047619047619047,36.0,3.0,1,3.0,1,60.0,39.49,Beginner
CAND_85850E69,Data Scientist,Junior,26,10,9,3,4,7,5,0.3,0.4444444444444444,0.15789473684210525,24.0,3.0,1,1.0,1,56.0,43.61,Beginner
CAND_59F2DB0E,Machine Learning Engineer,Entry Level,24,10,1,1,0,9,1,0.1,0.0,0.0,6.0,6.0,1,4.0,1,74.0,24.45,Beginner
CAND_BD818210,DevOps Engineer,Fresher,24,10,7,1,2,9,5,0.1,0.2857142857142857,0.0,0.0,7.0,1,3.0,1,77.0,21.71,Beginner
CAND_82A6239D,Data Analyst,Fresher,29,10,7,6,3,4,4,0.6,0.42857142857142855,0.17647058823529413,0.0,6.0,1,3.0,1,79.5,45.91,Beginner
CAND_BC49DEE5,Cloud Engineer,Fresher,25,10,7,3,0,7,7,0.3,0.0,0.058823529411764705,0.0,5.0,1,3.0,1,68.5,27.31,Beginner
CAND_5070131D,System Administrator,Entry Level,27,2,0,0,0,2,0,0.0,0.0,0.0,12.0,5.0,1,2.0,1,69.5,19.98,Beginner
CAND_BCB23A49,AI ML,Fresher,33,10,12,8,3,2,8,0.8,0.2727272727272727,0.14285714285714285,0.0,2.0,1,0.0,0,59.5,43.18,Beginner
CAND_748C5CEF,Data Engineer,Entry Level,26,10,15,3,4,6,10,0.3333333333333333,0.2857142857142857,0.08695652173913043,12.0,2.0,1,1.0,1,51.0,32.88,Beginner
CAND_602945C6,QA Engineer,Entry Level,24,10,8,0,2,10,6,0.0,0.25,0.05555555555555555,6.0,6.0,1,0.0,0,66.0,15.38,Beginner
CAND_A66B4D2A,Data Engineer,Junior,28,10,15,3,6,6,8,0.3333333333333333,0.42857142857142855,0.13043478260869565,24.0,3.0,1,1.0,1,59.0,44.53,Beginner
CAND_1E18AA35,System Administrator,Fresher,27,2,0,0,0,2,0,0.0,0.0,0.0,0.0,6.0,1,0.0,0,70.5,8.53,Beginner
CAND_68A19BD6,DevOps Engineer,Fresher,25,10,7,2,2,8,5,0.2,0.2857142857142857,0.058823529411764705,0.0,3.0,1,1.0,1,54.5,21.46,Beginner
CAND_11707B3E,Frontend Developer,Fresher,25,10,10,1,0,9,9,0.1,0.0,0.0,0.0,1.0,1,0.0,0,42.5,7.79,Beginner
CAND_4AA52B96,Software Engineer,Entry Level,31,10,11,5,5,5,5,0.5,0.5,0.05,6.0,2.0,1,2.0,1,60.5,39.86,Beginner
CAND_7BE9DD6F,Software Engineer,Entry Level,25,10,11,5,5,5,5,0.5,0.5,0.05,6.0,2.0,1,2.0,1,51.5,39.41,Beginner
CAND_3B381698,Mobile Developer,Fresher,23,10,15,2,3,8,12,0.2,0.2,0.08,0.0,6.0,1,1.0,1,66.5,21.52,Beginner
CAND_25CEB84B,Data Analyst,Junior,23,10,7,5,3,5,4,0.5,0.42857142857142855,0.058823529411764705,36.0,4.0,1,2.0,1,58.5,52.09,Intermediate
CAND_B825415E,Data Engineer,Junior,25,10,15,0,3,9,11,0.0,0.21428571428571427,0.13043478260869565,36.0,7.0,1,3.0,1,78.5,34.02,Beginner
CAND_B6F4B5EF,Mobile Developer,Entry Level,25,10,15,2,2,8,13,0.2,0.13333333333333333,0.12,12.0,3.0,1,3.0,1,58.5,32.56,Beginner
CAND_B7AAE013,Data Engineer,Entry Level,24,10,15,3,3,6,11,0.3333333333333333,0.21428571428571427,0.13043478260869565,6.0,3.0,1,3.0,1,57.0,35.03,Beginner
CAND_8562CAD3,Data Scientist,Fresher,24,10,9,4,5,6,4,0.4,0.5555555555555556,0.15789473684210525,0.0,6.0,1,0.0,0,66.0,32.22,Beginner
CAND_1C7D09DD,DevOps Engineer,Junior,25,10,7,3,1,7,6,0.3,0.14285714285714285,0.0,24.0,2.0,1,1.0,1,49.5,36.24,Beginner
CAND_28193746,Data Scientist,Junior,28,10,9,4,5,6,4,0.4,0.5555555555555556,0.21052631578947367,24.0,3.0,1,2.0,1,61.0,51.76,Intermediate
CAND_78B2FF7B,Business Analyst,Entry Level,24,10,6,3,0,7,6,0.3,0.0,0.0625,6.0,4.0,1,3.0,1,62.0,30.79,Beginner
CAND_84285867,Data Analyst,Fresher,26,10,7,7,3,3,4,0.7,0.42857142857142855,0.17647058823529413,0.0,4.0,1,1.0,1,61.0,44.98,Beginner
CAND_1A114685,AI ML,Fresher,31,10,12,8,2,2,9,0.8,0.18181818181818182,0.09523809523809523,0.0,2.0,1,0.0,0,56.5,41.41,Beginner
CAND_C20B9400,Frontend Developer,Junior,27,10,10,1,3,9,6,0.1,0.3333333333333333,0.10526315789473684,24.0,4.0,1,3.0,1,66.5,38.24,Beginner
CAND_8A24F443,Backend Developer,Junior,25,10,9,2,1,7,8,0.2222222222222222,0.1111111111111111,0.11764705882352941,24.0,3.0,1,1.0,1,54.5,36.49,Beginner
CAND_C10C34F5,Data Scientist,Entry Level,27,10,9,4,5,6,4,0.4,0.5555555555555556,0.10526315789473684,6.0,3.0,1,1.0,1,57.5,36.76,Beginner
CAND_B9AA1AC6,DevOps Engineer,Entry Level,26,10,7,3,1,7,6,0.3,0.14285714285714285,0.0,6.0,7.0,1,3.0,1,80.0,32.18,Beginner
CAND_B781B94C,AI ML,Fresher,30,10,12,8,2,2,9,0.8,0.18181818181818182,0.14285714285714285,0.0,4.0,1,1.0,1,67.0,46.31,Beginner
CAND_17A16618,Product Manager,Fresher,22,8,0,1,0,7,0,0.125,0.0,0.0,0.0,4.0,1,2.0,1,57.0,16.85,Beginner
CAND_B0D73D78,Data Scientist,Fresher,24,10,9,4,5,6,4,0.4,0.5555555555555556,0.21052631578947367,0.0,5.0,1,4.0,1,69.0,41.16,Beginner
CAND_56FDF692,QA Engineer,Entry Level,27,10,8,0,3,10,5,0.0,0.375,0.05555555555555555,6.0,4.0,1,3.0,1,66.5,22.66,Beginner
CAND_CBB63103,Data Engineer,Junior,22,10,15,1,4,8,10,0.1111111111111111,0.2857142857142857,0.043478260869565216,24.0,3.0,1,1.0,1,50.0,32.45,Beginner
CAND_B889D76B,Security Engineer,Junior,23,10,13,2,6,8,5,0.2,0.5454545454545454,0.09523809523809523,36.0,4.0,1,2.0,1,58.5,41.81,Beginner
CAND_B47694FD,System Administrator,Entry Level,28,2,0,0,0,2,0,0.0,0.0,0.0,6.0,3.0,1,1.0,1,59.0,13.7,Beginner
CAND_947960C5,Backend Developer,Fresher,22,10,9,2,2,7,7,0.2222222222222222,0.2222222222222222,0.058823529411764705,0.0,2.0,1,4.0,1,51.0,25.88,Beginner
CAND_56E06826,AI ML,Entry Level,30,10,12,8,2,2,9,0.8,0.18181818181818182,0.14285714285714285,6.0,3.0,1,1.0,1,62.0,49.81,Beginner
CAND_7366A4BE,Machine Learning Engineer,Junior,24,10,1,3,0,7,1,0.3,0.0,0.09090909090909091,24.0,3.0,1,2.0,1,55.0,40.11,Beginner
CAND_A0942816,Data Engineer,Fresher,25,10,15,3,4,6,10,0.3333333333333333,0.2857142857142857,0.13043478260869565,0.0,4.0,1,3.0,1,63.5,32.32,Beginner
CAND_6C6A7422,Business Analyst,Junior,25,10,6,2,1,8,5,0.2,0.16666666666666666,0.0625,24.0,5.0,1,1.0,1,64.5,35.83,Beginner
CAND_72890E9E,Full Stack Developer,Fresher,24,10,9,8,6,2,3,0.8,0.6666666666666666,0.1111111111111111,0.0,5.0,1,2.0,1,65.0,52.58,Intermediate
CAND_F6745884,Data Engineer,Entry Level,25,10,15,1,4,8,10,0.1111111111111111,0.2857142857142857,0.08695652173913043,6.0,6.0,1,2.0,1,71.5,24.93,Beginner
CAND_4F9AD75B,Mobile Developer,Junior,25,10,15,3,3,7,12,0.3,0.2,0.08,24.0,5.0,1,2.0,1,66.5,42.53,Beginner
CAND_107F8D28,UI/UX Designer,Entry Level,22,10,7,0,0,10,7,0.0,0.0,0.0,12.0,3.0,1,1.0,1,50.0,17.0,Beginner
CAND_2E94909B,Full Stack Developer,Junior,23,10,9,7,6,3,3,0.7,0.6666666666666666,0.16666666666666666,36.0,3.0,1,3.0,1,55.5,65.94,Intermediate
CAND_8CEDE6CD,QA Engineer,Fresher,23,10,8,0,1,10,7,0.0,0.125,0.0,0.0,3.0,1,3.0,1,55.5,15.03,Beginner
CAND_8CC95D96,Product Manager,Entry Level,24,8,0,2,0,6,0,0.25,0.0,0.0,12.0,2.0,1,3.0,1,52.0,29.43,Beginner
CAND_22482EA7,Full Stack Developer,Entry Level,27,10,9,7,5,3,4,0.7,0.5555555555555556,0.1111111111111111,12.0,3.0,1,0.0,0,55.5,50.5,Intermediate
CAND_9A81013D,Full Stack Developer,Entry Level,26,10,9,7,5,3,4,0.7,0.5555555555555556,0.1111111111111111,12.0,1.0,1,2.0,1,48.0,50.79,Intermediate
CAND_2403916A,Mobile Developer,Fresher,22,10,15,0,2,10,13,0.0,0.13333333333333333,0.08,0.0,2.0,1,1.0,1,45.0,10.12,Beginner
CAND_9247F960,DevOps Engineer,Fresher,25,10,7,1,0,9,7,0.1,0.0,0.0,0.0,2.0,1,2.0,1,51.5,13.91,Beginner
CAND_AF098D60,Business Analyst,Entry Level,28,10,6,2,1,8,5,0.2,0.16666666666666666,0.0625,12.0,3.0,1,3.0,1,63.0,32.25,Beginner
CAND_D92BF624,Business Analyst,Entry Level,26,10,6,4,0,6,6,0.4,0.0,0.0625,12.0,2.0,1,1.0,1,51.0,32.32,Beginner
CAND_1B3E80D0,Data Analyst,Entry Level,25,10,7,7,3,3,4,0.7,0.42857142857142855,0.17647058823529413,6.0,3.0,1,3.0,1,58.5,52.61,Intermediate
CAND_5C1FD165,Frontend Developer,Junior,22,10,10,0,2,10,7,0.0,0.2222222222222222,0.0,24.0,4.0,1,3.0,1,59.0,31.17,Beginner
CAND_4CC20DF3,Backend Developer,Entry Level,27,10,9,6,2,3,7,0.6666666666666666,0.2222222222222222,0.23529411764705882,6.0,5.0,1,3.0,1,71.5,50.74,Intermediate
CAND_95F880EC,UI/UX Designer,Junior,27,10,7,0,0,10,7,0.0,0.0,0.0,24.0,3.0,1,0.0,0,55.5,22.77,Beginner
CAND_F7BBB0A4,UI/UX Designer,Fresher,25,10,7,0,1,10,6,0.0,0.14285714285714285,0.0,0.0,2.0,1,0.0,0,47.5,7.14,Beginner
CAND_37A9F8E8,Cloud Engineer,Entry Level,24,10,7,1,0,9,7,0.1,0.0,0.0,6.0,2.0,1,2.0,1,50.0,17.58,Beginner
CAND_8C34C3E2,DevOps Engineer,Entry Level,23,10,7,3,1,7,6,0.3,0.14285714285714285,0.0,6.0,1.0,1,3.0,1,45.5,27.12,Beginner
CAND_FCCC8F3B,Mobile Developer,Entry Level,24,10,15,3,2,7,13,0.3,0.13333333333333333,0.04,12.0,2.0,1,3.0,1,52.0,33.37,Beginner
CAND_4510C153,Full Stack Developer,Fresher,26,10,9,7,4,3,5,0.7,0.4444444444444444,0.16666666666666666,0.0,2.0,1,2.0,1,53.0,44.93,Beginner
CAND_437CE057,System Administrator,Entry Level,21,2,0,0,0,2,0,0.0,0.0,0.0,6.0,5.0,1,3.0,1,62.5,17.88,Beginner
CAND_00DE76F0,Data Analyst,Entry Level,26,10,7,6,3,4,4,0.6,0.42857142857142855,0.11764705882352941,6.0,2.0,1,2.0,1,53.0,43.78,Beginner
CAND_86184CF2,Data Engineer,Junior,21,10,15,3,2,6,12,0.3333333333333333,0.14285714285714285,0.08695652173913043,36.0,3.0,1,1.0,1,48.5,40.49,Beginner
CAND_A6ED8BD6,Cloud Engineer,Entry Level,26,10,7,2,1,8,6,0.2,0.14285714285714285,0.0,12.0,0.0,0,1.0,1,41.0,20.98,Beginner
CAND_964927AA,Data Engineer,Fresher,22,10,15,1,1,8,13,0.1111111111111111,0.07142857142857142,0.043478260869565216,0.0,4.0,1,1.0,1,55.0,15.56,Beginner
CAND_A80C5B3C,Software Engineer,Entry Level,28,10,11,7,5,3,5,0.7,0.5,0.2,6.0,6.0,1,2.0,1,76.0,52.55,Intermediate
CAND_59A66273,Product Manager,Entry Level,24,8,0,2,0,6,0,0.25,0.0,0.0,12.0,1.0,1,4.0,1,49.0,29.62,Beginner
CAND_98EF88DE,Frontend Developer,Junior,23,10,10,3,1,7,8,0.3,0.1111111111111111,0.05263157894736842,36.0,6.0,1,2.0,1,68.5,41.33,Beginner
CAND_8B853932,Software Engineer,Fresher,28,10,11,5,6,5,4,0.5,0.6,0.2,0.0,6.0,1,0.0,0,72.0,37.6,Beginner
CAND_2D73F4E4,Business Analyst,Junior,23,10,6,1,1,9,5,0.1,0.16666666666666666,0.0,36.0,5.0,1,2.0,1,63.5,32.84,Beginner
CAND_1111AD02,Backend Developer,Junior,28,10,9,2,2,7,7,0.2222222222222222,0.2222222222222222,0.0,24.0,2.0,1,2.0,1,56.0,36.24,Beginner
CAND_90FBFA05,Cloud Engineer,Fresher,28,10,7,2,0,8,7,0.2,0.0,0.0,0.0,3.0,1,3.0,1,63.0,22.15,Beginner
CAND_5C4224C0,DevOps Engineer,Junior,27,10,7,1,1,9,6,0.1,0.14285714285714285,0.058823529411764705,24.0,5.0,1,2.0,1,69.5,33.79,Beginner
CAND_6B4B8651,Full Stack Developer,Fresher,27,10,9,8,4,2,5,0.8,0.4444444444444444,0.2222222222222222,0.0,6.0,1,3.0,1,76.5,54.6,Intermediate
CAND_724E6C6B,Mobile Developer,Junior,22,10,15,1,4,9,11,0.1,0.26666666666666666,0.04,24.0,1.0,1,4.0,1,46.0,34.23,Beginner
CAND_30138D00,QA Engineer,Fresher,29,10,8,0,5,10,3,0.0,0.625,0.05555555555555555,0.0,6.0,1,2.0,1,77.5,19.96,Beginner
CAND_20A61E20,UI/UX Designer,Junior,25,10,7,0,1,10,6,0.0,0.14285714285714285,0.0,36.0,0.0,0,2.0,1,41.5,22.5,Beginner
CAND_8EDECFCF,Data Engineer,Entry Level,21,10,15,2,4,7,10,0.2222222222222222,0.2857142857142857,0.17391304347826086,6.0,4.0,1,2.0,1,55.5,29.88,Beginner
CAND_D30945DB,QA Engineer,Junior,22,10,8,1,2,9,6,0.1,0.25,0.0,36.0,2.0,1,1.0,1,45.0,29.08,Beginner
CAND_25241A7F,Data Scientist,Fresher,24,10,9,4,5,6,4,0.4,0.5555555555555556,0.21052631578947367,0.0,4.0,1,3.0,1,62.0,38.81,Beginner
CAND_9CBD0188,QA Engineer,Entry Level,29,10,8,1,3,9,5,0.1,0.375,0.05555555555555555,12.0,3.0,1,1.0,1,60.5,26.11,Beginner
CAND_816963F7,System Administrator,Fresher,29,2,0,1,0,1,0,0.5,0.0,0.5,0.0,7.0,1,2.0,1,82.5,40.62,Beginner
CAND_D27B3F04,UI/UX Designer,Junior,20,10,7,0,0,10,7,0.0,0.0,0.0,24.0,5.0,1,3.0,1,61.0,29.05,Beginner
CAND_8F8F3A7D,DevOps Engineer,Entry Level,23,10,7,1,2,9,5,0.1,0.2857142857142857,0.0,6.0,3.0,1,3.0,1,55.5,24.38,Beginner
CAND_31785738,Frontend Developer,Entry Level,22,10,10,0,3,10,6,0.0,0.3333333333333333,0.0,12.0,1.0,1,0.0,0,38.0,14.4,Beginner
CAND_B8749CD8,Machine Learning Engineer,Entry Level,26,10,1,2,0,8,1,0.2,0.0,0.09090909090909091,6.0,3.0,1,1.0,1,56.0,22.91,Beginner
CAND_2D22860C,Business Analyst,Entry Level,26,10,6,5,1,5,5,0.5,0.16666666666666666,0.0625,12.0,1.0,1,3.0,1,50.0,40.27,Beginner
CAND_49A08FE1,Backend Developer,Fresher,25,10,9,2,2,7,7,0.2222222222222222,0.2222222222222222,0.058823529411764705,0.0,6.0,1,2.0,1,71.5,24.57,Beginner
CAND_48DCB791,Cloud Engineer,Entry Level,22,10,7,1,1,9,6,0.1,0.14285714285714285,0.0,6.0,3.0,1,5.0,1,58.0,27.08,Beginner
CAND_39818AFA,Data Engineer,Junior,26,10,15,2,4,7,10,0.2222222222222222,0.2857142857142857,0.043478260869565216,36.0,4.0,1,1.0,1,61.0,37.45,Beginner
CAND_D037163E,Data Engineer,Fresher,21,10,15,2,3,7,11,0.2222222222222222,0.21428571428571427,0.08695652173913043,0.0,2.0,1,5.0,1,51.5,28.24,Beginner
CAND_C686556C,Cloud Engineer,Entry Level,26,10,7,2,0,8,7,0.2,0.0,0.0,6.0,3.0,1,0.0,0,54.0,19.45,Beginner
CAND_33F3D9E8,Data Engineer,Fresher,27,10,15,3,5,6,9,0.3333333333333333,0.35714285714285715,0.13043478260869565,0.0,6.0,1,3.0,1,76.5,33.69,Beginner
CAND_43B28597,AI ML,Fresher,30,10,12,8,4,2,7,0.8,0.36363636363636365,0.3333333333333333,0.0,5.0,1,1.0,1,72.0,51.24,Intermediate
CAND_D84E280B,Cloud Engineer,Fresher,24,10,7,1,1,9,6,0.1,0.14285714285714285,0.11764705882352941,0.0,5.0,1,2.0,1,65.0,19.44,Beginner
CAND_8FEFA5A5,QA Engineer,Entry Level,25,10,8,0,3,10,5,0.0,0.375,0.0,6.0,3.0,1,2.0,1,56.5,19.32,Beginner
CAND_820216AE,System Administrator,Fresher,25,2,0,0,0,2,0,0.0,0.0,0.0,0.0,4.0,1,0.0,0,57.5,7.88,Beginner
CAND_2EA37AED,Business Analyst,Fresher,24,10,6,2,1,8,5,0.2,0.16666666666666666,0.0625,0.0,5.0,1,1.0,1,63.0,20.75,Beginner
CAND_64F306C3,Frontend Developer,Entry Level,25,10,10,2,2,8,7,0.2,0.2222222222222222,0.05263157894736842,6.0,7.0,1,0.0,0,72.5,23.39,Beginner
CAND_19A411E4,Machine Learning Engineer,Junior,26,10,1,3,0,7,1,0.3,0.0,0.0,24.0,0.0,0,0.0,0,39.0,28.95,Beginner
CAND_A2E41808,Full Stack Developer,Entry Level,23,10,9,6,4,4,5,0.6,0.4444444444444444,0.2777777777777778,6.0,6.0,1,1.0,1,66.5,46.69,Beginner
CAND_EB4E699C,QA Engineer,Entry Level,25,10,8,0,3,10,5,0.0,0.375,0.0,6.0,0.0,0,0.0,0,37.5,9.38,Beginner
CAND_771C6C2D,Full Stack Developer,Junior,25,10,9,7,4,3,5,0.7,0.4444444444444444,0.3333333333333333,36.0,6.0,1,1.0,1,69.5,62.92,Intermediate
CAND_342F6868,Mobile Developer,Junior,27,10,15,3,2,7,13,0.3,0.13333333333333333,0.04,24.0,4.0,1,0.0,0,60.5,36.96,Beginner
CAND_14EB1020,Product Manager,Entry Level,21,8,0,1,0,7,0,0.125,0.0,0.125,6.0,5.0,1,2.0,1,60.5,22.65,Beginner
CAND_18CBE0B0,Data Analyst,Fresher,28,10,7,6,3,4,4,0.6,0.42857142857142855,0.17647058823529413,0.0,5.0,1,1.0,1,69.0,41.38,Beginner
CAND_F7FE3955,DevOps Engineer,Entry Level,24,10,7,3,1,7,6,0.3,0.14285714285714285,0.11764705882352941,6.0,5.0,1,3.0,1,67.0,33.29,Beginner
CAND_3482D866,QA Engineer,Junior,26,10,8,0,3,10,5,0.0,0.375,0.0,24.0,5.0,1,2.0,1,68.0,31.15,Beginner
CAND_6BA74F4C,AI ML,Entry Level,30,10,12,8,3,2,8,0.8,0.2727272727272727,0.19047619047619047,12.0,3.0,1,3.0,1,66.0,59.38,Intermediate
CAND_19ADFDC5,Data Analyst,Entry Level,28,10,7,7,3,3,4,0.7,0.42857142857142855,0.11764705882352941,6.0,5.0,1,2.0,1,71.0,50.35,Intermediate
CAND_BFCE74AD,Machine Learning Engineer,Entry Level,27,10,1,2,0,8,1,0.2,0.0,0.09090909090909091,6.0,2.0,1,3.0,1,56.5,25.27,Beginner
CAND_3E6E0689,AI ML,Entry Level,30,10,12,8,3,2,8,0.8,0.2727272727272727,0.14285714285714285,6.0,2.0,1,4.0,1,63.0,55.1,Intermediate
CAND_B648B4F1,Full Stack Developer,Junior,27,10,9,6,5,4,4,0.6,0.5555555555555556,0.2222222222222222,24.0,3.0,1,3.0,1,61.5,61.96,Intermediate
CAND_C7E953A3,Data Scientist,Entry Level,24,10,9,3,5,7,4,0.3,0.5555555555555556,0.21052631578947367,6.0,4.0,1,3.0,1,62.0,38.56,Beginner
CAND_5EDCCD68,Backend Developer,Junior,24,10,9,3,2,6,7,0.3333333333333333,0.2222222222222222,0.17647058823529413,24.0,6.0,1,2.0,1,70.0,45.7,Beginner
CAND_B7B549C0,DevOps Engineer,Entry Level,27,10,7,2,2,8,5,0.2,0.2857142857142857,0.058823529411764705,6.0,5.0,1,1.0,1,67.5,25.86,Beginner
CAND_C336E1FA,Cloud Engineer,Fresher,24,10,7,1,1,9,6,0.1,0.14285714285714285,0.0,0.0,1.0,1,4.0,1,49.0,17.55,Beginner
CAND_018DE160,UI/UX Designer,Entry Level,20,10,7,0,0,10,7,0.0,0.0,0.0,6.0,1.0,1,2.0,1,39.0,11.37,Beginner
CAND_0D73D025,Full Stack Developer,Fresher,26,10,9,8,4,2,5,0.8,0.4444444444444444,0.16666666666666666,0.0,5.0,1,4.0,1,72.0,55.54,Intermediate
CAND_A6207A47,Mobile Developer,Entry Level,25,10,15,3,2,7,13,0.3,0.13333333333333333,0.04,6.0,3.0,1,3.0,1,58.5,31.61,Beginner
CAND_BCF7489C,Cloud Engineer,Junior,25,10,7,2,2,8,5,0.2,0.2857142857142857,0.0,24.0,4.0,1,4.0,1,65.5,42.13,Beginner
CAND_C058012E,AI ML,Entry Level,30,10,12,8,3,2,8,0.8,0.2727272727272727,0.09523809523809523,12.0,3.0,1,1.0,1,62.0,53.76,Intermediate
CAND_492650D5,Security Engineer,Junior,24,10,13,2,4,8,7,0.2,0.36363636363636365,0.0,24.0,2.0,1,3.0,1,52.0,38.57,Beginner
CAND_F345A552,Backend Developer,Entry Level,25,10,9,1,2,8,7,0.1111111111111111,0.2222222222222222,0.0,6.0,3.0,1,4.0,1,60.5,26.44,Beginner
CAND_6E190590,Full Stack Developer,Entry Level,24,10,9,7,4,3,5,0.7,0.4444444444444444,0.2222222222222222,12.0,4.0,1,3.0,1,62.0,57.38,Intermediate
CAND_74139DFD,Product Manager,Fresher,23,8,0,0,0,8,0,0.0,0.0,0.0,0.0,4.0,1,2.0,1,58.5,11.93,Beginner
CAND_3E53A6B9,Full Stack Developer,Entry Level,29,10,9,8,6,2,3,0.8,0.6666666666666666,0.2222222222222222,6.0,3.0,1,1.0,1,60.5,55.77,Intermediate
CAND_76D9CC5A,Mobile Developer,Mid Level,23,10,15,3,4,7,11,0.3,0.26666666666666666,0.04,48.0,2.0,1,1.0,1,46.5,37.92,Beginner
CAND_72AFCD01,Data Analyst,Fresher,27,10,7,6,3,4,4,0.6,0.42857142857142855,0.29411764705882354,0.0,8.0,1,3.0,1,86.5,48.02,Beginner
CAND_3637D305,Cloud Engineer,Entry Level,21,10,7,1,0,9,7,0.1,0.0,0.0,6.0,5.0,1,2.0,1,60.5,19.77,Beginner
CAND_5265CDDD,Data Scientist,Entry Level,24,10,9,3,4,7,5,0.3,0.4444444444444444,0.21052631578947367,12.0,7.0,1,1.0,1,73.0,37.75,Beginner
CAND_C6A97DF3,Data Scientist,Entry Level,22,10,9,3,4,7,5,0.3,0.4444444444444444,0.15789473684210525,12.0,4.0,1,2.0,1,57.0,38.16,Beginner
CAND_44D2D435,Data Analyst,Entry Level,29,10,7,5,3,5,4,0.5,0.42857142857142855,0.11764705882352941,6.0,1.0,1,3.0,1,54.5,40.19,Beginner
CAND_5E5DEEE8,Machine Learning Engineer,Junior,24,10,1,4,0,6,1,0.4,0.0,0.0,24.0,0.0,0,2.0,1,40.0,37.0,Beginner
CAND_4D311853,Security Engineer,Fresher,25,10,13,3,3,7,8,0.3,0.2727272727272727,0.09523809523809523,0.0,3.0,1,1.0,1,54.5,25.88,Beginner
CAND_98B7E205,Cloud Engineer,Junior,23,10,7,3,0,7,7,0.3,0.0,0.0,36.0,4.0,1,1.0,1,56.5,36.83,Beginner
CAND_64A89E54,Product Manager,Fresher,22,8,0,2,0,6,0,0.25,0.0,0.125,0.0,2.0,1,1.0,1,45.0,19.46,Beginner
CAND_A27C3A03,Data Scientist,Mid Level,26,10,9,3,5,7,4,0.3,0.5555555555555556,0.15789473684210525,48.0,3.0,1,0.0,0,54.0,42.62,Beginner
CAND_03E446E1,Product Manager,Junior,27,8,0,1,0,7,0,0.125,0.0,0.125,24.0,5.0,1,1.0,1,67.5,32.25,Beginner
CAND_8D9E1498,Machine Learning Engineer,Entry Level,25,10,1,4,0,6,1,0.4,0.0,0.0,12.0,1.0,1,3.0,1,48.5,33.59,Beginner
CAND_A6AE988C,System Administrator,Entry Level,23,2,0,0,0,2,0,0.0,0.0,0.0,12.0,4.0,1,4.0,1,62.5,23.62,Beginner
CAND_E9AB5FB5,System Administrator,Entry Level,25,2,0,1,0,1,0,0.5,0.0,0.0,6.0,5.0,1,2.0,1,66.5,36.08,Beginner
CAND_B669F304,Machine Learning Engineer,Fresher,27,10,1,3,0,7,1,0.3,0.0,0.18181818181818182,0.0,4.0,1,1.0,1,62.5,24.85,Beginner
CAND_E6947D81,DevOps Engineer,Junior,24,10,7,1,3,9,4,0.1,0.42857142857142855,0.058823529411764705,36.0,3.0,1,2.0,1,55.0,35.92,Beginner
CAND_E5F5196D,Mobile Developer,Fresher,20,10,15,1,2,9,13,0.1,0.13333333333333333,0.12,0.0,6.0,1,2.0,1,64.0,19.33,Beginner
CAND_7270BF09,Data Scientist,Junior,23,10,9,4,4,6,5,0.4,0.4444444444444444,0.10526315789473684,24.0,5.0,1,2.0,1,63.5,49.2,Beginner
CAND_C9D4A01B,Cloud Engineer,Junior,23,10,7,1,1,9,6,0.1,0.14285714285714285,0.0,36.0,2.0,1,2.0,1,48.5,30.19,Beginner
CAND_F3105BA7,Mobile Developer,Fresher,22,10,15,1,5,9,10,0.1,0.3333333333333333,0.08,0.0,3.0,1,0.0,0,48.0,15.93,Beginner
CAND_B23D27B0,QA Engineer,Junior,26,10,8,1,4,9,4,0.1,0.5,0.0,24.0,1.0,1,1.0,1,46.0,29.97,Beginner
CAND_C53B1F72,Backend Developer,Entry Level,24,10,9,2,2,7,7,0.2222222222222222,0.2222222222222222,0.11764705882352941,6.0,4.0,1,0.0,0,56.0,24.43,Beginner
CAND_34FB9451,Backend Developer,Fresher,22,10,9,0,0,9,9,0.0,0.0,0.0,0.0,4.0,1,1.0,1,55.0,9.75,Beginner
CAND_B542F555,Frontend Developer,Entry Level,22,10,10,0,0,10,9,0.0,0.0,0.0,12.0,5.0,1,2.0,1,62.0,19.6,Beginner
CAND_A784D2C7,System Administrator,Entry Level,23,2,0,0,0,2,0,0.0,0.0,0.0,12.0,2.0,1,4.0,1,52.5,21.46,Beginner
CAND_95E51981,Product Manager,Junior,25,8,0,2,0,6,0,0.25,0.0,0.0,36.0,5.0,1,3.0,1,68.5,39.42,Beginner
CAND_1F25528A,Data Analyst,Fresher,28,10,7,5,3,5,4,0.5,0.42857142857142855,0.058823529411764705,0.0,3.0,1,3.0,1,63.0,39.32,Beginner
CAND_0DC137FC,DevOps Engineer,Entry Level,27,10,7,0,2,10,5,0.0,0.2857142857142857,0.0,12.0,3.0,1,2.0,1,59.5,22.33,Beginner
CAND_34B42339,Product Manager,Entry Level,24,8,0,1,0,7,0,0.125,0.0,0.125,6.0,3.0,1,2.0,1,55.0,22.38,Beginner
CAND_0D3F224B,Product Manager,Junior,25,8,0,3,0,5,0,0.375,0.0,0.0,24.0,1.0,1,2.0,1,46.5,37.99,Beginner
CAND_9F2DBAE1,Data Analyst,Fresher,25,10,7,6,3,4,4,0.6,0.42857142857142855,0.11764705882352941,0.0,3.0,1,4.0,1,60.5,46.08,Beginner
CAND_E5E84062,DevOps Engineer,Entry Level,23,10,7,3,0,7,7,0.3,0.0,0.058823529411764705,12.0,4.0,1,2.0,1,58.5,32.31,Beginner
CAND_D9970E19,Software Engineer,Entry Level,30,10,11,6,4,4,6,0.6,0.4,0.15,6.0,1.0,1,5.0,1,60.0,48.67,Beginner
CAND_E10D36E4,Security Engineer,Entry Level,26,10,13,0,4,10,7,0.0,0.36363636363636365,0.0,12.0,4.0,1,2.0,1,63.0,23.29,Beginner
CAND_357C8D54,Cloud Engineer,Entry Level,29,10,7,1,2,9,5,0.1,0.2857142857142857,0.0,6.0,1.0,1,2.0,1,52.5,18.9,Beginner
CAND_56AC0AE9,Frontend Developer,Entry Level,24,10,10,2,4,8,5,0.2,0.4444444444444444,0.05263157894736842,6.0,5.0,1,2.0,1,65.0,29.23,Beginner
CAND_73695B71,AI ML,Entry Level,30,10,12,8,2,2,9,0.8,0.18181818181818182,0.14285714285714285,6.0,4.0,1,4.0,1,73.0,56.36,Intermediate
CAND_37C746EC,AI ML,Entry Level,28,10,12,8,2,2,9,0.8,0.18181818181818182,0.047619047619047616,6.0,2.0,1,1.0,1,54.0,46.32,Beginner
CAND_EF0448E4,QA Engineer,Entry Level,26,10,8,0,3,10,5,0.0,0.375,0.0,6.0,7.0,1,2.0,1,78.0,20.4,Beginner
CAND_4A52EC7D,UI/UX Designer,Mid Level,27,10,7,0,2,10,5,0.0,0.2857142857142857,0.0,48.0,7.0,1,3.0,1,81.5,32.93,Beginner
CAND_33654D42,Data Analyst,Junior,23,10,7,5,3,5,4,0.5,0.42857142857142855,0.11764705882352941,36.0,6.0,1,1.0,1,66.5,51.38,Intermediate
CAND_C6EA8BCE,AI ML,Entry Level,30,10,12,8,4,2,7,0.8,0.36363636363636365,0.14285714285714285,6.0,4.0,1,2.0,1,69.0,53.98,Intermediate
CAND_A540EFB0,Software Engineer,Entry Level,25,10,11,6,4,4,6,0.6,0.4,0.1,6.0,3.0,1,1.0,1,54.5,42.98,Beginner
CAND_3CF26790,Data Analyst,Junior,26,10,7,6,3,4,4,0.6,0.42857142857142855,0.17647058823529413,24.0,4.0,1,1.0,1,61.0,55.98,Intermediate
CAND_4223070D,Business Analyst,Junior,26,10,6,1,1,9,5,0.1,0.16666666666666666,0.0,24.0,6.0,1,1.0,1,71.0,31.22,Beginner
CAND_A8D9A08E,Mobile Developer,Entry Level,27,10,15,2,1,8,14,0.2,0.06666666666666667,0.04,6.0,3.0,1,2.0,1,59.5,24.99,Beginner
CAND_3A428524,Data Engineer,Entry Level,26,10,15,1,2,8,12,0.1111111111111111,0.14285714285714285,0.043478260869565216,6.0,4.0,1,2.0,1,63.0,22.43,Beginner
CAND_057A5634,System Administrator,Junior,23,2,0,0,0,2,0,0.0,0.0,0.0,24.0,4.0,1,1.0,1,56.5,24.82,Beginner
CAND_FB284BAB,Machine Learning Engineer,Entry Level,24,10,1,3,0,7,1,0.3,0.0,0.09090909090909091,6.0,5.0,1,3.0,1,67.0,31.46,Beginner
CAND_1AC81DFC,Full Stack Developer,Entry Level,24,10,9,6,5,4,4,0.6,0.5555555555555556,0.2222222222222222,12.0,3.0,1,2.0,1,55.0,52.14,Intermediate
CAND_B5FD6FEC,Security Engineer,Fresher,21,10,13,3,1,7,10,0.3,0.09090909090909091,0.047619047619047616,0.0,6.0,1,2.0,1,65.5,25.9,Beginner
CAND_0FF5160B,Data Analyst,Fresher,25,10,7,6,3,4,4,0.6,0.42857142857142855,0.058823529411764705,0.0,2.0,1,1.0,1,49.5,36.98,Beginner
CAND_D826D8FA,DevOps Engineer,Fresher,23,10,7,2,1,8,6,0.2,0.14285714285714285,0.058823529411764705,0.0,4.0,1,2.0,1,58.5,22.24,Beginner
CAND_E754262F,UI/UX Designer,Fresher,26,10,7,0,2,10,5,0.0,0.2857142857142857,0.0,0.0,0.0,0,0.0,0,39.0,4.81,Beginner
CAND_FEC2EFF7,Software Engineer,Fresher,31,10,11,5,7,5,3,0.5,0.7,0.15,0.0,4.0,1,3.0,1,72.5,43.88,Beginner
CAND_9BC959DA,System Administrator,Junior,20,2,0,0,0,2,0,0.0,0.0,0.0,24.0,3.0,1,0.0,0,45.0,22.25,Beginner
CAND_4FD63B8E,Mobile Developer,Junior,24,10,15,1,2,9,13,0.1,0.13333333333333333,0.04,36.0,2.0,1,1.0,1,48.0,28.67,Beginner
CAND_02F34436,Security Engineer,Junior,25,10,13,3,3,7,8,0.3,0.2727272727272727,0.0,36.0,1.0,1,2.0,1,46.5,37.72,Beginner
CAND_29C6E1D3,Backend Developer,Mid Level,28,10,9,4,2,5,7,0.4444444444444444,0.2222222222222222,0.17647058823529413,48.0,2.0,1,2.0,1,56.0,47.78,Beginner
CAND_B342FA19,System Administrator,Junior,26,2,0,0,0,2,0,0.0,0.0,0.0,24.0,3.0,1,2.0,1,58.0,26.9,Beginner
CAND_22C80407,Data Scientist,Fresher,28,10,9,3,4,7,5,0.3,0.4444444444444444,0.10526315789473684,0.0,2.0,1,1.0,1,54.0,26.06,Beginner
CAND_62E3A4BF,Backend Developer,Entry Level,26,10,9,4,2,5,7,0.4444444444444444,0.2222222222222222,0.11764705882352941,6.0,8.0,1,2.0,1,83.0,38.66,Beginner
CAND_DAF1EE72,Full Stack Developer,Entry Level,27,10,9,8,5,2,4,0.8,0.5555555555555556,0.2222222222222222,6.0,3.0,1,0.0,0,55.5,52.41,Intermediate
CAND_D430CA3E,DevOps Engineer,Fresher,24,10,7,2,3,8,4,0.2,0.42857142857142855,0.058823529411764705,0.0,2.0,1,2.0,1,50.0,23.0,Beginner
CAND_3CBACDCE,Machine Learning Engineer,Entry Level,26,10,1,3,0,7,1,0.3,0.0,0.18181818181818182,6.0,4.0,1,1.0,1,61.0,28.53,Beginner
CAND_9864EEA4,Cloud Engineer,Fresher,23,10,7,2,2,8,5,0.2,0.2857142857142857,0.058823529411764705,0.0,5.0,1,2.0,1,63.5,23.91,Beginner
CAND_567C9DCC,AI ML,Junior,32,10,12,8,3,2,8,0.8,0.2727272727272727,0.14285714285714285,24.0,1.0,1,1.0,1,55.0,58.29,Intermediate
CAND_9BD505FF,Business Analyst,Fresher,24,10,6,5,1,5,5,0.5,0.16666666666666666,0.0625,0.0,1.0,1,3.0,1,47.0,32.62,Beginner
CAND_5E15CD3B,Machine Learning Engineer,Entry Level,26,10,1,2,0,8,1,0.2,0.0,0.0,12.0,0.0,0,2.0,1,43.0,21.65,Beginner
CAND_CDC0F182,DevOps Engineer,Junior,27,10,7,1,0,9,7,0.1,0.0,0.058823529411764705,24.0,5.0,1,4.0,1,73.5,36.56,Beginner
CAND_469CCC45,QA Engineer,Junior,24,10,8,0,2,10,6,0.0,0.25,0.0,24.0,2.0,1,3.0,1,52.0,29.43,Beginner
CAND_BF2E26A2,UI/UX Designer,Entry Level,27,10,7,0,2,10,5,0.0,0.2857142857142857,0.11764705882352941,6.0,2.0,1,1.0,1,52.5,16.33,Beginner
CAND_69118763,Product Manager,Entry Level,23,8,0,2,0,6,0,0.25,0.0,0.125,6.0,2.0,1,1.0,1,46.5,23.28,Beginner
CAND_E0A7173F,Product Manager,Fresher,24,8,0,1,0,7,0,0.125,0.0,0.125,0.0,3.0,1,2.0,1,55.0,18.62,Beginner
CAND_0C163ED4,Data Analyst,Fresher,24,10,7,6,3,4,4,0.6,0.42857142857142855,0.0,0.0,0.0,0,4.0,1,44.0,38.49,Beginner
CAND_6C0B689A,Data Analyst,Fresher,23,10,7,5,3,5,4,0.5,0.42857142857142855,0.11764705882352941,0.0,4.0,1,3.0,1,60.5,40.08,Beginner
CAND_B37C72E7,QA Engineer,Entry Level,26,10,8,0,2,10,6,0.0,0.25,0.05555555555555555,12.0,2.0,1,2.0,1,53.0,20.82,Beginner
CAND_A7D1A739,AI ML,Entry Level,28,10,12,8,1,2,10,0.8,0.09090909090909091,0.23809523809523808,6.0,6.0,1,1.0,1,74.0,50.93,Intermediate
CAND_595CEF31,Software Engineer,Junior,26,10,11,5,4,5,6,0.5,0.4,0.25,24.0,3.0,1,2.0,1,58.0,54.65,Intermediate
CAND_C6F741CD,Mobile Developer,Entry Level,25,10,15,2,4,8,11,0.2,0.26666666666666666,0.04,6.0,2.0,1,3.0,1,53.5,27.03,Beginner
CAND_F517DA99,Data Scientist,Junior,23,10,9,3,4,7,5,0.3,0.4444444444444444,0.05263157894736842,36.0,1.0,1,3.0,1,45.5,42.18,Beginner
CAND_31A91136,Cloud Engineer,Entry Level,24,10,7,1,2,9,5,0.1,0.2857142857142857,0.058823529411764705,6.0,5.0,1,4.0,1,69.0,27.94,Beginner
CAND_F5250FA4,System Administrator,Fresher,26,2,0,1,0,1,0,0.5,0.0,0.0,0.0,3.0,1,4.0,1,62.0,36.1,Beginner
CAND_E2F77ED1,Backend Developer,Fresher,29,10,9,5,3,4,6,0.5555555555555556,0.3333333333333333,0.11764705882352941,0.0,3.0,1,1.0,1,60.5,37.35,Beginner
CAND_34310388,Software Engineer,Junior,25,10,11,4,5,6,5,0.4,0.5,0.2,24.0,3.0,1,1.0,1,54.5,48.73,Beginner
CAND_774F10AF,QA Engineer,Fresher,25,10,8,0,2,10,6,0.0,0.25,0.0,0.0,1.0,1,1.0,1,44.5,8.39,Beginner
CAND_3B2D8813,Machine Learning Engineer,Junior,25,10,1,3,0,7,1,0.3,0.0,0.18181818181818182,24.0,5.0,1,2.0,1,66.5,42.05,Beginner
CAND_568657C4,QA Engineer,Fresher,24,10,8,0,1,10,7,0.0,0.125,0.0,0.0,2.0,1,1.0,1,48.0,8.98,Beginner
CAND_98935DA5,Security Engineer,Entry Level,27,10,13,1,2,9,9,0.1,0.18181818181818182,0.0,6.0,0.0,0,1.0,1,42.5,13.69,Beginner
CAND_7CD224DC,DevOps Engineer,Entry Level,28,10,7,3,2,7,5,0.3,0.2857142857142857,0.17647058823529413,12.0,6.0,1,1.0,1,74.0,35.7,Beginner
CAND_F66737E4,Data Engineer,Entry Level,23,10,15,4,1,5,13,0.4444444444444444,0.07142857142857142,0.043478260869565216,12.0,3.0,1,3.0,1,55.5,40.42,Beginner
CAND_C8D85C69,Data Scientist,Fresher,25,10,9,4,4,6,5,0.4,0.4444444444444444,0.15789473684210525,0.0,3.0,1,1.0,1,54.5,32.54,Beginner
CAND_FA996FE0,UI/UX Designer,Entry Level,29,10,7,0,1,10,6,0.0,0.14285714285714285,0.0,6.0,3.0,1,1.0,1,60.5,15.2,Beginner
CAND_7D95703B,Security Engineer,Entry Level,26,10,13,2,5,8,6,0.2,0.45454545454545453,0.09523809523809523,6.0,4.0,1,2.0,1,63.0,29.87,Beginner
CAND_2E726E3D,Product Manager,Entry Level,28,8,0,2,0,6,0,0.25,0.0,0.0,12.0,0.0,0,1.0,1,44.0,21.7,Beginner
CAND_6EAE6631,Full Stack Developer,Entry Level,22,10,9,6,4,4,5,0.6,0.4444444444444444,0.16666666666666666,12.0,3.0,1,1.0,1,50.0,47.94,Beginner
CAND_25E2B0D8,DevOps Engineer,Entry Level,23,10,7,0,1,10,6,0.0,0.14285714285714285,0.058823529411764705,12.0,6.0,1,2.0,1,68.5,22.24,Beginner
CAND_73EE1D75,Mobile Developer,Entry Level,24,10,15,2,1,8,14,0.2,0.06666666666666667,0.0,6.0,3.0,1,2.0,1,55.0,24.17,Beginner
CAND_0461C0C1,Software Engineer,Fresher,23,10,11,4,5,6,5,0.4,0.5,0.15,0.0,3.0,1,3.0,1,55.5,37.02,Beginner
CAND_27A4D2B3,AI ML,Entry Level,33,10,12,8,6,2,5,0.8,0.5454545454545454,0.23809523809523808,6.0,6.0,1,0.0,0,79.5,53.75,Intermediate
CAND_A6ADBF8E,Cloud Engineer,Fresher,23,10,7,1,2,9,5,0.1,0.2857142857142857,0.058823529411764705,0.0,5.0,1,3.0,1,65.5,22.01,Beginner
CAND_8351EA0B,Business Analyst,Entry Level,24,10,6,4,3,6,3,0.4,0.5,0.0,6.0,0.0,0,1.0,1,38.0,28.65,Beginner
CAND_B02D3C22,Security Engineer,Fresher,25,10,13,2,2,8,9,0.2,0.18181818181818182,0.047619047619047616,0.0,4.0,1,2.0,1,61.5,22.61,Beginner
CAND_B175EBD1,Data Analyst,Entry Level,25,10,7,6,3,4,4,0.6,0.42857142857142855,0.29411764705882354,12.0,6.0,1,3.0,1,73.5,54.87,Intermediate
CAND_3C81EF25,Full Stack Developer,Entry Level,27,10,9,5,4,5,5,0.5,0.4444444444444444,0.1111111111111111,12.0,3.0,1,3.0,1,61.5,47.69,Beginner
CAND_4FB643D7,System Administrator,Entry Level,21,2,0,0,0,2,0,0.0,0.0,0.0,6.0,4.0,1,2.0,1,55.5,15.53,Beginner
CAND_FA457177,Data Engineer,Junior,24,10,15,1,2,8,12,0.1111111111111111,0.14285714285714285,0.08695652173913043,36.0,5.0,1,4.0,1,69.0,38.63,Beginner
CAND_AC751EE2,Data Engineer,Fresher,25,10,15,1,4,8,10,0.1111111111111111,0.2857142857142857,0.08695652173913043,0.0,6.0,1,2.0,1,71.5,21.18,Beginner
CAND_B6C70FEF,Security Engineer,Mid Level,21,10,13,1,4,9,7,0.1,0.36363636363636365,0.09523809523809523,48.0,5.0,1,3.0,1,62.5,38.19,Beginner
CAND_3567E4E8,Business Analyst,Entry Level,28,10,6,2,1,8,5,0.2,0.16666666666666666,0.0625,6.0,4.0,1,1.0,1,64.0,24.55,Beginner
CAND_1312DE29,Security Engineer,Entry Level,26,10,13,3,5,7,6,0.3,0.45454545454545453,0.14285714285714285,6.0,6.0,1,3.0,1,75.0,37.19,Beginner
CAND_844F6A15,Full Stack Developer,Entry Level,26,10,9,6,4,4,5,0.6,0.4444444444444444,0.0,6.0,0.0,0,2.0,1,43.0,38.34,Beginner
CAND_E4EE0F11,Business Analyst,Entry Level,23,10,6,0,1,10,5,0.0,0.16666666666666666,0.0625,12.0,6.0,1,1.0,1,66.5,20.43,Beginner
CAND_C6E8FFAC,UI/UX Designer,Junior,23,10,7,0,0,10,7,0.0,0.0,0.0,24.0,0.0,0,3.0,1,40.5,23.02,Beginner
CAND_13276647,Data Scientist,Entry Level,25,10,9,3,5,7,4,0.3,0.5555555555555556,0.21052631578947367,12.0,3.0,1,4.0,1,60.5,44.24,Beginner
CAND_42ED24C8,Data Engineer,Fresher,26,10,15,2,4,7,10,0.2222222222222222,0.2857142857142857,0.08695652173913043,0.0,4.0,1,3.0,1,65.0,27.3,Beginner
CAND_74CB0D1C,Data Analyst,Mid Level,31,10,7,6,3,4,4,0.6,0.42857142857142855,0.17647058823529413,48.0,8.0,1,1.0,1,88.5,57.36,Intermediate
CAND_975298D6,Business Analyst,Fresher,28,10,6,1,3,9,3,0.1,0.5,0.0,0.0,1.0,1,0.0,0,47.0,13.02,Beginner
CAND_859785E1,UI/UX Designer,Fresher,23,10,7,0,0,10,7,0.0,0.0,0.0,0.0,6.0,1,1.0,1,66.5,10.32,Beginner
CAND_94167BCD,Cloud Engineer,Junior,24,10,7,1,1,9,6,0.1,0.14285714285714285,0.0,24.0,3.0,1,0.0,0,51.0,27.98,Beginner
CAND_A6EB4719,System Administrator,Entry Level,26,2,0,0,0,2,0,0.0,0.0,0.0,12.0,1.0,1,2.0,1,48.0,15.57,Beginner
CAND_1A957E9A,Product Manager,Entry Level,23,8,0,3,0,5,0,0.375,0.0,0.0,6.0,1.0,1,1.0,1,41.5,24.49,Beginner
CAND_C2126473,Full Stack Developer,Junior,24,10,9,7,5,3,4,0.7,0.5555555555555556,0.16666666666666666,36.0,4.0,1,4.0,1,64.0,67.26,Intermediate
CAND_4B85E883,Mobile Developer,Entry Level,25,10,15,3,2,7,13,0.3,0.13333333333333333,0.16,6.0,4.0,1,1.0,1,59.5,29.46,Beginner
CAND_150E01A7,Software Engineer,Entry Level,31,10,11,6,5,4,5,0.6,0.5,0.05,6.0,2.0,1,1.0,1,58.5,41.76,Beginner
CAND_4369FE8F,Cloud Engineer,Entry Level,24,10,7,2,0,8,7,0.2,0.0,0.058823529411764705,6.0,4.0,1,1.0,1,58.0,22.53,Beginner
CAND_5C6F4080,System Administrator,Entry Level,24,2,0,0,0,2,0,0.0,0.0,0.0,6.0,1.0,1,0.0,0,41.0,7.47,Beginner
CAND_E1F570B0,UI/UX Designer,Junior,25,10,7,0,2,10,5,0.0,0.2857142857142857,0.0,24.0,8.0,1,2.0,1,81.5,30.93,Beginner
CAND_E9BEC4DF,AI ML,Entry Level,30,10,12,8,3,2,8,0.8,0.2727272727272727,0.23809523809523808,6.0,4.0,1,0.0,0,65.0,50.3,Intermediate
CAND_188B0A65,Mobile Developer,Junior,25,10,15,4,1,6,14,0.4,0.06666666666666667,0.04,24.0,2.0,1,1.0,1,49.5,40.08,Beginner
CAND_00EF18C2,Security Engineer,Entry Level,28,10,13,3,3,7,8,0.3,0.2727272727272727,0.09523809523809523,12.0,3.0,1,1.0,1,59.0,33.61,Beginner
CAND_4095FA7C,Software Engineer,Entry Level,31,10,11,7,5,3,5,0.7,0.5,0.25,6.0,8.0,1,3.0,1,92.5,56.12,Intermediate
CAND_9D047DA8,Backend Developer,Fresher,25,10,9,1,4,8,5,0.1111111111111111,0.4444444444444444,0.11764705882352941,0.0,4.0,1,1.0,1,59.5,20.63,Beginner
CAND_3300BC22,Machine Learning Engineer,Entry Level,23,10,1,1,0,9,1,0.1,0.0,0.09090909090909091,12.0,2.0,1,2.0,1,48.5,22.62,Beginner
CAND_A4FE7CB4,Data Analyst,Entry Level,23,10,7,5,3,5,4,0.5,0.42857142857142855,0.11764705882352941,6.0,5.0,1,1.0,1,61.5,39.88,Beginner
CAND_4A1DCDA3,Full Stack Developer,Fresher,25,10,9,7,4,3,5,0.7,0.4444444444444444,0.2222222222222222,0.0,1.0,1,4.0,1,50.5,47.97,Beginner
CAND_9DA180C0,AI ML,Fresher,26,10,12,8,2,2,9,0.8,0.18181818181818182,0.09523809523809523,0.0,2.0,1,3.0,1,55.0,47.33,Beginner
CAND_318B1217,Cloud Engineer,Junior,21,10,7,0,1,10,6,0.0,0.14285714285714285,0.0,36.0,3.0,1,2.0,1,50.5,27.95,Beginner
CAND_FE22A4C7,Frontend Developer,Fresher,29,10,10,2,2,8,7,0.2,0.2222222222222222,0.0,0.0,2.0,1,2.0,1,57.5,20.43,Beginner
CAND_510FA306,Business Analyst,Fresher,21,10,6,3,0,7,6,0.3,0.0,0.0625,0.0,7.0,1,0.0,0,66.5,21.26,Beginner
CAND_D9E14FC2,DevOps Engineer,Entry Level,25,10,7,4,0,6,7,0.4,0.0,0.058823529411764705,12.0,6.0,1,0.0,0,67.5,32.76,Beginner
CAND_B13CADE8,Product Manager,Entry Level,25,8,0,2,0,6,0,0.25,0.0,0.0,6.0,4.0,1,2.0,1,61.5,25.82,Beginner
CAND_CD391C2D,Security Engineer,Fresher,21,10,13,1,4,9,7,0.1,0.36363636363636365,0.14285714285714285,0.0,4.0,1,2.0,1,55.5,21.55,Beginner
CAND_9A7C1C6D,DevOps Engineer,Fresher,23,10,7,3,1,7,6,0.3,0.14285714285714285,0.11764705882352941,0.0,4.0,1,1.0,1,56.5,25.02,Beginner
CAND_F6FF9D4C,Security Engineer,Entry Level,27,10,13,1,4,9,7,0.1,0.36363636363636365,0.14285714285714285,12.0,5.0,1,2.0,1,69.5,29.75,Beginner
CAND_BFDF162B,Machine Learning Engineer,Entry Level,19,10,1,4,0,6,1,0.4,0.0,0.18181818181818182,12.0,4.0,1,0.0,0,48.5,33.65,Beginner
CAND_FE764D6C,Backend Developer,Entry Level,27,10,9,3,3,6,6,0.3333333333333333,0.3333333333333333,0.23529411764705882,12.0,7.0,1,0.0,0,75.5,36.47,Beginner
CAND_A0815FBF,AI ML,Entry Level,28,10,12,8,3,2,8,0.8,0.2727272727272727,0.19047619047619047,6.0,5.0,1,3.0,1,73.0,55.98,Intermediate
CAND_EC83C57B,Machine Learning Engineer,Entry Level,29,10,1,4,0,6,1,0.4,0.0,0.0,12.0,0.0,0,0.0,0,43.5,25.68,Beginner
CAND_75C77F8B,Frontend Developer,Junior,22,10,10,2,2,8,7,0.2,0.2222222222222222,0.05263157894736842,24.0,4.0,1,1.0,1,55.0,35.76,Beginner
CAND_FE3D4159,Cloud Engineer,Entry Level,21,10,7,2,0,8,7,0.2,0.0,0.058823529411764705,6.0,2.0,1,0.0,0,41.5,18.04,Beginner
CAND_8C7D2A51,QA Engineer,Entry Level,24,10,8,0,4,10,4,0.0,0.5,0.0,6.0,1.0,1,1.0,1,43.0,14.57,Beginner
CAND_AFAF305A,Security Engineer,Junior,24,10,13,2,2,8,9,0.2,0.18181818181818182,0.14285714285714285,36.0,3.0,1,1.0,1,53.0,36.61,Beginner
CAND_791C3670,Cloud Engineer,Fresher,23,10,7,1,0,9,7,0.1,0.0,0.0,0.0,6.0,1,1.0,1,66.5,14.32,Beginner
CAND_9F483DBA,Data Scientist,Entry Level,27,10,9,4,4,6,5,0.4,0.4444444444444444,0.15789473684210525,12.0,8.0,1,3.0,1,86.5,45.64,Beginner
CAND_317D7A72,AI ML,Entry Level,29,10,12,8,2,2,9,0.8,0.18181818181818182,0.14285714285714285,12.0,4.0,1,1.0,1,65.5,53.74,Intermediate
CAND_84759FB7,Data Analyst,Fresher,26,10,7,6,3,4,4,0.6,0.42857142857142855,0.058823529411764705,0.0,3.0,1,3.0,1,60.0,43.17,Beginner
CAND_9D25F5F9,Business Analyst,Junior,26,10,6,2,2,8,4,0.2,0.3333333333333333,0.125,36.0,6.0,1,3.0,1,75.0,42.96,Beginner
CAND_99CC9134,Business Analyst,Fresher,22,10,6,0,0,10,6,0.0,0.0,0.0,0.0,2.0,1,3.0,1,49.0,11.78,Beginner
CAND_FF276042,System Administrator,Fresher,23,2,0,1,0,1,0,0.5,0.0,0.5,0.0,4.0,1,0.0,0,54.5,35.23,Beginner
CAND_F8B7993E,Security Engineer,Fresher,25,10,13,0,5,10,6,0.0,0.45454545454545453,0.09523809523809523,0.0,5.0,1,1.0,1,64.5,16.2,Beginner
CAND_32DA153D,Machine Learning Engineer,Fresher,26,10,1,4,0,6,1,0.4,0.0,0.18181818181818182,0.0,3.0,1,3.0,1,60.0,32.73,Beginner
CAND_01C0DF9E,Product Manager,Fresher,25,8,0,1,0,7,0,0.125,0.0,0.0,0.0,4.0,1,2.0,1,61.5,17.07,Beginner
CAND_B937A167,DevOps Engineer,Entry Level,26,10,7,4,0,6,7,0.4,0.0,0.0,12.0,2.0,1,1.0,1,51.0,31.38,Beginner
CAND_C29064F3,Product Manager,Fresher,23,8,0,0,0,8,0,0.0,0.0,0.0,0.0,6.0,1,1.0,1,66.5,10.32,Beginner
CAND_47AE4B0C,Software Engineer,Junior,23,10,11,5,5,5,5,0.5,0.5,0.15,24.0,7.0,1,4.0,1,77.5,59.12,Intermediate
CAND_BF16EF48,Security Engineer,Entry Level,23,10,13,2,4,8,7,0.2,0.36363636363636365,0.14285714285714285,12.0,6.0,1,2.0,1,68.5,33.7,Beginner
CAND_9AC78AF0,Frontend Developer,Entry Level,24,10,10,2,1,8,8,0.2,0.1111111111111111,0.05263157894736842,12.0,1.0,1,1.0,1,43.0,23.22,Beginner
CAND_6EDB94E3,Product Manager,Entry Level,23,8,0,3,0,5,0,0.375,0.0,0.125,6.0,4.0,1,3.0,1,60.5,34.65,Beginner
CAND_63C41244,Business Analyst,Junior,24,10,6,2,2,8,4,0.2,0.3333333333333333,0.0625,24.0,2.0,1,1.0,1,48.0,35.0,Beginner
CAND_7AD47A9F,Data Analyst,Junior,25,10,7,6,3,4,4,0.6,0.42857142857142855,0.058823529411764705,36.0,1.0,1,1.0,1,44.5,50.06,Intermediate
CAND_A42CFBE9,DevOps Engineer,Fresher,28,10,7,2,2,8,5,0.2,0.2857142857142857,0.11764705882352941,0.0,3.0,1,2.0,1,61.0,24.67,Beginner
CAND_DA57EB1E,Cloud Engineer,Fresher,23,10,7,2,0,8,7,0.2,0.0,0.11764705882352941,0.0,4.0,1,3.0,1,60.5,23.79,Beginner
CAND_5BA970C3,Business Analyst,Entry Level,23,10,6,1,0,9,6,0.1,0.0,0.0,12.0,3.0,1,2.0,1,53.5,23.18,Beginner
CAND_B4060FD9,Cloud Engineer,Junior,25,10,7,2,1,8,6,0.2,0.14285714285714285,0.0,36.0,5.0,1,1.0,1,64.5,34.65,Beginner
CAND_9C5001DF,Backend Developer,Entry Level,23,10,9,3,3,6,6,0.3333333333333333,0.3333333333333333,0.058823529411764705,12.0,1.0,1,0.0,0,39.5,28.69,Beginner
CAND_840D5642,Backend Developer,Junior,23,10,9,2,4,7,5,0.2222222222222222,0.4444444444444444,0.0,24.0,2.0,1,2.0,1,48.5,38.09,Beginner
CAND_9458EBFE,Product Manager,Entry Level,24,8,0,1,0,7,0,0.125,0.0,0.125,6.0,5.0,1,1.0,1,63.0,20.77,Beginner
CAND_EFDA5BE1,Machine Learning Engineer,Entry Level,25,10,1,1,0,9,1,0.1,0.0,0.0,12.0,4.0,1,1.0,1,59.5,21.48,Beginner
CAND_4559688F,Software Engineer,Entry Level,28,10,11,7,5,3,5,0.7,0.5,0.05,12.0,1.0,1,3.0,1,53.0,51.57,Intermediate
CAND_49E91DA6,Software Engineer,Entry Level,24,10,11,4,4,6,6,0.4,0.4,0.25,12.0,3.0,1,4.0,1,59.0,47.2,Beginner
CAND_350C3AAB,Business Analyst,Junior,27,10,6,3,1,7,5,0.3,0.16666666666666666,0.0625,36.0,1.0,1,1.0,1,47.5,35.65,Beginner
CAND_79B81CF9,Cloud Engineer,Mid Level,25,10,7,3,1,7,6,0.3,0.14285714285714285,0.0,48.0,0.0,0,1.0,1,39.5,32.4,Beginner
CAND_4E8FC225,Cloud Engineer,Entry Level,24,10,7,2,1,8,6,0.2,0.14285714285714285,0.0,12.0,3.0,1,1.0,1,53.0,26.58,Beginner
CAND_B4BCE1EA,Product Manager,Junior,23,8,0,2,0,6,0,0.25,0.0,0.0,24.0,3.0,1,2.0,1,53.5,36.67,Beginner
CAND_BBDBAAB6,Full Stack Developer,Entry Level,25,10,9,6,5,4,4,0.6,0.5555555555555556,0.0,6.0,2.0,1,2.0,1,51.5,43.21,Beginner
CAND_89A57926,AI ML,Entry Level,31,10,12,8,2,2,9,0.8,0.18181818181818182,0.14285714285714285,6.0,2.0,1,1.0,1,58.5,47.97,Beginner
CAND_0E5A4B14,System Administrator,Entry Level,27,2,0,0,0,2,0,0.0,0.0,0.0,12.0,4.0,1,2.0,1,64.5,19.73,Beginner
CAND_153DC350,Data Scientist,Junior,24,10,9,3,4,7,5,0.3,0.4444444444444444,0.21052631578947367,24.0,4.0,1,2.0,1,60.0,46.6,Beginner
CAND_8FE8BD6A,Business Analyst,Entry Level,24,10,6,2,1,8,5,0.2,0.16666666666666666,0.125,12.0,5.0,1,3.0,1,67.0,33.39,Beginner
CAND_AA2614CF,Mobile Developer,Entry Level,22,10,15,2,4,8,11,0.2,0.26666666666666666,0.12,12.0,3.0,1,2.0,1,52.0,31.57,Beginner
CAND_85B15229,Mobile Developer,Mid Level,26,10,15,1,3,9,12,0.1,0.2,0.04,48.0,4.0,1,1.0,1,61.0,31.65,Beginner
CAND_357F9F65,Product Manager,Fresher,23,8,0,2,0,6,0,0.25,0.0,0.0,0.0,4.0,1,0.0,0,54.5,17.73,Beginner
CAND_9CEA09C2,Frontend Developer,Junior,26,10,10,1,1,9,8,0.1,0.1111111111111111,0.05263157894736842,24.0,7.0,1,1.0,1,76.0,31.7,Beginner
CAND_7DCE7D0D,Business Analyst,Entry Level,25,10,6,2,0,8,6,0.2,0.0,0.0625,6.0,6.0,1,1.0,1,69.5,23.16,Beginner
CAND_A7792B97,Data Scientist,Entry Level,22,10,9,3,4,7,5,0.3,0.4444444444444444,0.10526315789473684,6.0,3.0,1,1.0,1,50.0,31.27,Beginner
CAND_A8F00888,Software Engineer,Entry Level,26,10,11,5,4,5,6,0.5,0.4,0.15,6.0,5.0,1,1.0,1,66.0,40.3,Beginner
CAND_012CABB7,Cloud Engineer,Fresher,23,10,7,1,2,9,5,0.1,0.2857142857142857,0.11764705882352941,0.0,5.0,1,1.0,1,61.5,18.7,Beginner
CAND_DD7B94C3,Mobile Developer,Entry Level,22,10,15,2,4,8,11,0.2,0.26666666666666666,0.08,6.0,3.0,1,3.0,1,54.0,29.32,Beginner
CAND_849C5E53,System Administrator,Junior,25,2,0,0,0,2,0,0.0,0.0,0.0,36.0,5.0,1,3.0,1,68.5,29.43,Beginner
CAND_461F0D7C,Product Manager,Entry Level,26,8,0,1,0,7,0,0.125,0.0,0.0,12.0,4.0,1,2.0,1,63.0,24.65,Beginner
CAND_93913F55,Data Analyst,Junior,26,10,7,5,3,5,4,0.5,0.42857142857142855,0.17647058823529413,24.0,5.0,1,5.0,1,74.0,60.63,Intermediate
CAND_02FE9610,Cloud Engineer,Junior,23,10,7,2,0,8,7,0.2,0.0,0.058823529411764705,24.0,4.0,1,1.0,1,56.5,33.71,Beginner
CAND_C50DE7BD,Product Manager,Fresher,24,8,0,1,0,7,0,0.125,0.0,0.0,0.0,2.0,1,0.0,0,46.0,10.63,Beginner
CAND_B0239AB4,QA Engineer,Entry Level,24,10,8,0,2,10,6,0.0,0.25,0.0,6.0,1.0,1,2.0,1,45.0,14.17,Beginner
CAND_1E87405A,Security Engineer,Entry Level,25,10,13,2,5,8,6,0.2,0.45454545454545453,0.14285714285714285,12.0,4.0,1,1.0,1,59.5,32.16,Beginner
CAND_4F4659DD,Product Manager,Entry Level,22,8,0,0,0,8,0,0.0,0.0,0.0,6.0,4.0,1,4.0,1,61.0,19.8,Beginner
CAND_86704691,UI/UX Designer,Junior,20,10,7,0,1,10,6,0.0,0.14285714285714285,0.0,24.0,4.0,1,3.0,1,56.0,30.23,Beginner
CAND_313F38A2,UI/UX Designer,Entry Level,29,10,7,0,1,10,6,0.0,0.14285714285714285,0.0,6.0,5.0,1,3.0,1,74.5,19.9,Beginner
CAND_113CF60D,UI/UX Designer,Mid Level,24,10,7,0,1,10,6,0.0,0.14285714285714285,0.0,48.0,2.0,1,2.0,1,50.0,26.26,Beginner
CAND_F9379716,Product Manager,Fresher,26,8,0,1,0,7,0,0.125,0.0,0.0,0.0,0.0,0,1.0,1,41.0,9.05,Beginner
CAND_D4E6E4A3,Security Engineer,Entry Level,22,10,13,2,3,8,8,0.2,0.2727272727272727,0.09523809523809523,6.0,5.0,1,1.0,1,60.0,25.91,Beginner
CAND_D5AD2F1D,UI/UX Designer,Junior,22,10,7,0,1,10,6,0.0,0.14285714285714285,0.0,24.0,0.0,0,1.0,1,35.0,20.18,Beginner
CAND_A055C978,Product Manager,Fresher,23,8,0,1,0,7,0,0.125,0.0,0.0,0.0,5.0,1,3.0,1,65.5,19.27,Beginner
CAND_39A38990,UI/UX Designer,Fresher,21,10,7,0,1,10,6,0.0,0.14285714285714285,0.0,0.0,0.0,0,0.0,0,31.5,3.0,Beginner
CAND_84010EC5,System Administrator,Entry Level,27,2,0,1,0,1,0,0.5,0.0,0.0,6.0,1.0,1,1.0,1,47.5,29.79,Beginner
CAND_7744B755,Frontend Developer,Entry Level,24,10,10,1,1,9,8,0.1,0.1111111111111111,0.05263157894736842,12.0,6.0,1,2.0,1,70.0,25.9,Beginner
CAND_9F76C163,Data Analyst,Fresher,30,10,7,6,3,4,4,0.6,0.42857142857142855,0.23529411764705882,0.0,2.0,1,3.0,1,61.0,44.2,Beginner
CAND_56EAFFCE,Machine Learning Engineer,Entry Level,24,10,1,4,0,6,1,0.4,0.0,0.09090909090909091,12.0,2.0,1,3.0,1,52.0,36.8,Beginner
CAND_F4BD06DB,Frontend Developer,Fresher,26,10,10,3,3,7,6,0.3,0.3333333333333333,0.0,0.0,0.0,0,3.0,1,45.0,23.58,Beginner
CAND_6CDB83E9,Mobile Developer,Entry Level,22,10,15,1,1,9,14,0.1,0.06666666666666667,0.0,6.0,2.0,1,2.0,1,47.0,18.1,Beginner
CAND_FACA5F6D,Mobile Developer,Entry Level,22,10,15,2,4,8,11,0.2,0.26666666666666666,0.12,6.0,3.0,1,4.0,1,56.0,32.02,Beginner
CAND_0E33F4C3,Business Analyst,Entry Level,24,10,6,1,2,9,4,0.1,0.3333333333333333,0.0625,6.0,2.0,1,2.0,1,50.0,21.85,Beginner
CAND_F2EFE71A,System Administrator,Fresher,26,2,0,0,0,2,0,0.0,0.0,0.0,0.0,3.0,1,4.0,1,62.0,16.1,Beginner
CAND_2534D074,Product Manager,Entry Level,26,8,0,0,0,8,0,0.0,0.0,0.0,12.0,4.0,1,5.0,1,69.0,25.95,Beginner
CAND_9E538939,AI ML,Entry Level,31,10,12,8,3,2,8,0.8,0.2727272727272727,0.23809523809523808,6.0,2.0,1,1.0,1,58.5,50.31,Intermediate
CAND_F8149A32,Backend Developer,Mid Level,25,10,9,5,2,4,7,0.5555555555555556,0.2222222222222222,0.058823529411764705,48.0,4.0,1,0.0,0,57.5,48.2,Beginner
CAND_F1202873,AI ML,Junior,26,10,12,8,2,2,9,0.8,0.18181818181818182,0.23809523809523808,36.0,6.0,1,2.0,1,73.0,65.04,Intermediate
CAND_936A7EC9,Mobile Developer,Entry Level,25,10,15,2,2,8,13,0.2,0.13333333333333333,0.04,6.0,2.0,1,2.0,1,51.5,23.59,Beginner
CAND_952F1636,Data Analyst,Entry Level,27,10,7,6,3,4,4,0.6,0.42857142857142855,0.11764705882352941,12.0,2.0,1,3.0,1,56.5,49.71,Beginner
CAND_5267A86C,Machine Learning Engineer,Entry Level,25,10,1,1,0,9,1,0.1,0.0,0.09090909090909091,6.0,5.0,1,1.0,1,64.5,19.34,Beginner
CAND_96469FE4,System Administrator,Entry Level,29,2,0,1,0,1,0,0.5,0.0,0.5,12.0,3.0,1,2.0,1,62.5,47.12,Beginner
CAND_E8064860,Mobile Developer,Junior,23,10,15,2,0,8,15,0.2,0.0,0.04,24.0,4.0,1,2.0,1,58.5,35.52,Beginner
CAND_6BF41A4B,Security Engineer,Junior,25,10,13,0,3,10,8,0.0,0.2727272727272727,0.0,24.0,2.0,1,3.0,1,53.5,29.74,Beginner
CAND_B0FF2138,Frontend Developer,Entry Level,24,10,10,2,3,8,6,0.2,0.3333333333333333,0.15789473684210525,6.0,7.0,1,0.0,0,71.0,26.0,Beginner
CAND_107B550F,DevOps Engineer,Junior,23,10,7,1,1,9,6,0.1,0.14285714285714285,0.0,24.0,1.0,1,1.0,1,41.5,26.17,Beginner
CAND_D6875FBC,Security Engineer,Junior,27,10,13,2,1,8,10,0.2,0.09090909090909091,0.047619047619047616,24.0,5.0,1,3.0,1,71.5,39.2,Beginner
CAND_B884FBBF,Machine Learning Engineer,Junior,23,10,1,4,0,6,1,0.4,0.0,0.18181818181818182,24.0,4.0,1,3.0,1,60.5,47.75,Beginner
CAND_1239B214,Software Engineer,Entry Level,29,10,11,5,4,5,6,0.5,0.4,0.15,6.0,2.0,1,2.0,1,57.5,40.21,Beginner
CAND_142E3D80,Full Stack Developer,Junior,27,10,9,6,4,4,5,0.6,0.4444444444444444,0.2222222222222222,24.0,5.0,1,0.0,0,65.5,55.05,Intermediate
CAND_B6CC6508,Data Scientist,Fresher,26,10,9,3,5,7,4,0.3,0.5555555555555556,0.0,0.0,0.0,0,1.0,1,41.0,21.61,Beginner
CAND_CBF3E9DA,Cloud Engineer,Entry Level,26,10,7,1,1,9,6,0.1,0.14285714285714285,0.0,6.0,1.0,1,0.0,0,44.0,13.05,Beginner
CAND_2E164CC7,Machine Learning Engineer,Entry Level,24,10,1,3,0,7,1,0.3,0.0,0.09090909090909091,12.0,5.0,1,1.0,1,63.0,31.01,Beginner
CAND_07B414E4,Product Manager,Entry Level,25,8,0,2,0,6,0,0.25,0.0,0.0,12.0,5.0,1,2.0,1,66.5,29.82,Beginner
CAND_7C25D797,Data Analyst,Fresher,25,10,7,7,3,3,4,0.7,0.42857142857142855,0.11764705882352941,0.0,5.0,1,2.0,1,66.5,46.38,Beginner
CAND_127E76D5,Machine Learning Engineer,Entry Level,23,10,1,3,0,7,1,0.3,0.0,0.18181818181818182,6.0,6.0,1,2.0,1,68.5,30.9,Beginner
CAND_76EF6419,DevOps Engineer,Junior,23,10,7,2,1,8,6,0.2,0.14285714285714285,0.0,24.0,3.0,1,2.0,1,53.5,36.1,Beginner
CAND_ADF39597,Data Engineer,Fresher,20,10,15,2,2,7,12,0.2222222222222222,0.14285714285714285,0.043478260869565216,0.0,4.0,1,1.0,1,52.0,20.57,Beginner
CAND_F60B543A,System Administrator,Fresher,25,2,0,0,0,2,0,0.0,0.0,0.0,0.0,6.0,1,3.0,1,73.5,14.68,Beginner
CAND_1FF6CD86,Business Analyst,Entry Level,22,10,6,1,1,9,5,0.1,0.16666666666666666,0.0625,12.0,1.0,1,3.0,1,44.0,23.97,Beginner
CAND_2F1C9CA8,Business Analyst,Fresher,25,10,6,0,0,10,6,0.0,0.0,0.0,0.0,2.0,1,3.0,1,53.5,12.01,Beginner
CAND_4130A545,DevOps Engineer,Entry Level,25,10,7,2,1,8,6,0.2,0.14285714285714285,0.058823529411764705,6.0,3.0,1,1.0,1,54.5,23.79,Beginner
CAND_24DEFF7F,DevOps Engineer,Entry Level,22,10,7,1,1,9,6,0.1,0.14285714285714285,0.0,6.0,4.0,1,2.0,1,57.0,21.03,Beginner
CAND_667709AA,Product Manager,Entry Level,26,8,0,4,0,4,0,0.5,0.0,0.25,12.0,4.0,1,5.0,1,69.0,49.7,Beginner
CAND_B4DD45C9,System Administrator,Entry Level,25,2,0,1,0,1,0,0.5,0.0,0.5,6.0,2.0,1,0.0,0,47.5,36.96,Beginner
CAND_DF1FC598,Data Engineer,Entry Level,24,10,15,4,2,5,12,0.4444444444444444,0.14285714285714285,0.08695652173913043,12.0,4.0,1,0.0,0,56.0,35.81,Beginner
CAND_526116D0,Machine Learning Engineer,Fresher,26,10,1,3,0,7,1,0.3,0.0,0.09090909090909091,0.0,5.0,1,0.0,0,64.0,21.56,Beginner
CAND_AC0DBDDD,QA Engineer,Fresher,22,10,8,0,3,10,5,0.0,0.375,0.05555555555555555,0.0,3.0,1,1.0,1,50.0,14.08,Beginner
CAND_CD428913,Business Analyst,Entry Level,23,10,6,4,0,6,6,0.4,0.0,0.0625,12.0,2.0,1,2.0,1,48.5,34.2,Beginner
CAND_076A924D,Cloud Engineer,Fresher,22,10,7,4,1,6,6,0.4,0.14285714285714285,0.11764705882352941,0.0,6.0,1,2.0,1,67.0,31.54,Beginner
CAND_68D29B01,Full Stack Developer,Entry Level,28,10,9,7,5,3,4,0.7,0.5555555555555556,0.0,6.0,1.0,1,0.0,0,47.0,41.32,Beginner
CAND_55376B3F,Data Engineer,Fresher,29,10,15,3,5,6,9,0.3333333333333333,0.35714285714285715,0.043478260869565216,0.0,5.0,1,1.0,1,70.5,28.08,Beginner
CAND_B283A152,Machine Learning Engineer,Fresher,23,10,1,2,0,8,1,0.2,0.0,0.09090909090909091,0.0,2.0,1,3.0,1,50.5,21.22,Beginner
CAND_706A1D6B,Product Manager,Fresher,28,8,0,1,0,7,0,0.125,0.0,0.0,0.0,3.0,1,1.0,1,59.0,14.95,Beginner
CAND_8498697C,Product Manager,Entry Level,20,8,0,1,0,7,0,0.125,0.0,0.0,6.0,5.0,1,4.0,1,63.0,24.9,Beginner
CAND_203530B7,Mobile Developer,Fresher,27,10,15,2,4,8,11,0.2,0.26666666666666666,0.12,0.0,2.0,1,2.0,1,54.5,22.52,Beginner
CAND_C15651A1,Cloud Engineer,Junior,25,10,7,1,2,9,5,0.1,0.2857142857142857,0.058823529411764705,24.0,4.0,1,4.0,1,65.5,39.01,Beginner
CAND_9CC9D03B,Cloud Engineer,Junior,25,10,7,0,1,10,6,0.0,0.14285714285714285,0.0,24.0,5.0,1,2.0,1,66.5,28.75,Beginner
CAND_4F44A61D,Data Scientist,Entry Level,28,10,9,4,5,6,4,0.4,0.5555555555555556,0.10526315789473684,6.0,2.0,1,2.0,1,56.0,37.02,Beginner
CAND_F19AE6D8,QA Engineer,Entry Level,25,10,8,1,2,9,6,0.1,0.25,0.05555555555555555,6.0,4.0,1,2.0,1,61.5,23.16,Beginner
CAND_9239BF23,DevOps Engineer,Entry Level,28,10,7,0,3,10,4,0.0,0.42857142857142855,0.0,6.0,5.0,1,4.0,1,75.0,24.79,Beginner
CAND_3507B0A0,Machine Learning Engineer,Fresher,27,10,1,2,0,8,1,0.2,0.0,0.09090909090909091,0.0,6.0,1,5.0,1,80.5,28.39,Beginner
CAND_EA3B0330,System Administrator,Entry Level,27,2,0,0,0,2,0,0.0,0.0,0.0,12.0,4.0,1,2.0,1,64.5,19.73,Beginner
CAND_A4C0B9C9,Data Analyst,Junior,25,10,7,6,3,4,4,0.6,0.42857142857142855,0.11764705882352941,24.0,3.0,1,0.0,0,52.5,52.68,Intermediate
CAND_E9D2FA3F,DevOps Engineer,Entry Level,22,10,7,2,0,8,7,0.2,0.0,0.11764705882352941,12.0,3.0,1,1.0,1,50.0,26.76,Beginner
CAND_92300F01,Mobile Developer,Entry Level,30,10,15,3,4,7,11,0.3,0.26666666666666666,0.04,6.0,3.0,1,3.0,1,66.0,33.32,Beginner
CAND_7D815497,QA Engineer,Fresher,27,10,8,1,3,9,5,0.1,0.375,0.0,0.0,3.0,1,0.0,0,55.5,15.53,Beginner
CAND_B4C74DE5,DevOps Engineer,Entry Level,25,10,7,1,2,9,5,0.1,0.2857142857142857,0.0,6.0,3.0,1,4.0,1,60.5,26.63,Beginner
CAND_E050C67F,System Administrator,Entry Level,24,2,0,1,0,1,0,0.5,0.0,0.5,12.0,2.0,1,5.0,1,56.0,51.13,Intermediate
CAND_59AC2F35,Security Engineer,Entry Level,24,10,13,2,3,8,8,0.2,0.2727272727272727,0.09523809523809523,12.0,5.0,1,3.0,1,67.0,34.01,Beginner
CAND_61013A51,Backend Developer,Entry Level,27,10,9,4,2,5,7,0.4444444444444444,0.2222222222222222,0.058823529411764705,12.0,5.0,1,2.0,1,69.5,40.86,Beginner
CAND_B9C703A5,QA Engineer,Junior,21,10,8,0,3,10,5,0.0,0.375,0.0,24.0,2.0,1,5.0,1,51.5,34.66,Beginner
CAND_7ED4D3D9,Data Engineer,Fresher,24,10,15,5,4,4,10,0.5555555555555556,0.2857142857142857,0.17391304347826086,0.0,7.0,1,3.0,1,77.0,42.54,Beginner
CAND_CFD438C2,Frontend Developer,Fresher,27,10,10,3,1,7,8,0.3,0.1111111111111111,0.0,0.0,0.0,0,2.0,1,44.5,19.34,Beginner
CAND_C8992432,Software Engineer,Junior,30,10,11,5,5,5,5,0.5,0.5,0.05,24.0,1.0,1,3.0,1,56.0,51.22,Intermediate
CAND_866EF7DE,DevOps Engineer,Junior,25,10,7,2,1,8,6,0.2,0.14285714285714285,0.058823529411764705,24.0,5.0,1,3.0,1,68.5,39.74,Beginner
CAND_08AB05AF,UI/UX Designer,Junior,24,10,7,0,1,10,6,0.0,0.14285714285714285,0.0,24.0,3.0,1,1.0,1,53.0,26.08,Beginner
CAND_DEA7EC5F,UI/UX Designer,Entry Level,26,10,7,0,1,10,6,0.0,0.14285714285714285,0.0,12.0,0.0,0,2.0,1,43.0,15.08,Beginner
CAND_94ED0A1D,Software Engineer,Entry Level,27,10,11,5,4,5,6,0.5,0.4,0.15,6.0,5.0,1,2.0,1,69.5,42.48,Beginner
CAND_28002655,Product Manager,Junior,24,8,0,2,0,6,0,0.25,0.0,0.0,36.0,0.0,0,1.0,1,38.0,28.9,Beginner
CAND_683A71FF,QA Engineer,Junior,24,10,8,0,3,10,5,0.0,0.375,0.0,24.0,4.0,1,2.0,1,60.0,30.75,Beginner
CAND_142F5731,Backend Developer,Entry Level,27,10,9,4,5,5,4,0.4444444444444444,0.5555555555555556,0.11764705882352941,12.0,6.0,1,1.0,1,72.5,43.22,Beginner
CAND_2064BD2D,Business Analyst,Fresher,26,10,6,3,1,7,5,0.3,0.16666666666666666,0.25,0.0,3.0,1,0.0,0,54.0,25.12,Beginner
CAND_3A7C2A24,System Administrator,Mid Level,24,2,0,0,0,2,0,0.0,0.0,0.0,48.0,5.0,1,2.0,1,65.0,27.25,Beginner
CAND_5D3E97B4,Mobile Developer,Entry Level,25,10,15,2,2,8,13,0.2,0.13333333333333333,0.04,6.0,3.0,1,3.0,1,58.5,27.61,Beginner
CAND_49B7DBFA,AI ML,Fresher,31,10,12,8,5,2,6,0.8,0.45454545454545453,0.2857142857142857,0.0,4.0,1,3.0,1,72.5,55.46,Intermediate
CAND_DE0718BA,Data Scientist,Junior,27,10,9,4,5,6,4,0.4,0.5555555555555556,0.10526315789473684,24.0,3.0,1,2.0,1,59.5,50.11,Intermediate
CAND_A5939A15,Data Analyst,Entry Level,26,10,7,6,3,4,4,0.6,0.42857142857142855,0.058823529411764705,6.0,5.0,1,2.0,1,68.0,45.32,Beginner
CAND_8AE5167F,Machine Learning Engineer,Entry Level,29,10,1,4,0,6,1,0.4,0.0,0.2727272727272727,12.0,5.0,1,4.0,1,76.5,44.42,Beginner
CAND_390522B3,Business Analyst,Entry Level,24,10,6,2,0,8,6,0.2,0.0,0.0,12.0,4.0,1,5.0,1,66.0,33.8,Beginner
CAND_010E1AA8,System Administrator,Entry Level,25,2,0,1,0,1,0,0.5,0.0,0.0,12.0,1.0,1,3.0,1,48.5,37.59,Beginner
CAND_0B268171,QA Engineer,Entry Level,22,10,8,0,1,10,7,0.0,0.125,0.0,6.0,6.0,1,4.0,1,71.0,21.55,Beginner
CAND_423D6303,Security Engineer,Junior,21,10,13,1,2,9,9,0.1,0.18181818181818182,0.0,36.0,2.0,1,1.0,1,43.5,28.33,Beginner
CAND_C57B1EF4,AI ML,Junior,28,10,12,8,2,2,9,0.8,0.18181818181818182,0.19047619047619047,36.0,2.0,1,1.0,1,54.0,59.71,Intermediate
CAND_44A2D998,Data Scientist,Entry Level,25,10,9,3,5,7,4,0.3,0.5555555555555556,0.21052631578947367,6.0,5.0,1,0.0,0,62.5,32.59,Beginner
CAND_06AAEB08,Mobile Developer,Entry Level,24,10,15,2,2,8,13,0.2,0.13333333333333333,0.04,6.0,2.0,1,2.0,1,50.0,23.52,Beginner
CAND_3FE6D9C2,Machine Learning Engineer,Entry Level,23,10,1,3,0,7,1,0.3,0.0,0.09090909090909091,6.0,4.0,1,2.0,1,58.5,29.04,Beginner
CAND_C664339E,Backend Developer,Entry Level,22,10,9,3,2,6,7,0.3333333333333333,0.2222222222222222,0.058823529411764705,6.0,1.0,1,1.0,1,40.0,25.85,Beginner
CAND_EDE2882B,Security Engineer,Junior,24,10,13,3,3,7,8,0.3,0.2727272727272727,0.14285714285714285,24.0,3.0,1,3.0,1,57.0,45.72,Beginner
CAND_F6529021,QA Engineer,Junior,25,10,8,0,2,10,6,0.0,0.25,0.0,24.0,5.0,1,2.0,1,66.5,29.82,Beginner
CAND_FC29562F,Frontend Developer,Entry Level,24,10,10,1,3,9,6,0.1,0.3333333333333333,0.10526315789473684,6.0,7.0,1,3.0,1,77.0,27.51,Beginner
CAND_4B899B38,Frontend Developer,Entry Level,23,10,10,1,2,9,7,0.1,0.2222222222222222,0.0,12.0,0.0,0,4.0,1,42.5,23.85,Beginner
CAND_E65D86D1,Business Analyst,Entry Level,25,10,6,2,0,8,6,0.2,0.0,0.0,6.0,3.0,1,1.0,1,54.5,21.48,Beginner
CAND_A201F933,Data Scientist,Fresher,29,10,9,4,4,6,5,0.4,0.4444444444444444,0.21052631578947367,0.0,6.0,1,3.0,1,79.5,38.58,Beginner
CAND_12CF07DF,System Administrator,Mid Level,23,2,0,1,0,1,0,0.5,0.0,0.5,48.0,3.0,1,2.0,1,53.5,54.17,Intermediate
CAND_6AEC0228,Machine Learning Engineer,Fresher,24,10,1,3,0,7,1,0.3,0.0,0.09090909090909091,0.0,3.0,1,1.0,1,53.0,23.01,Beginner
CAND_1A8F4C5F,Product Manager,Entry Level,21,8,0,1,0,7,0,0.125,0.0,0.125,6.0,4.0,1,1.0,1,53.5,20.3,Beginner
CAND_321386DA,Cloud Engineer,Junior,22,10,7,2,1,8,6,0.2,0.14285714285714285,0.058823529411764705,24.0,5.0,1,5.0,1,68.0,43.71,Beginner
CAND_474143DE,Business Analyst,Entry Level,26,10,6,2,0,8,6,0.2,0.0,0.0625,6.0,4.0,1,2.0,1,63.0,24.84,Beginner
CAND_C3F2B7AA,System Administrator,Entry Level,29,2,0,0,0,2,0,0.0,0.0,0.0,12.0,3.0,1,2.0,1,62.5,19.62,Beginner
CAND_231EDF20,DevOps Engineer,Entry Level,23,10,7,2,0,8,7,0.2,0.0,0.0,12.0,4.0,1,5.0,1,64.5,33.73,Beginner
CAND_B2E1DAF0,Data Analyst,Entry Level,30,10,7,6,3,4,4,0.6,0.42857142857142855,0.0,6.0,0.0,0,1.0,1,47.0,36.39,Beginner
CAND_1AB7854C,Security Engineer,Entry Level,24,10,13,1,2,9,9,0.1,0.18181818181818182,0.047619047619047616,12.0,5.0,1,2.0,1,65.0,26.28,Beginner
CAND_7970F545,UI/UX Designer,Entry Level,24,10,7,0,2,10,5,0.0,0.2857142857142857,0.058823529411764705,6.0,5.0,1,2.0,1,65.0,19.74,Beginner
CAND_5F5437F0,Product Manager,Fresher,25,8,0,3,0,5,0,0.375,0.0,0.125,0.0,5.0,1,2.0,1,66.5,29.2,Beginner
CAND_22716919,Full Stack Developer,Entry Level,27,10,9,6,4,4,5,0.6,0.4444444444444444,0.2222222222222222,6.0,3.0,1,1.0,1,57.5,45.4,Beginner
CAND_900AAD64,System Administrator,Junior,24,2,0,0,0,2,0,0.0,0.0,0.0,36.0,4.0,1,0.0,0,56.0,22.8,Beginner
CAND_85971630,Cloud Engineer,Fresher,23,10,7,1,1,9,6,0.1,0.14285714285714285,0.0,0.0,4.0,1,3.0,1,60.5,19.45,Beginner
CAND_9A870C8F,Mobile Developer,Junior,22,10,15,0,2,10,13,0.0,0.13333333333333333,0.0,24.0,0.0,0,2.0,1,37.0,22.18,Beginner
CAND_42CD8BD1,Data Engineer,Fresher,25,10,15,4,5,5,9,0.4444444444444444,0.35714285714285715,0.13043478260869565,0.0,5.0,1,1.0,1,64.5,33.53,Beginner
CAND_7D73F42B,Software Engineer,Fresher,23,10,11,7,4,3,6,0.7,0.4,0.25,0.0,3.0,1,3.0,1,55.5,49.52,Beginner
CAND_7B0EE381,System Administrator,Entry Level,26,2,0,0,0,2,0,0.0,0.0,0.0,6.0,4.0,1,3.0,1,65.0,18.0,Beginner
CAND_3E45FC67,Frontend Developer,Fresher,25,10,10,1,1,9,8,0.1,0.1111111111111111,0.05263157894736842,0.0,3.0,1,3.0,1,58.5,19.83,Beginner
CAND_11BDB197,Backend Developer,Junior,23,10,9,3,2,6,7,0.3333333333333333,0.2222222222222222,0.058823529411764705,24.0,4.0,1,3.0,1,60.5,45.46,Beginner
CAND_D50C0C95,UI/UX Designer,Entry Level,23,10,7,0,1,10,6,0.0,0.14285714285714285,0.0,6.0,7.0,1,3.0,1,75.5,19.95,Beginner
CAND_9F809FBE,Mobile Developer,Junior,25,10,15,1,5,9,10,0.1,0.3333333333333333,0.04,24.0,4.0,1,3.0,1,63.5,37.11,Beginner
CAND_66D9CB3F,Software Engineer,Entry Level,23,10,11,4,5,6,5,0.4,0.5,0.25,12.0,3.0,1,2.0,1,53.5,43.92,Beginner
CAND_4AD3FCC7,Full Stack Developer,Entry Level,26,10,9,6,4,4,5,0.6,0.4444444444444444,0.1111111111111111,6.0,2.0,1,2.0,1,53.0,43.84,Beginner
CAND_7A53CD1F,Data Analyst,Entry Level,26,10,7,7,3,3,4,0.7,0.42857142857142855,0.058823529411764705,12.0,3.0,1,5.0,1,64.0,58.87,Intermediate
CAND_4B6D84E8,Frontend Developer,Entry Level,29,10,10,3,3,7,6,0.3,0.3333333333333333,0.05263157894736842,6.0,2.0,1,4.0,1,61.5,34.28,Beginner
CAND_A76CB969,DevOps Engineer,Entry Level,24,10,7,1,3,9,4,0.1,0.42857142857142855,0.058823529411764705,6.0,1.0,1,2.0,1,45.0,20.83,Beginner
CAND_408CB8CD,Software Engineer,Entry Level,28,10,11,4,5,6,5,0.4,0.5,0.05,12.0,1.0,1,1.0,1,49.0,35.37,Beginner
CAND_A3C72614,Frontend Developer,Fresher,23,10,10,0,2,10,7,0.0,0.2222222222222222,0.0,0.0,3.0,1,2.0,1,53.5,13.9,Beginner
CAND_C13FD091,AI ML,Entry Level,28,10,12,8,4,2,7,0.8,0.36363636363636365,0.19047619047619047,6.0,2.0,1,1.0,1,54.0,50.28,Intermediate
CAND_2D9B2D4D,System Administrator,Entry Level,22,2,0,1,0,1,0,0.5,0.0,0.5,12.0,6.0,1,2.0,1,67.0,47.35,Beginner
CAND_C4CAE5C0,Security Engineer,Junior,25,10,13,1,3,9,8,0.1,0.2727272727272727,0.047619047619047616,36.0,4.0,1,0.0,0,57.5,30.32,Beginner
CAND_80EF3BE3,Data Engineer,Entry Level,25,10,15,1,3,8,11,0.1111111111111111,0.21428571428571427,0.043478260869565216,6.0,1.0,1,2.0,1,46.5,18.98,Beginner
CAND_AA0D8996,Data Engineer,Entry Level,25,10,15,2,6,7,8,0.2222222222222222,0.42857142857142855,0.08695652173913043,12.0,6.0,1,0.0,0,67.5,30.35,Beginner
CAND_444B7D75,Data Engineer,Fresher,26,10,15,3,4,6,10,0.3333333333333333,0.2857142857142857,0.043478260869565216,0.0,3.0,1,1.0,1,56.0,26.64,Beginner
CAND_B74DD865,QA Engineer,Entry Level,27,10,8,0,0,10,8,0.0,0.0,0.0,12.0,2.0,1,1.0,1,52.5,15.46,Beginner
CAND_8F0BBB3D,DevOps Engineer,Junior,26,10,7,1,2,9,5,0.1,0.2857142857142857,0.0,36.0,3.0,1,1.0,1,56.0,31.66,Beginner
CAND_EA020F8B,Machine Learning Engineer,Fresher,24,10,1,2,0,8,1,0.2,0.0,0.09090909090909091,0.0,3.0,1,1.0,1,53.0,19.01,Beginner
CAND_FC3775CC,Data Scientist,Junior,26,10,9,3,6,7,3,0.3,0.6666666666666666,0.10526315789473684,36.0,3.0,1,5.0,1,64.0,53.45,Intermediate
CAND_0FFB9DCD,Data Scientist,Mid Level,26,10,9,4,4,6,5,0.4,0.4444444444444444,0.2631578947368421,48.0,8.0,1,2.0,1,83.0,52.54,Intermediate
CAND_5D71814F,Machine Learning Engineer,Fresher,23,10,1,3,0,7,1,0.3,0.0,0.09090909090909091,0.0,5.0,1,2.0,1,63.5,25.54,Beginner
CAND_B2A8D068,Product Manager,Junior,24,8,0,3,0,5,0,0.375,0.0,0.125,24.0,3.0,1,0.0,0,51.0,39.42,Beginner
CAND_CFF28C22,UI/UX Designer,Fresher,26,10,7,0,0,10,7,0.0,0.0,0.0,0.0,3.0,1,2.0,1,58.0,11.9,Beginner
CAND_8D485E48,Data Engineer,Junior,22,10,15,3,4,6,10,0.3333333333333333,0.2857142857142857,0.13043478260869565,24.0,5.0,1,2.0,1,62.0,45.25,Beginner
CAND_BE090981,Software Engineer,Fresher,27,10,11,5,5,5,5,0.5,0.5,0.15,0.0,8.0,1,3.0,1,86.5,42.58,Beginner
CAND_1B34D360,Full Stack Developer,Fresher,23,10,9,7,4,3,5,0.7,0.4444444444444444,0.1111111111111111,0.0,5.0,1,1.0,1,61.5,44.19,Beginner
CAND_21D52C1D,Product Manager,Junior,26,8,0,0,0,8,0,0.0,0.0,0.0,36.0,1.0,1,4.0,1,52.0,27.27,Beginner
CAND_9073FEE3,Full Stack Developer,Entry Level,30,10,9,8,6,2,3,0.8,0.6666666666666666,0.16666666666666666,12.0,5.0,1,1.0,1,72.0,59.27,Intermediate
CAND_1BE0A5F1,Data Engineer,Fresher,25,10,15,2,5,7,9,0.2222222222222222,0.35714285714285715,0.13043478260869565,0.0,7.0,1,2.0,1,76.5,27.24,Beginner
CAND_FA5FE3A0,AI ML,Junior,28,10,12,8,3,2,8,0.8,0.2727272727272727,0.23809523809523808,24.0,5.0,1,1.0,1,69.0,63.75,Intermediate
CAND_E4A96AF3,Data Scientist,Fresher,29,10,9,3,4,7,5,0.3,0.4444444444444444,0.10526315789473684,0.0,1.0,1,1.0,1,50.5,24.22,Beginner
CAND_7C7F680B,Frontend Developer,Entry Level,21,10,10,1,2,9,7,0.1,0.2222222222222222,0.0,6.0,8.0,1,3.0,1,77.5,24.85,Beginner
