
> backend@1.0.0 dev
> nodemon --watch src --watch api --ext ts --exec ts-node api/index.ts

[33m[nodemon] 3.1.14[39m
[33m[nodemon] to restart at any time, enter `rs`[39m
[33m[nodemon] watching path(s): src/**/* api/**/*[39m
[33m[nodemon] watching extensions: ts[39m
[32m[nodemon] starting `ts-node api/index.ts`[39m
‚óá injected env (17) from .env // tip: ‚åò custom filepath { path: '/custom/path/.env' }
[Supabase] Initializing clients with URL: https://elqpbpbgzzxfovtyvuct.supabase.co
[Supabase] Admin client initialized
[Supabase] Anon client initialized
API server listening on port 8081

> backend@1.0.0 dev
> nodemon --watch src --watch api --ext ts --exec ts-node api/index.ts

[33m[nodemon] 3.1.14[39m
[33m[nodemon] to restart at any time, enter `rs`[39m
[33m[nodemon] watching path(s): src/**/* api/**/*[39m
[33m[nodemon] watching extensions: ts[39m
[32m[nodemon] starting `ts-node api/index.ts`[39m
‚óá injected env (17) from .env // tip: ‚åò suppress logs { quiet: true }
[Supabase] Initializing clients with URL: https://elqpbpbgzzxfovtyvuct.supabase.co
[Supabase] Admin client initialized
[Supabase] Anon client initialized
API server listening on port 8081

> backend@1.0.0 dev
> nodemon --watch src --watch api --ext ts --exec ts-node api/index.ts

[33m[nodemon] 3.1.14[39m
[33m[nodemon] to restart at any time, enter `rs`[39m
[33m[nodemon] watching path(s): src/**/* api/**/*[39m
[33m[nodemon] watching extensions: ts[39m
[32m[nodemon] starting `ts-node api/index.ts`[39m
‚óá injected env (17) from .env // tip: ‚åò custom filepath { path: '/custom/path/.env' }
[Supabase] Initializing clients with URL: https://elqpbpbgzzxfovtyvuct.supabase.co
[Supabase] Admin client initialized
[Supabase] Anon client initialized
API server listening on port 8081

> backend@1.0.0 dev
> nodemon --watch src --watch api --ext ts --exec ts-node api/index.ts

[33m[nodemon] 3.1.14[39m
[33m[nodemon] to restart at any time, enter `rs`[39m
[33m[nodemon] watching path(s): src/**/* api/**/*[39m
[33m[nodemon] watching extensions: ts[39m
[32m[nodemon] starting `ts-node api/index.ts`[39m
‚óá injected env (17) from .env // tip: ‚åò suppress logs { quiet: true }
[Supabase] Initializing clients with URL: https://elqpbpbgzzxfovtyvuct.supabase.co
[Supabase] Admin client initialized
[Supabase] Anon client initialized
API server listening on port 8081
[0mGET / [33m404[0m 0.627 ms - 45[0m
[0mGET /api [33m404[0m 0.439 ms - 45[0m
[31m[nodemon] app crashed - waiting for file changes before starting...[39m

> backend@1.0.0 dev
> nodemon --watch src --watch api --ext ts --exec ts-node api/index.ts

[33m[nodemon] 3.1.14[39m
[33m[nodemon] to restart at any time, enter `rs`[39m
[33m[nodemon] watching path(s): src/**/* api/**/*[39m
[33m[nodemon] watching extensions: ts[39m
[32m[nodemon] starting `ts-node api/index.ts`[39m
‚óá injected env (17) from .env // tip: ‚åò enable debugging { debug: true }
[Supabase] Initializing clients with URL: https://elqpbpbgzzxfovtyvuct.supabase.co
[Supabase] Admin client initialized
[Supabase] Anon client initialized
API server listening on port 8081
[Auth] Register attempt for email: test33422@gmail.com
[Auth] Connecting to Supabase at: https://elqpbpbgzzxfovtyvuct.supabase.co
[Auth] User created successfully for test33422@gmail.com
[Auth] Register and sign-in successful for test33422@gmail.com
[0mPOST /api/auth/register [32m201[0m 1762.495 ms - 2377[0m
[0mGET /api/notifications/unread/count [32m200[0m 459.085 ms - 68[0m
[0mGET /api/notifications [32m200[0m 708.482 ms - 60[0m
[0mGET /api/skills/assessments [32m200[0m 637.531 ms - 58[0m
[0mGET /api/skills/user [32m200[0m 642.213 ms - 58[0m
[0mGET /api/github/status [32m200[0m 642.430 ms - 69[0m
[0mGET /api/skills [32m200[0m 652.031 ms - 3850[0m
[0mGET /api/notifications/unread/count [36m304[0m 323.157 ms - -[0m
[0mGET /api/skills/assessments [36m304[0m 189.852 ms - -[0m
[0mGET /api/github/status [36m304[0m 198.914 ms - -[0m
[0mGET /api/skills/user [36m304[0m 200.653 ms - -[0m
[0mGET /api/skills [36m304[0m 194.417 ms - -[0m
[0mGET /api/notifications [36m304[0m 290.445 ms - -[0m
[0mGET /api/interviews [32m200[0m 340.898 ms - 55[0m
[0mGET /api/interviews [36m304[0m 157.420 ms - -[0m
[0mGET /api/notifications [36m304[0m 1082.398 ms - -[0m
[0mGET /api/notifications/unread/count [36m304[0m 1286.720 ms - -[0m
[Python] http://localhost:8004/generate-questions responded 500: Error code: 401 - {'error': {'code': 'unauthorized', 'message': 'Bad credentials', 'details': 'Bad credentials'}}
Error: Python service error (500): Error code: 401 - {'error': {'code': 'unauthorized', 'message': 'Bad credentials', 'details': 'Bad credentials'}}
    at callPython (/Users/dulina/Documents/OutSourse/Research Projects/RP01/R26-IT-128/backend/src/services/python.service.ts:18:13)
    at processTicksAndRejections (node:internal/process/task_queues:105:5)
    at async Object.createSession (/Users/dulina/Documents/OutSourse/Research Projects/RP01/R26-IT-128/backend/src/services/interview.service.ts:85:23)
    at async Object.create (/Users/dulina/Documents/OutSourse/Research Projects/RP01/R26-IT-128/backend/src/controllers/interview.controller.ts:21:18)
[0mPOST /api/interviews [31m500[0m 3048.004 ms - 725[0m
[0mGET /api/notifications [36m304[0m 278.098 ms - -[0m
[0mGET /api/notifications/unread/count [36m304[0m 361.013 ms - -[0m
[0mGET /api/notifications/unread/count [36m304[0m 385.250 ms - -[0m
[0mGET /api/notifications [36m304[0m 401.125 ms - -[0m
[0mGET /api/notifications [36m304[0m 366.453 ms - -[0m
[0mGET /api/notifications/unread/count [36m304[0m 368.503 ms - -[0m
[0mGET /api/notifications/unread/count [36m304[0m 328.895 ms - -[0m
[0mGET /api/notifications [36m304[0m 348.155 ms - -[0m
[0mGET /api/notifications/unread/count [36m304[0m 273.747 ms - -[0m
[0mGET /api/notifications [36m304[0m 287.970 ms - -[0m
[0mGET /api/notifications/unread/count [36m304[0m 354.176 ms - -[0m
[0mGET /api/notifications [36m304[0m 369.289 ms - -[0m
[0mGET /api/notifications/unread/count [36m304[0m 363.003 ms - -[0m
[0mGET /api/notifications [36m304[0m 403.977 ms - -[0m
[0mGET /api/notifications/unread/count [36m304[0m 368.554 ms - -[0m
[0mGET /api/notifications [36m304[0m 384.778 ms - -[0m
[0mGET /api/notifications/unread/count [36m304[0m 308.477 ms - -[0m
[0mGET /api/notifications [36m304[0m 386.546 ms - -[0m
[0mGET /api/notifications [36m304[0m 569.333 ms - -[0m
[0mGET /api/notifications/unread/count [36m304[0m 572.432 ms - -[0m
[0mGET /api/skills/user [36m304[0m 159.416 ms - -[0m
[0mGET /api/skills [36m304[0m 293.694 ms - -[0m
[0mGET /api/github/status [36m304[0m 320.235 ms - -[0m
[0mGET /api/skills/user [36m304[0m 174.842 ms - -[0m
[0mGET /api/skills/assessments [36m304[0m 332.669 ms - -[0m
[0mGET /api/github/status [36m304[0m 213.887 ms - -[0m
[0mGET /api/skills/assessments [36m304[0m 203.594 ms - -[0m
[0mGET /api/skills [36m304[0m 247.631 ms - -[0m
[0mGET /api/github/auth-url [32m200[0m 91.034 ms - 259[0m
[0mGET /api/notifications [36m304[0m 285.399 ms - -[0m
[0mGET /api/notifications/unread/count [36m304[0m 286.198 ms - -[0m
[0mGET /api/skills [36m304[0m 310.887 ms - -[0m
[0mGET /api/github/status [36m304[0m 325.977 ms - -[0m
[0mGET /api/skills/user [36m304[0m 331.189 ms - -[0m
[0mGET /api/skills/assessments [36m304[0m 329.156 ms - -[0m
[0mGET /api/skills/user [36m304[0m 227.242 ms - -[0m
[0mGET /api/skills/assessments [36m304[0m 234.100 ms - -[0m
[0mGET /api/skills [36m304[0m 257.515 ms - -[0m
[0mGET /api/github/status [36m304[0m 382.141 ms - -[0m
[0mPOST /api/skills/user [32m201[0m 503.202 ms - 433[0m
[0mPOST /api/skills/forecast [32m200[0m 272.476 ms - 1082[0m
[0mGET /api/notifications/unread/count [32m200[0m 477.917 ms - 68[0m
[0mGET /api/notifications [32m200[0m 495.154 ms - 2005[0m
[0mGET /api/notifications/unread/count [36m304[0m 320.013 ms - -[0m
[0mGET /api/notifications [36m304[0m 392.372 ms - -[0m
[0mGET /api/notifications/unread/count [36m304[0m 357.781 ms - -[0m
[0mGET /api/notifications [36m304[0m 359.532 ms - -[0m
[0mPOST /api/skills/forecast [32m200[0m 284.170 ms - 1082[0m
[0mGET /api/notifications [36m304[0m 155.603 ms - -[0m
[0mGET /api/notifications/unread/count [32m200[0m 327.094 ms - 69[0m
[0mPOST /api/skills/forecast [32m200[0m 270.483 ms - 1082[0m
[0mPOST /api/skills/forecast [32m200[0m 144.644 ms - 1082[0m
[0mGET /api/notifications/unread/count [32m200[0m 365.297 ms - 69[0m
[0mGET /api/notifications [32m200[0m 370.133 ms - 7845[0m
[0mPOST /api/skills/user [32m201[0m 302.111 ms - 429[0m
[0mGET /api/notifications [36m304[0m 322.468 ms - -[0m
[0mGET /api/notifications/unread/count [36m304[0m 335.327 ms - -[0m
[0mPOST /api/skills/user [32m201[0m 251.699 ms - 430[0m
[0mPOST /api/skills/forecast [32m200[0m 132.186 ms - 1547[0m
[0mGET /api/notifications/unread/count [32m200[0m 215.132 ms - 69[0m
[0mGET /api/notifications [32m200[0m 369.899 ms - 9793[0m
[0mGET /api/notifications/unread/count [36m304[0m 443.728 ms - -[0m
[0mGET /api/notifications [36m304[0m 454.562 ms - -[0m
[0mGET /api/notifications [36m304[0m 361.238 ms - -[0m
[0mGET /api/notifications/unread/count [36m304[0m 376.263 ms - -[0m
[0mPOST /api/skills/forecast [32m200[0m 218.687 ms - 1547[0m
[0mGET /api/notifications [32m200[0m 174.564 ms - 11739[0m
[0mGET /api/notifications/unread/count [32m200[0m 175.647 ms - 69[0m
[0mGET /api/cv [32m200[0m 327.449 ms - 50[0m
[0mGET /api/cv [36m304[0m 251.450 ms - -[0m
[0mPOST /api/cv [32m201[0m 173.995 ms - 231[0m
[0mGET /api/cv/b1fce576-2051-444d-93e7-fe6590347d6c [32m200[0m 1062.414 ms - 456[0m
[0mGET /api/notifications/unread/count [36m304[0m 214.380 ms - -[0m
[0mGET /api/notifications [36m304[0m 239.523 ms - -[0m
[0mGET /api/notifications/unread/count [36m304[0m 314.197 ms - -[0m
[0mGET /api/notifications [36m304[0m 318.100 ms - -[0m
[0mPOST /api/cv/b1fce576-2051-444d-93e7-fe6590347d6c/upload [32m200[0m 4586.754 ms - 11082[0m
[0mGET /api/notifications/unread/count [36m304[0m 166.992 ms - -[0m
[0mGET /api/notifications [36m304[0m 178.108 ms - -[0m
[0mGET /api/notifications/unread/count [36m304[0m 291.869 ms - -[0m
[0mGET /api/notifications [36m304[0m 329.024 ms - -[0m
[Python] http://localhost:8003/analyze responded 400: Request failed with status code 400
Error: Python service error (400): Request failed with status code 400
    at callPython (/Users/dulina/Documents/OutSourse/Research Projects/RP01/R26-IT-128/backend/src/services/python.service.ts:18:13)
    at processTicksAndRejections (node:internal/process/task_queues:105:5)
    at async Object.analyzeCV (/Users/dulina/Documents/OutSourse/Research Projects/RP01/R26-IT-128/backend/src/services/cv.service.ts:213:20)
    at async Object.analyze (/Users/dulina/Documents/OutSourse/Research Projects/RP01/R26-IT-128/backend/src/controllers/cv.controller.ts:50:18)
[0mPOST /api/cv/b1fce576-2051-444d-93e7-fe6590347d6c/analyze [31m500[0m 190.689 ms - 631[0m
[0mPATCH /api/cv/b1fce576-2051-444d-93e7-fe6590347d6c [32m200[0m 170.895 ms - 193[0m
[0mPUT /api/cv/b1fce576-2051-444d-93e7-fe6590347d6c/sections [32m200[0m 494.624 ms - 1644[0m
[Python] http://localhost:8003/analyze responded 400: Request failed with status code 400
Error: Python service error (400): Request failed with status code 400
    at callPython (/Users/dulina/Documents/OutSourse/Research Projects/RP01/R26-IT-128/backend/src/services/python.service.ts:18:13)
    at processTicksAndRejections (node:internal/process/task_queues:105:5)
    at async Object.analyzeCV (/Users/dulina/Documents/OutSourse/Research Projects/RP01/R26-IT-128/backend/src/services/cv.service.ts:213:20)
    at async Object.analyze (/Users/dulina/Documents/OutSourse/Research Projects/RP01/R26-IT-128/backend/src/controllers/cv.controller.ts:50:18)
[0mPOST /api/cv/b1fce576-2051-444d-93e7-fe6590347d6c/analyze [31m500[0m 197.891 ms - 631[0m
[0mGET /api/notifications [36m304[0m 159.613 ms - -[0m
[0mGET /api/notifications/unread/count [36m304[0m 343.708 ms - -[0m
[0mDELETE /api/cv/b1fce576-2051-444d-93e7-fe6590347d6c [32m200[0m 380.569 ms - 63[0m
[0mGET /api/notifications/unread/count [36m304[0m 200.663 ms - -[0m
[0mGET /api/notifications [36m304[0m 576.077 ms - -[0m
[0mGET /api/interviews [32m200[0m 202.742 ms - 346[0m
[0mGET /api/interviews [36m304[0m 233.605 ms - -[0m
[0mGET /api/notifications [36m304[0m 360.514 ms - -[0m
[0mGET /api/notifications/unread/count [36m304[0m 460.938 ms - -[0m
[Python] http://localhost:8004/generate-questions responded 500: Error code: 401 - {'error': {'code': 'unauthorized', 'message': 'Bad credentials', 'details': 'Bad credentials'}}
Error: Python service error (500): Error code: 401 - {'error': {'code': 'unauthorized', 'message': 'Bad credentials', 'details': 'Bad credentials'}}
    at callPython (/Users/dulina/Documents/OutSourse/Research Projects/RP01/R26-IT-128/backend/src/services/python.service.ts:18:13)
    at processTicksAndRejections (node:internal/process/task_queues:105:5)
    at async Object.createSession (/Users/dulina/Documents/OutSourse/Research Projects/RP01/R26-IT-128/backend/src/services/interview.service.ts:85:23)
    at async Object.create (/Users/dulina/Documents/OutSourse/Research Projects/RP01/R26-IT-128/backend/src/controllers/interview.controller.ts:21:18)
[0mPOST /api/interviews [31m500[0m 2073.734 ms - 725[0m
[0mGET /api/notifications [36m304[0m 207.945 ms - -[0m
[0mGET /api/notifications/unread/count [36m304[0m 422.697 ms - -[0m
[0mGET /api/notifications/unread/count [36m304[0m 452.025 ms - -[0m
[0mGET /api/notifications [36m304[0m 451.366 ms - -[0m
[0mGET /api/notifications [36m304[0m 339.304 ms - -[0m
[0mGET /api/notifications/unread/count [36m304[0m 374.102 ms - -[0m
[0mGET /api/notifications/unread/count [36m304[0m 348.264 ms - -[0m
[0mGET /api/notifications [36m304[0m 348.447 ms - -[0m
[0mGET /api/notifications/unread/count [36m304[0m 376.545 ms - -[0m
[0mGET /api/notifications [36m304[0m 398.418 ms - -[0m
[0mGET /api/notifications/unread/count [36m304[0m 343.398 ms - -[0m
[0mGET /api/notifications [36m304[0m 348.854 ms - -[0m
[0mGET /api/notifications/unread/count [36m304[0m 292.148 ms - -[0m
[0mGET /api/notifications [36m304[0m 305.251 ms - -[0m

> backend@1.0.0 dev
> nodemon --watch src --watch api --ext ts --exec ts-node api/index.ts

[33m[nodemon] 3.1.14[39m
[33m[nodemon] to restart at any time, enter `rs`[39m
[33m[nodemon] watching path(s): src/**/* api/**/*[39m
[33m[nodemon] watching extensions: ts[39m
[32m[nodemon] starting `ts-node api/index.ts`[39m
‚óá injected env (17) from .env // tip: ‚åò suppress logs { quiet: true }
[Supabase] Initializing clients with URL: https://elqpbpbgzzxfovtyvuct.supabase.co
[Supabase] Admin client initialized
[Supabase] Anon client initialized
API server listening on port 8081
[0mGET /api/notifications/unread/count [36m304[0m 1225.516 ms - -[0m
[0mGET /api/notifications [36m304[0m 1249.878 ms - -[0m
[0mGET /api/interviews [32m200[0m 1229.502 ms - 625[0m
[0mGET /api/interviews [36m304[0m 184.585 ms - -[0m
[0mGET /api/notifications [36m304[0m 340.880 ms - -[0m
[0mGET /api/notifications/unread/count [36m304[0m 342.501 ms - -[0m
[0mGET /api/notifications/unread/count [36m304[0m 490.189 ms - -[0m
[0mGET /api/notifications [36m304[0m 494.111 ms - -[0m
[0mPOST /api/interviews/extract-document [32m200[0m 206.213 ms - 7288[0m
[0mPOST /api/interviews [32m201[0m 5664.538 ms - 1705[0m
[0mGET /api/notifications [36m304[0m 192.081 ms - -[0m
[0mGET /api/notifications/unread/count [36m304[0m 359.431 ms - -[0m
[0mGET /api/notifications/unread/count [36m304[0m 330.096 ms - -[0m
[0mGET /api/notifications [36m304[0m 336.885 ms - -[0m
[0mGET /api/notifications [36m304[0m 179.631 ms - -[0m
[0mGET /api/notifications/unread/count [36m304[0m 323.295 ms - -[0m
[0mPOST /api/interviews/c5339552-5116-4b12-a34b-92514e867331/responses [32m200[0m 4698.192 ms - 613[0m
[0mGET /api/notifications/unread/count [36m304[0m 349.180 ms - -[0m
[0mGET /api/notifications [36m304[0m 397.240 ms - -[0m
[0mGET /api/notifications [36m304[0m 316.960 ms - -[0m
[0mGET /api/notifications/unread/count [36m304[0m 348.180 ms - -[0m
[0mGET /api/notifications/unread/count [36m304[0m 389.958 ms - -[0m
[0mGET /api/notifications [36m304[0m 393.249 ms - -[0m
[0mGET /api/notifications [36m304[0m 309.401 ms - -[0m
[0mGET /api/notifications/unread/count [36m304[0m 324.741 ms - -[0m
[0mGET /api/notifications/unread/count [36m304[0m 317.377 ms - -[0m
[0mGET /api/notifications [36m304[0m 323.553 ms - -[0m
[0mGET /api/notifications/unread/count [36m304[0m 274.141 ms - -[0m
[0mGET /api/notifications [36m304[0m 282.384 ms - -[0m
[0mGET /api/notifications/unread/count [36m304[0m 370.832 ms - -[0m
[0mGET /api/notifications [36m304[0m 371.957 ms - -[0m
[0mGET /api/notifications/unread/count [36m304[0m 443.716 ms - -[0m
[0mGET /api/notifications [36m304[0m 446.696 ms - -[0m
[0mGET /api/notifications [36m304[0m 381.731 ms - -[0m
[0mGET /api/notifications/unread/count [36m304[0m 386.460 ms - -[0m
[0mGET /api/notifications [36m304[0m 341.104 ms - -[0m
[0mGET /api/notifications/unread/count [36m304[0m 346.153 ms - -[0m
[0mGET /api/notifications [36m304[0m 518.722 ms - -[0m
[0mGET /api/notifications/unread/count [36m304[0m 525.007 ms - -[0m
[0mPOST /api/interviews/c5339552-5116-4b12-a34b-92514e867331/responses [32m200[0m 4768.191 ms - 631[0m
[0mGET /api/notifications [36m304[0m 183.494 ms - -[0m
[0mGET /api/notifications/unread/count [36m304[0m 253.588 ms - -[0m
[0mPOST /api/interviews/c5339552-5116-4b12-a34b-92514e867331/responses [32m200[0m 3753.561 ms - 604[0m
[0mGET /api/notifications [36m304[0m 208.880 ms - -[0m
[0mGET /api/notifications/unread/count [36m304[0m 219.930 ms - -[0m
[0mPOST /api/interviews/c5339552-5116-4b12-a34b-92514e867331/responses [32m200[0m 4028.764 ms - 595[0m
[0mGET /api/notifications [36m304[0m 330.197 ms - -[0m
[0mGET /api/notifications/unread/count [36m304[0m 616.911 ms - -[0m
[0mPOST /api/interviews/c5339552-5116-4b12-a34b-92514e867331/responses [32m200[0m 5296.865 ms - 549[0m
[0mPATCH /api/interviews/c5339552-5116-4b12-a34b-92514e867331 [32m200[0m 254.990 ms - 231[0m
[0mGET /api/interviews [32m200[0m 424.348 ms - 938[0m
[0mGET /api/notifications [32m200[0m 200.564 ms - 12215[0m
[0mGET /api/notifications/unread/count [32m200[0m 358.410 ms - 69[0m
[0mGET /api/notifications/unread/count [36m304[0m 298.493 ms - -[0m
[0mGET /api/notifications [36m304[0m 321.065 ms - -[0m
[0mGET /api/notifications/unread/count [36m304[0m 303.683 ms - -[0m
[0mGET /api/notifications [36m304[0m 322.004 ms - -[0m
[0mGET /api/notifications/unread/count [36m304[0m 472.740 ms - -[0m
[0mGET /api/notifications [36m304[0m 473.491 ms - -[0m
[0mGET /api/cv [32m200[0m 365.070 ms - 50[0m
[0mGET /api/cv [36m304[0m 197.589 ms - -[0m
[0mGET /api/interviews [36m304[0m 246.639 ms - -[0m
[0mGET /api/interviews [36m304[0m 144.850 ms - -[0m
[0mGET /api/notifications/unread/count [36m304[0m 428.606 ms - -[0m
[0mGET /api/notifications [36m304[0m 434.231 ms - -[0m
[0mPOST /api/interviews/extract-document [32m200[0m 343.031 ms - 13144[0m
[0mPOST /api/interviews [32m201[0m 5059.270 ms - 1664[0m
[0mGET /api/notifications/unread/count [36m304[0m 297.012 ms - -[0m
[0mGET /api/notifications [36m304[0m 392.110 ms - -[0m
[0mGET /api/notifications/unread/count [36m304[0m 360.219 ms - -[0m
[0mGET /api/notifications [36m304[0m 360.577 ms - -[0m
[0mGET /api/notifications/unread/count [36m304[0m 409.585 ms - -[0m
[0mGET /api/notifications [36m304[0m 412.576 ms - -[0m
[0mPATCH /api/interviews/3180ff70-1954-4970-8cae-199dbce259f7 [32m200[0m 579.275 ms - 231[0m
[0mGET /api/interviews [32m200[0m 157.751 ms - 1250[0m
[0mGET /api/notifications [32m200[0m 344.412 ms - 12691[0m
[0mGET /api/notifications/unread/count [32m200[0m 446.390 ms - 69[0m
[0mGET /api/notifications [36m304[0m 363.354 ms - -[0m
[0mGET /api/notifications/unread/count [36m304[0m 369.619 ms - -[0m
[0mGET /api/notifications [36m304[0m 378.290 ms - -[0m
[0mGET /api/notifications/unread/count [36m304[0m 379.809 ms - -[0m
[0mGET /api/notifications/unread/count [36m304[0m 309.086 ms - -[0m
[0mGET /api/notifications [36m304[0m 417.664 ms - -[0m
[0mGET /api/notifications/unread/count [36m304[0m 418.774 ms - -[0m
[0mGET /api/notifications [36m304[0m 419.490 ms - -[0m
[0mGET /api/notifications/unread/count [36m304[0m 1452.890 ms - -[0m
[0mGET /api/notifications [36m304[0m 1454.973 ms - -[0m
[0mGET /api/notifications [36m304[0m 333.760 ms - -[0m
[0mGET /api/notifications/unread/count [36m304[0m 379.350 ms - -[0m
[0mGET /api/notifications [36m304[0m 325.651 ms - -[0m
[0mGET /api/notifications/unread/count [36m304[0m 337.807 ms - -[0m
[0mGET /api/notifications/unread/count [36m304[0m 283.247 ms - -[0m
[0mGET /api/notifications [36m304[0m 284.474 ms - -[0m
[0mGET /api/notifications/unread/count [36m304[0m 395.705 ms - -[0m
[0mGET /api/notifications [36m304[0m 398.795 ms - -[0m
[0mGET /api/notifications/unread/count [36m304[0m 359.960 ms - -[0m
[0mGET /api/notifications [36m304[0m 361.327 ms - -[0m
[0mGET /api/notifications/unread/count [36m304[0m 318.320 ms - -[0m
[0mGET /api/notifications [36m304[0m 320.351 ms - -[0m
[0mGET /api/notifications/unread/count [36m304[0m 382.974 ms - -[0m
[0mGET /api/notifications [36m304[0m 385.026 ms - -[0m
[0mGET /api/notifications/unread/count [36m304[0m 323.865 ms - -[0m
[0mGET /api/notifications [36m304[0m 333.220 ms - -[0m
[0mGET /api/notifications/unread/count [36m304[0m 510.381 ms - -[0m
[0mGET /api/notifications [36m304[0m 512.157 ms - -[0m
[0mGET /api/notifications [36m304[0m 293.713 ms - -[0m
[0mGET /api/notifications/unread/count [36m304[0m 297.614 ms - -[0m
[0mGET /api/notifications/unread/count [36m304[0m 362.763 ms - -[0m
[0mGET /api/notifications [36m304[0m 364.840 ms - -[0m

> backend@1.0.0 dev
> nodemon --watch src --watch api --ext ts --exec ts-node api/index.ts

[33m[nodemon] 3.1.14[39m
[33m[nodemon] to restart at any time, enter `rs`[39m
[33m[nodemon] watching path(s): src/**/* api/**/*[39m
[33m[nodemon] watching extensions: ts[39m
[32m[nodemon] starting `ts-node api/index.ts`[39m
‚óá injected env (17) from .env // tip: ‚åò custom filepath { path: '/custom/path/.env' }
[Supabase] Initializing clients with URL: https://elqpbpbgzzxfovtyvuct.supabase.co
[Supabase] Admin client initialized
[Supabase] Anon client initialized
API server listening on port 8081
[0mGET /api/notifications [33m401[0m 850.289 ms - 54[0m
[0mGET /api/notifications/unread/count [33m401[0m 828.681 ms - 54[0m
[0mGET /api/skills/user [33m401[0m 826.874 ms - 54[0m
[0mGET /api/skills [33m401[0m 826.807 ms - 54[0m
[0mGET /api/skills/assessments [33m401[0m 827.357 ms - 54[0m
[0mGET /api/github/status [33m401[0m 827.958 ms - 54[0m
[0mGET /api/notifications [33m401[0m 1.312 ms - 54[0m
[0mGET /api/notifications/unread/count [33m401[0m 1.374 ms - 54[0m
[0mGET /api/skills/user [33m401[0m 2.613 ms - 54[0m
[0mGET /api/skills [33m401[0m 1.726 ms - 54[0m
[0mGET /api/skills/assessments [33m401[0m 1.287 ms - 54[0m
[0mGET /api/github/status [33m401[0m 1.494 ms - 54[0m
[Auth] Login attempt for email: student@gmail.com
[Auth] Connecting to Supabase at: https://elqpbpbgzzxfovtyvuct.supabase.co
[Auth] Login successful for student@gmail.com
[0mPOST /api/auth/login [32m200[0m 1239.731 ms - 2382[0m
[0mGET /api/notifications [32m200[0m 202.955 ms - 60[0m
[0mGET /api/skills [36m304[0m 381.858 ms - -[0m
[0mGET /api/notifications [36m304[0m 212.492 ms - -[0m
[0mGET /api/notifications/unread/count [32m200[0m 444.922 ms - 68[0m
[0mGET /api/github/status [36m304[0m 434.532 ms - -[0m
[0mGET /api/skills/assessments [36m304[0m 436.907 ms - -[0m
[0mGET /api/skills/user [32m200[0m 451.869 ms - 58[0m
[0mGET /api/skills [36m304[0m 191.923 ms - -[0m
[0mGET /api/notifications/unread/count [36m304[0m 195.198 ms - -[0m
[0mGET /api/skills/user [36m304[0m 191.862 ms - -[0m
[0mGET /api/skills/assessments [36m304[0m 202.486 ms - -[0m
[0mGET /api/github/status [36m304[0m 388.372 ms - -[0m
[0mGET /api/github/auth-url [32m200[0m 97.223 ms - 259[0m
[0mGET /api/notifications [36m304[0m 399.401 ms - -[0m
[0mGET /api/skills/assessments [36m304[0m 384.586 ms - -[0m
[0mGET /api/github/status [36m304[0m 394.415 ms - -[0m
[0mGET /api/notifications/unread/count [36m304[0m 421.045 ms - -[0m
[0mGET /api/skills [36m304[0m 413.771 ms - -[0m
[0mGET /api/skills/user [36m304[0m 432.816 ms - -[0m
[0mGET /api/skills/assessments [36m304[0m 170.220 ms - -[0m
[0mGET /api/github/status [36m304[0m 182.290 ms - -[0m
[0mGET /api/skills/user [36m304[0m 190.245 ms - -[0m
[0mGET /api/skills [36m304[0m 266.867 ms - -[0m
[0mPOST /api/skills/user [32m201[0m 288.813 ms - 437[0m
[0mGET /api/notifications [36m304[0m 192.238 ms - -[0m
[0mGET /api/notifications/unread/count [36m304[0m 273.075 ms - -[0m
[0mPOST /api/skills/user [32m201[0m 251.166 ms - 440[0m
[0mGET /api/notifications [36m304[0m 231.411 ms - -[0m
[0mGET /api/notifications/unread/count [36m304[0m 249.555 ms - -[0m
[0mPOST /api/skills/user [32m201[0m 190.578 ms - 434[0m
[0mPOST /api/skills/forecast [32m200[0m 163.133 ms - 1082[0m
[0mGET /api/notifications/unread/count [32m200[0m 206.684 ms - 68[0m
[0mGET /api/notifications [32m200[0m 207.811 ms - 2007[0m
[0mPOST /api/skills/forecast [32m200[0m 127.436 ms - 1082[0m
[0mGET /api/career/goal [32m200[0m 259.977 ms - 60[0m
[0mGET /api/skills/user [32m200[0m 258.166 ms - 1357[0m
[0mGET /api/career/roadmap [32m200[0m 268.212 ms - 54[0m
[0mGET /api/cv [36m304[0m 267.240 ms - -[0m
[0mGET /api/career/goal [36m304[0m 174.604 ms - -[0m
[0mGET /api/skills/user [36m304[0m 178.350 ms - -[0m
[0mGET /api/career/roadmap [36m304[0m 182.798 ms - -[0m
[0mGET /api/cv [36m304[0m 181.941 ms - -[0m
[0mGET /api/cv [36m304[0m 182.633 ms - -[0m
[0mGET /api/cv [36m304[0m 171.198 ms - -[0m
[0mGET /api/notifications/unread/count [32m200[0m 184.737 ms - 69[0m
[0mGET /api/notifications [32m200[0m 188.005 ms - 3953[0m
[0mGET /api/interviews [32m200[0m 182.586 ms - 55[0m
[0mGET /api/interviews [36m304[0m 182.141 ms - -[0m
[0mGET /api/notifications [36m304[0m 537.698 ms - -[0m
[0mGET /api/notifications/unread/count [36m304[0m 621.160 ms - -[0m
[0mGET /api/notifications/unread/count [36m304[0m 301.073 ms - -[0m
[0mGET /api/notifications [36m304[0m 302.993 ms - -[0m
[0mGET /api/notifications/unread/count [36m304[0m 243.581 ms - -[0m
[0mGET /api/notifications [36m304[0m 259.352 ms - -[0m
[0mGET /api/notifications [36m304[0m 261.395 ms - -[0m
[0mGET /api/notifications/unread/count [36m304[0m 274.835 ms - -[0m
[0mGET /api/notifications/unread/count [36m304[0m 259.003 ms - -[0m
[0mGET /api/notifications [36m304[0m 260.803 ms - -[0m
[0mGET /api/notifications [36m304[0m 260.874 ms - -[0m
[0mGET /api/notifications/unread/count [36m304[0m 266.030 ms - -[0m
[0mGET /api/notifications/unread/count [36m304[0m 302.646 ms - -[0m
[0mGET /api/notifications [36m304[0m 306.226 ms - -[0m
[0mGET /api/notifications [36m304[0m 272.165 ms - -[0m
[0mGET /api/notifications/unread/count [36m304[0m 273.333 ms - -[0m
[0mGET /api/notifications/unread/count [36m304[0m 244.689 ms - -[0m
[0mGET /api/notifications [36m304[0m 249.199 ms - -[0m
[0mGET /api/notifications [36m304[0m 329.727 ms - -[0m
[0mGET /api/notifications/unread/count [36m304[0m 344.351 ms - -[0m
[0mGET /api/notifications/unread/count [36m304[0m 347.384 ms - -[0m
[0mGET /api/notifications [36m304[0m 350.259 ms - -[0m
[0mGET /api/notifications/unread/count [36m304[0m 298.498 ms - -[0m
[0mGET /api/notifications [36m304[0m 303.490 ms - -[0m
[0mGET /api/notifications [36m304[0m 257.914 ms - -[0m
[0mGET /api/notifications/unread/count [36m304[0m 269.821 ms - -[0m
[0mGET /api/notifications [36m304[0m 304.667 ms - -[0m
[0mGET /api/notifications/unread/count [36m304[0m 319.832 ms - -[0m
[0mGET /api/notifications/unread/count [36m304[0m 256.062 ms - -[0m
[0mGET /api/notifications [36m304[0m 268.455 ms - -[0m
[0mGET /api/notifications/unread/count [36m304[0m 280.852 ms - -[0m
[0mGET /api/notifications [36m304[0m 282.762 ms - -[0m
[0mGET /api/notifications [36m304[0m 262.015 ms - -[0m
[0mGET /api/notifications/unread/count [36m304[0m 281.625 ms - -[0m
[0mGET /api/notifications/unread/count [36m304[0m 269.751 ms - -[0m
[0mGET /api/notifications [36m304[0m 271.905 ms - -[0m
[0mGET /api/notifications/unread/count [36m304[0m 393.150 ms - -[0m
[0mGET /api/notifications [36m304[0m 414.791 ms - -[0m
[0mGET /api/notifications [36m304[0m 718.891 ms - -[0m
[0mGET /api/notifications/unread/count [36m304[0m 725.986 ms - -[0m
[0mGET /api/notifications [36m304[0m 489.881 ms - -[0m
[0mGET /api/notifications/unread/count [36m304[0m 528.013 ms - -[0m
[0mGET /api/notifications [36m304[0m 289.448 ms - -[0m
[0mGET /api/notifications/unread/count [36m304[0m 314.534 ms - -[0m
[0mGET /api/notifications [36m304[0m 355.901 ms - -[0m
[0mGET /api/notifications/unread/count [36m304[0m 366.405 ms - -[0m
[0mGET /api/notifications/unread/count [36m304[0m 309.722 ms - -[0m
[0mGET /api/notifications [36m304[0m 316.438 ms - -[0m
[0mGET /api/notifications/unread/count [36m304[0m 335.948 ms - -[0m
[0mGET /api/notifications [36m304[0m 332.376 ms - -[0m
[0mGET /api/notifications/unread/count [36m304[0m 278.990 ms - -[0m
[0mGET /api/notifications [36m304[0m 283.471 ms - -[0m
[0mGET /api/notifications [36m304[0m 259.174 ms - -[0m
[0mGET /api/notifications/unread/count [36m304[0m 274.325 ms - -[0m
[0mGET /api/notifications [36m304[0m 259.885 ms - -[0m
[0mGET /api/notifications/unread/count [36m304[0m 267.864 ms - -[0m
[0mGET /api/notifications [36m304[0m 245.400 ms - -[0m
[0mGET /api/notifications/unread/count [36m304[0m 260.484 ms - -[0m
[0mGET /api/notifications [36m304[0m 243.368 ms - -[0m
[0mGET /api/notifications/unread/count [36m304[0m 262.080 ms - -[0m
[32m[nodemon] restarting due to changes...[39m
[32m[nodemon] starting `ts-node api/index.ts`[39m
[32m[nodemon] restarting due to changes...[39m
[32m[nodemon] starting `ts-node api/index.ts`[39m
‚óá injected env (17) from .env // tip: ‚åò suppress logs { quiet: true }
[Supabase] Initializing clients with URL: https://elqpbpbgzzxfovtyvuct.supabase.co
[Supabase] Admin client initialized
[Supabase] Anon client initialized
/Users/dulina/Documents/OutSourse/Research Projects/RP01/R26-IT-128/backend/node_modules/ts-node/src/index.ts:859
    return new TSError(diagnosticText, diagnosticCodes, diagnostics);
           ^
TSError: ‚®Ø Unable to compile TypeScript:
src/services/interview.service.ts(112,30): error TS2339: Property 'overall_score' does not exist on type '{ duration_seconds?: number | undefined; }'.
src/services/interview.service.ts(113,31): error TS2339: Property 'engagement_score' does not exist on type '{ duration_seconds?: number | undefined; }'.

    at createTSError (/Users/dulina/Documents/OutSourse/Research Projects/RP01/R26-IT-128/backend/node_modules/ts-node/src/index.ts:859:12)
    at reportTSError (/Users/dulina/Documents/OutSourse/Research Projects/RP01/R26-IT-128/backend/node_modules/ts-node/src/index.ts:863:19)
    at getOutput (/Users/dulina/Documents/OutSourse/Research Projects/RP01/R26-IT-128/backend/node_modules/ts-node/src/index.ts:1077:36)
    at Object.compile (/Users/dulina/Documents/OutSourse/Research Projects/RP01/R26-IT-128/backend/node_modules/ts-node/src/index.ts:1433:41)
    at Module.m._compile (/Users/dulina/Documents/OutSourse/Research Projects/RP01/R26-IT-128/backend/node_modules/ts-node/src/index.ts:1617:30)
    at node:internal/modules/cjs/loader:1871:10
    at Object.require.extensions.<computed> [as .ts] (/Users/dulina/Documents/OutSourse/Research Projects/RP01/R26-IT-128/backend/node_modules/ts-node/src/index.ts:1621:12)
    at Module.load (node:internal/modules/cjs/loader:1470:32)
    at Module._load (node:internal/modules/cjs/loader:1290:12)
    at TracingChannel.traceSync (node:diagnostics_channel:322:14) {
  diagnosticCodes: [ 2339, 2339 ]
}
[31m[nodemon] app crashed - waiting for file changes before starting...[39m
[32m[nodemon] restarting due to changes...[39m
[32m[nodemon] starting `ts-node api/index.ts`[39m
‚óá injected env (17) from .env // tip: ‚óà secrets for agents [www.dotenvx.com]
[Supabase] Initializing clients with URL: https://elqpbpbgzzxfovtyvuct.supabase.co
[Supabase] Admin client initialized
[Supabase] Anon client initialized
/Users/dulina/Documents/OutSourse/Research Projects/RP01/R26-IT-128/backend/node_modules/ts-node/src/index.ts:859
    return new TSError(diagnosticText, diagnosticCodes, diagnostics);
           ^
TSError: ‚®Ø Unable to compile TypeScript:
src/services/interview.service.ts(112,30): error TS2339: Property 'overall_score' does not exist on type '{ duration_seconds?: number | undefined; }'.
src/services/interview.service.ts(113,31): error TS2339: Property 'engagement_score' does not exist on type '{ duration_seconds?: number | undefined; }'.

    at createTSError (/Users/dulina/Documents/OutSourse/Research Projects/RP01/R26-IT-128/backend/node_modules/ts-node/src/index.ts:859:12)
    at reportTSError (/Users/dulina/Documents/OutSourse/Research Projects/RP01/R26-IT-128/backend/node_modules/ts-node/src/index.ts:863:19)
    at getOutput (/Users/dulina/Documents/OutSourse/Research Projects/RP01/R26-IT-128/backend/node_modules/ts-node/src/index.ts:1077:36)
    at Object.compile (/Users/dulina/Documents/OutSourse/Research Projects/RP01/R26-IT-128/backend/node_modules/ts-node/src/index.ts:1433:41)
    at Module.m._compile (/Users/dulina/Documents/OutSourse/Research Projects/RP01/R26-IT-128/backend/node_modules/ts-node/src/index.ts:1617:30)
    at node:internal/modules/cjs/loader:1871:10
    at Object.require.extensions.<computed> [as .ts] (/Users/dulina/Documents/OutSourse/Research Projects/RP01/R26-IT-128/backend/node_modules/ts-node/src/index.ts:1621:12)
    at Module.load (node:internal/modules/cjs/loader:1470:32)
    at Module._load (node:internal/modules/cjs/loader:1290:12)
    at TracingChannel.traceSync (node:diagnostics_channel:322:14) {
  diagnosticCodes: [ 2339, 2339 ]
}
[31m[nodemon] app crashed - waiting for file changes before starting...[39m
[32m[nodemon] restarting due to changes...[39m
[32m[nodemon] starting `ts-node api/index.ts`[39m
[32m[nodemon] restarting due to changes...[39m
[32m[nodemon] starting `ts-node api/index.ts`[39m
‚óá injected env (17) from .env // tip: ‚óà secrets for agents [www.dotenvx.com]
[Supabase] Initializing clients with URL: https://elqpbpbgzzxfovtyvuct.supabase.co
[Supabase] Admin client initialized
[Supabase] Anon client initialized
/Users/dulina/Documents/OutSourse/Research Projects/RP01/R26-IT-128/backend/node_modules/ts-node/src/index.ts:859
    return new TSError(diagnosticText, diagnosticCodes, diagnostics);
           ^
TSError: ‚®Ø Unable to compile TypeScript:
src/services/interview.service.ts(118,30): error TS2339: Property 'overall_score' does not exist on type '{ duration_seconds?: number | undefined; }'.
src/services/interview.service.ts(119,31): error TS2339: Property 'engagement_score' does not exist on type '{ duration_seconds?: number | undefined; }'.

    at createTSError (/Users/dulina/Documents/OutSourse/Research Projects/RP01/R26-IT-128/backend/node_modules/ts-node/src/index.ts:859:12)
    at reportTSError (/Users/dulina/Documents/OutSourse/Research Projects/RP01/R26-IT-128/backend/node_modules/ts-node/src/index.ts:863:19)
    at getOutput (/Users/dulina/Documents/OutSourse/Research Projects/RP01/R26-IT-128/backend/node_modules/ts-node/src/index.ts:1077:36)
    at Object.compile (/Users/dulina/Documents/OutSourse/Research Projects/RP01/R26-IT-128/backend/node_modules/ts-node/src/index.ts:1433:41)
    at Module.m._compile (/Users/dulina/Documents/OutSourse/Research Projects/RP01/R26-IT-128/backend/node_modules/ts-node/src/index.ts:1617:30)
    at node:internal/modules/cjs/loader:1871:10
    at Object.require.extensions.<computed> [as .ts] (/Users/dulina/Documents/OutSourse/Research Projects/RP01/R26-IT-128/backend/node_modules/ts-node/src/index.ts:1621:12)
    at Module.load (node:internal/modules/cjs/loader:1470:32)
    at Module._load (node:internal/modules/cjs/loader:1290:12)
    at TracingChannel.traceSync (node:diagnostics_channel:322:14) {
  diagnosticCodes: [ 2339, 2339 ]
}
[31m[nodemon] app crashed - waiting for file changes before starting...[39m
[32m[nodemon] restarting due to changes...[39m
[32m[nodemon] starting `ts-node api/index.ts`[39m
‚óá injected env (17) from .env // tip: ‚åò enable debugging { debug: true }
[Supabase] Initializing clients with URL: https://elqpbpbgzzxfovtyvuct.supabase.co
[Supabase] Admin client initialized
[Supabase] Anon client initialized
API server listening on port 8081
[32m[nodemon] restarting due to changes...[39m
[32m[nodemon] starting `ts-node api/index.ts`[39m
‚óá injected env (17) from .env // tip: ‚åò suppress logs { quiet: true }
[Supabase] Initializing clients with URL: https://elqpbpbgzzxfovtyvuct.supabase.co
[Supabase] Admin client initialized
[Supabase] Anon client initialized
API server listening on port 8081
[0mGET /api/notifications [36m304[0m 647.135 ms - -[0m
[0mGET /api/notifications/unread/count [36m304[0m 645.456 ms - -[0m
[32m[nodemon] restarting due to changes...[39m
[32m[nodemon] starting `ts-node api/index.ts`[39m
‚óá injected env (17) from .env // tip: ‚åò custom filepath { path: '/custom/path/.env' }
[Supabase] Initializing clients with URL: https://elqpbpbgzzxfovtyvuct.supabase.co
[Supabase] Admin client initialized
[Supabase] Anon client initialized
API server listening on port 8081
[32m[nodemon] restarting due to changes...[39m
[32m[nodemon] starting `ts-node api/index.ts`[39m
‚óá injected env (17) from .env // tip: ‚åò custom filepath { path: '/custom/path/.env' }
[Supabase] Initializing clients with URL: https://elqpbpbgzzxfovtyvuct.supabase.co
[Supabase] Admin client initialized
[Supabase] Anon client initialized
API server listening on port 8081
[32m[nodemon] restarting due to changes...[39m
[32m[nodemon] starting `ts-node api/index.ts`[39m
‚óá injected env (17) from .env // tip: ‚óà encrypted .env [www.dotenvx.com]
[Supabase] Initializing clients with URL: https://elqpbpbgzzxfovtyvuct.supabase.co
[Supabase] Admin client initialized
[Supabase] Anon client initialized
API server listening on port 8081
[32m[nodemon] restarting due to changes...[39m
[32m[nodemon] starting `ts-node api/index.ts`[39m
‚óá injected env (17) from .env // tip: ‚óà secrets for agents [www.dotenvx.com]
[Supabase] Initializing clients with URL: https://elqpbpbgzzxfovtyvuct.supabase.co
[Supabase] Admin client initialized
[Supabase] Anon client initialized
/Users/dulina/Documents/OutSourse/Research Projects/RP01/R26-IT-128/backend/node_modules/ts-node/src/index.ts:859
    return new TSError(diagnosticText, diagnosticCodes, diagnostics);
           ^
TSError: ‚®Ø Unable to compile TypeScript:
src/routes/interview.routes.ts(31,37): error TS2339: Property 'predictEmotion' does not exist on type '{ list(req: AuthRequest, res: Response<any, Record<string, any>>): Promise<void>; get(req: AuthRequest, res: Response<any, Record<...>>): Promise<...>; create(req: AuthRequest, res: Response<...>): Promise<...>; end(req: AuthRequest, res: Response<...>): Promise<...>; submitResponse(req: AuthRequest, res: Response<....'.

    at createTSError (/Users/dulina/Documents/OutSourse/Research Projects/RP01/R26-IT-128/backend/node_modules/ts-node/src/index.ts:859:12)
    at reportTSError (/Users/dulina/Documents/OutSourse/Research Projects/RP01/R26-IT-128/backend/node_modules/ts-node/src/index.ts:863:19)
    at getOutput (/Users/dulina/Documents/OutSourse/Research Projects/RP01/R26-IT-128/backend/node_modules/ts-node/src/index.ts:1077:36)
    at Object.compile (/Users/dulina/Documents/OutSourse/Research Projects/RP01/R26-IT-128/backend/node_modules/ts-node/src/index.ts:1433:41)
    at Module.m._compile (/Users/dulina/Documents/OutSourse/Research Projects/RP01/R26-IT-128/backend/node_modules/ts-node/src/index.ts:1617:30)
    at node:internal/modules/cjs/loader:1871:10
    at Object.require.extensions.<computed> [as .ts] (/Users/dulina/Documents/OutSourse/Research Projects/RP01/R26-IT-128/backend/node_modules/ts-node/src/index.ts:1621:12)
    at Module.load (node:internal/modules/cjs/loader:1470:32)
    at Module._load (node:internal/modules/cjs/loader:1290:12)
    at TracingChannel.traceSync (node:diagnostics_channel:322:14) {
  diagnosticCodes: [ 2339 ]
}
[31m[nodemon] app crashed - waiting for file changes before starting...[39m
[32m[nodemon] restarting due to changes...[39m
[32m[nodemon] starting `ts-node api/index.ts`[39m
[32m[nodemon] restarting due to changes...[39m
[32m[nodemon] starting `ts-node api/index.ts`[39m
‚óá injected env (17) from .env // tip: ‚óà secrets for agents [www.dotenvx.com]
[Supabase] Initializing clients with URL: https://elqpbpbgzzxfovtyvuct.supabase.co
[Supabase] Admin client initialized
[Supabase] Anon client initialized
API server listening on port 8081
[0mGET /api/notifications [36m304[0m 474.505 ms - -[0m
[0mGET /api/notifications/unread/count [36m304[0m 461.226 ms - -[0m
[0mGET /api/notifications/unread/count [36m304[0m 331.563 ms - -[0m
[0mGET /api/notifications [36m304[0m 332.006 ms - -[0m
[0mGET /api/interviews [36m304[0m 294.569 ms - -[0m
[0mGET /api/notifications/unread/count [36m304[0m 297.493 ms - -[0m
[0mGET /api/notifications [36m304[0m 315.572 ms - -[0m
[0mGET /api/notifications/unread/count [36m304[0m 542.197 ms - -[0m
[0mGET /api/notifications [36m304[0m 560.223 ms - -[0m
[0mGET /api/notifications [36m304[0m 289.372 ms - -[0m
[0mGET /api/notifications/unread/count [36m304[0m 341.278 ms - -[0m
[0mGET /api/notifications [36m304[0m 241.269 ms - -[0m
[0mGET /api/notifications/unread/count [36m304[0m 258.309 ms - -[0m
[0mGET /api/notifications/unread/count [36m304[0m 267.440 ms - -[0m
[0mGET /api/notifications [36m304[0m 270.524 ms - -[0m
[0mGET /api/notifications [36m304[0m 262.457 ms - -[0m
[0mGET /api/notifications/unread/count [36m304[0m 265.226 ms - -[0m
[0mGET /api/notifications [36m304[0m 243.731 ms - -[0m
[0mGET /api/notifications/unread/count [36m304[0m 266.365 ms - -[0m
[0mGET /api/notifications/unread/count [36m304[0m 256.029 ms - -[0m
[0mGET /api/notifications [36m304[0m 260.472 ms - -[0m
[0mGET /api/notifications [36m304[0m 265.499 ms - -[0m
[0mGET /api/notifications/unread/count [36m304[0m 292.375 ms - -[0m
[0mGET /api/notifications/unread/count [36m304[0m 301.510 ms - -[0m
[0mGET /api/notifications [36m304[0m 310.751 ms - -[0m
[0mGET /api/notifications/unread/count [36m304[0m 296.729 ms - -[0m
[0mGET /api/notifications [36m304[0m 300.947 ms - -[0m
[0mGET /api/notifications [36m304[0m 258.816 ms - -[0m
[0mGET /api/notifications/unread/count [36m304[0m 265.676 ms - -[0m
[0mGET /api/notifications/unread/count [36m304[0m 269.022 ms - -[0m
[0mGET /api/notifications [36m304[0m 280.312 ms - -[0m
[0mGET /api/notifications [36m304[0m 268.187 ms - -[0m
[0mGET /api/notifications/unread/count [36m304[0m 278.402 ms - -[0m
[0mGET /api/notifications [36m304[0m 250.568 ms - -[0m
[0mGET /api/notifications/unread/count [36m304[0m 266.386 ms - -[0m
[0mGET /api/notifications [36m304[0m 248.139 ms - -[0m
[0mGET /api/notifications/unread/count [36m304[0m 284.887 ms - -[0m
[0mGET /api/notifications [36m304[0m 272.709 ms - -[0m
[0mGET /api/notifications/unread/count [36m304[0m 274.436 ms - -[0m
[0mGET /api/notifications [36m304[0m 274.002 ms - -[0m
[0mGET /api/notifications/unread/count [36m304[0m 282.740 ms - -[0m
[0mGET /api/notifications/unread/count [36m304[0m 244.166 ms - -[0m
[0mGET /api/notifications [36m304[0m 253.742 ms - -[0m
[0mGET /api/notifications/unread/count [36m304[0m 180.113 ms - -[0m
[0mGET /api/notifications [36m304[0m 252.787 ms - -[0m
[0mGET /api/notifications/unread/count [36m304[0m 606.134 ms - -[0m
[0mGET /api/notifications [36m304[0m 609.763 ms - -[0m
[0mGET /api/notifications/unread/count [36m304[0m 305.293 ms - -[0m
[0mGET /api/notifications [36m304[0m 307.774 ms - -[0m
[0mGET /api/notifications [36m304[0m 317.622 ms - -[0m
[0mGET /api/notifications/unread/count [36m304[0m 330.279 ms - -[0m
[0mGET /api/notifications/unread/count [36m304[0m 448.688 ms - -[0m
[0mGET /api/notifications [36m304[0m 449.931 ms - -[0m
[0mGET /api/notifications/unread/count [36m304[0m 258.478 ms - -[0m
[0mGET /api/notifications [36m304[0m 277.903 ms - -[0m
[0mGET /api/notifications [36m304[0m 293.727 ms - -[0m
[0mGET /api/notifications/unread/count [36m304[0m 295.147 ms - -[0m
[0mGET /api/notifications/unread/count [36m304[0m 248.415 ms - -[0m
[0mGET /api/notifications [36m304[0m 262.657 ms - -[0m

> backend@1.0.0 dev
> nodemon --watch src --watch api --ext ts --exec ts-node api/index.ts

[33m[nodemon] 3.1.14[39m
[33m[nodemon] to restart at any time, enter `rs`[39m
[33m[nodemon] watching path(s): src/**/* api/**/*[39m
[33m[nodemon] watching extensions: ts[39m
[32m[nodemon] starting `ts-node api/index.ts`[39m
‚óá injected env (25) from .env // tip: ‚åò enable debugging { debug: true }
[Supabase] Initializing clients with URL: https://elqpbpbgzzxfovtyvuct.supabase.co
[Supabase] Admin client initialized
[Supabase] Anon client initialized
API server listening on port 8081
[0mGET /api/notifications/unread/count [36m304[0m 988.052 ms - -[0m
[0mGET /api/notifications [36m304[0m 1021.661 ms - -[0m
[0mGET /api/interviews [36m304[0m 1010.178 ms - -[0m
[0mGET /api/interviews [36m304[0m 174.824 ms - -[0m
[0mGET /api/notifications/unread/count [36m304[0m 255.745 ms - -[0m
[0mGET /api/notifications [36m304[0m 262.231 ms - -[0m
[0mGET /api/notifications [36m304[0m 252.581 ms - -[0m
[0mGET /api/notifications/unread/count [36m304[0m 276.031 ms - -[0m
[0mPOST /api/interviews/extract-document [32m200[0m 170.306 ms - 3416[0m
[32m[nodemon] restarting due to changes...[39m
[32m[nodemon] starting `ts-node api/index.ts`[39m
[32m[nodemon] restarting due to changes...[39m
[32m[nodemon] starting `ts-node api/index.ts`[39m
‚óá injected env (25) from .env // tip: ‚åò multiple files { path: ['.env.local', '.env'] }
[Supabase] Initializing clients with URL: https://elqpbpbgzzxfovtyvuct.supabase.co
[Supabase] Admin client initialized
[Supabase] Anon client initialized
API server listening on port 8081
[0mGET /api/notifications [36m304[0m 185.870 ms - -[0m
[0mGET /api/notifications/unread/count [36m304[0m 237.053 ms - -[0m
[0mPOST /api/interviews [32m201[0m 6158.128 ms - 1880[0m
[0mPOST /api/interviews/predict-emotion [32m200[0m 265.360 ms - 68[0m
[0mPOST /api/interviews/predict-emotion [32m200[0m 488.221 ms - 300[0m
[0mPOST /api/interviews/predict-emotion [32m200[0m 146.062 ms - 305[0m
[0mPOST /api/interviews/predict-emotion [32m200[0m 116.598 ms - 68[0m
[0mPOST /api/interviews/predict-emotion [32m200[0m 150.644 ms - 305[0m
[0mGET /api/notifications [36m304[0m 201.178 ms - -[0m
[0mGET /api/notifications/unread/count [36m304[0m 266.445 ms - -[0m
[0mPOST /api/interviews/predict-emotion [32m200[0m 145.942 ms - 302[0m
[0mPOST /api/interviews/predict-emotion [32m200[0m 128.806 ms - 302[0m
[0mPOST /api/interviews/predict-emotion [32m200[0m 143.604 ms - 306[0m
[0mPOST /api/interviews/predict-emotion [32m200[0m 111.125 ms - 68[0m
[0mPOST /api/interviews/predict-emotion [32m200[0m 148.646 ms - 304[0m
[0mPOST /api/interviews/predict-emotion [32m200[0m 108.051 ms - 68[0m
[0mPOST /api/interviews/predict-emotion [32m200[0m 116.956 ms - 68[0m
[0mPOST /api/interviews/predict-emotion [32m200[0m 111.493 ms - 68[0m
[0mPOST /api/interviews/predict-emotion [32m200[0m 319.840 ms - 68[0m
[0mGET /api/notifications [36m304[0m 220.014 ms - -[0m
[0mGET /api/notifications/unread/count [36m304[0m 302.381 ms - -[0m
[0mPOST /api/interviews/predict-emotion [32m200[0m 195.477 ms - 68[0m
[0mPOST /api/interviews/predict-emotion [32m200[0m 147.498 ms - 299[0m
[0mPOST /api/interviews/predict-emotion [32m200[0m 142.271 ms - 299[0m
[0mPOST /api/interviews/predict-emotion [32m200[0m 110.968 ms - 68[0m
[0mPOST /api/interviews/predict-emotion [32m200[0m 143.681 ms - 299[0m
[0mPOST /api/interviews/predict-emotion [32m200[0m 105.791 ms - 68[0m
[0mPOST /api/interviews/predict-emotion [32m200[0m 110.763 ms - 68[0m
[0mPOST /api/interviews/predict-emotion [32m200[0m 118.100 ms - 68[0m
[0mGET /api/notifications [36m304[0m 172.597 ms - -[0m
[0mPOST /api/interviews/predict-emotion [32m200[0m 179.115 ms - 68[0m
[0mGET /api/notifications/unread/count [36m304[0m 244.646 ms - -[0m
[0mPOST /api/interviews/predict-emotion [32m200[0m 106.573 ms - 68[0m
[0mPOST /api/interviews/predict-emotion [32m200[0m 107.417 ms - 68[0m
[0mPOST /api/interviews/predict-emotion [32m200[0m 115.398 ms - 68[0m
[0mPOST /api/interviews/predict-emotion [32m200[0m 120.318 ms - 68[0m
[0mPOST /api/interviews/predict-emotion [32m200[0m 105.253 ms - 68[0m
[0mPOST /api/interviews/predict-emotion [32m200[0m 114.765 ms - 68[0m
[0mPOST /api/interviews/predict-emotion [32m200[0m 109.142 ms - 68[0m
[0mPOST /api/interviews/predict-emotion [32m200[0m 107.064 ms - 68[0m
[0mGET /api/notifications [36m304[0m 198.173 ms - -[0m
[0mGET /api/notifications/unread/count [36m304[0m 276.150 ms - -[0m
[0mPOST /api/interviews/predict-emotion [32m200[0m 194.648 ms - 68[0m
[0mPOST /api/interviews/predict-emotion [32m200[0m 107.985 ms - 68[0m
[0mPOST /api/interviews/predict-emotion [32m200[0m 105.530 ms - 68[0m
[0mPOST /api/interviews/predict-emotion [32m200[0m 106.413 ms - 68[0m
[0mPOST /api/interviews/predict-emotion [32m200[0m 104.072 ms - 68[0m
[0mPOST /api/interviews/predict-emotion [32m200[0m 148.452 ms - 308[0m
[0mPOST /api/interviews/predict-emotion [32m200[0m 142.494 ms - 299[0m
[0mPOST /api/interviews/predict-emotion [32m200[0m 105.107 ms - 68[0m
[0mPOST /api/interviews/predict-emotion [32m200[0m 105.765 ms - 68[0m
[0mGET /api/notifications [36m304[0m 181.709 ms - -[0m
[0mGET /api/notifications/unread/count [36m304[0m 280.599 ms - -[0m
[0mPOST /api/interviews/predict-emotion [32m200[0m 174.411 ms - 68[0m
[0mPOST /api/interviews/predict-emotion [32m200[0m 154.631 ms - 303[0m
[0mPOST /api/interviews/predict-emotion [32m200[0m 103.717 ms - 68[0m
[0mPOST /api/interviews/predict-emotion [32m200[0m 142.931 ms - 303[0m
[0mPOST /api/interviews/predict-emotion [32m200[0m 149.833 ms - 305[0m
[0mPOST /api/interviews/predict-emotion [32m200[0m 127.249 ms - 308[0m
[0mPOST /api/interviews/predict-emotion [32m200[0m 141.165 ms - 303[0m
[0mPOST /api/interviews/predict-emotion [32m200[0m 138.726 ms - 307[0m
[0mPOST /api/interviews/predict-emotion [32m200[0m 107.726 ms - 68[0m
[0mGET /api/notifications [36m304[0m 205.745 ms - -[0m
[0mGET /api/notifications/unread/count [36m304[0m 277.724 ms - -[0m
[0mPOST /api/interviews/predict-emotion [32m200[0m 146.211 ms - 304[0m
[0mPOST /api/interviews/predict-emotion [32m200[0m 145.687 ms - 309[0m
[0mPOST /api/interviews/predict-emotion [32m200[0m 104.280 ms - 68[0m
[0mPOST /api/interviews/predict-emotion [32m200[0m 138.003 ms - 306[0m
[0mPOST /api/interviews/predict-emotion [32m200[0m 147.154 ms - 307[0m
[0mPATCH /api/interviews/dce497b8-6c5b-45e0-9c72-a5ba20257bb0 [32m200[0m 553.699 ms - 257[0m
[0mGET /api/interviews [32m200[0m 174.048 ms - 370[0m
[0mGET /api/notifications/unread/count [32m200[0m 181.816 ms - 69[0m
[0mGET /api/notifications [32m200[0m 188.968 ms - 4429[0m
[0mGET /api/notifications/unread/count [36m304[0m 269.065 ms - -[0m
[0mGET /api/notifications [36m304[0m 277.419 ms - -[0m
[0mGET /api/notifications/unread/count [36m304[0m 248.969 ms - -[0m
[0mGET /api/notifications [36m304[0m 251.505 ms - -[0m
[0mGET /api/notifications/unread/count [36m304[0m 254.406 ms - -[0m
[0mGET /api/notifications [36m304[0m 271.990 ms - -[0m
[0mGET /api/notifications/unread/count [36m304[0m 341.818 ms - -[0m
[0mGET /api/notifications [36m304[0m 343.866 ms - -[0m
[0mGET /api/notifications [36m304[0m 249.344 ms - -[0m
[0mGET /api/notifications/unread/count [36m304[0m 263.940 ms - -[0m
[0mGET /api/notifications [36m304[0m 364.468 ms - -[0m
[0mGET /api/notifications/unread/count [36m304[0m 374.948 ms - -[0m
[0mGET /api/notifications/unread/count [36m304[0m 247.428 ms - -[0m
[0mGET /api/notifications [36m304[0m 271.029 ms - -[0m
[0mGET /api/notifications/unread/count [36m304[0m 271.398 ms - -[0m
[0mGET /api/notifications [36m304[0m 278.797 ms - -[0m
[0mGET /api/notifications/unread/count [36m304[0m 255.229 ms - -[0m
[0mGET /api/notifications [36m304[0m 258.931 ms - -[0m
[0mGET /api/notifications [36m304[0m 250.998 ms - -[0m
[0mGET /api/notifications/unread/count [36m304[0m 255.810 ms - -[0m
[0mGET /api/notifications [36m304[0m 1051.085 ms - -[0m
[0mGET /api/notifications/unread/count [36m304[0m 1075.448 ms - -[0m
[0mGET /api/notifications/unread/count [36m304[0m 284.062 ms - -[0m
[0mGET /api/notifications [36m304[0m 297.055 ms - -[0m
[0mGET /api/notifications/unread/count [36m304[0m 788.697 ms - -[0m
[0mGET /api/notifications [36m304[0m 819.007 ms - -[0m

> backend@1.0.0 dev
> nodemon --watch src --watch api --ext ts --exec ts-node api/index.ts

[33m[nodemon] 3.1.14[39m
[33m[nodemon] to restart at any time, enter `rs`[39m
[33m[nodemon] watching path(s): src/**/* api/**/*[39m
[33m[nodemon] watching extensions: ts[39m
[32m[nodemon] starting `ts-node api/index.ts`[39m
‚óá injected env (25) from .env // tip: ‚óà encrypted .env [www.dotenvx.com]
[Supabase] Initializing clients with URL: https://elqpbpbgzzxfovtyvuct.supabase.co
[Supabase] Admin client initialized
[Supabase] Anon client initialized
API server listening on port 8081
[0mGET /api/interviews [36m304[0m 702.991 ms - -[0m
[0mGET /api/notifications/unread/count [36m304[0m 746.234 ms - -[0m
[0mGET /api/notifications [36m304[0m 773.354 ms - -[0m
[0mGET /api/interviews [36m304[0m 188.242 ms - -[0m
[0mGET /api/notifications [36m304[0m 419.865 ms - -[0m
[0mGET /api/notifications/unread/count [36m304[0m 442.386 ms - -[0m
[0mGET /api/notifications/unread/count [36m304[0m 270.269 ms - -[0m
[0mGET /api/notifications [36m304[0m 275.827 ms - -[0m
[0mPOST /api/interviews/extract-document [32m200[0m 145.929 ms - 3416[0m
[0mGET /api/notifications/unread/count [36m304[0m 243.583 ms - -[0m
[0mGET /api/notifications [36m304[0m 246.670 ms - -[0m
[0mPOST /api/interviews [32m201[0m 7842.460 ms - 1577[0m
[0mPOST /api/interviews/predict-emotion [32m200[0m 203.128 ms - 68[0m
[0mPOST /api/interviews/predict-emotion [32m200[0m 112.588 ms - 68[0m
[0mPOST /api/interviews/predict-emotion [32m200[0m 103.763 ms - 68[0m
[0mPOST /api/interviews/predict-emotion [32m200[0m 105.676 ms - 68[0m
[0mPOST /api/interviews/predict-emotion [32m200[0m 118.439 ms - 68[0m
[0mPOST /api/interviews/predict-emotion [32m200[0m 103.754 ms - 68[0m
[0mPOST /api/interviews/predict-emotion [32m200[0m 107.626 ms - 68[0m
[0mGET /api/notifications [36m304[0m 181.463 ms - -[0m
[0mGET /api/notifications/unread/count [36m304[0m 253.611 ms - -[0m
[0mPOST /api/interviews/predict-emotion [32m200[0m 112.176 ms - 68[0m
[0mPOST /api/interviews/predict-emotion [32m200[0m 111.263 ms - 68[0m
[0mPOST /api/interviews/predict-emotion [32m200[0m 211.005 ms - 68[0m
[0mPOST /api/interviews/predict-emotion [32m200[0m 303.761 ms - 68[0m
[0mPOST /api/interviews/predict-emotion [32m200[0m 214.951 ms - 68[0m
[0mPOST /api/interviews/predict-emotion [32m200[0m 319.885 ms - 68[0m
[0mPOST /api/interviews/predict-emotion [32m200[0m 197.496 ms - 68[0m
[0mPOST /api/interviews/predict-emotion [32m200[0m 389.570 ms - 68[0m
[0mGET /api/notifications [36m304[0m 200.854 ms - -[0m
[0mGET /api/notifications/unread/count [36m304[0m 363.079 ms - -[0m
[0mPOST /api/interviews/predict-emotion [32m200[0m 523.964 ms - 307[0m
[0mPOST /api/interviews/predict-emotion [32m200[0m 246.884 ms - 303[0m
[0mPOST /api/interviews/predict-emotion [32m200[0m 166.415 ms - 303[0m
[0mPOST /api/interviews/predict-emotion [32m200[0m 304.906 ms - 68[0m
[0mPOST /api/interviews/predict-emotion [32m200[0m 99.836 ms - 68[0m
[0mPOST /api/interviews/predict-emotion [32m200[0m 103.014 ms - 68[0m
[0mPOST /api/interviews/predict-emotion [32m200[0m 139.854 ms - 304[0m
[0mPOST /api/interviews/predict-emotion [32m200[0m 145.926 ms - 305[0m
[0mGET /api/notifications [36m304[0m 181.147 ms - -[0m
[0mGET /api/notifications/unread/count [36m304[0m 246.497 ms - -[0m
[0mPOST /api/interviews/predict-emotion [32m200[0m 141.399 ms - 299[0m
[0mPOST /api/interviews/predict-emotion [32m200[0m 137.798 ms - 307[0m
[0mPOST /api/interviews/predict-emotion [32m200[0m 139.055 ms - 306[0m
[0mPOST /api/interviews/predict-emotion [32m200[0m 94.712 ms - 68[0m
[0mPOST /api/interviews/predict-emotion [32m200[0m 108.756 ms - 68[0m
[0mPOST /api/interviews/predict-emotion [32m200[0m 146.273 ms - 302[0m
[0mPOST /api/interviews/predict-emotion [32m200[0m 144.865 ms - 307[0m
[0mPOST /api/interviews/predict-emotion [32m200[0m 145.455 ms - 306[0m
[0mPOST /api/interviews/predict-emotion [32m200[0m 279.547 ms - 68[0m
[0mGET /api/notifications [36m304[0m 188.384 ms - -[0m
[0mGET /api/notifications/unread/count [36m304[0m 260.996 ms - -[0m
[0mPOST /api/interviews/predict-emotion [32m200[0m 102.192 ms - 68[0m
[0mPOST /api/interviews/predict-emotion [32m200[0m 120.690 ms - 305[0m
[0mPOST /api/interviews/predict-emotion [32m200[0m 106.831 ms - 68[0m
[0mPOST /api/interviews/predict-emotion [32m200[0m 147.330 ms - 303[0m
[0mPOST /api/interviews/predict-emotion [32m200[0m 141.832 ms - 305[0m
[0mPOST /api/interviews/predict-emotion [32m200[0m 140.092 ms - 303[0m
[0mPOST /api/interviews/predict-emotion [32m200[0m 126.857 ms - 68[0m
[0mPOST /api/interviews/predict-emotion [32m200[0m 150.097 ms - 305[0m
[0mGET /api/notifications [36m304[0m 180.732 ms - -[0m
[0mGET /api/notifications/unread/count [36m304[0m 284.802 ms - -[0m
[0mPOST /api/interviews/predict-emotion [32m200[0m 139.152 ms - 303[0m
[0mPOST /api/interviews/predict-emotion [32m200[0m 171.245 ms - 68[0m
[0mPOST /api/interviews/predict-emotion [32m200[0m 147.177 ms - 305[0m
[0mPOST /api/interviews/predict-emotion [32m200[0m 101.643 ms - 68[0m
[0mPOST /api/interviews/predict-emotion [32m200[0m 114.902 ms - 68[0m
[0mPOST /api/interviews/predict-emotion [32m200[0m 100.878 ms - 68[0m
[0mPOST /api/interviews/predict-emotion [32m200[0m 156.656 ms - 305[0m
[0mPOST /api/interviews/predict-emotion [32m200[0m 151.217 ms - 305[0m
[0mPOST /api/interviews/predict-emotion [32m200[0m 137.233 ms - 307[0m
[0mGET /api/notifications [36m304[0m 182.962 ms - -[0m
[0mGET /api/notifications/unread/count [36m304[0m 258.255 ms - -[0m
[0mPOST /api/interviews/predict-emotion [32m200[0m 135.879 ms - 308[0m
[0mPOST /api/interviews/predict-emotion [32m200[0m 100.974 ms - 68[0m
[0mPOST /api/interviews/predict-emotion [32m200[0m 153.689 ms - 303[0m
[0mPOST /api/interviews/predict-emotion [32m200[0m 109.742 ms - 68[0m
[0mPOST /api/interviews/predict-emotion [32m200[0m 139.397 ms - 306[0m
[0mPOST /api/interviews/predict-emotion [32m200[0m 145.221 ms - 299[0m
[0mPOST /api/interviews/predict-emotion [32m200[0m 153.356 ms - 308[0m
[0mPOST /api/interviews/predict-emotion [32m200[0m 147.326 ms - 309[0m
[0mPOST /api/interviews/predict-emotion [32m200[0m 344.371 ms - 308[0m
[0mGET /api/notifications [36m304[0m 1371.067 ms - -[0m
[0mGET /api/notifications/unread/count [36m304[0m 1429.556 ms - -[0m
[0mPOST /api/interviews/predict-emotion [32m200[0m 506.360 ms - 304[0m
[0mPOST /api/interviews/predict-emotion [32m200[0m 136.761 ms - 306[0m
[0mPOST /api/interviews/predict-emotion [32m200[0m 146.971 ms - 309[0m
[0mPOST /api/interviews/0e0a064c-6273-4a44-bf9f-2f5933a42f53/responses [32m200[0m 6304.593 ms - 2436[0m
[0mPOST /api/interviews/predict-emotion [32m200[0m 150.882 ms - 306[0m
[0mPOST /api/interviews/predict-emotion [32m200[0m 163.845 ms - 308[0m
[0mPOST /api/interviews/predict-emotion [32m200[0m 134.962 ms - 301[0m
[0mPOST /api/interviews/predict-emotion [32m200[0m 141.138 ms - 307[0m
[0mPOST /api/interviews/predict-emotion [32m200[0m 141.170 ms - 302[0m
[0mGET /api/notifications [36m304[0m 183.408 ms - -[0m
[0mGET /api/notifications/unread/count [36m304[0m 251.679 ms - -[0m
[0mPOST /api/interviews/predict-emotion [32m200[0m 100.937 ms - 68[0m
[0mPOST /api/interviews/predict-emotion [32m200[0m 147.202 ms - 303[0m
[0mPOST /api/interviews/predict-emotion [32m200[0m 146.144 ms - 308[0m
[0mPOST /api/interviews/predict-emotion [32m200[0m 139.318 ms - 308[0m
[0mPOST /api/interviews/predict-emotion [32m200[0m 118.863 ms - 68[0m
[0mPOST /api/interviews/predict-emotion [32m200[0m 154.904 ms - 304[0m
[0mPOST /api/interviews/predict-emotion [32m200[0m 166.886 ms - 308[0m
[0mPOST /api/interviews/predict-emotion [32m200[0m 141.160 ms - 309[0m
[0mGET /api/notifications [36m304[0m 195.962 ms - -[0m
[0mGET /api/notifications/unread/count [36m304[0m 278.040 ms - -[0m
[0mPOST /api/interviews/predict-emotion [32m200[0m 216.876 ms - 307[0m
[0mPOST /api/interviews/predict-emotion [32m200[0m 164.214 ms - 68[0m
[0mPOST /api/interviews/predict-emotion [32m200[0m 142.226 ms - 307[0m
[0mPOST /api/interviews/predict-emotion [32m200[0m 161.945 ms - 306[0m
[0mPOST /api/interviews/predict-emotion [32m200[0m 136.333 ms - 302[0m
[0mPOST /api/interviews/predict-emotion [32m200[0m 153.034 ms - 304[0m
[0mPOST /api/interviews/predict-emotion [32m200[0m 150.026 ms - 306[0m
[0mPOST /api/interviews/predict-emotion [32m200[0m 136.305 ms - 306[0m
[0mPOST /api/interviews/predict-emotion [32m200[0m 159.326 ms - 304[0m
[0mGET /api/notifications [36m304[0m 186.691 ms - -[0m
[0mGET /api/notifications/unread/count [36m304[0m 265.537 ms - -[0m
[0mPOST /api/interviews/predict-emotion [32m200[0m 157.481 ms - 306[0m
[0mPOST /api/interviews/predict-emotion [32m200[0m 137.389 ms - 306[0m
[0mPOST /api/interviews/predict-emotion [32m200[0m 141.009 ms - 308[0m
[0mPOST /api/interviews/predict-emotion [32m200[0m 139.909 ms - 301[0m
[0mPOST /api/interviews/predict-emotion [32m200[0m 108.078 ms - 68[0m
[0mPOST /api/interviews/predict-emotion [32m200[0m 124.690 ms - 301[0m
[0mPOST /api/interviews/predict-emotion [32m200[0m 123.637 ms - 68[0m
[0mPOST /api/interviews/predict-emotion [32m200[0m 155.850 ms - 305[0m
[0mPOST /api/interviews/predict-emotion [32m200[0m 142.170 ms - 305[0m
[0mGET /api/notifications [36m304[0m 251.540 ms - -[0m
[0mGET /api/notifications/unread/count [36m304[0m 254.924 ms - -[0m
[0mPOST /api/interviews/predict-emotion [32m200[0m 165.016 ms - 303[0m
[0mPOST /api/interviews/predict-emotion [32m200[0m 140.805 ms - 305[0m
[0mPOST /api/interviews/predict-emotion [32m200[0m 142.392 ms - 303[0m
[0mPOST /api/interviews/predict-emotion [32m200[0m 156.635 ms - 301[0m
[0mPOST /api/interviews/predict-emotion [32m200[0m 164.971 ms - 305[0m
[0mPOST /api/interviews/predict-emotion [32m200[0m 145.848 ms - 305[0m
[0mPOST /api/interviews/predict-emotion [32m200[0m 99.015 ms - 68[0m
[0mPOST /api/interviews/predict-emotion [32m200[0m 102.044 ms - 68[0m
[0mGET /api/notifications [36m304[0m 190.604 ms - -[0m
[0mGET /api/notifications/unread/count [36m304[0m 267.709 ms - -[0m
[0mPOST /api/interviews/predict-emotion [32m200[0m 107.555 ms - 68[0m
[0mPOST /api/interviews/predict-emotion [32m200[0m 92.614 ms - 68[0m
[0mPOST /api/interviews/0e0a064c-6273-4a44-bf9f-2f5933a42f53/responses [32m200[0m 5932.121 ms - 2150[0m
[0mPOST /api/interviews/predict-emotion [32m200[0m 99.118 ms - 68[0m
[0mPOST /api/interviews/predict-emotion [32m200[0m 113.955 ms - 68[0m
[0mPOST /api/interviews/predict-emotion [32m200[0m 112.227 ms - 68[0m
[0mPOST /api/interviews/predict-emotion [32m200[0m 103.814 ms - 68[0m
[0mPOST /api/interviews/predict-emotion [32m200[0m 104.993 ms - 68[0m
[0mPOST /api/interviews/predict-emotion [32m200[0m 108.535 ms - 68[0m
[0mPOST /api/interviews/predict-emotion [32m200[0m 117.451 ms - 68[0m
[0mGET /api/notifications [36m304[0m 177.465 ms - -[0m
[0mGET /api/notifications/unread/count [36m304[0m 319.155 ms - -[0m
[0mPOST /api/interviews/predict-emotion [32m200[0m 191.816 ms - 68[0m
[0mPOST /api/interviews/predict-emotion [32m200[0m 110.219 ms - 68[0m
[0mPOST /api/interviews/predict-emotion [32m200[0m 102.554 ms - 68[0m
[0mPOST /api/interviews/predict-emotion [32m200[0m 111.114 ms - 68[0m
[0mPOST /api/interviews/predict-emotion [32m200[0m 139.576 ms - 305[0m
[0mPOST /api/interviews/predict-emotion [32m200[0m 105.596 ms - 68[0m
[0mPOST /api/interviews/predict-emotion [32m200[0m 137.426 ms - 304[0m
[0mPOST /api/interviews/predict-emotion [32m200[0m 141.811 ms - 307[0m
[0mPOST /api/interviews/predict-emotion [32m200[0m 137.203 ms - 305[0m
[0mGET /api/notifications [36m304[0m 169.368 ms - -[0m
[0mGET /api/notifications/unread/count [36m304[0m 258.225 ms - -[0m
[0mPOST /api/interviews/predict-emotion [32m200[0m 239.190 ms - 307[0m
[0mPOST /api/interviews/predict-emotion [32m200[0m 103.036 ms - 68[0m
[0mPOST /api/interviews/predict-emotion [32m200[0m 138.952 ms - 307[0m
[0mPOST /api/interviews/predict-emotion [32m200[0m 140.499 ms - 303[0m
[0mPOST /api/interviews/predict-emotion [32m200[0m 114.830 ms - 68[0m
[0mPOST /api/interviews/predict-emotion [32m200[0m 143.327 ms - 303[0m
[0mPOST /api/interviews/predict-emotion [32m200[0m 162.100 ms - 307[0m
[0mPOST /api/interviews/predict-emotion [32m200[0m 141.619 ms - 298[0m
[0mGET /api/notifications [36m304[0m 189.135 ms - -[0m
[0mGET /api/notifications/unread/count [36m304[0m 249.984 ms - -[0m
[0mPOST /api/interviews/predict-emotion [32m200[0m 204.323 ms - 303[0m
[0mPOST /api/interviews/predict-emotion [32m200[0m 135.409 ms - 305[0m
[0mPOST /api/interviews/predict-emotion [32m200[0m 153.121 ms - 301[0m
[0mPOST /api/interviews/predict-emotion [32m200[0m 157.505 ms - 300[0m
[0mPOST /api/interviews/predict-emotion [32m200[0m 151.934 ms - 304[0m
[0mPOST /api/interviews/predict-emotion [32m200[0m 153.934 ms - 298[0m
[0mPOST /api/interviews/predict-emotion [32m200[0m 139.737 ms - 302[0m
[0mPOST /api/interviews/predict-emotion [32m200[0m 148.655 ms - 304[0m
[0mPOST /api/interviews/predict-emotion [32m200[0m 133.659 ms - 306[0m
[0mGET /api/notifications [36m304[0m 193.308 ms - -[0m
[0mGET /api/notifications/unread/count [36m304[0m 265.394 ms - -[0m
[0mPOST /api/interviews/predict-emotion [32m200[0m 137.862 ms - 306[0m
[0mPOST /api/interviews/predict-emotion [32m200[0m 158.402 ms - 305[0m
[0mPOST /api/interviews/predict-emotion [32m200[0m 132.972 ms - 306[0m
[0mPOST /api/interviews/predict-emotion [32m200[0m 162.096 ms - 306[0m
[0mPOST /api/interviews/predict-emotion [32m200[0m 110.524 ms - 68[0m
[0mPOST /api/interviews/predict-emotion [32m200[0m 117.133 ms - 305[0m
[0mPOST /api/interviews/predict-emotion [32m200[0m 153.874 ms - 300[0m
[0mPOST /api/interviews/predict-emotion [32m200[0m 139.216 ms - 302[0m
[0mPOST /api/interviews/predict-emotion [32m200[0m 137.659 ms - 302[0m
[0mGET /api/notifications [36m304[0m 246.438 ms - -[0m
[0mGET /api/notifications/unread/count [36m304[0m 265.562 ms - -[0m
[0mPOST /api/interviews/predict-emotion [32m200[0m 157.834 ms - 307[0m
[0mPOST /api/interviews/predict-emotion [32m200[0m 110.894 ms - 68[0m
[0mPOST /api/interviews/predict-emotion [32m200[0m 156.746 ms - 305[0m
[0mPOST /api/interviews/predict-emotion [32m200[0m 117.500 ms - 68[0m
[0mPOST /api/interviews/predict-emotion [32m200[0m 110.551 ms - 68[0m
[0mPOST /api/interviews/predict-emotion [32m200[0m 114.447 ms - 68[0m
[0mPOST /api/interviews/predict-emotion [32m200[0m 114.102 ms - 68[0m
[0mPOST /api/interviews/predict-emotion [32m200[0m 155.183 ms - 305[0m
[0mGET /api/notifications [36m304[0m 184.750 ms - -[0m
[0mGET /api/notifications/unread/count [36m304[0m 240.300 ms - -[0m
[0mPOST /api/interviews/predict-emotion [32m200[0m 141.569 ms - 303[0m
[0mPOST /api/interviews/predict-emotion [32m200[0m 128.319 ms - 301[0m
[0mPOST /api/interviews/predict-emotion [32m200[0m 146.590 ms - 306[0m
[0mPOST /api/interviews/predict-emotion [32m200[0m 139.630 ms - 302[0m
[0mPOST /api/interviews/predict-emotion [32m200[0m 155.186 ms - 304[0m
[0mPOST /api/interviews/predict-emotion [32m200[0m 160.322 ms - 304[0m
[0mPOST /api/interviews/predict-emotion [32m200[0m 151.636 ms - 306[0m
[0mPOST /api/interviews/predict-emotion [32m200[0m 139.889 ms - 306[0m
[0mPOST /api/interviews/predict-emotion [32m200[0m 98.334 ms - 68[0m
[0mGET /api/notifications [36m304[0m 181.438 ms - -[0m
[0mGET /api/notifications/unread/count [36m304[0m 261.072 ms - -[0m
[0mPOST /api/interviews/predict-emotion [32m200[0m 107.117 ms - 68[0m
[0mPOST /api/interviews/predict-emotion [32m200[0m 122.502 ms - 68[0m
[0mPOST /api/interviews/predict-emotion [32m200[0m 109.127 ms - 68[0m
[0mPOST /api/interviews/predict-emotion [32m200[0m 109.350 ms - 68[0m
[0mPOST /api/interviews/predict-emotion [32m200[0m 160.633 ms - 68[0m
[0mPOST /api/interviews/predict-emotion [32m200[0m 128.893 ms - 68[0m
[0mPOST /api/interviews/predict-emotion [32m200[0m 102.850 ms - 68[0m
[0mPOST /api/interviews/predict-emotion [32m200[0m 103.008 ms - 68[0m
[0mPOST /api/interviews/predict-emotion [32m200[0m 115.776 ms - 68[0m
[0mGET /api/notifications [36m304[0m 168.444 ms - -[0m
[0mGET /api/notifications/unread/count [36m304[0m 236.154 ms - -[0m
[0mPOST /api/interviews/predict-emotion [32m200[0m 148.984 ms - 303[0m
[0mPOST /api/interviews/predict-emotion [32m200[0m 160.899 ms - 309[0m
[0mPOST /api/interviews/predict-emotion [32m200[0m 148.305 ms - 306[0m
[0mPOST /api/interviews/predict-emotion [32m200[0m 149.097 ms - 304[0m
[0mPOST /api/interviews/predict-emotion [32m200[0m 151.492 ms - 309[0m
[0mPOST /api/interviews/predict-emotion [32m200[0m 155.178 ms - 306[0m
[0mPOST /api/interviews/predict-emotion [32m200[0m 103.462 ms - 68[0m
[0mPOST /api/interviews/predict-emotion [32m200[0m 129.399 ms - 305[0m
[0mGET /api/notifications [36m304[0m 192.437 ms - -[0m
[0mGET /api/notifications/unread/count [36m304[0m 285.874 ms - -[0m
[0mPOST /api/interviews/predict-emotion [32m200[0m 136.971 ms - 308[0m
[0mPOST /api/interviews/predict-emotion [32m200[0m 193.900 ms - 306[0m
[0mPOST /api/interviews/predict-emotion [32m200[0m 159.433 ms - 303[0m
[0mPOST /api/interviews/predict-emotion [32m200[0m 151.801 ms - 302[0m
[0mPOST /api/interviews/predict-emotion [32m200[0m 113.066 ms - 68[0m
[0mPOST /api/interviews/predict-emotion [32m200[0m 157.858 ms - 303[0m
[0mPOST /api/interviews/predict-emotion [32m200[0m 99.740 ms - 68[0m
[0mPOST /api/interviews/predict-emotion [32m200[0m 116.990 ms - 68[0m
[0mPOST /api/interviews/predict-emotion [32m200[0m 117.913 ms - 68[0m
[0mGET /api/notifications [36m304[0m 180.388 ms - -[0m
[0mGET /api/notifications/unread/count [36m304[0m 233.526 ms - -[0m
[0mPOST /api/interviews/predict-emotion [32m200[0m 107.676 ms - 68[0m
[0mPOST /api/interviews/predict-emotion [32m200[0m 119.283 ms - 68[0m
[0mPOST /api/interviews/predict-emotion [32m200[0m 122.473 ms - 68[0m
[0mPOST /api/interviews/predict-emotion [32m200[0m 120.156 ms - 68[0m
[0mPOST /api/interviews/predict-emotion [32m200[0m 121.094 ms - 68[0m
[0mPOST /api/interviews/predict-emotion [32m200[0m 119.396 ms - 68[0m
[0mPOST /api/interviews/predict-emotion [32m200[0m 119.422 ms - 68[0m
[0mPOST /api/interviews/predict-emotion [32m200[0m 108.891 ms - 68[0m
[0mPOST /api/interviews/predict-emotion [32m200[0m 109.597 ms - 68[0m
[0mGET /api/notifications [36m304[0m 188.005 ms - -[0m
[0mGET /api/notifications/unread/count [36m304[0m 256.276 ms - -[0m
[0mPOST /api/interviews/predict-emotion [32m200[0m 129.509 ms - 68[0m
[0mPOST /api/interviews/predict-emotion [32m200[0m 113.461 ms - 68[0m
[0mPOST /api/interviews/predict-emotion [32m200[0m 102.773 ms - 68[0m
[0mPOST /api/interviews/predict-emotion [32m200[0m 118.902 ms - 68[0m
[0mPOST /api/interviews/predict-emotion [32m200[0m 105.964 ms - 68[0m
[0mPOST /api/interviews/predict-emotion [32m200[0m 121.006 ms - 68[0m
[0mPOST /api/interviews/predict-emotion [32m200[0m 115.527 ms - 68[0m
[0mPOST /api/interviews/predict-emotion [32m200[0m 115.457 ms - 68[0m
[0mPOST /api/interviews/predict-emotion [32m200[0m 108.199 ms - 68[0m
[0mGET /api/notifications [36m304[0m 242.602 ms - -[0m
[0mGET /api/notifications/unread/count [36m304[0m 262.092 ms - -[0m
[0mPOST /api/interviews/predict-emotion [32m200[0m 107.705 ms - 68[0m
[0mPOST /api/interviews/predict-emotion [32m200[0m 142.088 ms - 308[0m
[0mPOST /api/interviews/predict-emotion [32m200[0m 138.069 ms - 307[0m
[0mPOST /api/interviews/predict-emotion [32m200[0m 149.071 ms - 308[0m
[0mPOST /api/interviews/predict-emotion [32m200[0m 147.203 ms - 308[0m
[0mPOST /api/interviews/predict-emotion [32m200[0m 142.096 ms - 305[0m
[0mPOST /api/interviews/predict-emotion [32m200[0m 138.866 ms - 305[0m
[0mPOST /api/interviews/predict-emotion [32m200[0m 283.903 ms - 303[0m
[0mGET /api/notifications [36m304[0m 176.756 ms - -[0m
[0mGET /api/notifications/unread/count [36m304[0m 246.695 ms - -[0m
[0mPOST /api/interviews/predict-emotion [32m200[0m 106.339 ms - 68[0m
[0mPOST /api/interviews/predict-emotion [32m200[0m 126.022 ms - 68[0m
[0mPOST /api/interviews/predict-emotion [32m200[0m 131.960 ms - 303[0m
[0mPOST /api/interviews/predict-emotion [32m200[0m 147.043 ms - 308[0m
[0mPOST /api/interviews/predict-emotion [32m200[0m 145.384 ms - 301[0m
[0mPOST /api/interviews/predict-emotion [32m200[0m 102.370 ms - 68[0m
[0mGET /api/notifications [36m304[0m 245.357 ms - -[0m
[0mGET /api/notifications/unread/count [36m304[0m 248.170 ms - -[0m
[0mPOST /api/interviews/predict-emotion [32m200[0m 139.599 ms - 304[0m
[0mPOST /api/interviews/predict-emotion [32m200[0m 104.686 ms - 68[0m
[0mPOST /api/interviews/predict-emotion [32m200[0m 147.026 ms - 305[0m
[0mPOST /api/interviews/predict-emotion [32m200[0m 160.305 ms - 305[0m
[0mPOST /api/interviews/predict-emotion [32m200[0m 105.893 ms - 68[0m
[0mPOST /api/interviews/predict-emotion [32m200[0m 99.790 ms - 68[0m
[0mPOST /api/interviews/predict-emotion [32m200[0m 144.770 ms - 307[0m
[0mPOST /api/interviews/predict-emotion [32m200[0m 148.837 ms - 306[0m
[0mGET /api/notifications [36m304[0m 197.354 ms - -[0m
[0mGET /api/notifications/unread/count [36m304[0m 263.566 ms - -[0m
[0mPOST /api/interviews/predict-emotion [32m200[0m 93.940 ms - 68[0m
[0mPOST /api/interviews/predict-emotion [32m200[0m 106.544 ms - 68[0m
[0mPOST /api/interviews/predict-emotion [32m200[0m 122.607 ms - 68[0m
[0mPOST /api/interviews/predict-emotion [32m200[0m 111.583 ms - 68[0m
[0mPOST /api/interviews/predict-emotion [32m200[0m 119.560 ms - 68[0m
[0mGET /api/notifications [36m304[0m 176.941 ms - -[0m
[0mGET /api/notifications/unread/count [36m304[0m 234.191 ms - -[0m
[0mPOST /api/interviews/predict-emotion [32m200[0m 109.013 ms - 68[0m
[0mPOST /api/interviews/predict-emotion [32m200[0m 108.342 ms - 68[0m
[0mPATCH /api/interviews/0e0a064c-6273-4a44-bf9f-2f5933a42f53 [32m200[0m 509.485 ms - 253[0m
[0mGET /api/interviews [32m200[0m 180.435 ms - 682[0m
[0mGET /api/notifications [32m200[0m 284.923 ms - 4905[0m
[0mGET /api/notifications/unread/count [32m200[0m 285.140 ms - 69[0m
[0mGET /api/notifications [36m304[0m 248.633 ms - -[0m
[0mGET /api/notifications/unread/count [36m304[0m 263.943 ms - -[0m
[0mGET /api/notifications [36m304[0m 239.500 ms - -[0m
[0mGET /api/notifications/unread/count [36m304[0m 252.010 ms - -[0m
[0mGET /api/notifications/unread/count [36m304[0m 255.286 ms - -[0m
[0mGET /api/notifications [36m304[0m 256.504 ms - -[0m
[0mGET /api/notifications [36m304[0m 253.720 ms - -[0m
[0mGET /api/notifications/unread/count [36m304[0m 265.368 ms - -[0m
[0mGET /api/notifications [36m304[0m 262.203 ms - -[0m
[0mGET /api/notifications/unread/count [36m304[0m 273.273 ms - -[0m
[0mGET /api/notifications/unread/count [36m304[0m 400.657 ms - -[0m
[0mGET /api/notifications [36m304[0m 404.595 ms - -[0m

> backend@1.0.0 dev
> nodemon --watch src --watch api --ext ts --exec ts-node api/index.ts

[33m[nodemon] 3.1.14[39m
[33m[nodemon] to restart at any time, enter `rs`[39m
[33m[nodemon] watching path(s): src/**/* api/**/*[39m
[33m[nodemon] watching extensions: ts[39m
[32m[nodemon] starting `ts-node api/index.ts`[39m
‚óá injected env (25) from .env // tip: ‚åò override existing { override: true }
[Supabase] Initializing clients with URL: https://elqpbpbgzzxfovtyvuct.supabase.co
[Supabase] Admin client initialized
[Supabase] Anon client initialized
API server listening on port 8081
[0mGET /api/notifications [36m304[0m 469.788 ms - -[0m
[0mGET /api/notifications/unread/count [36m304[0m 457.599 ms - -[0m
[0mGET /api/interviews [36m304[0m 456.813 ms - -[0m
[0mGET /api/interviews [36m304[0m 171.496 ms - -[0m
[0mGET /api/notifications [36m304[0m 301.343 ms - -[0m
[0mGET /api/notifications/unread/count [36m304[0m 304.387 ms - -[0m
[0mPOST /api/interviews/extract-document [32m200[0m 301.066 ms - 12765[0m
[0mGET /api/notifications [36m304[0m 194.950 ms - -[0m
[0mGET /api/notifications/unread/count [36m304[0m 295.361 ms - -[0m
[0mPOST /api/interviews [32m201[0m 6124.382 ms - 1663[0m
[0mPOST /api/interviews/predict-emotion [32m200[0m 223.394 ms - 68[0m
[0mPOST /api/interviews/predict-emotion [32m200[0m 226.303 ms - 303[0m
[0mPOST /api/interviews/predict-emotion [32m200[0m 148.175 ms - 307[0m
[0mGET /api/notifications [36m304[0m 182.595 ms - -[0m
[0mGET /api/notifications/unread/count [36m304[0m 268.343 ms - -[0m
[0mPOST /api/interviews/predict-emotion [32m200[0m 142.858 ms - 308[0m
[0mPOST /api/interviews/predict-emotion [32m200[0m 146.145 ms - 306[0m
[0mPOST /api/interviews/predict-emotion [32m200[0m 154.808 ms - 306[0m
[0mPOST /api/interviews/predict-emotion [32m200[0m 142.584 ms - 305[0m
[0mPOST /api/interviews/predict-emotion [32m200[0m 155.825 ms - 306[0m
[0mPOST /api/interviews/predict-emotion [32m200[0m 165.978 ms - 304[0m
[0mPOST /api/interviews/predict-emotion [32m200[0m 117.532 ms - 68[0m
[0mPOST /api/interviews/predict-emotion [32m200[0m 114.374 ms - 68[0m
[0mPOST /api/interviews/predict-emotion [32m200[0m 109.036 ms - 68[0m
[0mGET /api/notifications/unread/count [36m304[0m 264.573 ms - -[0m
[0mGET /api/notifications [36m304[0m 295.427 ms - -[0m
[0mPOST /api/interviews/predict-emotion [32m200[0m 179.494 ms - 68[0m
[0mPOST /api/interviews/predict-emotion [32m200[0m 118.193 ms - 68[0m
[0mPOST /api/interviews/predict-emotion [32m200[0m 116.218 ms - 68[0m
[0mPOST /api/interviews/predict-emotion [32m200[0m 155.756 ms - 300[0m
[0mPOST /api/interviews/predict-emotion [32m200[0m 116.231 ms - 68[0m
[0mPOST /api/interviews/predict-emotion [32m200[0m 117.349 ms - 68[0m
[0mPOST /api/interviews/predict-emotion [32m200[0m 119.181 ms - 68[0m
[0mPOST /api/interviews/predict-emotion [32m200[0m 152.458 ms - 302[0m
[0mGET /api/notifications [36m304[0m 195.540 ms - -[0m
[0mGET /api/notifications/unread/count [36m304[0m 278.173 ms - -[0m
[0mPOST /api/interviews/predict-emotion [32m200[0m 146.136 ms - 299[0m
[0mPOST /api/interviews/predict-emotion [32m200[0m 145.245 ms - 304[0m
[0mPOST /api/interviews/predict-emotion [32m200[0m 145.317 ms - 300[0m
[0mPOST /api/interviews/predict-emotion [32m200[0m 143.033 ms - 303[0m
[0mPOST /api/interviews/predict-emotion [32m200[0m 133.974 ms - 306[0m
[0mPOST /api/interviews/predict-emotion [32m200[0m 134.958 ms - 301[0m
[0mPOST /api/interviews/predict-emotion [32m200[0m 139.850 ms - 303[0m
[0mPOST /api/interviews/predict-emotion [32m200[0m 138.795 ms - 305[0m
[0mPOST /api/interviews/predict-emotion [32m200[0m 154.413 ms - 301[0m
[0mGET /api/notifications [36m304[0m 178.536 ms - -[0m
[0mGET /api/notifications/unread/count [36m304[0m 268.317 ms - -[0m
[0mPOST /api/interviews/predict-emotion [32m200[0m 232.814 ms - 306[0m
[0mPOST /api/interviews/predict-emotion [32m200[0m 138.132 ms - 304[0m
[0mPOST /api/interviews/predict-emotion [32m200[0m 129.551 ms - 302[0m
[0mPOST /api/interviews/predict-emotion [32m200[0m 149.385 ms - 302[0m
[0mPOST /api/interviews/predict-emotion [32m200[0m 141.267 ms - 302[0m
[0mPOST /api/interviews/predict-emotion [32m200[0m 156.851 ms - 304[0m
[0mPOST /api/interviews/predict-emotion [32m200[0m 132.107 ms - 304[0m
[0mPOST /api/interviews/predict-emotion [32m200[0m 157.268 ms - 304[0m
[0mGET /api/notifications [36m304[0m 192.233 ms - -[0m
[0mGET /api/notifications/unread/count [36m304[0m 255.981 ms - -[0m
[0mPOST /api/interviews/predict-emotion [32m200[0m 200.782 ms - 297[0m
[0mPOST /api/interviews/predict-emotion [32m200[0m 141.642 ms - 304[0m
[0mPOST /api/interviews/predict-emotion [32m200[0m 146.018 ms - 297[0m
[0mPOST /api/interviews/predict-emotion [32m200[0m 153.764 ms - 303[0m
[0mPOST /api/interviews/predict-emotion [32m200[0m 150.568 ms - 300[0m
[0mPOST /api/interviews/predict-emotion [32m200[0m 155.448 ms - 303[0m
[0mPOST /api/interviews/predict-emotion [32m200[0m 101.266 ms - 68[0m
[0mPOST /api/interviews/predict-emotion [32m200[0m 122.545 ms - 68[0m
[0mPOST /api/interviews/predict-emotion [32m200[0m 126.697 ms - 68[0m
[0mGET /api/notifications [36m304[0m 192.159 ms - -[0m
[0mGET /api/notifications/unread/count [36m304[0m 271.498 ms - -[0m
[0mPOST /api/interviews/predict-emotion [32m200[0m 115.818 ms - 68[0m
[0mPOST /api/interviews/predict-emotion [32m200[0m 104.457 ms - 68[0m
[0mPOST /api/interviews/predict-emotion [32m200[0m 145.869 ms - 303[0m
[0mPOST /api/interviews/predict-emotion [32m200[0m 146.121 ms - 304[0m
[0mPOST /api/interviews/predict-emotion [32m200[0m 141.488 ms - 301[0m
[0mPOST /api/interviews/predict-emotion [32m200[0m 111.628 ms - 68[0m
[0mPOST /api/interviews/predict-emotion [32m200[0m 113.858 ms - 68[0m
[0mPOST /api/interviews/predict-emotion [32m200[0m 106.586 ms - 68[0m
[0mPOST /api/interviews/predict-emotion [32m200[0m 112.147 ms - 68[0m
[0mGET /api/notifications [36m304[0m 188.636 ms - -[0m
[0mGET /api/notifications/unread/count [36m304[0m 270.505 ms - -[0m
[0mPOST /api/interviews/predict-emotion [32m200[0m 190.522 ms - 68[0m
[0mPOST /api/interviews/predict-emotion [32m200[0m 103.451 ms - 68[0m
[0mPOST /api/interviews/predict-emotion [32m200[0m 129.033 ms - 68[0m
[0mPOST /api/interviews/predict-emotion [32m200[0m 102.196 ms - 68[0m
[0mPOST /api/interviews/predict-emotion [32m200[0m 100.132 ms - 68[0m
[0mPOST /api/interviews/predict-emotion [32m200[0m 105.898 ms - 68[0m
[0mPOST /api/interviews/predict-emotion [32m200[0m 111.553 ms - 68[0m
[0mPOST /api/interviews/predict-emotion [32m200[0m 143.397 ms - 296[0m
[0mGET /api/notifications [36m304[0m 172.536 ms - -[0m
[0mGET /api/notifications/unread/count [36m304[0m 238.445 ms - -[0m
[0mPOST /api/interviews/predict-emotion [32m200[0m 209.564 ms - 303[0m
[0mPOST /api/interviews/predict-emotion [32m200[0m 150.342 ms - 304[0m
[0mPOST /api/interviews/predict-emotion [32m200[0m 169.228 ms - 298[0m
[0mPOST /api/interviews/predict-emotion [32m200[0m 102.924 ms - 68[0m
[0mPOST /api/interviews/predict-emotion [32m200[0m 111.724 ms - 68[0m
[0mPOST /api/interviews/predict-emotion [32m200[0m 98.522 ms - 68[0m
[0mPOST /api/interviews/predict-emotion [32m200[0m 101.998 ms - 68[0m
[0mPOST /api/interviews/predict-emotion [32m200[0m 125.119 ms - 68[0m
[0mPOST /api/interviews/predict-emotion [32m200[0m 99.168 ms - 68[0m
[0mGET /api/notifications [36m304[0m 181.271 ms - -[0m
[0mGET /api/notifications/unread/count [36m304[0m 247.291 ms - -[0m
[0mPOST /api/interviews/predict-emotion [32m200[0m 114.011 ms - 68[0m
[0mPOST /api/interviews/predict-emotion [32m200[0m 146.909 ms - 304[0m
[0mPOST /api/interviews/predict-emotion [32m200[0m 227.155 ms - 304[0m
[0mPATCH /api/interviews/bbdd2501-3f14-4309-9bf1-3d7dddf46faa [32m200[0m 473.497 ms - 257[0m
[0mGET /api/interviews [32m200[0m 189.986 ms - 998[0m
[0mGET /api/notifications/unread/count [32m200[0m 254.654 ms - 69[0m
[0mGET /api/notifications [32m200[0m 257.683 ms - 5381[0m
[0mGET /api/notifications [36m304[0m 262.434 ms - -[0m
[0mGET /api/notifications/unread/count [36m304[0m 267.071 ms - -[0m
[0mGET /api/notifications/unread/count [36m304[0m 307.847 ms - -[0m
[0mGET /api/notifications [36m304[0m 309.137 ms - -[0m
[0mGET /api/notifications/unread/count [36m304[0m 260.194 ms - -[0m
[0mGET /api/notifications [36m304[0m 264.922 ms - -[0m
[0mGET /api/notifications/unread/count [36m304[0m 262.288 ms - -[0m
[0mGET /api/notifications [36m304[0m 267.246 ms - -[0m
[0mGET /api/notifications [36m304[0m 266.439 ms - -[0m
[0mGET /api/notifications/unread/count [36m304[0m 288.164 ms - -[0m
[0mGET /api/notifications [36m304[0m 235.667 ms - -[0m
[0mGET /api/notifications/unread/count [36m304[0m 258.938 ms - -[0m
[0mGET /api/notifications [36m304[0m 265.944 ms - -[0m
[0mGET /api/notifications/unread/count [36m304[0m 269.666 ms - -[0m
[0mGET /api/notifications/unread/count [36m304[0m 272.757 ms - -[0m
[0mGET /api/notifications [36m304[0m 284.990 ms - -[0m
[0mGET /api/notifications/unread/count [36m304[0m 257.628 ms - -[0m
[0mGET /api/notifications [36m304[0m 277.259 ms - -[0m
[0mGET /api/notifications/unread/count [36m304[0m 333.929 ms - -[0m
[0mGET /api/notifications [36m304[0m 339.886 ms - -[0m
[0mGET /api/notifications [36m304[0m 260.439 ms - -[0m
[0mGET /api/notifications/unread/count [36m304[0m 275.598 ms - -[0m
[0mGET /api/notifications/unread/count [36m304[0m 241.511 ms - -[0m
[0mGET /api/notifications [36m304[0m 244.613 ms - -[0m
[0mGET /api/notifications/unread/count [36m304[0m 238.756 ms - -[0m
[0mGET /api/notifications [36m304[0m 245.146 ms - -[0m
[0mGET /api/notifications [36m304[0m 255.672 ms - -[0m
[0mGET /api/notifications/unread/count [36m304[0m 264.860 ms - -[0m
[0mGET /api/notifications/unread/count [36m304[0m 265.250 ms - -[0m
[0mGET /api/notifications [36m304[0m 270.872 ms - -[0m
[0mGET /api/notifications/unread/count [36m304[0m 249.966 ms - -[0m
[0mGET /api/notifications [36m304[0m 266.345 ms - -[0m
[0mGET /api/notifications/unread/count [36m304[0m 309.790 ms - -[0m
[0mGET /api/notifications [36m304[0m 311.260 ms - -[0m
[0mGET /api/notifications/unread/count [36m304[0m 312.351 ms - -[0m
[0mGET /api/notifications [36m304[0m 324.504 ms - -[0m
[0mGET /api/notifications [36m304[0m 259.014 ms - -[0m
[0mGET /api/notifications/unread/count [36m304[0m 273.326 ms - -[0m
[0mGET /api/notifications/unread/count [36m304[0m 248.294 ms - -[0m
[0mGET /api/notifications [36m304[0m 250.301 ms - -[0m
[0mGET /api/notifications/unread/count [36m304[0m 256.054 ms - -[0m
[0mGET /api/notifications [36m304[0m 281.254 ms - -[0m
[0mGET /api/notifications/unread/count [36m304[0m 264.857 ms - -[0m
[0mGET /api/notifications [36m304[0m 267.069 ms - -[0m
[0mGET /api/notifications [36m304[0m 250.425 ms - -[0m
[0mGET /api/notifications/unread/count [36m304[0m 268.077 ms - -[0m
[0mGET /api/notifications/unread/count [36m304[0m 269.482 ms - -[0m
[0mGET /api/notifications [36m304[0m 280.635 ms - -[0m
[0mGET /api/notifications [36m304[0m 248.975 ms - -[0m
[0mGET /api/notifications/unread/count [36m304[0m 260.406 ms - -[0m
[0mGET /api/notifications [36m304[0m 279.281 ms - -[0m
[0mGET /api/notifications/unread/count [36m304[0m 292.064 ms - -[0m
[0mGET /api/notifications/unread/count [36m304[0m 237.103 ms - -[0m
[0mGET /api/notifications [36m304[0m 253.418 ms - -[0m
[0mGET /api/notifications [36m304[0m 258.302 ms - -[0m
[0mGET /api/notifications/unread/count [36m304[0m 261.910 ms - -[0m
[0mGET /api/notifications [36m304[0m 255.339 ms - -[0m
[0mGET /api/notifications/unread/count [36m304[0m 256.949 ms - -[0m
[0mGET /api/notifications [36m304[0m 249.418 ms - -[0m
[0mGET /api/notifications/unread/count [36m304[0m 253.997 ms - -[0m
[0mGET /api/notifications [36m304[0m 271.816 ms - -[0m
[0mGET /api/notifications/unread/count [36m304[0m 273.337 ms - -[0m
[0mGET /api/notifications/unread/count [36m304[0m 259.831 ms - -[0m
[0mGET /api/notifications [36m304[0m 268.811 ms - -[0m
[0mGET /api/notifications [36m304[0m 267.955 ms - -[0m
[0mGET /api/notifications/unread/count [36m304[0m 270.586 ms - -[0m
[0mGET /api/notifications [36m304[0m 296.576 ms - -[0m
[0mGET /api/notifications/unread/count [36m304[0m 305.614 ms - -[0m
[0mGET /api/notifications [36m304[0m 255.531 ms - -[0m
[0mGET /api/notifications/unread/count [36m304[0m 276.587 ms - -[0m
[0mGET /api/notifications/unread/count [36m304[0m 248.071 ms - -[0m
[0mGET /api/notifications [36m304[0m 249.991 ms - -[0m
[0mGET /api/notifications [36m304[0m 256.240 ms - -[0m
[0mGET /api/notifications/unread/count [36m304[0m 283.090 ms - -[0m
[0mGET /api/notifications [36m304[0m 255.702 ms - -[0m
[0mGET /api/notifications/unread/count [36m304[0m 276.916 ms - -[0m
[0mGET /api/notifications [36m304[0m 271.429 ms - -[0m
[0mGET /api/notifications/unread/count [36m304[0m 280.074 ms - -[0m
[0mGET /api/notifications [36m304[0m 635.955 ms - -[0m
[0mGET /api/notifications/unread/count [36m304[0m 642.735 ms - -[0m
[0mGET /api/notifications/unread/count [36m304[0m 504.866 ms - -[0m
[0mGET /api/notifications [36m304[0m 512.844 ms - -[0m
[0mGET /api/notifications [36m304[0m 318.590 ms - -[0m
[0mGET /api/notifications/unread/count [36m304[0m 323.327 ms - -[0m
[0mGET /api/notifications/unread/count [36m304[0m 765.559 ms - -[0m
[0mGET /api/notifications [36m304[0m 770.154 ms - -[0m
[0mGET /api/notifications/unread/count [36m304[0m 661.167 ms - -[0m
[0mGET /api/notifications [36m304[0m 673.690 ms - -[0m
[0mGET /api/notifications/unread/count [36m304[0m 283.768 ms - -[0m
[0mGET /api/notifications [36m304[0m 292.097 ms - -[0m
[0mGET /api/notifications/unread/count [36m304[0m 636.112 ms - -[0m
[0mGET /api/notifications [36m304[0m 718.171 ms - -[0m
[0mGET /api/notifications/unread/count [36m304[0m 280.446 ms - -[0m
[0mGET /api/notifications [36m304[0m 288.260 ms - -[0m
[0mGET /api/notifications [36m304[0m 469.153 ms - -[0m
[0mGET /api/notifications/unread/count [36m304[0m 469.477 ms - -[0m
[0mGET /api/notifications [36m304[0m 305.826 ms - -[0m
[0mGET /api/notifications/unread/count [36m304[0m 310.595 ms - -[0m
[0mGET /api/notifications/unread/count [36m304[0m 404.789 ms - -[0m
[0mGET /api/notifications [36m304[0m 406.321 ms - -[0m
[0mGET /api/notifications/unread/count [36m304[0m 394.123 ms - -[0m
[0mGET /api/notifications [36m304[0m 405.615 ms - -[0m
[0mGET /api/notifications [36m304[0m 513.790 ms - -[0m
[0mGET /api/notifications/unread/count [36m304[0m 525.245 ms - -[0m
[0mGET /api/notifications/unread/count [36m304[0m 281.394 ms - -[0m
[0mGET /api/notifications [36m304[0m 282.899 ms - -[0m
[0mGET /api/notifications/unread/count [36m304[0m 743.444 ms - -[0m
[0mGET /api/notifications [36m304[0m 760.675 ms - -[0m
[0mGET /api/notifications [33m401[0m 1.212 ms - 54[0m
[0mGET /api/notifications/unread/count [33m401[0m 1.728 ms - 54[0m
[32m[nodemon] restarting due to changes...[39m
[32m[nodemon] starting `ts-node api/index.ts`[39m
‚óá injected env (25) from .env // tip: ‚åò suppress logs { quiet: true }
[Supabase] Initializing clients with URL: https://elqpbpbgzzxfovtyvuct.supabase.co
[Supabase] Admin client initialized
[Supabase] Anon client initialized
API server listening on port 8081
[32m[nodemon] restarting due to changes...[39m
[32m[nodemon] starting `ts-node api/index.ts`[39m
‚óá injected env (25) from .env // tip: ‚åÅ auth for agents [www.vestauth.com]
[Supabase] Initializing clients with URL: https://elqpbpbgzzxfovtyvuct.supabase.co
[Supabase] Admin client initialized
[Supabase] Anon client initialized
API server listening on port 8081
[Auth] Login attempt for email: student@gmail.com
[Auth] Connecting to Supabase at: https://elqpbpbgzzxfovtyvuct.supabase.co
[Auth] Login successful for student@gmail.com
[0mPOST /api/auth/login [32m200[0m 1282.995 ms - 2384[0m
[0mGET /api/skills [36m304[0m 430.938 ms - -[0m
[0mGET /api/notifications [36m304[0m 463.986 ms - -[0m
[0mGET /api/skills/user [36m304[0m 516.386 ms - -[0m
[0mGET /api/skills/assessments [36m304[0m 516.660 ms - -[0m
[0mGET /api/github/status [36m304[0m 552.341 ms - -[0m
[0mGET /api/notifications/unread/count [36m304[0m 563.462 ms - -[0m
[0mGET /api/notifications [36m304[0m 519.894 ms - -[0m
[0mGET /api/skills [36m304[0m 526.112 ms - -[0m
[0mGET /api/skills/assessments [36m304[0m 528.092 ms - -[0m
[0mGET /api/notifications/unread/count [36m304[0m 489.069 ms - -[0m
[0mGET /api/skills/user [36m304[0m 541.569 ms - -[0m
[0mGET /api/github/status [36m304[0m 523.552 ms - -[0m
[0mPOST /api/skills/forecast [32m200[0m 316.590 ms - 1082[0m
[0mGET /api/notifications/unread/count [32m200[0m 201.572 ms - 69[0m
[0mGET /api/notifications [32m200[0m 207.437 ms - 7342[0m
[0mGET /api/notifications [36m304[0m 250.347 ms - -[0m
[0mGET /api/notifications/unread/count [36m304[0m 256.487 ms - -[0m
[0mGET /api/notifications/unread/count [36m304[0m 260.785 ms - -[0m
[0mGET /api/notifications [36m304[0m 262.695 ms - -[0m
[0mGET /api/notifications [36m304[0m 258.954 ms - -[0m
[0mGET /api/notifications/unread/count [36m304[0m 273.649 ms - -[0m
[Auth] Login attempt for email: student@gmail.com
[Auth] Connecting to Supabase at: https://elqpbpbgzzxfovtyvuct.supabase.co
[Auth] Login successful for student@gmail.com
[0mPOST /api/auth/login [32m200[0m 445.965 ms - 2384[0m
[0mGET /api/notifications [36m304[0m 189.559 ms - -[0m
[0mGET /api/notifications/unread/count [36m304[0m 239.900 ms - -[0m
[0mGET /api/skills/assessments [36m304[0m 243.702 ms - -[0m
[0mGET /api/skills/user [36m304[0m 244.055 ms - -[0m
[0mGET /api/skills [36m304[0m 259.955 ms - -[0m
[0mGET /api/github/status [36m304[0m 292.926 ms - -[0m
[0mGET /api/notifications [36m304[0m 216.090 ms - -[0m
[0mGET /api/skills/assessments [36m304[0m 192.269 ms - -[0m
[0mGET /api/skills [36m304[0m 205.584 ms - -[0m
[0mGET /api/skills/user [36m304[0m 224.531 ms - -[0m
[0mGET /api/github/status [36m304[0m 177.263 ms - -[0m
[0mGET /api/notifications/unread/count [36m304[0m 285.981 ms - -[0m
[0mGET /api/notifications/unread/count [36m304[0m 229.575 ms - -[0m
[0mGET /api/notifications [36m304[0m 239.914 ms - -[0m
[0mPOST /api/skills/forecast [32m200[0m 271.677 ms - 1082[0m
[0mGET /api/notifications/unread/count [36m304[0m 250.590 ms - -[0m
[0mGET /api/notifications [36m304[0m 255.443 ms - -[0m
[0mGET /api/notifications/unread/count [36m304[0m 308.301 ms - -[0m
[0mGET /api/notifications [36m304[0m 332.769 ms - -[0m
[0mGET /api/notifications/unread/count [36m304[0m 240.556 ms - -[0m
[0mGET /api/notifications [36m304[0m 247.891 ms - -[0m
[0mGET /api/notifications/unread/count [36m304[0m 279.146 ms - -[0m
[0mGET /api/notifications [36m304[0m 430.858 ms - -[0m
[0mGET /api/notifications/unread/count [36m304[0m 311.872 ms - -[0m
[0mGET /api/notifications [36m304[0m 313.480 ms - -[0m
[0mGET /api/notifications [36m304[0m 324.596 ms - -[0m
[0mGET /api/notifications/unread/count [36m304[0m 325.777 ms - -[0m
[0mGET /api/notifications/unread/count [36m304[0m 235.077 ms - -[0m
[0mGET /api/notifications [36m304[0m 265.852 ms - -[0m
[0mGET /api/notifications [36m304[0m 306.114 ms - -[0m
[0mGET /api/notifications/unread/count [36m304[0m 419.564 ms - -[0m
[0mGET /api/skills/assessments [36m304[0m 454.017 ms - -[0m
[0mGET /api/skills/user [36m304[0m 468.697 ms - -[0m
[0mGET /api/github/status [36m304[0m 481.717 ms - -[0m
[0mGET /api/skills [36m304[0m 494.006 ms - -[0m
[0mGET /api/skills/user [36m304[0m 182.905 ms - -[0m
[0mGET /api/github/status [36m304[0m 229.372 ms - -[0m
[0mGET /api/skills [36m304[0m 228.601 ms - -[0m
[0mGET /api/skills/assessments [36m304[0m 301.295 ms - -[0m
[0mPOST /api/skills/forecast [32m200[0m 332.214 ms - 1082[0m
[0mGET /api/notifications/unread/count [36m304[0m 277.228 ms - -[0m
[0mGET /api/notifications [36m304[0m 280.775 ms - -[0m
[0mGET /api/notifications/unread/count [36m304[0m 249.797 ms - -[0m
[0mGET /api/notifications [36m304[0m 252.975 ms - -[0m
[0mGET /api/notifications/unread/count [36m304[0m 262.581 ms - -[0m
[0mGET /api/notifications [36m304[0m 264.998 ms - -[0m
[0mPOST /api/skills/forecast [32m200[0m 311.147 ms - 1212[0m
[0mGET /api/notifications [32m200[0m 272.760 ms - 9323[0m
[0mGET /api/notifications/unread/count [32m200[0m 281.144 ms - 69[0m
[0mPOST /api/skills/forecast [32m200[0m 206.144 ms - 1212[0m
[0mGET /api/notifications [36m304[0m 234.442 ms - -[0m
[0mGET /api/notifications/unread/count [36m304[0m 256.134 ms - -[0m
[0mGET /api/notifications/unread/count [36m304[0m 269.719 ms - -[0m
[0mGET /api/notifications [36m304[0m 271.540 ms - -[0m
[0mPOST /api/skills/forecast [32m200[0m 320.697 ms - 1212[0m
[0mGET /api/notifications [36m304[0m 181.025 ms - -[0m
[0mGET /api/notifications/unread/count [36m304[0m 242.540 ms - -[0m
[0mGET /api/notifications/unread/count [36m304[0m 385.777 ms - -[0m
[0mGET /api/notifications [36m304[0m 387.235 ms - -[0m
[0mGET /api/notifications/unread/count [36m304[0m 234.736 ms - -[0m
[0mGET /api/notifications [36m304[0m 257.040 ms - -[0m
[0mDELETE /api/skills/user/79287d79-1e55-4117-928f-ac218bd2c14f [32m200[0m 365.465 ms - 66[0m
[0mGET /api/notifications [36m304[0m 183.178 ms - -[0m
[0mGET /api/notifications/unread/count [36m304[0m 230.068 ms - -[0m
[0mPOST /api/skills/forecast [32m200[0m 207.224 ms - 2272[0m
[0mGET /api/notifications [36m304[0m 262.781 ms - -[0m
[0mGET /api/notifications/unread/count [36m304[0m 276.133 ms - -[0m
[0mGET /api/notifications [36m304[0m 228.725 ms - -[0m
[0mGET /api/notifications/unread/count [36m304[0m 252.415 ms - -[0m
[0mGET /api/notifications [36m304[0m 308.492 ms - -[0m
[0mGET /api/notifications/unread/count [36m304[0m 312.828 ms - -[0m
[0mGET /api/notifications/unread/count [36m304[0m 715.260 ms - -[0m
[0mGET /api/notifications [36m304[0m 717.203 ms - -[0m
[0mDELETE /api/skills/user/f59f3fb5-465e-4dea-90de-f10e059e9932 [32m200[0m 302.699 ms - 66[0m
[0mPOST /api/skills/forecast [32m200[0m 503.162 ms - 2272[0m
[0mGET /api/notifications/unread/count [36m304[0m 819.105 ms - -[0m
[0mGET /api/notifications [36m304[0m 826.641 ms - -[0m
[0mDELETE /api/skills/user/9cd5d827-6ea0-47fd-99cc-27c8e15a3eb1 [32m200[0m 284.853 ms - 66[0m
[0mPOST /api/skills/forecast [32m200[0m 218.897 ms - 2272[0m
[0mGET /api/notifications/unread/count [36m304[0m 346.357 ms - -[0m
[0mGET /api/notifications [36m304[0m 367.732 ms - -[0m
[0mPOST /api/skills/user [32m201[0m 249.131 ms - 432[0m
[0mGET /api/notifications [36m304[0m 206.691 ms - -[0m
[0mGET /api/notifications/unread/count [36m304[0m 265.835 ms - -[0m
[0mPOST /api/skills/forecast [32m200[0m 329.020 ms - 1171[0m
[0mGET /api/notifications [36m304[0m 245.855 ms - -[0m
[0mGET /api/notifications/unread/count [36m304[0m 261.299 ms - -[0m
[0mGET /api/notifications [36m304[0m 526.093 ms - -[0m
[0mGET /api/notifications/unread/count [36m304[0m 527.201 ms - -[0m
[0mGET /api/notifications/unread/count [36m304[0m 251.735 ms - -[0m
[0mGET /api/notifications [36m304[0m 253.977 ms - -[0m
[0mGET /api/notifications/unread/count [36m304[0m 269.841 ms - -[0m
[0mGET /api/notifications [36m304[0m 271.921 ms - -[0m
[0mGET /api/notifications/unread/count [36m304[0m 390.743 ms - -[0m
[0mGET /api/notifications [36m304[0m 393.820 ms - -[0m
[0mGET /api/notifications [36m304[0m 316.057 ms - -[0m
[0mGET /api/notifications/unread/count [36m304[0m 322.946 ms - -[0m
[0mGET /api/career/roadmap [36m304[0m 255.379 ms - -[0m
[0mGET /api/skills/user [32m200[0m 251.275 ms - 493[0m
[0mGET /api/cv [36m304[0m 269.249 ms - -[0m
[0mGET /api/career/goal [36m304[0m 279.544 ms - -[0m
[0mGET /api/career/roadmap [36m304[0m 182.138 ms - -[0m
[0mGET /api/skills/user [36m304[0m 177.377 ms - -[0m
[0mGET /api/cv [36m304[0m 169.782 ms - -[0m
[0mGET /api/career/goal [36m304[0m 169.513 ms - -[0m
[0mGET /api/cv [36m304[0m 164.783 ms - -[0m
[0mGET /api/cv [36m304[0m 159.582 ms - -[0m
[0mGET /api/skills [36m304[0m 225.946 ms - -[0m
[0mGET /api/github/status [36m304[0m 227.307 ms - -[0m
[0mGET /api/skills/user [36m304[0m 242.971 ms - -[0m
[0mGET /api/skills/assessments [36m304[0m 230.353 ms - -[0m
[0mGET /api/github/status [36m304[0m 190.016 ms - -[0m
[0mGET /api/skills [36m304[0m 213.096 ms - -[0m
[0mGET /api/skills/user [36m304[0m 206.214 ms - -[0m
[0mGET /api/skills/assessments [36m304[0m 217.772 ms - -[0m
[0mGET /api/notifications/unread/count [36m304[0m 193.337 ms - -[0m
[0mGET /api/notifications [36m304[0m 198.653 ms - -[0m
[0mGET /api/github/auth-url [32m200[0m 108.006 ms - 204[0m
[0mGET /api/github/status [36m304[0m 681.975 ms - -[0m
[0mGET /api/notifications/unread/count [36m304[0m 709.500 ms - -[0m
[0mGET /api/skills/assessments [36m304[0m 700.978 ms - -[0m
[0mGET /api/skills [36m304[0m 705.348 ms - -[0m
[0mGET /api/skills/user [36m304[0m 709.240 ms - -[0m
[0mGET /api/notifications [36m304[0m 718.442 ms - -[0m
[0mGET /api/github/status [36m304[0m 164.481 ms - -[0m
[0mGET /api/skills/assessments [36m304[0m 181.326 ms - -[0m
[0mGET /api/skills/user [36m304[0m 183.185 ms - -[0m
[0mGET /api/skills [36m304[0m 191.515 ms - -[0m
[0mGET /api/notifications [36m304[0m 262.738 ms - -[0m
[0mGET /api/notifications/unread/count [36m304[0m 282.040 ms - -[0m
[0mPOST /api/skills/user [32m201[0m 303.314 ms - 435[0m
[0mPOST /api/skills/forecast [32m200[0m 677.842 ms - 1457[0m
[0mGET /api/notifications [36m304[0m 203.722 ms - -[0m
[0mGET /api/notifications/unread/count [36m304[0m 247.574 ms - -[0m
[0mGET /api/notifications [36m304[0m 229.567 ms - -[0m
[0mGET /api/notifications/unread/count [36m304[0m 257.117 ms - -[0m
[0mGET /api/notifications/unread/count [36m304[0m 355.730 ms - -[0m
[0mGET /api/notifications [36m304[0m 358.800 ms - -[0m
[0mGET /api/notifications/unread/count [36m304[0m 800.003 ms - -[0m
[0mGET /api/notifications [36m304[0m 803.075 ms - -[0m
[0mGET /api/notifications/unread/count [36m304[0m 267.193 ms - -[0m
[0mGET /api/notifications [36m304[0m 269.128 ms - -[0m
[0mGET /api/notifications [36m304[0m 250.027 ms - -[0m
[0mGET /api/notifications/unread/count [36m304[0m 307.451 ms - -[0m
[0mGET /api/notifications/unread/count [36m304[0m 296.535 ms - -[0m
[0mGET /api/notifications [36m304[0m 298.615 ms - -[0m
[32m[nodemon] restarting due to changes...[39m
[32m[nodemon] starting `ts-node api/index.ts`[39m
[32m[nodemon] restarting due to changes...[39m
[32m[nodemon] starting `ts-node api/index.ts`[39m
‚óá injected env (25) from .env // tip: ‚óà secrets for agents [www.dotenvx.com]
[Supabase] Initializing clients with URL: https://elqpbpbgzzxfovtyvuct.supabase.co
[Supabase] Admin client initialized
[Supabase] Anon client initialized
API server listening on port 8081
[32m[nodemon] restarting due to changes...[39m
[32m[nodemon] starting `ts-node api/index.ts`[39m
‚óá injected env (25) from .env // tip: ‚åò enable debugging { debug: true }
[Supabase] Initializing clients with URL: https://elqpbpbgzzxfovtyvuct.supabase.co
[Supabase] Admin client initialized
[Supabase] Anon client initialized
API server listening on port 8081
[0mGET /api/progress [32m200[0m 895.267 ms - 688[0m
[0mGET /api/progress/milestones [32m200[0m 878.534 ms - 1810[0m
[0mGET /api/progress/milestones [36m304[0m 209.702 ms - -[0m
[0mGET /api/progress [36m304[0m 217.506 ms - -[0m
[0mGET /api/notifications/unread/count [36m304[0m 268.038 ms - -[0m
[0mGET /api/notifications [36m304[0m 270.735 ms - -[0m
[0mGET /api/notifications [36m304[0m 179.943 ms - -[0m
[0mGET /api/notifications/unread/count [36m304[0m 276.582 ms - -[0m
[0mGET /api/notifications [36m304[0m 202.646 ms - -[0m
[0mGET /api/notifications/preferences [32m200[0m 496.679 ms - 256[0m
[0mGET /api/notifications/unread/count [36m304[0m 368.993 ms - -[0m
[0mGET /api/notifications/preferences [36m304[0m 558.197 ms - -[0m
[32m[nodemon] restarting due to changes...[39m
[32m[nodemon] starting `ts-node api/index.ts`[39m
‚óá injected env (25) from .env // tip: ‚åò enable debugging { debug: true }
[Supabase] Initializing clients with URL: https://elqpbpbgzzxfovtyvuct.supabase.co
[Supabase] Admin client initialized
[Supabase] Anon client initialized
/Users/dulina/Documents/OutSourse/Research Projects/RP01/R26-IT-128/backend/node_modules/ts-node/src/index.ts:859
    return new TSError(diagnosticText, diagnosticCodes, diagnostics);
           ^
TSError: ‚®Ø Unable to compile TypeScript:
src/services/github.service.ts(32,21): error TS2339: Property 'SERVICE_UNAVAILABLE' does not exist on type '{ readonly OK: 200; readonly CREATED: 201; readonly NO_CONTENT: 204; readonly BAD_REQUEST: 400; readonly UNAUTHORIZED: 401; readonly FORBIDDEN: 403; readonly NOT_FOUND: 404; readonly CONFLICT: 409; readonly UNPROCESSABLE_ENTITY: 422; readonly INTERNAL_SERVER_ERROR: 500; }'.

    at createTSError (/Users/dulina/Documents/OutSourse/Research Projects/RP01/R26-IT-128/backend/node_modules/ts-node/src/index.ts:859:12)
    at reportTSError (/Users/dulina/Documents/OutSourse/Research Projects/RP01/R26-IT-128/backend/node_modules/ts-node/src/index.ts:863:19)
    at getOutput (/Users/dulina/Documents/OutSourse/Research Projects/RP01/R26-IT-128/backend/node_modules/ts-node/src/index.ts:1077:36)
    at Object.compile (/Users/dulina/Documents/OutSourse/Research Projects/RP01/R26-IT-128/backend/node_modules/ts-node/src/index.ts:1433:41)
    at Module.m._compile (/Users/dulina/Documents/OutSourse/Research Projects/RP01/R26-IT-128/backend/node_modules/ts-node/src/index.ts:1617:30)
    at node:internal/modules/cjs/loader:1871:10
    at Object.require.extensions.<computed> [as .ts] (/Users/dulina/Documents/OutSourse/Research Projects/RP01/R26-IT-128/backend/node_modules/ts-node/src/index.ts:1621:12)
    at Module.load (node:internal/modules/cjs/loader:1470:32)
    at Module._load (node:internal/modules/cjs/loader:1290:12)
    at TracingChannel.traceSync (node:diagnostics_channel:322:14) {
  diagnosticCodes: [ 2339 ]
}
[31m[nodemon] app crashed - waiting for file changes before starting...[39m
[32m[nodemon] restarting due to changes...[39m
[32m[nodemon] starting `ts-node api/index.ts`[39m
[32m[nodemon] restarting due to changes...[39m
[32m[nodemon] starting `ts-node api/index.ts`[39m
‚óá injected env (25) from .env // tip: ‚åò enable debugging { debug: true }
[Supabase] Initializing clients with URL: https://elqpbpbgzzxfovtyvuct.supabase.co
[Supabase] Admin client initialized
[Supabase] Anon client initialized
API server listening on port 8081
[0mGET /api/notifications/unread/count [36m304[0m 1131.362 ms - -[0m
[0mGET /api/notifications [36m304[0m 1112.662 ms - -[0m
[0mGET /api/notifications/unread/count [36m304[0m 215.749 ms - -[0m
[0mGET /api/notifications [36m304[0m 253.227 ms - -[0m
[0mGET /api/notifications [36m304[0m 924.011 ms - -[0m
[0mGET /api/notifications/unread/count [36m304[0m 931.764 ms - -[0m
[0mGET /api/notifications [36m304[0m 569.311 ms - -[0m
[0mGET /api/notifications/unread/count [36m304[0m 955.354 ms - -[0m
[0mGET /api/notifications [36m304[0m 408.604 ms - -[0m
[0mGET /api/notifications/unread/count [36m304[0m 407.815 ms - -[0m
[0mGET /api/notifications [36m304[0m 641.614 ms - -[0m
[0mGET /api/notifications/unread/count [36m304[0m 1251.364 ms - -[0m
[0mGET /api/notifications/unread/count [36m304[0m 707.254 ms - -[0m
[0mGET /api/notifications [36m304[0m 733.963 ms - -[0m
[0mGET /api/notifications [36m304[0m 577.685 ms - -[0m
[0mGET /api/notifications/unread/count [36m304[0m 1012.934 ms - -[0m
[0mGET /api/notifications [36m304[0m 243.315 ms - -[0m
[0mGET /api/notifications/unread/count [36m304[0m 258.493 ms - -[0m
[0mGET /api/notifications [36m304[0m 187.604 ms - -[0m
[0mGET /api/notifications/unread/count [36m304[0m 278.881 ms - -[0m
[0mGET /api/notifications/unread/count [36m304[0m 249.144 ms - -[0m
[0mGET /api/notifications [36m304[0m 266.577 ms - -[0m
[0mGET /api/notifications [36m304[0m 198.353 ms - -[0m
[0mGET /api/notifications/unread/count [36m304[0m 325.822 ms - -[0m
[0mGET /api/notifications/unread/count [36m304[0m 430.285 ms - -[0m
[0mGET /api/notifications [36m304[0m 433.336 ms - -[0m
[0mGET /api/notifications [36m304[0m 171.676 ms - -[0m
[0mGET /api/notifications/unread/count [36m304[0m 232.921 ms - -[0m
[0mGET /api/notifications/unread/count [36m304[0m 344.583 ms - -[0m
[0mGET /api/notifications [36m304[0m 349.799 ms - -[0m
[0mGET /api/notifications/unread/count [36m304[0m 181.679 ms - -[0m
[0mGET /api/notifications [36m304[0m 265.713 ms - -[0m
[0mGET /api/notifications/unread/count [36m304[0m 270.799 ms - -[0m
[0mGET /api/notifications [36m304[0m 274.149 ms - -[0m
[0mGET /api/notifications/unread/count [36m304[0m 193.544 ms - -[0m
[0mGET /api/notifications [36m304[0m 331.101 ms - -[0m

> backend@1.0.0 dev
> nodemon --watch src --watch api --ext ts --exec ts-node api/index.ts

[33m[nodemon] 3.1.14[39m
[33m[nodemon] to restart at any time, enter `rs`[39m
[33m[nodemon] watching path(s): src/**/* api/**/*[39m
[33m[nodemon] watching extensions: ts[39m
[32m[nodemon] starting `ts-node api/index.ts`[39m
‚óá injected env (25) from .env // tip: ‚åÅ auth for agents [www.vestauth.com]
[Supabase] Initializing clients with URL: https://elqpbpbgzzxfovtyvuct.supabase.co
[Supabase] Admin client initialized
[Supabase] Anon client initialized
API server listening on port 8081
[0mGET /api/notifications/preferences [36m304[0m 1086.326 ms - -[0m
[0mGET /api/notifications/unread/count [36m304[0m 1090.753 ms - -[0m
[0mGET /api/notifications [36m304[0m 1131.686 ms - -[0m
[0mGET /api/notifications/preferences [36m304[0m 183.622 ms - -[0m
[0mGET /api/notifications [36m304[0m 176.151 ms - -[0m
[0mGET /api/notifications/unread/count [36m304[0m 275.758 ms - -[0m
[0mGET /api/notifications [36m304[0m 246.478 ms - -[0m
[0mGET /api/notifications/unread/count [36m304[0m 169.769 ms - -[0m
[0mGET /api/notifications/unread/count [36m304[0m 390.065 ms - -[0m
[0mGET /api/notifications [36m304[0m 394.482 ms - -[0m
[0mGET /api/notifications/unread/count [36m304[0m 288.359 ms - -[0m
[0mGET /api/notifications [36m304[0m 538.723 ms - -[0m
[0mGET /api/notifications/unread/count [36m304[0m 247.848 ms - -[0m
[0mGET /api/notifications [36m304[0m 274.153 ms - -[0m
[0mGET /api/notifications [36m304[0m 192.871 ms - -[0m
[0mGET /api/notifications/unread/count [36m304[0m 255.568 ms - -[0m
[0mGET /api/notifications/unread/count [36m304[0m 232.132 ms - -[0m
[0mGET /api/notifications [36m304[0m 242.173 ms - -[0m
[0mGET /api/notifications [36m304[0m 171.880 ms - -[0m
[0mGET /api/notifications/unread/count [36m304[0m 237.121 ms - -[0m
[0mGET /api/notifications/unread/count [36m304[0m 288.731 ms - -[0m
[0mGET /api/notifications [36m304[0m 297.861 ms - -[0m
[0mGET /api/notifications [36m304[0m 183.042 ms - -[0m
[0mGET /api/notifications/unread/count [36m304[0m 234.057 ms - -[0m
[0mGET /api/notifications [36m304[0m 242.733 ms - -[0m
[0mGET /api/notifications/unread/count [36m304[0m 262.110 ms - -[0m
[0mGET /api/notifications [36m304[0m 166.776 ms - -[0m
[0mGET /api/notifications/unread/count [36m304[0m 246.582 ms - -[0m
[0mGET /api/career/roadmap [36m304[0m 323.747 ms - -[0m
[0mGET /api/career/goal [36m304[0m 454.820 ms - -[0m
[0mGET /api/skills/user [32m200[0m 465.194 ms - 916[0m
[0mGET /api/career/roadmap [36m304[0m 265.061 ms - -[0m
[0mGET /api/cv [36m304[0m 740.204 ms - -[0m
[0mGET /api/career/goal [36m304[0m 304.670 ms - -[0m
[0mGET /api/skills/user [36m304[0m 279.625 ms - -[0m
[0mGET /api/cv [36m304[0m 184.012 ms - -[0m
[0mGET /api/skills/user [36m304[0m 167.083 ms - -[0m
[0mGET /api/skills [36m304[0m 177.611 ms - -[0m
[0mGET /api/github/status [36m304[0m 187.430 ms - -[0m
[0mGET /api/skills/assessments [36m304[0m 192.095 ms - -[0m
[0mGET /api/skills/user [36m304[0m 177.189 ms - -[0m
[0mGET /api/skills [36m304[0m 165.133 ms - -[0m
[0mGET /api/github/status [36m304[0m 169.487 ms - -[0m
[0mGET /api/skills/assessments [36m304[0m 166.467 ms - -[0m
[0mGET /api/github/auth-url [32m200[0m 113.208 ms - 279[0m
[0mGET /api/github/callback?code=79ef4204059a27ed8081&state=487a77b0-eb85-4cf9-8208-a7486e9826bc [36m302[0m 1564.456 ms - 73[0m
[0mGET /api/notifications/unread/count [36m304[0m 190.742 ms - -[0m
[0mGET /api/skills/assessments [36m304[0m 283.256 ms - -[0m
[0mGET /api/github/status [32m200[0m 320.103 ms - 151[0m
[0mGET /api/skills [36m304[0m 331.821 ms - -[0m
[0mGET /api/skills/user [36m304[0m 305.469 ms - -[0m
[0mGET /api/notifications [36m304[0m 374.167 ms - -[0m
[0mGET /api/skills/assessments [36m304[0m 219.568 ms - -[0m
[0mGET /api/github/status [36m304[0m 215.307 ms - -[0m
[0mGET /api/skills [36m304[0m 206.580 ms - -[0m
[0mGET /api/skills/user [36m304[0m 203.704 ms - -[0m
[0mGET /api/github/status [36m304[0m 165.078 ms - -[0m
[0mPOST /api/github/verify-skills [32m200[0m 4787.897 ms - 113[0m
[0mGET /api/skills/user [32m200[0m 180.415 ms - 917[0m
[0mGET /api/notifications/unread/count [36m304[0m 169.163 ms - -[0m
[0mGET /api/notifications [36m304[0m 173.448 ms - -[0m
[0mGET /api/notifications/unread/count [36m304[0m 272.864 ms - -[0m
[0mGET /api/notifications [36m304[0m 285.412 ms - -[0m
[0mPOST /api/skills/forecast [32m200[0m 480.570 ms - 1457[0m
[0mGET /api/notifications [36m304[0m 216.923 ms - -[0m
[0mGET /api/notifications/unread/count [36m304[0m 354.081 ms - -[0m
[0mGET /api/notifications/unread/count [36m304[0m 322.205 ms - -[0m
[0mGET /api/notifications [36m304[0m 333.752 ms - -[0m
[0mGET /api/notifications/unread/count [36m304[0m 257.526 ms - -[0m
[0mGET /api/notifications [36m304[0m 270.294 ms - -[0m
[0mGET /api/notifications [36m304[0m 515.136 ms - -[0m
[0mGET /api/notifications/unread/count [36m304[0m 521.267 ms - -[0m
[0mGET /api/notifications/unread/count [36m304[0m 266.660 ms - -[0m
[0mGET /api/notifications [36m304[0m 270.197 ms - -[0m
[0mGET /api/notifications [36m304[0m 254.400 ms - -[0m
[0mGET /api/notifications/unread/count [36m304[0m 257.856 ms - -[0m
[0mGET /api/notifications/unread/count [36m304[0m 488.928 ms - -[0m
[0mGET /api/notifications [36m304[0m 491.345 ms - -[0m
[0mGET /api/notifications [36m304[0m 275.738 ms - -[0m
[0mGET /api/notifications/unread/count [36m304[0m 278.749 ms - -[0m
[0mGET /api/notifications/unread/count [36m304[0m 244.679 ms - -[0m
[0mGET /api/notifications [36m304[0m 246.587 ms - -[0m
[0mGET /api/notifications [36m304[0m 245.610 ms - -[0m
[0mGET /api/notifications/unread/count [36m304[0m 255.878 ms - -[0m
[0mGET /api/notifications/unread/count [36m304[0m 257.387 ms - -[0m
[0mGET /api/notifications [36m304[0m 259.350 ms - -[0m
[0mGET /api/notifications/unread/count [36m304[0m 617.330 ms - -[0m
[0mGET /api/notifications [36m304[0m 619.247 ms - -[0m
[0mGET /api/notifications [36m304[0m 630.940 ms - -[0m
[0mGET /api/notifications/unread/count [36m304[0m 632.953 ms - -[0m
[0mGET /api/notifications/unread/count [36m304[0m 391.017 ms - -[0m
[0mGET /api/notifications [36m304[0m 391.163 ms - -[0m
[0mGET /api/notifications/unread/count [36m304[0m 208.737 ms - -[0m
[0mGET /api/notifications [36m304[0m 263.808 ms - -[0m
[0mGET /api/cv [36m304[0m 169.613 ms - -[0m
[0mGET /api/cv [36m304[0m 190.411 ms - -[0m
[0mGET /api/notifications/unread/count [36m304[0m 267.457 ms - -[0m
[0mGET /api/notifications [36m304[0m 270.504 ms - -[0m
[0mGET /api/notifications/unread/count [36m304[0m 306.546 ms - -[0m
[0mGET /api/notifications [36m304[0m 320.380 ms - -[0m
[0mGET /api/notifications/unread/count [36m304[0m 306.982 ms - -[0m
[0mGET /api/notifications [36m304[0m 310.551 ms - -[0m
[0mGET /api/cv [36m304[0m 165.685 ms - -[0m
[0mGET /api/career/roadmap [36m304[0m 251.165 ms - -[0m
[0mGET /api/career/goal [36m304[0m 264.212 ms - -[0m
[0mGET /api/skills/user [36m304[0m 259.956 ms - -[0m
[0mGET /api/cv [36m304[0m 174.797 ms - -[0m
[0mGET /api/career/roadmap [36m304[0m 190.290 ms - -[0m
[0mGET /api/skills/user [36m304[0m 243.001 ms - -[0m
[0mGET /api/career/goal [36m304[0m 246.029 ms - -[0m
[0mGET /api/skills/assessments [36m304[0m 380.347 ms - -[0m
[0mGET /api/skills/user [36m304[0m 402.902 ms - -[0m
[0mGET /api/github/status [36m304[0m 390.123 ms - -[0m
[0mGET /api/skills [36m304[0m 400.085 ms - -[0m
[0mGET /api/skills/assessments [36m304[0m 174.687 ms - -[0m
[0mGET /api/github/status [36m304[0m 193.780 ms - -[0m
[0mGET /api/skills/user [36m304[0m 197.219 ms - -[0m
[0mGET /api/skills [36m304[0m 197.582 ms - -[0m
[0mGET /api/notifications [36m304[0m 171.527 ms - -[0m
[0mGET /api/notifications/unread/count [36m304[0m 230.387 ms - -[0m
[0mPOST /api/github/verify-skills [32m200[0m 2788.311 ms - 113[0m
[0mGET /api/skills/user [32m200[0m 202.497 ms - 917[0m
[0mGET /api/notifications [36m304[0m 340.650 ms - -[0m
[0mGET /api/notifications/unread/count [36m304[0m 342.575 ms - -[0m
[0mPOST /api/skills/forecast [32m200[0m 420.855 ms - 1457[0m
[0mGET /api/notifications [36m304[0m 175.937 ms - -[0m
[0mGET /api/notifications/unread/count [36m304[0m 254.924 ms - -[0m
[0mGET /api/notifications [36m304[0m 242.200 ms - -[0m
[0mGET /api/notifications/unread/count [36m304[0m 253.953 ms - -[0m
[0mGET /api/notifications/unread/count [36m304[0m 239.519 ms - -[0m
[0mGET /api/notifications [36m304[0m 243.542 ms - -[0m
[0mPOST /api/skills/user [32m201[0m 379.729 ms - 441[0m
[0mPOST /api/github/verify-skills [32m200[0m 3124.959 ms - 113[0m
[0mGET /api/skills/user [32m200[0m 422.974 ms - 1357[0m
[0mPOST /api/skills/forecast [32m200[0m 200.508 ms - 1800[0m
[0mGET /api/notifications [36m304[0m 233.268 ms - -[0m
[0mGET /api/notifications/unread/count [36m304[0m 323.796 ms - -[0m
[0mGET /api/notifications [36m304[0m 240.060 ms - -[0m
[0mGET /api/notifications/unread/count [36m304[0m 254.977 ms - -[0m
[0mGET /api/notifications [36m304[0m 258.393 ms - -[0m
[0mGET /api/notifications/unread/count [36m304[0m 261.175 ms - -[0m
[0mGET /api/notifications [36m304[0m 791.474 ms - -[0m
[0mGET /api/notifications/unread/count [36m304[0m 793.328 ms - -[0m
[0mGET /api/notifications [36m304[0m 297.125 ms - -[0m
[0mGET /api/notifications/unread/count [36m304[0m 298.265 ms - -[0m
[0mGET /api/cv [36m304[0m 445.428 ms - -[0m
[0mGET /api/cv [36m304[0m 395.911 ms - -[0m
[0mGET /api/notifications [36m304[0m 194.847 ms - -[0m
[0mGET /api/notifications/unread/count [36m304[0m 259.412 ms - -[0m
[0mGET /api/notifications/unread/count [36m304[0m 473.387 ms - -[0m
[0mGET /api/notifications [36m304[0m 502.108 ms - -[0m
[0mGET /api/notifications/unread/count [36m304[0m 242.625 ms - -[0m
[0mGET /api/notifications [36m304[0m 244.381 ms - -[0m
[0mGET /api/notifications [36m304[0m 265.627 ms - -[0m
[0mGET /api/notifications/unread/count [36m304[0m 267.199 ms - -[0m
[0mGET /api/notifications [36m304[0m 246.108 ms - -[0m
[0mGET /api/notifications/unread/count [36m304[0m 257.605 ms - -[0m
[0mGET /api/notifications [36m304[0m 250.543 ms - -[0m
[0mGET /api/notifications/unread/count [36m304[0m 267.111 ms - -[0m
[0mGET /api/notifications/unread/count [36m304[0m 307.636 ms - -[0m
[0mGET /api/notifications [36m304[0m 317.784 ms - -[0m
[0mGET /api/skills [36m304[0m 350.100 ms - -[0m
[0mGET /api/github/status [36m304[0m 485.295 ms - -[0m
[0mGET /api/skills/assessments [36m304[0m 496.848 ms - -[0m
[0mGET /api/skills/user [36m304[0m 507.776 ms - -[0m
[0mGET /api/skills [36m304[0m 177.217 ms - -[0m
[0mGET /api/github/status [36m304[0m 172.967 ms - -[0m
[0mGET /api/skills/assessments [36m304[0m 206.860 ms - -[0m
[0mGET /api/skills/user [36m304[0m 209.032 ms - -[0m
[0mGET /api/notifications/unread/count [36m304[0m 307.690 ms - -[0m
[0mGET /api/notifications [36m304[0m 311.747 ms - -[0m
[0mPOST /api/skills/forecast [32m200[0m 408.271 ms - 1800[0m
[0mGET /api/notifications [36m304[0m 265.139 ms - -[0m
[0mGET /api/notifications/unread/count [36m304[0m 279.449 ms - -[0m
[0mGET /api/notifications/unread/count [36m304[0m 235.443 ms - -[0m
[0mGET /api/notifications [36m304[0m 244.266 ms - -[0m
[0mGET /api/notifications/unread/count [36m304[0m 235.125 ms - -[0m
[0mGET /api/notifications [36m304[0m 251.981 ms - -[0m
[0mGET /api/notifications [36m304[0m 245.280 ms - -[0m
[0mGET /api/notifications/unread/count [36m304[0m 278.069 ms - -[0m
[0mGET /api/notifications [36m304[0m 377.928 ms - -[0m
[0mGET /api/notifications/unread/count [36m304[0m 385.312 ms - -[0m
[0mGET /api/notifications/unread/count [36m304[0m 272.592 ms - -[0m
[0mGET /api/notifications [36m304[0m 277.873 ms - -[0m
[0mGET /api/notifications/unread/count [36m304[0m 961.199 ms - -[0m
[0mGET /api/notifications [36m304[0m 964.596 ms - -[0m
[0mGET /api/notifications/unread/count [36m304[0m 301.282 ms - -[0m
[0mGET /api/notifications [36m304[0m 302.834 ms - -[0m
[0mGET /api/notifications [36m304[0m 367.708 ms - -[0m
[0mGET /api/notifications/unread/count [36m304[0m 710.661 ms - -[0m
[0mGET /api/notifications [36m304[0m 350.816 ms - -[0m
[0mGET /api/notifications/unread/count [36m304[0m 366.795 ms - -[0m
[0mGET /api/notifications/unread/count [36m304[0m 856.444 ms - -[0m
[0mGET /api/notifications [36m304[0m 862.869 ms - -[0m
[0mGET /api/notifications/unread/count [36m304[0m 237.107 ms - -[0m
[0mGET /api/notifications [36m304[0m 239.680 ms - -[0m
[0mGET /api/notifications/unread/count [36m304[0m 283.901 ms - -[0m
[0mGET /api/notifications [36m304[0m 286.193 ms - -[0m
[0mGET /api/notifications [36m304[0m 233.300 ms - -[0m
[0mGET /api/notifications/unread/count [36m304[0m 260.136 ms - -[0m
[0mGET /api/notifications/unread/count [36m304[0m 648.708 ms - -[0m
[0mGET /api/notifications [36m304[0m 653.045 ms - -[0m
[0mGET /api/notifications [36m304[0m 288.418 ms - -[0m
[0mGET /api/notifications/unread/count [36m304[0m 288.551 ms - -[0m
[0mGET /api/notifications [36m304[0m 252.654 ms - -[0m
[0mGET /api/notifications/unread/count [36m304[0m 265.242 ms - -[0m
[0mGET /api/notifications [36m304[0m 248.461 ms - -[0m
[0mGET /api/notifications/unread/count [36m304[0m 252.661 ms - -[0m
[0mGET /api/notifications [36m304[0m 674.223 ms - -[0m
[0mGET /api/notifications/unread/count [36m304[0m 673.149 ms - -[0m
[0mGET /api/notifications/unread/count [36m304[0m 760.938 ms - -[0m
[0mGET /api/notifications [36m304[0m 765.424 ms - -[0m
[0mGET /api/notifications [36m304[0m 371.135 ms - -[0m
[0mGET /api/notifications/unread/count [36m304[0m 382.577 ms - -[0m
[0mGET /api/notifications/unread/count [36m304[0m 332.618 ms - -[0m
[0mGET /api/notifications [36m304[0m 359.873 ms - -[0m
[0mGET /api/notifications [36m304[0m 368.428 ms - -[0m
[0mGET /api/notifications/unread/count [36m304[0m 401.621 ms - -[0m
[0mGET /api/notifications/unread/count [36m304[0m 617.030 ms - -[0m
[0mGET /api/notifications [36m304[0m 629.038 ms - -[0m
[0mGET /api/notifications/unread/count [36m304[0m 918.529 ms - -[0m
[0mGET /api/notifications [36m304[0m 922.517 ms - -[0m
[0mGET /api/notifications [36m304[0m 360.712 ms - -[0m
[0mGET /api/notifications/unread/count [36m304[0m 364.077 ms - -[0m
[32m[nodemon] restarting due to changes...[39m
[32m[nodemon] starting `ts-node api/index.ts`[39m
[32m[nodemon] restarting due to changes...[39m
[32m[nodemon] starting `ts-node api/index.ts`[39m
‚óá injected env (25) from .env // tip: ‚åò custom filepath { path: '/custom/path/.env' }
[Supabase] Initializing clients with URL: https://elqpbpbgzzxfovtyvuct.supabase.co
[Supabase] Admin client initialized
[Supabase] Anon client initialized
API server listening on port 8081
[0mGET /api/notifications/unread/count [36m304[0m 899.835 ms - -[0m
[0mGET /api/notifications [36m304[0m 924.882 ms - -[0m
[32m[nodemon] restarting due to changes...[39m
[32m[nodemon] starting `ts-node api/index.ts`[39m
[32m[nodemon] restarting due to changes...[39m
[32m[nodemon] starting `ts-node api/index.ts`[39m
‚óá injected env (25) from .env // tip: ‚åò multiple files { path: ['.env.local', '.env'] }
[Supabase] Initializing clients with URL: https://elqpbpbgzzxfovtyvuct.supabase.co
[Supabase] Admin client initialized
[Supabase] Anon client initialized
API server listening on port 8081
[32m[nodemon] restarting due to changes...[39m
[32m[nodemon] starting `ts-node api/index.ts`[39m
‚óá injected env (25) from .env // tip: ‚óà secrets for agents [www.dotenvx.com]
[Supabase] Initializing clients with URL: https://elqpbpbgzzxfovtyvuct.supabase.co
[Supabase] Admin client initialized
[Supabase] Anon client initialized
API server listening on port 8081
[32m[nodemon] restarting due to changes...[39m
[32m[nodemon] starting `ts-node api/index.ts`[39m
‚óá injected env (25) from .env // tip: ‚åò suppress logs { quiet: true }
[Supabase] Initializing clients with URL: https://elqpbpbgzzxfovtyvuct.supabase.co
[Supabase] Admin client initialized
[Supabase] Anon client initialized
API server listening on port 8081
[32m[nodemon] restarting due to changes...[39m
[32m[nodemon] starting `ts-node api/index.ts`[39m
‚óá injected env (25) from .env // tip: ‚åò suppress logs { quiet: true }
[Supabase] Initializing clients with URL: https://elqpbpbgzzxfovtyvuct.supabase.co
[Supabase] Admin client initialized
[Supabase] Anon client initialized
API server listening on port 8081
[32m[nodemon] restarting due to changes...[39m
[32m[nodemon] starting `ts-node api/index.ts`[39m
‚óá injected env (25) from .env // tip: ‚åò custom filepath { path: '/custom/path/.env' }
[Supabase] Initializing clients with URL: https://elqpbpbgzzxfovtyvuct.supabase.co
[Supabase] Admin client initialized
[Supabase] Anon client initialized
API server listening on port 8081
[0mGET /api/notifications/unread/count [36m304[0m 428.054 ms - -[0m
[0mGET /api/notifications [36m304[0m 463.270 ms - -[0m
[0mGET /api/notifications/unread/count [36m304[0m 329.124 ms - -[0m
[0mGET /api/notifications [36m304[0m 355.764 ms - -[0m
[32m[nodemon] restarting due to changes...[39m
[32m[nodemon] starting `ts-node api/index.ts`[39m
‚óá injected env (25) from .env // tip: ‚åò custom filepath { path: '/custom/path/.env' }
[Supabase] Initializing clients with URL: https://elqpbpbgzzxfovtyvuct.supabase.co
[Supabase] Admin client initialized
[Supabase] Anon client initialized
API server listening on port 8081
[0mGET /api/notifications [36m304[0m 451.097 ms - -[0m
[0mGET /api/notifications/unread/count [36m304[0m 430.480 ms - -[0m
[32m[nodemon] restarting due to changes...[39m
[32m[nodemon] starting `ts-node api/index.ts`[39m
‚óá injected env (25) from .env // tip: ‚åò multiple files { path: ['.env.local', '.env'] }
[Supabase] Initializing clients with URL: https://elqpbpbgzzxfovtyvuct.supabase.co
[Supabase] Admin client initialized
[Supabase] Anon client initialized
API server listening on port 8081
[32m[nodemon] restarting due to changes...[39m
[32m[nodemon] starting `ts-node api/index.ts`[39m
‚óá injected env (25) from .env // tip: ‚åò custom filepath { path: '/custom/path/.env' }
[Supabase] Initializing clients with URL: https://elqpbpbgzzxfovtyvuct.supabase.co
[Supabase] Admin client initialized
[Supabase] Anon client initialized
API server listening on port 8081
[0mGET /api/notifications/unread/count [36m304[0m 675.570 ms - -[0m
[0mGET /api/notifications [36m304[0m 699.998 ms - -[0m
[32m[nodemon] restarting due to changes...[39m
[32m[nodemon] starting `ts-node api/index.ts`[39m
‚óá injected env (25) from .env // tip: ‚åò multiple files { path: ['.env.local', '.env'] }
[Supabase] Initializing clients with URL: https://elqpbpbgzzxfovtyvuct.supabase.co
[Supabase] Admin client initialized
[Supabase] Anon client initialized
API server listening on port 8081
[32m[nodemon] restarting due to changes...[39m
[32m[nodemon] starting `ts-node api/index.ts`[39m
‚óá injected env (25) from .env // tip: ‚åò override existing { override: true }
[Supabase] Initializing clients with URL: https://elqpbpbgzzxfovtyvuct.supabase.co
[Supabase] Admin client initialized
[Supabase] Anon client initialized
API server listening on port 8081
[32m[nodemon] restarting due to changes...[39m
[32m[nodemon] starting `ts-node api/index.ts`[39m
‚óá injected env (25) from .env // tip: ‚åò override existing { override: true }
[Supabase] Initializing clients with URL: https://elqpbpbgzzxfovtyvuct.supabase.co
[Supabase] Admin client initialized
[Supabase] Anon client initialized
API server listening on port 8081
[0mGET /api/notifications/unread/count [36m304[0m 431.746 ms - -[0m
[0mGET /api/notifications [36m304[0m 459.492 ms - -[0m

> backend@1.0.0 dev
> nodemon --watch src --watch api --ext ts --exec ts-node api/index.ts

[33m[nodemon] 3.1.14[39m
[33m[nodemon] to restart at any time, enter `rs`[39m
[33m[nodemon] watching path(s): src/**/* api/**/*[39m
[33m[nodemon] watching extensions: ts[39m
[32m[nodemon] starting `ts-node api/index.ts`[39m
‚óá injected env (25) from .env // tip: ‚åò enable debugging { debug: true }
[Supabase] Initializing clients with URL: https://elqpbpbgzzxfovtyvuct.supabase.co
[Supabase] Admin client initialized
[Supabase] Anon client initialized
API server listening on port 8081
[0mGET /api/notifications [36m304[0m 1567.996 ms - -[0m
[0mGET /api/notifications/unread/count [36m304[0m 1557.470 ms - -[0m
[0mGET /api/notifications/unread/count [36m304[0m 423.927 ms - -[0m
[0mGET /api/notifications [36m304[0m 428.820 ms - -[0m
[0mGET /api/notifications/unread/count [36m304[0m 251.438 ms - -[0m
[0mGET /api/notifications [36m304[0m 255.823 ms - -[0m
[0mPOST /api/cv [32m201[0m 396.787 ms - 231[0m
[0mGET /api/cv/fa4f7dde-20dc-48ac-b838-b12b5e20cb02 [32m200[0m 409.473 ms - 521[0m
[0mGET /api/notifications [36m304[0m 185.527 ms - -[0m
[0mGET /api/notifications/unread/count [36m304[0m 253.443 ms - -[0m
[0mGET /api/notifications [36m304[0m 286.970 ms - -[0m
[0mGET /api/notifications/unread/count [36m304[0m 305.836 ms - -[0m
[0mPOST /api/cv/fa4f7dde-20dc-48ac-b838-b12b5e20cb02/upload [32m200[0m 13839.738 ms - 10907[0m
[0mGET /api/notifications/unread/count [36m304[0m 462.892 ms - -[0m
[0mGET /api/notifications [36m304[0m 469.457 ms - -[0m
[0mGET /api/notifications/unread/count [36m304[0m 255.501 ms - -[0m
[0mGET /api/notifications [36m304[0m 258.030 ms - -[0m
[0mGET /api/notifications/unread/count [36m304[0m 240.058 ms - -[0m
[0mGET /api/notifications [36m304[0m 261.803 ms - -[0m
[0mPATCH /api/cv/fa4f7dde-20dc-48ac-b838-b12b5e20cb02 [32m200[0m 304.894 ms - 193[0m
[0mPUT /api/cv/fa4f7dde-20dc-48ac-b838-b12b5e20cb02/sections [32m200[0m 422.532 ms - 4475[0m
[0mGET /api/notifications/unread/count [36m304[0m 167.229 ms - -[0m
[0mGET /api/notifications [36m304[0m 192.039 ms - -[0m
[0mPOST /api/cv/fa4f7dde-20dc-48ac-b838-b12b5e20cb02/analyze [32m200[0m 1816.751 ms - 2318[0m
[0mGET /api/cv [32m200[0m 220.432 ms - 344[0m
[0mGET /api/notifications/unread/count [32m200[0m 500.416 ms - 69[0m
[0mGET /api/notifications [32m200[0m 502.644 ms - 10071[0m
[0mGET /api/notifications/unread/count [36m304[0m 761.745 ms - -[0m
[0mGET /api/notifications [36m304[0m 763.646 ms - -[0m
[0mGET /api/notifications/unread/count [36m304[0m 441.581 ms - -[0m
[0mGET /api/notifications [36m304[0m 443.668 ms - -[0m
[0mPATCH /api/cv/fa4f7dde-20dc-48ac-b838-b12b5e20cb02 [32m200[0m 335.404 ms - 189[0m
[0mPUT /api/cv/fa4f7dde-20dc-48ac-b838-b12b5e20cb02/sections [32m200[0m 822.805 ms - 4483[0m
[0mPOST /api/cv/fa4f7dde-20dc-48ac-b838-b12b5e20cb02/analyze [32m200[0m 1026.145 ms - 2318[0m
[0mGET /api/cv [32m200[0m 169.525 ms - 344[0m
[0mGET /api/notifications/unread/count [32m200[0m 170.538 ms - 69[0m
[0mGET /api/notifications [32m200[0m 463.590 ms - 10817[0m
[0mGET /api/notifications/unread/count [36m304[0m 264.384 ms - -[0m
[0mGET /api/notifications [36m304[0m 270.589 ms - -[0m
[0mPOST /api/cv/fa4f7dde-20dc-48ac-b838-b12b5e20cb02/verify-projects [32m200[0m 2993.856 ms - 1878[0m
[0mGET /api/notifications/unread/count [36m304[0m 652.214 ms - -[0m
[0mGET /api/notifications [36m304[0m 662.298 ms - -[0m
[0mGET /api/notifications/unread/count [36m304[0m 253.706 ms - -[0m
[0mGET /api/notifications [36m304[0m 258.433 ms - -[0m
[0mGET /api/notifications/unread/count [36m304[0m 631.175 ms - -[0m
[0mGET /api/notifications [36m304[0m 633.353 ms - -[0m
[0mPOST /api/cv/test/verify-projects [33m401[0m 0.244 ms - 47[0m
[0mGET /api/notifications [36m304[0m 252.732 ms - -[0m
[0mGET /api/notifications/unread/count [36m304[0m 255.350 ms - -[0m
[0mGET /api/notifications [36m304[0m 245.248 ms - -[0m
[0mGET /api/notifications/unread/count [36m304[0m 253.773 ms - -[0m
[0mGET /api/notifications [36m304[0m 233.979 ms - -[0m
[0mGET /api/notifications/unread/count [36m304[0m 255.618 ms - -[0m
[0mGET /api/notifications [36m304[0m 247.561 ms - -[0m
[0mGET /api/notifications/unread/count [36m304[0m 267.207 ms - -[0m
[0mGET /api/notifications/unread/count [36m304[0m 270.499 ms - -[0m
[0mGET /api/notifications [36m304[0m 274.158 ms - -[0m
[0mGET /api/notifications [36m304[0m 246.162 ms - -[0m
[0mGET /api/notifications/unread/count [36m304[0m 250.319 ms - -[0m
[0mGET /api/notifications/unread/count [36m304[0m 296.478 ms - -[0m
[0mGET /api/notifications [36m304[0m 299.964 ms - -[0m
[0mGET /api/notifications/unread/count [36m304[0m 249.856 ms - -[0m
[0mGET /api/notifications [36m304[0m 251.392 ms - -[0m
[0mGET /api/notifications [36m304[0m 250.936 ms - -[0m
[0mGET /api/notifications/unread/count [36m304[0m 251.891 ms - -[0m
[0mGET /api/notifications [36m304[0m 238.591 ms - -[0m
[0mGET /api/notifications/unread/count [36m304[0m 244.096 ms - -[0m
[0mGET /api/notifications [36m304[0m 234.033 ms - -[0m
[0mGET /api/notifications/unread/count [36m304[0m 239.359 ms - -[0m
[0mGET /api/notifications [36m304[0m 253.848 ms - -[0m
[0mGET /api/notifications/unread/count [36m304[0m 258.266 ms - -[0m
[0mGET /api/notifications/unread/count [36m304[0m 247.986 ms - -[0m
[0mGET /api/notifications [36m304[0m 266.733 ms - -[0m
[0mGET /api/notifications/unread/count [36m304[0m 256.258 ms - -[0m
[0mGET /api/notifications [36m304[0m 263.064 ms - -[0m
[0mGET /api/notifications/unread/count [36m304[0m 288.405 ms - -[0m
[0mGET /api/notifications [36m304[0m 310.321 ms - -[0m
[0mGET /api/notifications/unread/count [36m304[0m 275.715 ms - -[0m
[0mGET /api/notifications [36m304[0m 278.678 ms - -[0m
[0mGET /api/notifications [36m304[0m 271.611 ms - -[0m
[0mGET /api/notifications/unread/count [36m304[0m 275.164 ms - -[0m
[0mGET /api/notifications [36m304[0m 239.354 ms - -[0m
[0mGET /api/notifications/unread/count [36m304[0m 240.515 ms - -[0m
[0mGET /api/notifications/unread/count [36m304[0m 397.972 ms - -[0m
[0mGET /api/notifications [36m304[0m 402.782 ms - -[0m
[0mGET /api/notifications [36m304[0m 245.039 ms - -[0m
[0mGET /api/notifications/unread/count [36m304[0m 251.962 ms - -[0m
[0mGET /api/notifications [36m304[0m 265.237 ms - -[0m
[0mGET /api/notifications/unread/count [36m304[0m 264.129 ms - -[0m
[0mGET /api/notifications/unread/count [36m304[0m 234.482 ms - -[0m
[0mGET /api/notifications [36m304[0m 236.986 ms - -[0m
[0mPOST /api/cv/fa4f7dde-20dc-48ac-b838-b12b5e20cb02/job-post [32m201[0m 18597.180 ms - 3532[0m
[0mGET /api/notifications/unread/count [36m304[0m 236.815 ms - -[0m
[0mGET /api/notifications [36m304[0m 261.045 ms - -[0m
[0mGET /api/notifications [36m304[0m 250.438 ms - -[0m
[0mGET /api/notifications/unread/count [36m304[0m 255.111 ms - -[0m
[0mGET /api/notifications/unread/count [36m304[0m 232.865 ms - -[0m
[0mGET /api/notifications [36m304[0m 245.804 ms - -[0m
[0mGET /api/notifications/unread/count [36m304[0m 249.267 ms - -[0m
[0mGET /api/notifications [36m304[0m 263.503 ms - -[0m
[0mGET /api/notifications [36m304[0m 239.606 ms - -[0m
[0mGET /api/notifications/unread/count [36m304[0m 253.771 ms - -[0m
[0mPATCH /api/cv/fa4f7dde-20dc-48ac-b838-b12b5e20cb02 [32m200[0m 283.541 ms - 189[0m
[0mGET /api/notifications [36m304[0m 161.812 ms - -[0m
[0mPUT /api/cv/fa4f7dde-20dc-48ac-b838-b12b5e20cb02/sections [32m200[0m 452.246 ms - 4483[0m
[0mGET /api/notifications/unread/count [36m304[0m 241.370 ms - -[0m
[0mGET /api/notifications [36m304[0m 234.953 ms - -[0m
[0mGET /api/notifications/unread/count [36m304[0m 265.997 ms - -[0m
[0mGET /api/notifications/unread/count [36m304[0m 297.139 ms - -[0m
[0mGET /api/notifications [36m304[0m 480.199 ms - -[0m
[0mGET /api/notifications/unread/count [36m304[0m 428.568 ms - -[0m
[0mGET /api/notifications [36m304[0m 432.231 ms - -[0m
[0mGET /api/notifications [36m304[0m 247.616 ms - -[0m
[0mGET /api/notifications/unread/count [36m304[0m 252.137 ms - -[0m
[0mGET /api/notifications [36m304[0m 240.149 ms - -[0m
[0mGET /api/notifications/unread/count [36m304[0m 249.192 ms - -[0m
[0mGET /api/cv/fa4f7dde-20dc-48ac-b838-b12b5e20cb02 [32m200[0m 349.734 ms - 14059[0m
[0mGET /api/notifications [36m304[0m 240.133 ms - -[0m
[0mGET /api/notifications/unread/count [36m304[0m 250.138 ms - -[0m
[0mGET /api/notifications [36m304[0m 251.380 ms - -[0m
[0mGET /api/notifications/unread/count [36m304[0m 285.157 ms - -[0m
[0mGET /api/notifications/unread/count [36m304[0m 333.829 ms - -[0m
[0mGET /api/notifications [36m304[0m 338.935 ms - -[0m
[0mGET /api/notifications/unread/count [36m304[0m 252.442 ms - -[0m
[0mGET /api/notifications [36m304[0m 258.581 ms - -[0m
[0mGET /api/notifications [36m304[0m 227.255 ms - -[0m
[0mGET /api/notifications/unread/count [36m304[0m 256.969 ms - -[0m
[0mGET /api/notifications/unread/count [36m304[0m 236.545 ms - -[0m
[0mGET /api/notifications [36m304[0m 269.832 ms - -[0m
[0mGET /api/notifications [36m304[0m 430.574 ms - -[0m
[0mGET /api/notifications/unread/count [36m304[0m 452.240 ms - -[0m
[0mPOST /api/cv/fa4f7dde-20dc-48ac-b838-b12b5e20cb02/analyze [32m200[0m 1147.591 ms - 2318[0m
[0mGET /api/cv [32m200[0m 170.326 ms - 344[0m
[0mPOST /api/cv [32m201[0m 247.393 ms - 231[0m
[0mGET /api/cv/7de8ea5d-fd5f-4ebd-b753-f312ef6e5119 [32m200[0m 398.675 ms - 521[0m
[0mGET /api/notifications/unread/count [32m200[0m 201.888 ms - 69[0m
[0mGET /api/notifications [32m200[0m 205.618 ms - 11565[0m
[0mGET /api/notifications/unread/count [36m304[0m 273.968 ms - -[0m
[0mGET /api/notifications [36m304[0m 278.401 ms - -[0m
[0mGET /api/notifications/unread/count [36m304[0m 162.804 ms - -[0m
[0mGET /api/notifications [36m304[0m 180.464 ms - -[0m
[0mGET /api/notifications/unread/count [36m304[0m 278.927 ms - -[0m
[0mGET /api/notifications [36m304[0m 290.170 ms - -[0m
[0mPOST /api/cv/7de8ea5d-fd5f-4ebd-b753-f312ef6e5119/upload [32m200[0m 22319.120 ms - 9858[0m
[0mGET /api/notifications/unread/count [36m304[0m 187.970 ms - -[0m
[0mGET /api/notifications [36m304[0m 192.580 ms - -[0m
[0mGET /api/notifications/unread/count [36m304[0m 237.665 ms - -[0m
[0mGET /api/notifications [36m304[0m 248.504 ms - -[0m
[0mGET /api/notifications [36m304[0m 246.692 ms - -[0m
[0mGET /api/notifications/unread/count [36m304[0m 250.787 ms - -[0m
[0mGET /api/notifications/unread/count [36m304[0m 450.435 ms - -[0m
[0mGET /api/notifications [36m304[0m 480.556 ms - -[0m
[0mGET /api/notifications [36m304[0m 264.500 ms - -[0m
[0mGET /api/notifications/unread/count [36m304[0m 268.966 ms - -[0m
[0mPOST /api/cv/7de8ea5d-fd5f-4ebd-b753-f312ef6e5119/analyze [32m200[0m 1114.753 ms - 2568[0m
[0mGET /api/cv [32m200[0m 185.107 ms - 573[0m
[0mGET /api/notifications [32m200[0m 253.557 ms - 12311[0m
[0mGET /api/notifications/unread/count [32m200[0m 265.664 ms - 69[0m
[0mGET /api/notifications [36m304[0m 235.533 ms - -[0m
[0mGET /api/notifications/unread/count [36m304[0m 255.564 ms - -[0m
[0mGET /api/notifications [36m304[0m 267.080 ms - -[0m
[0mGET /api/notifications/unread/count [36m304[0m 277.898 ms - -[0m
[0mGET /api/notifications [36m304[0m 243.943 ms - -[0m
[0mGET /api/notifications/unread/count [36m304[0m 265.812 ms - -[0m
[0mPATCH /api/cv/7de8ea5d-fd5f-4ebd-b753-f312ef6e5119 [32m200[0m 233.237 ms - 189[0m
[0mPUT /api/cv/7de8ea5d-fd5f-4ebd-b753-f312ef6e5119/sections [32m200[0m 450.986 ms - 5067[0m
[0mGET /api/notifications [36m304[0m 165.030 ms - -[0m
[0mGET /api/notifications/unread/count [36m304[0m 187.757 ms - -[0m
[0mGET /api/notifications [36m304[0m 243.304 ms - -[0m
[0mGET /api/notifications/unread/count [36m304[0m 265.508 ms - -[0m
[0mGET /api/cv/fa4f7dde-20dc-48ac-b838-b12b5e20cb02 [32m200[0m 397.374 ms - 14059[0m
[0mGET /api/notifications/unread/count [36m304[0m 182.277 ms - -[0m
[0mGET /api/notifications [36m304[0m 184.208 ms - -[0m
[0mGET /api/notifications [36m304[0m 237.951 ms - -[0m
[0mGET /api/notifications/unread/count [36m304[0m 260.042 ms - -[0m
[0mGET /api/notifications [36m304[0m 232.921 ms - -[0m
[0mGET /api/notifications/unread/count [36m304[0m 264.931 ms - -[0m
[0mGET /api/notifications [36m304[0m 239.668 ms - -[0m
[0mGET /api/notifications/unread/count [36m304[0m 255.793 ms - -[0m
[0mGET /api/notifications/unread/count [36m304[0m 319.875 ms - -[0m
[0mGET /api/notifications [36m304[0m 321.001 ms - -[0m
[0mGET /api/notifications/unread/count [36m304[0m 447.312 ms - -[0m
[0mGET /api/notifications [36m304[0m 466.878 ms - -[0m
[0mGET /api/notifications [36m304[0m 231.525 ms - -[0m
[0mGET /api/notifications/unread/count [36m304[0m 239.994 ms - -[0m
[32m[nodemon] restarting due to changes...[39m
[32m[nodemon] starting `ts-node api/index.ts`[39m
[32m[nodemon] restarting due to changes...[39m
[32m[nodemon] starting `ts-node api/index.ts`[39m
‚óá injected env (25) from .env // tip: ‚åÅ auth for agents [www.vestauth.com]
[Supabase] Initializing clients with URL: https://elqpbpbgzzxfovtyvuct.supabase.co
[Supabase] Admin client initialized
[Supabase] Anon client initialized
API server listening on port 8081
[0mGET /api/notifications [36m304[0m 496.998 ms - -[0m
[0mGET /api/notifications/unread/count [36m304[0m 531.382 ms - -[0m
[32m[nodemon] restarting due to changes...[39m
[32m[nodemon] starting `ts-node api/index.ts`[39m
‚óá injected env (25) from .env // tip: ‚åò enable debugging { debug: true }
[Supabase] Initializing clients with URL: https://elqpbpbgzzxfovtyvuct.supabase.co
[Supabase] Admin client initialized
[Supabase] Anon client initialized
API server listening on port 8081
[0mGET /api/notifications/unread/count [36m304[0m 414.190 ms - -[0m
[0mGET /api/notifications [36m304[0m 440.982 ms - -[0m
[0mGET /api/notifications/unread/count [36m304[0m 256.586 ms - -[0m
[0mGET /api/notifications [36m304[0m 269.756 ms - -[0m
[0mGET /api/notifications/unread/count [36m304[0m 240.297 ms - -[0m
[0mGET /api/notifications [36m304[0m 248.510 ms - -[0m
[0mGET /api/notifications [36m304[0m 234.019 ms - -[0m
[0mGET /api/notifications/unread/count [36m304[0m 259.745 ms - -[0m
[0mGET /api/notifications/unread/count [36m304[0m 273.154 ms - -[0m
[0mGET /api/notifications [36m304[0m 287.624 ms - -[0m
[0mGET /api/notifications/unread/count [36m304[0m 250.783 ms - -[0m
[0mGET /api/notifications [36m304[0m 259.346 ms - -[0m
[0mGET /api/notifications [36m304[0m 238.640 ms - -[0m
[0mGET /api/notifications/unread/count [36m304[0m 239.646 ms - -[0m
[0mGET /api/notifications [36m304[0m 226.141 ms - -[0m
[0mGET /api/notifications/unread/count [36m304[0m 241.890 ms - -[0m
[0mGET /api/notifications/unread/count [36m304[0m 256.664 ms - -[0m
[0mGET /api/notifications [36m304[0m 261.463 ms - -[0m
[0mGET /api/notifications [36m304[0m 232.488 ms - -[0m
[0mGET /api/notifications/unread/count [36m304[0m 240.948 ms - -[0m
[0mGET /api/notifications/unread/count [36m304[0m 260.611 ms - -[0m
[0mGET /api/notifications [36m304[0m 264.423 ms - -[0m
[0mGET /api/notifications/unread/count [36m304[0m 244.239 ms - -[0m
[0mGET /api/notifications [36m304[0m 246.260 ms - -[0m
[0mGET /api/notifications [36m304[0m 255.862 ms - -[0m
[0mGET /api/notifications/unread/count [36m304[0m 272.473 ms - -[0m
[0mGET /api/notifications/unread/count [36m304[0m 254.899 ms - -[0m
[0mGET /api/notifications [36m304[0m 322.468 ms - -[0m
[0mGET /api/notifications [36m304[0m 244.358 ms - -[0m
[0mGET /api/notifications/unread/count [36m304[0m 255.609 ms - -[0m
[0mGET /api/notifications [36m304[0m 237.529 ms - -[0m
[0mGET /api/notifications/unread/count [36m304[0m 280.290 ms - -[0m
[0mGET /api/notifications [36m304[0m 233.124 ms - -[0m
[0mGET /api/notifications/unread/count [36m304[0m 246.374 ms - -[0m
[0mGET /api/notifications [33m401[0m 1.619 ms - 54[0m
[0mGET /api/notifications/unread/count [33m401[0m 2.639 ms - 54[0m
[Auth] Login attempt for email: student@gmail.com
[Auth] Connecting to Supabase at: https://elqpbpbgzzxfovtyvuct.supabase.co
[Auth] Login successful for student@gmail.com
[0mPOST /api/auth/login [32m200[0m 1038.104 ms - 2384[0m
[0mGET /api/notifications [36m304[0m 187.450 ms - -[0m
[0mGET /api/notifications/unread/count [36m304[0m 244.150 ms - -[0m
[0mGET /api/github/status [36m304[0m 247.291 ms - -[0m
[0mGET /api/skills [36m304[0m 250.457 ms - -[0m
[0mGET /api/skills/assessments [36m304[0m 255.285 ms - -[0m
[0mGET /api/skills/user [36m304[0m 260.908 ms - -[0m
[0mGET /api/notifications [36m304[0m 177.190 ms - -[0m
[0mGET /api/skills [36m304[0m 188.189 ms - -[0m
[0mGET /api/skills/assessments [36m304[0m 191.069 ms - -[0m
[0mGET /api/github/status [36m304[0m 198.554 ms - -[0m
[0mGET /api/skills/user [36m304[0m 198.163 ms - -[0m
[0mGET /api/notifications/unread/count [36m304[0m 246.404 ms - -[0m
[0mGET /api/notifications [36m304[0m 246.177 ms - -[0m
[0mGET /api/notifications/unread/count [36m304[0m 251.978 ms - -[0m
[0mGET /api/notifications [36m304[0m 251.425 ms - -[0m
[0mGET /api/notifications/unread/count [36m304[0m 274.055 ms - -[0m
[0mGET /api/notifications [36m304[0m 247.674 ms - -[0m
[0mGET /api/notifications/unread/count [36m304[0m 254.307 ms - -[0m
[0mGET /api/notifications [36m304[0m 520.209 ms - -[0m
[0mGET /api/notifications/unread/count [36m304[0m 531.165 ms - -[0m
[0mGET /api/notifications [36m304[0m 240.543 ms - -[0m
[0mGET /api/notifications/unread/count [36m304[0m 254.156 ms - -[0m
[0mGET /api/notifications [36m304[0m 231.410 ms - -[0m
[0mGET /api/notifications/unread/count [36m304[0m 238.277 ms - -[0m
[0mGET /api/notifications/unread/count [36m304[0m 372.566 ms - -[0m
[0mGET /api/notifications [36m304[0m 375.995 ms - -[0m
[0mGET /api/notifications/unread/count [36m304[0m 267.756 ms - -[0m
[0mGET /api/notifications [36m304[0m 289.098 ms - -[0m
[0mGET /api/notifications/unread/count [36m304[0m 267.987 ms - -[0m
[0mGET /api/notifications [36m304[0m 270.799 ms - -[0m
[0mGET /api/cv [32m200[0m 272.937 ms - 653[0m
[0mGET /api/cv [36m304[0m 183.914 ms - -[0m
[0mGET /api/notifications/unread/count [36m304[0m 366.125 ms - -[0m
[0mGET /api/notifications [36m304[0m 368.195 ms - -[0m
[0mGET /api/cv/7de8ea5d-fd5f-4ebd-b753-f312ef6e5119 [32m200[0m 443.206 ms - 9619[0m
[0mGET /api/notifications/unread/count [36m304[0m 174.603 ms - -[0m
[0mGET /api/notifications [36m304[0m 224.304 ms - -[0m
[0mGET /api/notifications/unread/count [36m304[0m 273.162 ms - -[0m
[0mGET /api/notifications [36m304[0m 276.506 ms - -[0m
[0mGET /api/notifications/unread/count [36m304[0m 236.807 ms - -[0m
[0mGET /api/notifications [36m304[0m 245.983 ms - -[0m
[0mGET /api/notifications/unread/count [36m304[0m 271.784 ms - -[0m
[0mGET /api/notifications [36m304[0m 274.198 ms - -[0m
[0mGET /api/notifications/unread/count [36m304[0m 286.847 ms - -[0m
[0mGET /api/notifications [36m304[0m 288.370 ms - -[0m
[0mGET /api/notifications/unread/count [36m304[0m 274.563 ms - -[0m
[0mGET /api/notifications [36m304[0m 280.843 ms - -[0m
[0mPOST /api/cv/7de8ea5d-fd5f-4ebd-b753-f312ef6e5119/job-post [32m201[0m 18819.054 ms - 3645[0m
[0mGET /api/notifications [36m304[0m 242.345 ms - -[0m
[0mGET /api/notifications/unread/count [36m304[0m 261.020 ms - -[0m
[0mGET /api/notifications/unread/count [36m304[0m 224.723 ms - -[0m
[0mGET /api/notifications [36m304[0m 238.188 ms - -[0m
[0mGET /api/notifications [36m304[0m 258.468 ms - -[0m
[0mGET /api/notifications/unread/count [36m304[0m 268.540 ms - -[0m
[0mPOST /api/cv/7de8ea5d-fd5f-4ebd-b753-f312ef6e5119/analyze [32m200[0m 1284.556 ms - 2568[0m
[0mGET /api/cv [32m200[0m 165.336 ms - 653[0m
[0mGET /api/notifications/unread/count [32m200[0m 206.715 ms - 69[0m
[0mGET /api/notifications [32m200[0m 210.874 ms - 13059[0m
[0mGET /api/notifications [36m304[0m 230.607 ms - -[0m
[0mGET /api/notifications/unread/count [36m304[0m 245.161 ms - -[0m
[0mGET /api/notifications/unread/count [36m304[0m 348.366 ms - -[0m
[0mGET /api/notifications [36m304[0m 415.500 ms - -[0m
[0mPATCH /api/cv/7de8ea5d-fd5f-4ebd-b753-f312ef6e5119 [32m200[0m 283.116 ms - 189[0m
[0mPUT /api/cv/7de8ea5d-fd5f-4ebd-b753-f312ef6e5119/sections [32m200[0m 412.103 ms - 5396[0m
[0mGET /api/notifications [36m304[0m 170.117 ms - -[0m
[0mGET /api/notifications/unread/count [36m304[0m 174.776 ms - -[0m
[0mGET /api/notifications/unread/count [36m304[0m 400.533 ms - -[0m
[0mGET /api/notifications [36m304[0m 404.675 ms - -[0m
[0mGET /api/notifications/unread/count [36m304[0m 712.159 ms - -[0m
[0mGET /api/notifications [36m304[0m 1337.068 ms - -[0m
[0mGET /api/notifications [36m304[0m 1275.427 ms - -[0m
[0mGET /api/notifications/unread/count [36m304[0m 1303.604 ms - -[0m
[0mGET /api/notifications/unread/count [36m304[0m 241.661 ms - -[0m
[0mGET /api/notifications [36m304[0m 274.219 ms - -[0m
[0mGET /api/notifications [36m304[0m 252.219 ms - -[0m
[0mGET /api/notifications/unread/count [36m304[0m 257.531 ms - -[0m
[0mGET /api/notifications [36m304[0m 254.631 ms - -[0m
[0mGET /api/notifications/unread/count [36m304[0m 263.405 ms - -[0m
[0mGET /api/notifications [36m304[0m 232.975 ms - -[0m
[0mGET /api/notifications/unread/count [36m304[0m 245.864 ms - -[0m
[0mGET /api/notifications/unread/count [36m304[0m 264.415 ms - -[0m
[0mGET /api/notifications [36m304[0m 288.159 ms - -[0m
[0mGET /api/notifications/unread/count [36m304[0m 224.273 ms - -[0m
[0mGET /api/notifications [36m304[0m 235.103 ms - -[0m
[0mGET /api/notifications [36m304[0m 248.023 ms - -[0m
[0mGET /api/notifications/unread/count [36m304[0m 261.746 ms - -[0m
[0mGET /api/notifications [36m304[0m 265.892 ms - -[0m
[0mGET /api/notifications/unread/count [36m304[0m 267.487 ms - -[0m
[0mGET /api/notifications/unread/count [36m304[0m 276.881 ms - -[0m
[0mGET /api/notifications [36m304[0m 282.220 ms - -[0m
[0mGET /api/notifications/unread/count [36m304[0m 232.409 ms - -[0m
[0mGET /api/notifications [36m304[0m 236.145 ms - -[0m
[0mGET /api/notifications [36m304[0m 231.351 ms - -[0m
[0mGET /api/notifications/unread/count [36m304[0m 240.267 ms - -[0m
[0mGET /api/notifications [36m304[0m 246.828 ms - -[0m
[0mGET /api/notifications/unread/count [36m304[0m 266.578 ms - -[0m
[0mGET /api/notifications [36m304[0m 262.791 ms - -[0m
[0mGET /api/notifications/unread/count [36m304[0m 284.390 ms - -[0m
[0mGET /api/notifications/unread/count [36m304[0m 241.306 ms - -[0m
[0mGET /api/notifications [36m304[0m 253.500 ms - -[0m
[0mGET /api/notifications/unread/count [36m304[0m 295.085 ms - -[0m
[0mGET /api/notifications [36m304[0m 303.659 ms - -[0m
[0mGET /api/notifications [36m304[0m 237.992 ms - -[0m
[0mGET /api/notifications/unread/count [36m304[0m 249.794 ms - -[0m
[0mGET /api/notifications [36m304[0m 244.471 ms - -[0m
[0mGET /api/notifications/unread/count [36m304[0m 258.900 ms - -[0m
[0mGET /api/notifications [36m304[0m 222.428 ms - -[0m
[0mGET /api/notifications/unread/count [36m304[0m 250.549 ms - -[0m
[0mGET /api/notifications [36m304[0m 250.361 ms - -[0m
[0mGET /api/notifications/unread/count [36m304[0m 258.674 ms - -[0m
[0mGET /api/notifications [36m304[0m 246.040 ms - -[0m
[0mGET /api/notifications/unread/count [36m304[0m 276.738 ms - -[0m
[0mGET /api/notifications [36m304[0m 279.574 ms - -[0m
[0mGET /api/notifications/unread/count [36m304[0m 296.945 ms - -[0m
[0mGET /api/notifications/unread/count [36m304[0m 229.960 ms - -[0m
[0mGET /api/notifications [36m304[0m 245.525 ms - -[0m
[0mGET /api/notifications [36m304[0m 232.714 ms - -[0m
[0mGET /api/notifications/unread/count [36m304[0m 245.103 ms - -[0m
[0mGET /api/notifications [36m304[0m 235.963 ms - -[0m
[0mGET /api/notifications/unread/count [36m304[0m 239.586 ms - -[0m
[0mGET /api/notifications [36m304[0m 243.111 ms - -[0m
[0mGET /api/notifications/unread/count [36m304[0m 250.382 ms - -[0m
[0mGET /api/notifications [36m304[0m 227.138 ms - -[0m
[0mGET /api/notifications/unread/count [36m304[0m 233.453 ms - -[0m
[0mGET /api/notifications [36m304[0m 236.357 ms - -[0m
[0mGET /api/notifications/unread/count [36m304[0m 274.327 ms - -[0m
[0mGET /api/notifications [36m304[0m 231.917 ms - -[0m
[0mGET /api/notifications/unread/count [36m304[0m 254.340 ms - -[0m
[0mGET /api/notifications/unread/count [36m304[0m 317.490 ms - -[0m
[0mGET /api/notifications [36m304[0m 318.888 ms - -[0m
[0mPATCH /api/cv/7de8ea5d-fd5f-4ebd-b753-f312ef6e5119 [32m200[0m 307.311 ms - 189[0m
[0mPUT /api/cv/7de8ea5d-fd5f-4ebd-b753-f312ef6e5119/sections [32m200[0m 417.146 ms - 5071[0m
[0mGET /api/notifications/unread/count [36m304[0m 241.995 ms - -[0m
[0mGET /api/notifications [36m304[0m 263.285 ms - -[0m
[0mGET /api/notifications/unread/count [36m304[0m 280.069 ms - -[0m
[0mGET /api/notifications [36m304[0m 283.875 ms - -[0m
[0mGET /api/notifications [36m304[0m 257.581 ms - -[0m
[0mGET /api/notifications/unread/count [36m304[0m 286.038 ms - -[0m
[0mGET /api/notifications [36m304[0m 188.249 ms - -[0m
[0mGET /api/notifications/unread/count [36m304[0m 245.095 ms - -[0m
[0mPOST /api/cv/7de8ea5d-fd5f-4ebd-b753-f312ef6e5119/job-post [32m201[0m 18108.142 ms - 3975[0m
[0mGET /api/notifications [36m304[0m 180.537 ms - -[0m
[0mGET /api/notifications/unread/count [36m304[0m 252.105 ms - -[0m
[0mGET /api/notifications/unread/count [36m304[0m 236.410 ms - -[0m
[0mGET /api/notifications [36m304[0m 252.351 ms - -[0m
[0mDELETE /api/cv/7de8ea5d-fd5f-4ebd-b753-f312ef6e5119/job-post/2438cb3f-b437-4a5b-9f43-fde6c3fdf1aa [32m200[0m 338.120 ms - 69[0m
[0mGET /api/notifications [36m304[0m 226.329 ms - -[0m
[0mGET /api/notifications/unread/count [36m304[0m 235.342 ms - -[0m
[0mGET /api/notifications/unread/count [36m304[0m 677.907 ms - -[0m
[0mGET /api/notifications [36m304[0m 767.596 ms - -[0m
[0mPATCH /api/cv/7de8ea5d-fd5f-4ebd-b753-f312ef6e5119 [32m200[0m 419.732 ms - 189[0m
[0mPUT /api/cv/7de8ea5d-fd5f-4ebd-b753-f312ef6e5119/sections [32m200[0m 394.165 ms - 5439[0m
[0mGET /api/notifications/unread/count [36m304[0m 199.202 ms - -[0m
[0mGET /api/notifications [36m304[0m 204.358 ms - -[0m
[0mGET /api/interviews [36m304[0m 187.553 ms - -[0m
[0mGET /api/interviews [36m304[0m 162.806 ms - -[0m
[0mGET /api/notifications [36m304[0m 234.836 ms - -[0m
[0mGET /api/notifications/unread/count [36m304[0m 241.666 ms - -[0m
[0mPOST /api/interviews/extract-document [32m200[0m 217.030 ms - 7288[0m
[0mGET /api/notifications [36m304[0m 166.077 ms - -[0m
[0mGET /api/notifications/unread/count [36m304[0m 239.558 ms - -[0m
[0mPOST /api/interviews [32m201[0m 7066.947 ms - 1579[0m
[0mPOST /api/interviews/predict-emotion [32m200[0m 203.076 ms - 68[0m
[0mPOST /api/interviews/predict-emotion [32m200[0m 104.905 ms - 68[0m
[0mPOST /api/interviews/predict-emotion [32m200[0m 121.958 ms - 68[0m
[0mPOST /api/interviews/predict-emotion [32m200[0m 107.354 ms - 68[0m
[0mGET /api/notifications [36m304[0m 181.385 ms - -[0m
[0mGET /api/notifications/unread/count [36m304[0m 239.099 ms - -[0m
[0mPOST /api/interviews/predict-emotion [32m200[0m 122.512 ms - 68[0m
[0mPOST /api/interviews/predict-emotion [32m200[0m 298.443 ms - 303[0m
[0mPOST /api/interviews/predict-emotion [32m200[0m 104.716 ms - 68[0m
[0mPOST /api/interviews/predict-emotion [32m200[0m 106.682 ms - 68[0m
[0mPOST /api/interviews/predict-emotion [32m200[0m 120.423 ms - 68[0m
[0mPOST /api/interviews/predict-emotion [32m200[0m 122.833 ms - 68[0m
[0mPOST /api/interviews/predict-emotion [32m200[0m 107.313 ms - 68[0m
[0mPOST /api/interviews/predict-emotion [32m200[0m 114.841 ms - 68[0m
[0mPATCH /api/interviews/74de4445-0a7a-4e9d-aba7-aefdf9a28cef [32m200[0m 488.710 ms - 243[0m
[0mGET /api/interviews [32m200[0m 181.185 ms - 1300[0m
[0mGET /api/notifications/unread/count [32m200[0m 192.151 ms - 69[0m
[0mGET /api/notifications [32m200[0m 193.940 ms - 13535[0m
[0mGET /api/skills/user [36m304[0m 171.306 ms - -[0m
[0mGET /api/skills [36m304[0m 228.302 ms - -[0m
[0mGET /api/skills/assessments [36m304[0m 234.026 ms - -[0m
[0mGET /api/github/status [36m304[0m 238.372 ms - -[0m
[0mGET /api/skills/user [36m304[0m 176.907 ms - -[0m
[0mGET /api/skills [36m304[0m 179.562 ms - -[0m
[0mGET /api/skills/assessments [36m304[0m 185.847 ms - -[0m
[0mGET /api/github/status [36m304[0m 187.260 ms - -[0m
[0mGET /api/notifications [36m304[0m 239.700 ms - -[0m
[0mGET /api/notifications/unread/count [36m304[0m 247.848 ms - -[0m
[0mGET /api/notifications/unread/count [36m304[0m 235.161 ms - -[0m
[0mGET /api/notifications [36m304[0m 259.484 ms - -[0m
[0mPOST /api/skills/user [32m201[0m 185.904 ms - 427[0m
[0mPOST /api/github/verify-skills [32m200[0m 2720.840 ms - 113[0m
[0mGET /api/skills/user [32m200[0m 179.654 ms - 1776[0m
[0mGET /api/notifications/unread/count [36m304[0m 170.349 ms - -[0m
[0mGET /api/notifications [36m304[0m 186.229 ms - -[0m
[0mPOST /api/skills/forecast [32m200[0m 205.205 ms - 1800[0m
[0mGET /api/notifications/unread/count [36m304[0m 245.390 ms - -[0m
[0mGET /api/notifications [36m304[0m 271.774 ms - -[0m
[0mGET /api/notifications/unread/count [36m304[0m 346.855 ms - -[0m
[0mGET /api/notifications [36m304[0m 465.039 ms - -[0m
[0mGET /api/notifications/unread/count [36m304[0m 404.004 ms - -[0m
[0mGET /api/notifications [36m304[0m 410.225 ms - -[0m
[0mGET /api/notifications/unread/count [36m304[0m 251.902 ms - -[0m
[0mGET /api/notifications [36m304[0m 270.262 ms - -[0m
[0mGET /api/notifications [36m304[0m 3375.325 ms - -[0m
[0mGET /api/notifications/unread/count [36m304[0m 3377.002 ms - -[0m
[0mGET /api/notifications/unread/count [36m304[0m 1822.586 ms - -[0m
[0mGET /api/notifications [36m304[0m 1826.028 ms - -[0m
[0mGET /api/notifications/unread/count [36m304[0m 271.997 ms - -[0m
[0mGET /api/notifications [36m304[0m 285.443 ms - -[0m
[0mGET /api/notifications/unread/count [36m304[0m 401.474 ms - -[0m
[0mGET /api/notifications [36m304[0m 418.611 ms - -[0m
[0mGET /api/notifications [36m304[0m 257.835 ms - -[0m
[0mGET /api/notifications/unread/count [36m304[0m 271.469 ms - -[0m
[0mGET /api/notifications/unread/count [36m304[0m 303.520 ms - -[0m
[0mGET /api/notifications [36m304[0m 309.454 ms - -[0m
[0mGET /api/notifications/unread/count [36m304[0m 309.372 ms - -[0m
[0mGET /api/notifications [36m304[0m 313.113 ms - -[0m
[0mGET /api/notifications/unread/count [36m304[0m 492.423 ms - -[0m
[0mGET /api/notifications [36m304[0m 494.456 ms - -[0m
[0mGET /api/notifications/unread/count [36m304[0m 294.435 ms - -[0m
[0mGET /api/notifications [36m304[0m 311.153 ms - -[0m
[0mGET /api/notifications/unread/count [36m304[0m 271.147 ms - -[0m
[0mGET /api/notifications [36m304[0m 278.274 ms - -[0m
[0mGET /api/notifications [36m304[0m 317.009 ms - -[0m
[0mGET /api/notifications/unread/count [36m304[0m 347.740 ms - -[0m
[0mGET /api/notifications/unread/count [36m304[0m 371.234 ms - -[0m
[0mGET /api/notifications [36m304[0m 374.120 ms - -[0m
[0mGET /api/notifications [36m304[0m 436.397 ms - -[0m
[0mGET /api/notifications/unread/count [36m304[0m 453.563 ms - -[0m
[0mGET /api/notifications [36m304[0m 259.352 ms - -[0m
[0mGET /api/notifications/unread/count [36m304[0m 263.573 ms - -[0m
[0mGET /api/notifications [36m304[0m 226.848 ms - -[0m
[0mGET /api/notifications/unread/count [36m304[0m 235.758 ms - -[0m
[0mGET /api/notifications/unread/count [36m304[0m 227.399 ms - -[0m
[0mGET /api/notifications [36m304[0m 231.284 ms - -[0m
[0mGET /api/notifications/unread/count [36m304[0m 248.597 ms - -[0m
[0mGET /api/notifications [36m304[0m 253.719 ms - -[0m
[0mGET /api/notifications [36m304[0m 254.082 ms - -[0m
[0mGET /api/notifications/unread/count [36m304[0m 259.907 ms - -[0m
[0mGET /api/notifications/unread/count [36m304[0m 279.760 ms - -[0m
[0mGET /api/notifications [36m304[0m 292.116 ms - -[0m
[0mGET /api/notifications [36m304[0m 321.750 ms - -[0m
[0mGET /api/notifications/unread/count [36m304[0m 325.113 ms - -[0m
[0mGET /api/notifications/unread/count [36m304[0m 462.757 ms - -[0m
[0mGET /api/notifications [36m304[0m 464.644 ms - -[0m
[0mGET /api/notifications/unread/count [36m304[0m 589.680 ms - -[0m
[0mGET /api/notifications [36m304[0m 593.600 ms - -[0m
[0mGET /api/notifications/unread/count [36m304[0m 239.672 ms - -[0m
[0mGET /api/notifications [36m304[0m 262.844 ms - -[0m
[0mGET /api/notifications/unread/count [36m304[0m 236.096 ms - -[0m
[0mGET /api/notifications [36m304[0m 256.747 ms - -[0m
[0mGET /api/notifications [36m304[0m 290.905 ms - -[0m
[0mGET /api/notifications/unread/count [36m304[0m 321.549 ms - -[0m
[0mGET /api/notifications/unread/count [36m304[0m 227.689 ms - -[0m
[0mGET /api/notifications [36m304[0m 229.726 ms - -[0m
[0mGET /api/notifications [36m304[0m 232.001 ms - -[0m
[0mGET /api/notifications/unread/count [36m304[0m 247.008 ms - -[0m
[0mGET /api/notifications/unread/count [36m304[0m 261.042 ms - -[0m
[0mGET /api/notifications [36m304[0m 276.900 ms - -[0m
[0mGET /api/notifications [36m304[0m 234.890 ms - -[0m
[0mGET /api/notifications/unread/count [36m304[0m 250.954 ms - -[0m
[0mGET /api/notifications/unread/count [36m304[0m 262.152 ms - -[0m
[0mGET /api/notifications [36m304[0m 281.488 ms - -[0m
[0mGET /api/notifications/unread/count [36m304[0m 248.890 ms - -[0m
[0mGET /api/notifications [36m304[0m 305.207 ms - -[0m
[0mGET /api/notifications [36m304[0m 264.922 ms - -[0m
[0mGET /api/notifications/unread/count [36m304[0m 269.354 ms - -[0m
[0mGET /api/notifications/unread/count [36m304[0m 244.776 ms - -[0m
[0mGET /api/notifications [36m304[0m 267.282 ms - -[0m
[0mGET /api/notifications/unread/count [36m304[0m 238.291 ms - -[0m
[0mGET /api/notifications [36m304[0m 241.827 ms - -[0m
[0mGET /api/notifications/unread/count [36m304[0m 243.344 ms - -[0m
[0mGET /api/notifications [36m304[0m 246.415 ms - -[0m
[0mGET /api/notifications [36m304[0m 432.419 ms - -[0m
[0mGET /api/notifications/unread/count [36m304[0m 436.863 ms - -[0m
[0mGET /api/notifications [36m304[0m 502.589 ms - -[0m
[0mGET /api/notifications/unread/count [36m304[0m 525.596 ms - -[0m
[0mGET /api/notifications/unread/count [36m304[0m 487.995 ms - -[0m
[0mGET /api/notifications [36m304[0m 509.125 ms - -[0m
[0mGET /api/notifications/unread/count [36m304[0m 343.580 ms - -[0m
[0mGET /api/notifications [36m304[0m 363.156 ms - -[0m
[0mGET /api/notifications/unread/count [36m304[0m 316.037 ms - -[0m
[0mGET /api/notifications [36m304[0m 329.386 ms - -[0m
[0mGET /api/notifications [36m304[0m 320.451 ms - -[0m
[0mGET /api/notifications/unread/count [36m304[0m 365.912 ms - -[0m
[0mGET /api/notifications/unread/count [36m304[0m 319.614 ms - -[0m
[0mGET /api/notifications [36m304[0m 321.433 ms - -[0m
[0mGET /api/notifications/unread/count [36m304[0m 293.695 ms - -[0m
[0mGET /api/notifications [36m304[0m 300.377 ms - -[0m
[0mGET /api/career/goal [36m304[0m 306.046 ms - -[0m
[0mGET /api/career/roadmap [36m304[0m 304.820 ms - -[0m
[0mGET /api/skills/user [36m304[0m 303.248 ms - -[0m
[0mGET /api/cv [32m200[0m 312.165 ms - 653[0m
[0mGET /api/career/roadmap [36m304[0m 185.437 ms - -[0m
[0mGET /api/career/goal [36m304[0m 187.310 ms - -[0m
[0mGET /api/skills/user [36m304[0m 183.822 ms - -[0m
[0mGET /api/cv [36m304[0m 177.006 ms - -[0m
[0mGET /api/notifications [36m304[0m 167.653 ms - -[0m
[0mGET /api/notifications/unread/count [36m304[0m 174.967 ms - -[0m
[0mGET /api/skills [36m304[0m 257.375 ms - -[0m
[0mGET /api/github/status [36m304[0m 262.333 ms - -[0m
[0mGET /api/skills/user [36m304[0m 279.278 ms - -[0m
[0mGET /api/skills/assessments [36m304[0m 277.150 ms - -[0m
[0mGET /api/skills [36m304[0m 161.991 ms - -[0m
[0mGET /api/github/status [36m304[0m 170.741 ms - -[0m
[0mGET /api/skills/assessments [36m304[0m 170.594 ms - -[0m
[0mGET /api/skills/user [36m304[0m 188.410 ms - -[0m
[0mPOST /api/skills/forecast [32m200[0m 405.354 ms - 1800[0m
[0mGET /api/notifications [36m304[0m 193.872 ms - -[0m
[0mGET /api/notifications/unread/count [36m304[0m 233.929 ms - -[0m
[0mGET /api/notifications/unread/count [36m304[0m 483.778 ms - -[0m
[0mGET /api/notifications [36m304[0m 502.150 ms - -[0m
[0mGET /api/notifications [36m304[0m 234.517 ms - -[0m
[0mGET /api/notifications/unread/count [36m304[0m 248.272 ms - -[0m
[0mGET /api/notifications/unread/count [36m304[0m 269.370 ms - -[0m
[0mGET /api/notifications [36m304[0m 279.642 ms - -[0m
[0mGET /api/notifications/unread/count [36m304[0m 263.629 ms - -[0m
[0mGET /api/notifications [36m304[0m 266.184 ms - -[0m
[0mGET /api/notifications/unread/count [36m304[0m 287.866 ms - -[0m
[0mGET /api/notifications [36m304[0m 296.640 ms - -[0m
[0mGET /api/notifications/unread/count [36m304[0m 256.532 ms - -[0m
[0mGET /api/notifications [36m304[0m 262.066 ms - -[0m
[0mGET /api/notifications [36m304[0m 251.083 ms - -[0m
[0mGET /api/notifications/unread/count [36m304[0m 256.461 ms - -[0m
[0mGET /api/notifications/unread/count [36m304[0m 264.029 ms - -[0m
[0mGET /api/notifications [36m304[0m 268.362 ms - -[0m
[0mGET /api/notifications/unread/count [36m304[0m 339.465 ms - -[0m
[0mGET /api/notifications [36m304[0m 347.004 ms - -[0m
[0mGET /api/notifications [36m304[0m 245.289 ms - -[0m
[0mGET /api/notifications/unread/count [36m304[0m 263.550 ms - -[0m
[0mGET /api/cv [36m304[0m 244.216 ms - -[0m
[0mGET /api/cv [36m304[0m 184.351 ms - -[0m
[0mGET /api/notifications [36m304[0m 202.251 ms - -[0m
[0mGET /api/notifications/unread/count [36m304[0m 266.466 ms - -[0m
[0mGET /api/cv/7de8ea5d-fd5f-4ebd-b753-f312ef6e5119 [32m200[0m 406.359 ms - 14123[0m
[0mGET /api/notifications/unread/count [36m304[0m 277.311 ms - -[0m
[0mGET /api/notifications [36m304[0m 387.076 ms - -[0m
[0mGET /api/notifications [36m304[0m 303.400 ms - -[0m
[0mGET /api/notifications/unread/count [36m304[0m 449.450 ms - -[0m
[0mGET /api/notifications [36m304[0m 267.580 ms - -[0m
[0mGET /api/notifications/unread/count [36m304[0m 281.900 ms - -[0m
[0mGET /api/notifications [36m304[0m 265.609 ms - -[0m
[0mGET /api/notifications/unread/count [36m304[0m 449.751 ms - -[0m
[0mGET /api/notifications/unread/count [36m304[0m 217.802 ms - -[0m
[0mGET /api/notifications [36m304[0m 230.584 ms - -[0m
[0mGET /api/skills/user [36m304[0m 241.638 ms - -[0m
[0mGET /api/skills/assessments [36m304[0m 245.957 ms - -[0m
[0mGET /api/github/status [36m304[0m 247.177 ms - -[0m
[0mGET /api/skills [36m304[0m 257.206 ms - -[0m
[0mGET /api/skills/user [36m304[0m 169.095 ms - -[0m
[0mGET /api/skills/assessments [36m304[0m 185.993 ms - -[0m
[0mGET /api/github/status [36m304[0m 189.018 ms - -[0m
[0mGET /api/skills [36m304[0m 189.204 ms - -[0m
[0mGET /api/notifications/unread/count [36m304[0m 288.399 ms - -[0m
[0mGET /api/notifications [36m304[0m 295.338 ms - -[0m
[0mPOST /api/skills/forecast [32m200[0m 301.668 ms - 1800[0m
[0mGET /api/notifications/unread/count [36m304[0m 258.171 ms - -[0m
[0mGET /api/notifications [36m304[0m 260.581 ms - -[0m
[0mGET /api/notifications [36m304[0m 240.566 ms - -[0m
[0mGET /api/notifications/unread/count [36m304[0m 243.413 ms - -[0m
[0mGET /api/notifications [36m304[0m 252.429 ms - -[0m
[0mGET /api/notifications/unread/count [36m304[0m 255.251 ms - -[0m
[0mGET /api/notifications [36m304[0m 268.712 ms - -[0m
[0mGET /api/notifications/unread/count [36m304[0m 284.302 ms - -[0m
[0mGET /api/notifications [36m304[0m 272.988 ms - -[0m
[0mGET /api/notifications/unread/count [36m304[0m 309.298 ms - -[0m
[0mGET /api/notifications [36m304[0m 255.671 ms - -[0m
[0mGET /api/notifications/unread/count [36m304[0m 261.534 ms - -[0m
[0mGET /api/notifications [36m304[0m 245.224 ms - -[0m
[0mGET /api/notifications/unread/count [36m304[0m 259.505 ms - -[0m
[0mGET /api/notifications [36m304[0m 267.669 ms - -[0m
[0mGET /api/notifications/unread/count [36m304[0m 289.776 ms - -[0m
[0mGET /api/notifications [36m304[0m 243.372 ms - -[0m
[0mGET /api/notifications/unread/count [36m304[0m 263.881 ms - -[0m
[0mGET /api/notifications [36m304[0m 246.681 ms - -[0m
[0mGET /api/notifications/unread/count [36m304[0m 253.776 ms - -[0m
[0mGET /api/notifications/unread/count [36m304[0m 237.256 ms - -[0m
[0mGET /api/notifications [36m304[0m 246.921 ms - -[0m
[0mGET /api/notifications/unread/count [36m304[0m 451.893 ms - -[0m
[0mGET /api/notifications [36m304[0m 467.753 ms - -[0m
[0mGET /api/notifications [36m304[0m 243.516 ms - -[0m
[0mGET /api/notifications/unread/count [36m304[0m 267.641 ms - -[0m
[0mGET /api/notifications/unread/count [36m304[0m 235.901 ms - -[0m
[0mGET /api/notifications [36m304[0m 250.574 ms - -[0m
[0mGET /api/notifications/unread/count [36m304[0m 317.647 ms - -[0m
[0mGET /api/notifications [36m304[0m 319.267 ms - -[0m
[0mGET /api/notifications/unread/count [36m304[0m 277.969 ms - -[0m
[0mGET /api/notifications [36m304[0m 285.996 ms - -[0m
[0mGET /api/notifications [36m304[0m 252.887 ms - -[0m
[0mGET /api/notifications/unread/count [36m304[0m 261.226 ms - -[0m
[0mGET /api/notifications/unread/count [36m304[0m 241.187 ms - -[0m
[0mGET /api/notifications [36m304[0m 244.306 ms - -[0m
[0mGET /api/notifications [36m304[0m 251.558 ms - -[0m
[0mGET /api/notifications/unread/count [36m304[0m 258.790 ms - -[0m
[0mGET /api/notifications/unread/count [36m304[0m 267.491 ms - -[0m
[0mGET /api/notifications [36m304[0m 269.056 ms - -[0m
[0mGET /api/notifications [36m304[0m 435.768 ms - -[0m
[0mGET /api/notifications/unread/count [36m304[0m 436.737 ms - -[0m
[0mGET /api/notifications/unread/count [36m304[0m 305.658 ms - -[0m
[0mGET /api/notifications [36m304[0m 320.338 ms - -[0m
[0mGET /api/notifications [36m304[0m 247.408 ms - -[0m
[0mGET /api/notifications/unread/count [36m304[0m 270.290 ms - -[0m
[0mGET /api/notifications/unread/count [36m304[0m 261.252 ms - -[0m
[0mGET /api/notifications [36m304[0m 265.822 ms - -[0m
[0mGET /api/notifications [36m304[0m 257.419 ms - -[0m
[0mGET /api/notifications/unread/count [36m304[0m 270.267 ms - -[0m
[0mGET /api/notifications [36m304[0m 246.301 ms - -[0m
[0mGET /api/notifications/unread/count [36m304[0m 257.244 ms - -[0m
[0mGET /api/notifications/unread/count [36m304[0m 298.604 ms - -[0m
[0mGET /api/notifications [36m304[0m 305.657 ms - -[0m
[0mGET /api/notifications/unread/count [36m304[0m 243.710 ms - -[0m
[0mGET /api/notifications [36m304[0m 280.252 ms - -[0m
[0mGET /api/notifications/unread/count [36m304[0m 238.672 ms - -[0m
[0mGET /api/notifications [36m304[0m 240.429 ms - -[0m
[0mGET /api/notifications [36m304[0m 247.506 ms - -[0m
[0mGET /api/notifications/unread/count [36m304[0m 251.075 ms - -[0m
[0mGET /api/notifications [36m304[0m 253.396 ms - -[0m
[0mGET /api/notifications/unread/count [36m304[0m 264.177 ms - -[0m
[0mGET /api/notifications/unread/count [36m304[0m 291.872 ms - -[0m
[0mGET /api/notifications [36m304[0m 304.890 ms - -[0m
[0mGET /api/notifications [36m304[0m 242.840 ms - -[0m
[0mGET /api/notifications/unread/count [36m304[0m 252.915 ms - -[0m
[0mGET /api/notifications/unread/count [36m304[0m 244.551 ms - -[0m
[0mGET /api/notifications [36m304[0m 255.693 ms - -[0m
[0mGET /api/notifications/unread/count [36m304[0m 248.294 ms - -[0m
[0mGET /api/notifications [36m304[0m 276.501 ms - -[0m
[0mGET /api/notifications [36m304[0m 247.383 ms - -[0m
[0mGET /api/notifications/unread/count [36m304[0m 259.122 ms - -[0m
[0mGET /api/notifications [36m304[0m 248.795 ms - -[0m
[0mGET /api/notifications/unread/count [36m304[0m 252.194 ms - -[0m

> backend@1.0.0 dev
> nodemon --watch src --watch api --ext ts --exec ts-node api/index.ts

[33m[nodemon] 3.1.14[39m
[33m[nodemon] to restart at any time, enter `rs`[39m
[33m[nodemon] watching path(s): src\**\* api\**\*[39m
[33m[nodemon] watching extensions: ts[39m
[32m[nodemon] starting `ts-node api/index.ts`[39m
‚óá injected env (25) from .env // tip: ‚óà secrets for agents [www.dotenvx.com]
[Supabase] Initializing clients with URL: https://elqpbpbgzzxfovtyvuct.supabase.co
D:\R26-IT-128\R26-IT-128\backend\node_modules\@supabase\realtime-js\src\lib\websocket-factory.ts:178
    throw new Error(errorMessage)
          ^
Error: Node.js 20 detected without native WebSocket support.

Suggested solution: For Node.js < 22, install "ws" package and provide it via the transport option:
import ws from "ws"
new RealtimeClient(url, { transport: ws })
    at Function.getWebSocketConstructor (D:\R26-IT-128\R26-IT-128\backend\node_modules\@supabase\realtime-js\src\lib\websocket-factory.ts:178:11)
    at RealtimeClient._initializeOptions (D:\R26-IT-128\R26-IT-128\backend\node_modules\@supabase\realtime-js\src\RealtimeClient.ts:805:63)
    at new RealtimeClient (D:\R26-IT-128\R26-IT-128\backend\node_modules\@supabase\realtime-js\src\RealtimeClient.ts:284:39)
    at SupabaseClient._initRealtimeClient (D:\R26-IT-128\R26-IT-128\backend\node_modules\@supabase\supabase-js\src\SupabaseClient.ts:629:12)
    at new SupabaseClient (D:\R26-IT-128\R26-IT-128\backend\node_modules\@supabase\supabase-js\src\SupabaseClient.ts:366:26)
    at createClient (D:\R26-IT-128\R26-IT-128\backend\node_modules\@supabase\supabase-js\src\index.ts:65:10)
    at Object.<anonymous> (D:\R26-IT-128\R26-IT-128\backend\src\config\supabase.ts:9:58)
    at Module._compile (node:internal/modules/cjs/loader:1469:14)
    at Module.m._compile (D:\R26-IT-128\R26-IT-128\backend\node_modules\ts-node\src\index.ts:1618:23)
    at Module._extensions..js (node:internal/modules/cjs/loader:1548:10)
[31m[nodemon] app crashed - waiting for file changes before starting...[39m
[32m[nodemon] restarting due to changes...[39m
[32m[nodemon] starting `ts-node api/index.ts`[39m
‚óá injected env (25) from .env // tip: ‚óà secrets for agents [www.dotenvx.com]
D:\R26-IT-128\R26-IT-128\backend\node_modules\ts-node\src\index.ts:859
    return new TSError(diagnosticText, diagnosticCodes, diagnostics);
           ^
TSError: ‚®Ø Unable to compile TypeScript:
src/config/supabase.ts(17,5): error TS2322: Type '{ transport: typeof ws; }' is not assignable to type 'RealtimeClientOptions'.
  Types of property 'transport' are incompatible.
    Type 'typeof WebSocket' is not assignable to type 'WebSocketLikeConstructor'.
      Types of parameters 'address' and 'address' are incompatible.
        Type 'string | URL' is not assignable to type 'null'.
          Type 'string' is not assignable to type 'null'.
src/config/supabase.ts(32,5): error TS2322: Type '{ transport: typeof ws; }' is not assignable to type 'RealtimeClientOptions'.
  Types of property 'transport' are incompatible.
    Type 'typeof WebSocket' is not assignable to type 'WebSocketLikeConstructor'.
      Types of parameters 'address' and 'address' are incompatible.
        Type 'string | URL' is not assignable to type 'null'.
          Type 'string' is not assignable to type 'null'.

    at createTSError (D:\R26-IT-128\R26-IT-128\backend\node_modules\ts-node\src\index.ts:859:12)
    at reportTSError (D:\R26-IT-128\R26-IT-128\backend\node_modules\ts-node\src\index.ts:863:19)
    at getOutput (D:\R26-IT-128\R26-IT-128\backend\node_modules\ts-node\src\index.ts:1077:36)
    at Object.compile (D:\R26-IT-128\R26-IT-128\backend\node_modules\ts-node\src\index.ts:1433:41)
    at Module.m._compile (D:\R26-IT-128\R26-IT-128\backend\node_modules\ts-node\src\index.ts:1617:30)
    at Module._extensions..js (node:internal/modules/cjs/loader:1548:10)
    at Object.require.extensions.<computed> [as .ts] (D:\R26-IT-128\R26-IT-128\backend\node_modules\ts-node\src\index.ts:1621:12)
    at Module.load (node:internal/modules/cjs/loader:1288:32)
    at Function.Module._load (node:internal/modules/cjs/loader:1104:12)
    at Module.require (node:internal/modules/cjs/loader:1311:19) {
  diagnosticCodes: [ 2322, 2322 ]
}
[31m[nodemon] app crashed - waiting for file changes before starting...[39m
 
 >   b a c k e n d @ 1 . 0 . 0   d e v  
 >   n o d e m o n   - - w a t c h   s r c   - - w a t c h   a p i   - - e x t   t s   - - e x e c   t s - n o d e   a p i / i n d e x . t s  
  
  [ 3 3 m [ n o d e m o n ]   3 . 1 . 1 4  [ 3 9 m  
  [ 3 3 m [ n o d e m o n ]   t o   r e s t a r t   a t   a n y   t i m e ,   e n t e r   ` r s `  [ 3 9 m  
  [ 3 3 m [ n o d e m o n ]   w a t c h i n g   p a t h ( s ) :   s r c \ * * \ *   a p i \ * * \ *  [ 3 9 m  
  [ 3 3 m [ n o d e m o n ]   w a t c h i n g   e x t e n s i o n s :   t s  [ 3 9 m  
  [ 3 2 m [ n o d e m o n ]   s t a r t i n g   ` t s - n o d e   a p i / i n d e x . t s `  [ 3 9 m  
 ì˘ Á   i n j e c t e d   e n v   ( 2 5 )   f r o m   . e n v   / /   t i p :   ìÓ ˇ   e n a b l e   d e b u g g i n g   {   d e b u g :   t r u e   }  
 c m d   :   D : \ R 2 6 - I T - 1 2 8 \ R 2 6 - I T - 1 2 8 \ b a c k e n d \ n o d e _ m o d u l e s \ t s - n o d e \ s r c \ i n d e x . t s : 8 5 9  
 A t   l i n e : 4   c h a r : 9  
 +                   c m d   / c   $ c m d   * > >   $ l f  
 +                   ~ ~ ~ ~ ~ ~ ~ ~ ~ ~ ~ ~ ~ ~ ~ ~ ~ ~ ~  
         +   C a t e g o r y I n f o                     :   N o t S p e c i f i e d :   ( D : \ R 2 6 - I T - 1 2 8 \ R . . . r c \ i n d e x . t s : 8 5 9 : S t r i n g )   [ ] ,   R e m o t e E x c e p t i o n  
         +   F u l l y Q u a l i f i e d E r r o r I d   :   N a t i v e C o m m a n d E r r o r  
    
         r e t u r n   n e w   T S E r r o r ( d i a g n o s t i c T e x t ,   d i a g n o s t i c C o d e s ,   d i a g n o s t i c s ) ;  
                       ^  
 T S E r r o r :   ìø ª   U n a b l e   t o   c o m p i l e   T y p e S c r i p t :  
 s r c / c o n f i g / s u p a b a s e . t s ( 1 7 , 5 ) :   e r r o r   T S 2 3 2 2 :   T y p e   ' {   t r a n s p o r t :   t y p e o f   w s ;   } '   i s   n o t   a s s i g n a b l e   t o   t y p e   ' R e a l t i m e C l i e n t O p t i o n s ' .  
     T y p e s   o f   p r o p e r t y   ' t r a n s p o r t '   a r e   i n c o m p a t i b l e .  
         T y p e   ' t y p e o f   W e b S o c k e t '   i s   n o t   a s s i g n a b l e   t o   t y p e   ' W e b S o c k e t L i k e C o n s t r u c t o r ' .  
             T y p e s   o f   p a r a m e t e r s   ' a d d r e s s '   a n d   ' a d d r e s s '   a r e   i n c o m p a t i b l e .  
                 T y p e   ' s t r i n g   |   U R L '   i s   n o t   a s s i g n a b l e   t o   t y p e   ' n u l l ' .  
                     T y p e   ' s t r i n g '   i s   n o t   a s s i g n a b l e   t o   t y p e   ' n u l l ' .  
 s r c / c o n f i g / s u p a b a s e . t s ( 3 2 , 5 ) :   e r r o r   T S 2 3 2 2 :   T y p e   ' {   t r a n s p o r t :   t y p e o f   w s ;   } '   i s   n o t   a s s i g n a b l e   t o   t y p e   ' R e a l t i m e C l i e n t O p t i o n s ' .  
     T y p e s   o f   p r o p e r t y   ' t r a n s p o r t '   a r e   i n c o m p a t i b l e .  
         T y p e   ' t y p e o f   W e b S o c k e t '   i s   n o t   a s s i g n a b l e   t o   t y p e   ' W e b S o c k e t L i k e C o n s t r u c t o r ' .  
             T y p e s   o f   p a r a m e t e r s   ' a d d r e s s '   a n d   ' a d d r e s s '   a r e   i n c o m p a t i b l e .  
                 T y p e   ' s t r i n g   |   U R L '   i s   n o t   a s s i g n a b l e   t o   t y p e   ' n u l l ' .  
                     T y p e   ' s t r i n g '   i s   n o t   a s s i g n a b l e   t o   t y p e   ' n u l l ' .  
  
         a t   c r e a t e T S E r r o r   ( D : \ R 2 6 - I T - 1 2 8 \ R 2 6 - I T - 1 2 8 \ b a c k e n d \ n o d e _ m o d u l e s \ t s - n o d e \ s r c \ i n d e x . t s : 8 5 9 : 1 2 )  
         a t   r e p o r t T S E r r o r   ( D : \ R 2 6 - I T - 1 2 8 \ R 2 6 - I T - 1 2 8 \ b a c k e n d \ n o d e _ m o d u l e s \ t s - n o d e \ s r c \ i n d e x . t s : 8 6 3 : 1 9 )  
         a t   g e t O u t p u t   ( D : \ R 2 6 - I T - 1 2 8 \ R 2 6 - I T - 1 2 8 \ b a c k e n d \ n o d e _ m o d u l e s \ t s - n o d e \ s r c \ i n d e x . t s : 1 0 7 7 : 3 6 )  
         a t   O b j e c t . c o m p i l e   ( D : \ R 2 6 - I T - 1 2 8 \ R 2 6 - I T - 1 2 8 \ b a c k e n d \ n o d e _ m o d u l e s \ t s - n o d e \ s r c \ i n d e x . t s : 1 4 3 3 : 4 1 )  
         a t   M o d u l e . m . _ c o m p i l e   ( D : \ R 2 6 - I T - 1 2 8 \ R 2 6 - I T - 1 2 8 \ b a c k e n d \ n o d e _ m o d u l e s \ t s - n o d e \ s r c \ i n d e x . t s : 1 6 1 7 : 3 0 )  
         a t   M o d u l e . _ e x t e n s i o n s . . j s   ( n o d e : i n t e r n a l / m o d u l e s / c j s / l o a d e r : 1 5 4 8 : 1 0 )  
         a t   O b j e c t . r e q u i r e . e x t e n s i o n s . < c o m p u t e d >   [ a s   . t s ]    
 ( D : \ R 2 6 - I T - 1 2 8 \ R 2 6 - I T - 1 2 8 \ b a c k e n d \ n o d e _ m o d u l e s \ t s - n o d e \ s r c \ i n d e x . t s : 1 6 2 1 : 1 2 )  
         a t   M o d u l e . l o a d   ( n o d e : i n t e r n a l / m o d u l e s / c j s / l o a d e r : 1 2 8 8 : 3 2 )  
         a t   F u n c t i o n . M o d u l e . _ l o a d   ( n o d e : i n t e r n a l / m o d u l e s / c j s / l o a d e r : 1 1 0 4 : 1 2 )  
         a t   M o d u l e . r e q u i r e   ( n o d e : i n t e r n a l / m o d u l e s / c j s / l o a d e r : 1 3 1 1 : 1 9 )   {  
     d i a g n o s t i c C o d e s :   [   2 3 2 2 ,   2 3 2 2   ]  
 }  
  [ 3 1 m [ n o d e m o n ]   a p p   c r a s h e d   -   w a i t i n g   f o r   f i l e   c h a n g e s   b e f o r e   s t a r t i n g . . .  [ 3 9 m  
  [ 3 2 m [ n o d e m o n ]   r e s t a r t i n g   d u e   t o   c h a n g e s . . .  [ 3 9 m  
  [ 3 2 m [ n o d e m o n ]   s t a r t i n g   ` t s - n o d e   a p i / i n d e x . t s `  [ 3 9 m  
 ì˘ Á   i n j e c t e d   e n v   ( 2 5 )   f r o m   . e n v   / /   t i p :   ìÓ ˇ   s u p p r e s s   l o g s   {   q u i e t :   t r u e   }  
 [ S u p a b a s e ]   I n i t i a l i z i n g   c l i e n t s   w i t h   U R L :   h t t p s : / / e l q p b p b g z z x f o v t y v u c t . s u p a b a s e . c o  
 [ S u p a b a s e ]   A d m i n   c l i e n t   i n i t i a l i z e d  
 [ S u p a b a s e ]   A n o n   c l i e n t   i n i t i a l i z e d  
 A P I   s e r v e r   l i s t e n i n g   o n   p o r t   8 0 8 1  
  
 >   b a c k e n d @ 1 . 0 . 0   d e v  
 >   n o d e m o n   - - w a t c h   s r c   - - w a t c h   a p i   - - e x t   t s   - - e x e c   t s - n o d e   a p i / i n d e x . t s  
  
  [ 3 3 m [ n o d e m o n ]   3 . 1 . 1 4  [ 3 9 m  
  [ 3 3 m [ n o d e m o n ]   t o   r e s t a r t   a t   a n y   t i m e ,   e n t e r   ` r s `  [ 3 9 m  
  [ 3 3 m [ n o d e m o n ]   w a t c h i n g   p a t h ( s ) :   s r c \ * * \ *   a p i \ * * \ *  [ 3 9 m  
  [ 3 3 m [ n o d e m o n ]   w a t c h i n g   e x t e n s i o n s :   t s  [ 3 9 m  
  [ 3 2 m [ n o d e m o n ]   s t a r t i n g   ` t s - n o d e   a p i / i n d e x . t s `  [ 3 9 m  
 ì˘ Á   i n j e c t e d   e n v   ( 2 5 )   f r o m   . e n v   / /   t i p :   ìÓ ˇ   c u s t o m   f i l e p a t h   {   p a t h :   ' / c u s t o m / p a t h / . e n v '   }  
 [ S u p a b a s e ]   I n i t i a l i z i n g   c l i e n t s   w i t h   U R L :   h t t p s : / / e l q p b p b g z z x f o v t y v u c t . s u p a b a s e . c o  
 [ S u p a b a s e ]   A d m i n   c l i e n t   i n i t i a l i z e d  
 [ S u p a b a s e ]   A n o n   c l i e n t   i n i t i a l i z e d  
 A P I   s e r v e r   l i s t e n i n g   o n   p o r t   8 0 8 1  
 [ A u t h ]   R e g i s t e r   a t t e m p t   f o r   e m a i l :   c h a r i t h @ g m a i l . c o m  
 [ A u t h ]   C o n n e c t i n g   t o   S u p a b a s e   a t :   h t t p s : / / e l q p b p b g z z x f o v t y v u c t . s u p a b a s e . c o  
 [ A u t h ]   U s e r   c r e a t e d   s u c c e s s f u l l y   f o r   c h a r i t h @ g m a i l . c o m  
 [ A u t h ]   R e g i s t e r   a n d   s i g n - i n   s u c c e s s f u l   f o r   c h a r i t h @ g m a i l . c o m  
  [ 0 m P O S T   / a p i / a u t h / r e g i s t e r    [ 3 2 m 2 0 1  [ 0 m   2 5 9 2 . 3 4 3   m s   -   2 3 6 8  [ 0 m  
  [ 0 m G E T   / a p i / s k i l l s / u s e r    [ 3 2 m 2 0 0  [ 0 m   1 1 3 5 . 4 6 3   m s   -   5 8  [ 0 m  
  [ 0 m G E T   / a p i / g i t h u b / s t a t u s    [ 3 2 m 2 0 0  [ 0 m   1 1 3 8 . 5 9 3   m s   -   6 9  [ 0 m  
  [ 0 m G E T   / a p i / s k i l l s / a s s e s s m e n t s    [ 3 2 m 2 0 0  [ 0 m   1 1 6 7 . 3 3 0   m s   -   5 8  [ 0 m  
  [ 0 m G E T   / a p i / n o t i f i c a t i o n s    [ 3 2 m 2 0 0  [ 0 m   1 5 4 6 . 5 3 2   m s   -   6 0  [ 0 m  
  [ 0 m G E T   / a p i / n o t i f i c a t i o n s / u n r e a d / c o u n t    [ 3 2 m 2 0 0  [ 0 m   1 5 3 2 . 4 8 8   m s   -   6 8  [ 0 m  
  [ 0 m G E T   / a p i / s k i l l s    [ 3 2 m 2 0 0  [ 0 m   1 1 6 7 . 9 0 0   m s   -   3 8 5 0  [ 0 m  
  [ 0 m G E T   / a p i / s k i l l s / u s e r    [ 3 6 m 3 0 4  [ 0 m   3 0 7 . 7 3 4   m s   -   -  [ 0 m  
  [ 0 m G E T   / a p i / n o t i f i c a t i o n s    [ 3 6 m 3 0 4  [ 0 m   2 8 7 . 2 7 4   m s   -   -  [ 0 m  
  [ 0 m G E T   / a p i / n o t i f i c a t i o n s / u n r e a d / c o u n t    [ 3 6 m 3 0 4  [ 0 m   2 8 2 . 0 2 2   m s   -   -  [ 0 m  
  [ 0 m G E T   / a p i / g i t h u b / s t a t u s    [ 3 6 m 3 0 4  [ 0 m   3 0 3 . 0 2 3   m s   -   -  [ 0 m  
  [ 0 m G E T   / a p i / s k i l l s    [ 3 6 m 3 0 4  [ 0 m   2 8 4 . 0 6 1   m s   -   -  [ 0 m  
  [ 0 m G E T   / a p i / s k i l l s / a s s e s s m e n t s    [ 3 6 m 3 0 4  [ 0 m   7 1 1 . 3 5 6   m s   -   -  [ 0 m  
  [ 0 m G E T   / a p i / n o t i f i c a t i o n s    [ 3 6 m 3 0 4  [ 0 m   5 8 4 . 2 1 1   m s   -   -  [ 0 m  
  [ 0 m G E T   / a p i / n o t i f i c a t i o n s / u n r e a d / c o u n t    [ 3 6 m 3 0 4  [ 0 m   6 1 9 . 8 1 4   m s   -   -  [ 0 m  
  [ 0 m G E T   / a p i / n o t i f i c a t i o n s    [ 3 6 m 3 0 4  [ 0 m   5 9 1 . 8 9 3   m s   -   -  [ 0 m  
  [ 0 m G E T   / a p i / n o t i f i c a t i o n s / u n r e a d / c o u n t    [ 3 6 m 3 0 4  [ 0 m   5 9 5 . 8 9 3   m s   -   -  [ 0 m  
  [ 0 m G E T   / a p i / n o t i f i c a t i o n s    [ 3 6 m 3 0 4  [ 0 m   5 7 1 . 0 6 1   m s   -   -  [ 0 m  
  [ 0 m G E T   / a p i / n o t i f i c a t i o n s / u n r e a d / c o u n t    [ 3 6 m 3 0 4  [ 0 m   7 3 0 . 7 6 8   m s   -   -  [ 0 m  
  [ 0 m G E T   / a p i / n o t i f i c a t i o n s    [ 3 6 m 3 0 4  [ 0 m   5 5 6 . 8 5 5   m s   -   -  [ 0 m  
  [ 0 m G E T   / a p i / n o t i f i c a t i o n s / u n r e a d / c o u n t    [ 3 6 m 3 0 4  [ 0 m   5 6 2 . 2 0 8   m s   -   -  [ 0 m  
  [ 0 m P O S T   / a p i / s k i l l s / f o r e c a s t    [ 3 2 m 2 0 0  [ 0 m   1 3 1 9 . 1 3 4   m s   -   2 2 7 2  [ 0 m  
  [ 0 m G E T   / a p i / n o t i f i c a t i o n s    [ 3 2 m 2 0 0  [ 0 m   5 9 2 . 6 8 1   m s   -   2 0 4 2  [ 0 m  
  [ 0 m G E T   / a p i / n o t i f i c a t i o n s / u n r e a d / c o u n t    [ 3 2 m 2 0 0  [ 0 m   6 1 7 . 7 3 9   m s   -   6 8  [ 0 m  
  [ 0 m G E T   / a p i / n o t i f i c a t i o n s / u n r e a d / c o u n t    [ 3 6 m 3 0 4  [ 0 m   6 6 1 . 0 6 4   m s   -   -  [ 0 m  
  [ 0 m G E T   / a p i / n o t i f i c a t i o n s    [ 3 6 m 3 0 4  [ 0 m   6 6 9 . 8 3 7   m s   -   -  [ 0 m  
  [ 0 m G E T   / a p i / n o t i f i c a t i o n s / u n r e a d / c o u n t    [ 3 6 m 3 0 4  [ 0 m   5 4 8 . 0 8 8   m s   -   -  [ 0 m  
  [ 0 m G E T   / a p i / n o t i f i c a t i o n s    [ 3 6 m 3 0 4  [ 0 m   5 8 8 . 9 3 8   m s   -   -  [ 0 m  
  [ 0 m G E T   / a p i / s k i l l s / u s e r    [ 3 6 m 3 0 4  [ 0 m   6 1 3 . 1 6 4   m s   -   -  [ 0 m  
  [ 0 m G E T   / a p i / c a r e e r / g o a l    [ 3 2 m 2 0 0  [ 0 m   5 2 6 . 7 0 2   m s   -   6 0  [ 0 m  
  [ 0 m G E T   / a p i / c v    [ 3 2 m 2 0 0  [ 0 m   5 5 3 . 0 0 4   m s   -   5 0  [ 0 m  
  [ 0 m G E T   / a p i / c a r e e r / r o a d m a p    [ 3 2 m 2 0 0  [ 0 m   6 5 4 . 0 8 6   m s   -   5 4  [ 0 m  
  [ 0 m G E T   / a p i / s k i l l s / u s e r    [ 3 6 m 3 0 4  [ 0 m   2 5 8 . 1 1 8   m s   -   -  [ 0 m  
  [ 0 m G E T   / a p i / c a r e e r / g o a l    [ 3 6 m 3 0 4  [ 0 m   2 6 2 . 0 5 8   m s   -   -  [ 0 m  
  [ 0 m G E T   / a p i / c v    [ 3 6 m 3 0 4  [ 0 m   2 5 7 . 8 0 6   m s   -   -  [ 0 m  
  [ 0 m G E T   / a p i / c a r e e r / r o a d m a p    [ 3 6 m 3 0 4  [ 0 m   2 6 3 . 6 2 3   m s   -   -  [ 0 m  
  [ 0 m G E T   / a p i / n o t i f i c a t i o n s / u n r e a d / c o u n t    [ 3 6 m 3 0 4  [ 0 m   3 1 8 . 2 2 4   m s   -   -  [ 0 m  
  [ 0 m G E T   / a p i / n o t i f i c a t i o n s    [ 3 6 m 3 0 4  [ 0 m   3 2 3 . 4 4 0   m s   -   -  [ 0 m  
  [ 0 m G E T   / a p i / c v    [ 3 6 m 3 0 4  [ 0 m   7 0 8 . 9 5 2   m s   -   -  [ 0 m  
  [ 0 m G E T   / a p i / c v    [ 3 6 m 3 0 4  [ 0 m   3 7 1 . 8 6 1   m s   -   -  [ 0 m  
  [ 0 m G E T   / a p i / n o t i f i c a t i o n s / u n r e a d / c o u n t    [ 3 6 m 3 0 4  [ 0 m   3 1 9 . 7 9 2   m s   -   -  [ 0 m  
  [ 0 m G E T   / a p i / n o t i f i c a t i o n s    [ 3 6 m 3 0 4  [ 0 m   8 2 4 . 4 7 3   m s   -   -  [ 0 m  
  [ 0 m G E T   / a p i / n o t i f i c a t i o n s / u n r e a d / c o u n t    [ 3 6 m 3 0 4  [ 0 m   6 5 4 . 5 1 0   m s   -   -  [ 0 m  
  [ 0 m G E T   / a p i / n o t i f i c a t i o n s    [ 3 6 m 3 0 4  [ 0 m   6 6 4 . 9 2 5   m s   -   -  [ 0 m  
  [ 0 m P O S T   / a p i / c v    [ 3 2 m 2 0 1  [ 0 m   5 5 1 . 7 5 1   m s   -   2 3 1  [ 0 m  
  [ 0 m G E T   / a p i / c v / 2 5 f 9 5 b f a - 2 1 3 d - 4 e 9 f - 8 9 9 e - 8 8 2 3 7 4 2 6 c 0 5 b    [ 3 2 m 2 0 0  [ 0 m   8 0 8 . 5 5 1   m s   -   5 2 1  [ 0 m  
  [ 0 m G E T   / a p i / n o t i f i c a t i o n s / u n r e a d / c o u n t    [ 3 6 m 3 0 4  [ 0 m   5 8 4 . 8 2 0   m s   -   -  [ 0 m  
  [ 0 m G E T   / a p i / n o t i f i c a t i o n s    [ 3 6 m 3 0 4  [ 0 m   5 8 9 . 4 9 7   m s   -   -  [ 0 m  
  [ 0 m G E T   / a p i / n o t i f i c a t i o n s / u n r e a d / c o u n t    [ 3 6 m 3 0 4  [ 0 m   6 3 4 . 8 4 1   m s   -   -  [ 0 m  
  [ 0 m G E T   / a p i / n o t i f i c a t i o n s    [ 3 6 m 3 0 4  [ 0 m   6 3 6 . 3 1 7   m s   -   -  [ 0 m  
  [ 0 m G E T   / a p i / n o t i f i c a t i o n s    [ 3 6 m 3 0 4  [ 0 m   7 2 4 . 4 1 3   m s   -   -  [ 0 m  
  [ 0 m G E T   / a p i / n o t i f i c a t i o n s / u n r e a d / c o u n t    [ 3 6 m 3 0 4  [ 0 m   7 2 8 . 2 4 9   m s   -   -  [ 0 m  
  [ 0 m G E T   / a p i / n o t i f i c a t i o n s    [ 3 6 m 3 0 4  [ 0 m   2 9 5 . 6 8 3   m s   -   -  [ 0 m  
  [ 0 m G E T   / a p i / n o t i f i c a t i o n s / u n r e a d / c o u n t    [ 3 6 m 3 0 4  [ 0 m   3 1 5 . 7 3 6   m s   -   -  [ 0 m  
  [ 0 m G E T   / a p i / n o t i f i c a t i o n s / u n r e a d / c o u n t    [ 3 6 m 3 0 4  [ 0 m   5 7 6 . 6 0 6   m s   -   -  [ 0 m  
  [ 0 m G E T   / a p i / n o t i f i c a t i o n s    [ 3 6 m 3 0 4  [ 0 m   5 8 1 . 2 2 2   m s   -   -  [ 0 m  
  [ 0 m P O S T   / a p i / c v / 2 5 f 9 5 b f a - 2 1 3 d - 4 e 9 f - 8 9 9 e - 8 8 2 3 7 4 2 6 c 0 5 b / u p l o a d    [ 3 2 m 2 0 0  [ 0 m   1 9 6 4 5 . 8 6 2   m s   -   6 1 5 5  [ 0 m  
  [ 0 m G E T   / a p i / n o t i f i c a t i o n s / u n r e a d / c o u n t    [ 3 6 m 3 0 4  [ 0 m   5 4 4 . 2 1 6   m s   -   -  [ 0 m  
  [ 0 m G E T   / a p i / n o t i f i c a t i o n s    [ 3 6 m 3 0 4  [ 0 m   6 7 0 . 0 3 0   m s   -   -  [ 0 m  
  [ 0 m G E T   / a p i / n o t i f i c a t i o n s    [ 3 6 m 3 0 4  [ 0 m   5 3 5 . 4 0 4   m s   -   -  [ 0 m  
  [ 0 m G E T   / a p i / n o t i f i c a t i o n s / u n r e a d / c o u n t    [ 3 6 m 3 0 4  [ 0 m   5 9 9 . 8 5 9   m s   -   -  [ 0 m  
  [ 0 m P A T C H   / a p i / c v / 2 5 f 9 5 b f a - 2 1 3 d - 4 e 9 f - 8 9 9 e - 8 8 2 3 7 4 2 6 c 0 5 b    [ 3 2 m 2 0 0  [ 0 m   5 8 2 . 0 1 9   m s   -   1 9 3  [ 0 m  
  [ 0 m P U T   / a p i / c v / 2 5 f 9 5 b f a - 2 1 3 d - 4 e 9 f - 8 9 9 e - 8 8 2 3 7 4 2 6 c 0 5 b / s e c t i o n s    [ 3 2 m 2 0 0  [ 0 m   9 7 7 . 9 8 9   m s   -   3 4 4 9  [ 0 m  
  [ 0 m G E T   / a p i / n o t i f i c a t i o n s    [ 3 6 m 3 0 4  [ 0 m   5 4 4 . 6 3 9   m s   -   -  [ 0 m  
  [ 0 m G E T   / a p i / n o t i f i c a t i o n s / u n r e a d / c o u n t    [ 3 6 m 3 0 4  [ 0 m   5 5 6 . 8 1 1   m s   -   -  [ 0 m  
  [ 0 m P O S T   / a p i / c v / 2 5 f 9 5 b f a - 2 1 3 d - 4 e 9 f - 8 9 9 e - 8 8 2 3 7 4 2 6 c 0 5 b / a n a l y z e    [ 3 2 m 2 0 0  [ 0 m   3 5 2 6 . 2 4 5   m s   -   2 4 4 0  [ 0 m  
  [ 0 m G E T   / a p i / c v    [ 3 2 m 2 0 0  [ 0 m   3 2 5 . 0 5 8   m s   -   3 4 9  [ 0 m  
  [ 0 m G E T   / a p i / n o t i f i c a t i o n s    [ 3 2 m 2 0 0  [ 0 m   6 7 1 . 1 6 5   m s   -   2 7 9 0  [ 0 m  
  [ 0 m G E T   / a p i / n o t i f i c a t i o n s / u n r e a d / c o u n t    [ 3 2 m 2 0 0  [ 0 m   9 0 6 . 4 1 2   m s   -   6 8  [ 0 m  
  [ 0 m G E T   / a p i / n o t i f i c a t i o n s / u n r e a d / c o u n t    [ 3 6 m 3 0 4  [ 0 m   1 0 9 9 . 8 1 3   m s   -   -  [ 0 m  
  [ 0 m G E T   / a p i / n o t i f i c a t i o n s    [ 3 6 m 3 0 4  [ 0 m   1 1 0 3 . 8 1 8   m s   -   -  [ 0 m  
  [ 0 m G E T   / a p i / i n t e r v i e w s    [ 3 2 m 2 0 0  [ 0 m   7 2 6 . 7 1 3   m s   -   5 5  [ 0 m  
  [ 0 m G E T   / a p i / i n t e r v i e w s    [ 3 6 m 3 0 4  [ 0 m   3 4 6 . 4 3 3   m s   -   -  [ 0 m  
  [ 0 m G E T   / a p i / n o t i f i c a t i o n s    [ 3 6 m 3 0 4  [ 0 m   3 5 1 . 8 7 7   m s   -   -  [ 0 m  
  [ 0 m G E T   / a p i / n o t i f i c a t i o n s / u n r e a d / c o u n t    [ 3 6 m 3 0 4  [ 0 m   5 9 8 . 2 7 8   m s   -   -  [ 0 m  
  [ 0 m P O S T   / a p i / i n t e r v i e w s / e x t r a c t - d o c u m e n t    [ 3 2 m 2 0 0  [ 0 m   5 7 0 . 2 5 7   m s   -   2 9 0 3  [ 0 m  
  [ 0 m G E T   / a p i / n o t i f i c a t i o n s / u n r e a d / c o u n t    [ 3 6 m 3 0 4  [ 0 m   6 6 0 . 2 4 1   m s   -   -  [ 0 m  
  [ 0 m G E T   / a p i / n o t i f i c a t i o n s    [ 3 6 m 3 0 4  [ 0 m   1 1 0 8 . 0 6 4   m s   -   -  [ 0 m  
  [ 0 m G E T   / a p i / n o t i f i c a t i o n s / u n r e a d / c o u n t    [ 3 6 m 3 0 4  [ 0 m   5 5 0 . 3 7 4   m s   -   -  [ 0 m  
  [ 0 m G E T   / a p i / n o t i f i c a t i o n s    [ 3 6 m 3 0 4  [ 0 m   6 3 7 . 5 0 0   m s   -   -  [ 0 m  
  [ 0 m P O S T   / a p i / i n t e r v i e w s    [ 3 2 m 2 0 1  [ 0 m   6 5 9 9 . 2 6 1   m s   -   1 5 2 4  [ 0 m  
  [ 0 m G E T   / a p i / n o t i f i c a t i o n s    [ 3 6 m 3 0 4  [ 0 m   6 1 8 . 5 4 2   m s   -   -  [ 0 m  
  [ 0 m G E T   / a p i / n o t i f i c a t i o n s / u n r e a d / c o u n t    [ 3 6 m 3 0 4  [ 0 m   6 3 1 . 5 1 0   m s   -   -  [ 0 m  
  [ 0 m G E T   / a p i / n o t i f i c a t i o n s / u n r e a d / c o u n t    [ 3 6 m 3 0 4  [ 0 m   5 8 8 . 8 1 3   m s   -   -  [ 0 m  
  [ 0 m G E T   / a p i / n o t i f i c a t i o n s    [ 3 6 m 3 0 4  [ 0 m   6 8 2 . 6 6 2   m s   -   -  [ 0 m  
  [ 0 m G E T   / a p i / n o t i f i c a t i o n s / u n r e a d / c o u n t    [ 3 6 m 3 0 4  [ 0 m   7 0 2 . 1 5 6   m s   -   -  [ 0 m  
  [ 0 m G E T   / a p i / n o t i f i c a t i o n s    [ 3 6 m 3 0 4  [ 0 m   7 0 3 . 4 4 6   m s   -   -  [ 0 m  
  [ 0 m G E T   / a p i / n o t i f i c a t i o n s / u n r e a d / c o u n t    [ 3 6 m 3 0 4  [ 0 m   5 9 5 . 2 9 8   m s   -   -  [ 0 m  
  [ 0 m G E T   / a p i / n o t i f i c a t i o n s    [ 3 6 m 3 0 4  [ 0 m   6 0 1 . 5 4 9   m s   -   -  [ 0 m  
  [ 0 m G E T   / a p i / n o t i f i c a t i o n s    [ 3 6 m 3 0 4  [ 0 m   3 0 4 2 . 8 0 9   m s   -   -  [ 0 m  
  [ 0 m G E T   / a p i / n o t i f i c a t i o n s / u n r e a d / c o u n t    [ 3 6 m 3 0 4  [ 0 m   3 2 6 6 . 3 1 4   m s   -   -  [ 0 m  
  [ 0 m G E T   / a p i / n o t i f i c a t i o n s    [ 3 6 m 3 0 4  [ 0 m   5 0 5 6 . 6 1 8   m s   -   -  [ 0 m  
  [ 0 m G E T   / a p i / n o t i f i c a t i o n s / u n r e a d / c o u n t    [ 3 6 m 3 0 4  [ 0 m   5 1 2 4 . 3 2 1   m s   -   -  [ 0 m  
  [ 0 m G E T   / a p i / c v    [ 3 6 m 3 0 4  [ 0 m   2 5 1 7 . 8 7 2   m s   -   -  [ 0 m  
  [ 0 m G E T   / a p i / c v    [ 3 6 m 3 0 4  [ 0 m   2 8 7 9 . 6 4 3   m s   -   -  [ 0 m  
  [ 0 m G E T   / a p i / n o t i f i c a t i o n s    [ 3 6 m 3 0 4  [ 0 m   4 7 7 6 . 4 3 5   m s   -   -  [ 0 m  
  [ 0 m G E T   / a p i / n o t i f i c a t i o n s / u n r e a d / c o u n t    [ 3 6 m 3 0 4  [ 0 m   4 8 0 3 . 3 5 1   m s   -   -  [ 0 m  
  [ 0 m G E T   / a p i / c v / 2 5 f 9 5 b f a - 2 1 3 d - 4 e 9 f - 8 9 9 e - 8 8 2 3 7 4 2 6 c 0 5 b    [ 3 2 m 2 0 0  [ 0 m   4 9 6 9 . 7 3 3   m s   -   7 8 6 9  [ 0 m  
  [ 0 m G E T   / a p i / n o t i f i c a t i o n s    [ 3 6 m 3 0 4  [ 0 m   2 3 5 6 . 4 2 2   m s   -   -  [ 0 m  
  [ 0 m G E T   / a p i / n o t i f i c a t i o n s / u n r e a d / c o u n t    [ 3 6 m 3 0 4  [ 0 m   2 4 3 0 . 9 8 3   m s   -   -  [ 0 m  
  [ 0 m G E T   / a p i / n o t i f i c a t i o n s    [ 3 6 m 3 0 4  [ 0 m   3 9 2 9 . 9 7 8   m s   -   -  [ 0 m  
  [ 0 m G E T   / a p i / n o t i f i c a t i o n s / u n r e a d / c o u n t    [ 3 6 m 3 0 4  [ 0 m   4 4 1 2 . 5 7 8   m s   -   -  [ 0 m  
  [ 0 m G E T   / a p i / n o t i f i c a t i o n s    [ 3 6 m 3 0 4  [ 0 m   4 6 1 5 . 0 8 6   m s   -   -  [ 0 m  
  [ 0 m G E T   / a p i / n o t i f i c a t i o n s / u n r e a d / c o u n t    [ 3 6 m 3 0 4  [ 0 m   4 6 5 0 . 1 8 7   m s   -   -  [ 0 m  
  [ 0 m G E T   / a p i / n o t i f i c a t i o n s / u n r e a d / c o u n t    [ 3 6 m 3 0 4  [ 0 m   2 0 4 3 . 1 3 9   m s   -   -  [ 0 m  
  [ 0 m G E T   / a p i / n o t i f i c a t i o n s    [ 3 6 m 3 0 4  [ 0 m   2 0 9 5 . 5 5 7   m s   -   -  [ 0 m  
  [ 0 m G E T   / a p i / n o t i f i c a t i o n s / u n r e a d / c o u n t    [ 3 6 m 3 0 4  [ 0 m   2 4 7 6 . 2 8 9   m s   -   -  [ 0 m  
  [ 0 m G E T   / a p i / n o t i f i c a t i o n s    [ 3 6 m 3 0 4  [ 0 m   2 4 7 8 . 8 2 4   m s   -   -  [ 0 m  
  [ 0 m G E T   / a p i / n o t i f i c a t i o n s / u n r e a d / c o u n t    [ 3 6 m 3 0 4  [ 0 m   1 5 9 2 . 5 1 6   m s   -   -  [ 0 m  
  [ 0 m G E T   / a p i / n o t i f i c a t i o n s    [ 3 6 m 3 0 4  [ 0 m   1 6 2 2 . 9 0 3   m s   -   -  [ 0 m  
  [ 0 m G E T   / a p i / n o t i f i c a t i o n s / u n r e a d / c o u n t    [ 3 6 m 3 0 4  [ 0 m   4 3 3 6 . 8 5 7   m s   -   -  [ 0 m  
  [ 0 m G E T   / a p i / n o t i f i c a t i o n s    [ 3 6 m 3 0 4  [ 0 m   4 3 4 0 . 2 1 4   m s   -   -  [ 0 m  
  [ 0 m G E T   / a p i / n o t i f i c a t i o n s    [ 3 6 m 3 0 4  [ 0 m   2 8 6 6 . 0 1 4   m s   -   -  [ 0 m  
  [ 0 m G E T   / a p i / n o t i f i c a t i o n s / u n r e a d / c o u n t    [ 3 6 m 3 0 4  [ 0 m   2 8 9 5 . 5 3 4   m s   -   -  [ 0 m  
  [ 0 m G E T   / a p i / n o t i f i c a t i o n s    [ 3 6 m 3 0 4  [ 0 m   2 7 1 3 . 5 3 6   m s   -   -  [ 0 m  
  [ 0 m G E T   / a p i / n o t i f i c a t i o n s / u n r e a d / c o u n t    [ 3 6 m 3 0 4  [ 0 m   2 8 3 8 . 2 4 0   m s   -   -  [ 0 m  
  [ 0 m G E T   / a p i / n o t i f i c a t i o n s / u n r e a d / c o u n t    [ 3 6 m 3 0 4  [ 0 m   3 4 2 1 . 4 1 0   m s   -   -  [ 0 m  
  [ 0 m G E T   / a p i / n o t i f i c a t i o n s    [ 3 6 m 3 0 4  [ 0 m   3 4 3 3 . 2 1 3   m s   -   -  [ 0 m  
 c m d   :   A p p E r r o r :   G i t H u b   n o t   c o n n e c t e d .   C o n n e c t   G i t H u b   o n   t h e   S k i l l s   p a g e   f i r s t .  
 A t   l i n e : 4   c h a r : 9  
 +                   c m d   / c   $ c m d   * > >   $ l f  
 +                   ~ ~ ~ ~ ~ ~ ~ ~ ~ ~ ~ ~ ~ ~ ~ ~ ~ ~ ~  
         +   C a t e g o r y I n f o                     :   N o t S p e c i f i e d :   ( A p p E r r o r :   G i t H u . . . l l s   p a g e   f i r s t . : S t r i n g )   [ ] ,   R e m o t e E x c e p t i o n  
         +   F u l l y Q u a l i f i e d E r r o r I d   :   N a t i v e C o m m a n d E r r o r  
    
         a t   O b j e c t . l i s t R e p o D a t a   ( D : \ R 2 6 - I T - 1 2 8 \ R 2 6 - I T - 1 2 8 \ b a c k e n d \ s r c \ s e r v i c e s \ g i t h u b . s e r v i c e . t s : 1 0 3 : 2 6 )  
         a t   p r o c e s s T i c k s A n d R e j e c t i o n s   ( n o d e : i n t e r n a l / p r o c e s s / t a s k _ q u e u e s : 9 5 : 5 )  
         a t   a s y n c   O b j e c t . v e r i f y P r o j e c t s   ( D : \ R 2 6 - I T - 1 2 8 \ R 2 6 - I T - 1 2 8 \ b a c k e n d \ s r c \ s e r v i c e s \ c v . s e r v i c e . t s : 3 7 9 : 4 0 )  
         a t   a s y n c   O b j e c t . v e r i f y P r o j e c t s   ( D : \ R 2 6 - I T - 1 2 8 \ R 2 6 - I T - 1 2 8 \ b a c k e n d \ s r c \ c o n t r o l l e r s \ c v . c o n t r o l l e r . t s : 6 5 : 1 8 )   {  
     s t a t u s C o d e :   4 0 0  
 }  
  [ 0 m P O S T   / a p i / c v / 2 5 f 9 5 b f a - 2 1 3 d - 4 e 9 f - 8 9 9 e - 8 8 2 3 7 4 2 6 c 0 5 b / v e r i f y - p r o j e c t s    [ 3 3 m 4 0 0  [ 0 m   5 7 7 4 . 8 5 8   m s   -   5 8 4  [ 0 m  
  [ 0 m G E T   / a p i / n o t i f i c a t i o n s    [ 3 6 m 3 0 4  [ 0 m   3 7 6 7 . 3 9 3   m s   -   -  [ 0 m  
  [ 0 m G E T   / a p i / n o t i f i c a t i o n s / u n r e a d / c o u n t    [ 3 6 m 3 0 4  [ 0 m   3 8 6 5 . 5 3 5   m s   -   -  [ 0 m  
  [ 0 m G E T   / a p i / n o t i f i c a t i o n s / u n r e a d / c o u n t    [ 3 6 m 3 0 4  [ 0 m   4 3 6 4 . 1 7 1   m s   -   -  [ 0 m  
  [ 0 m G E T   / a p i / n o t i f i c a t i o n s    [ 3 6 m 3 0 4  [ 0 m   4 3 6 6 . 6 1 4   m s   -   -  [ 0 m  
  [ 0 m G E T   / a p i / n o t i f i c a t i o n s / u n r e a d / c o u n t    [ 3 6 m 3 0 4  [ 0 m   4 0 1 2 . 5 8 6   m s   -   -  [ 0 m  
  [ 0 m G E T   / a p i / n o t i f i c a t i o n s    [ 3 6 m 3 0 4  [ 0 m   4 0 4 0 . 0 0 0   m s   -   -  [ 0 m  
  [ 0 m G E T   / a p i / n o t i f i c a t i o n s / u n r e a d / c o u n t    [ 3 6 m 3 0 4  [ 0 m   3 4 4 1 . 3 0 4   m s   -   -  [ 0 m  
  [ 0 m G E T   / a p i / n o t i f i c a t i o n s    [ 3 6 m 3 0 4  [ 0 m   3 4 4 3 . 6 0 6   m s   -   -  [ 0 m  
  [ 0 m G E T   / a p i / n o t i f i c a t i o n s    [ 3 6 m 3 0 4  [ 0 m   2 7 1 1 . 0 0 6   m s   -   -  [ 0 m  
  [ 0 m G E T   / a p i / n o t i f i c a t i o n s / u n r e a d / c o u n t    [ 3 6 m 3 0 4  [ 0 m   2 7 7 4 . 7 2 2   m s   -   -  [ 0 m  
  [ 0 m G E T   / a p i / n o t i f i c a t i o n s / u n r e a d / c o u n t    [ 3 6 m 3 0 4  [ 0 m   2 3 5 2 . 0 1 4   m s   -   -  [ 0 m  
  [ 0 m G E T   / a p i / n o t i f i c a t i o n s    [ 3 6 m 3 0 4  [ 0 m   2 5 2 6 . 3 5 0   m s   -   -  [ 0 m  
  [ 0 m G E T   / a p i / n o t i f i c a t i o n s / u n r e a d / c o u n t    [ 3 6 m 3 0 4  [ 0 m   5 0 8 2 . 0 4 2   m s   -   -  [ 0 m  
  [ 0 m G E T   / a p i / n o t i f i c a t i o n s    [ 3 6 m 3 0 4  [ 0 m   5 0 8 9 . 1 6 4   m s   -   -  [ 0 m  
  [ 0 m G E T   / a p i / n o t i f i c a t i o n s / u n r e a d / c o u n t    [ 3 6 m 3 0 4  [ 0 m   4 4 2 8 . 5 3 7   m s   -   -  [ 0 m  
  [ 0 m G E T   / a p i / n o t i f i c a t i o n s    [ 3 6 m 3 0 4  [ 0 m   4 4 6 1 . 2 9 3   m s   -   -  [ 0 m  
  [ 0 m G E T   / a p i / n o t i f i c a t i o n s / u n r e a d / c o u n t    [ 3 6 m 3 0 4  [ 0 m   8 0 5 7 . 2 4 1   m s   -   -  [ 0 m  
  [ 0 m G E T   / a p i / n o t i f i c a t i o n s    [ 3 6 m 3 0 4  [ 0 m   8 0 6 0 . 6 4 2   m s   -   -  [ 0 m  
  [ 0 m G E T   / a p i / n o t i f i c a t i o n s    [ 3 6 m 3 0 4  [ 0 m   5 3 5 4 . 5 7 3   m s   -   -  [ 0 m  
  [ 0 m G E T   / a p i / n o t i f i c a t i o n s / u n r e a d / c o u n t    [ 3 6 m 3 0 4  [ 0 m   7 7 7 0 . 4 8 6   m s   -   -  [ 0 m  
  [ 0 m G E T   / a p i / n o t i f i c a t i o n s    [ 3 6 m 3 0 4  [ 0 m   7 3 9 6 . 0 6 9   m s   -   -  [ 0 m  
  [ 0 m G E T   / a p i / n o t i f i c a t i o n s / u n r e a d / c o u n t    [ 3 6 m 3 0 4  [ 0 m   7 5 5 1 . 9 2 2   m s   -   -  [ 0 m  
  [ 0 m G E T   / a p i / n o t i f i c a t i o n s    [ 3 6 m 3 0 4  [ 0 m   3 7 8 5 . 8 8 7   m s   -   -  [ 0 m  
  [ 0 m G E T   / a p i / n o t i f i c a t i o n s / u n r e a d / c o u n t    [ 3 6 m 3 0 4  [ 0 m   4 6 0 6 . 2 5 2   m s   -   -  [ 0 m  
  [ 0 m P O S T   / a p i / c v / 2 5 f 9 5 b f a - 2 1 3 d - 4 e 9 f - 8 9 9 e - 8 8 2 3 7 4 2 6 c 0 5 b / a n a l y z e    [ 3 2 m 2 0 0  [ 0 m   3 3 5 6 2 . 8 3 4   m s   -   2 4 4 0  [ 0 m  
  [ 0 m G E T   / a p i / c v    [ 3 2 m 2 0 0  [ 0 m   2 0 6 6 . 5 2 2   m s   -   3 4 9  [ 0 m  
  [ 0 m G E T   / a p i / n o t i f i c a t i o n s    [ 3 2 m 2 0 0  [ 0 m   9 4 7 . 6 7 6   m s   -   3 5 3 8  [ 0 m  
  [ 0 m G E T   / a p i / n o t i f i c a t i o n s / u n r e a d / c o u n t    [ 3 2 m 2 0 0  [ 0 m   2 1 4 1 . 5 1 1   m s   -   6 8  [ 0 m  
  [ 0 m G E T   / a p i / n o t i f i c a t i o n s    [ 3 6 m 3 0 4  [ 0 m   1 9 5 4 . 4 8 4   m s   -   -  [ 0 m  
  [ 0 m G E T   / a p i / n o t i f i c a t i o n s / u n r e a d / c o u n t    [ 3 6 m 3 0 4  [ 0 m   1 9 5 6 . 8 6 0   m s   -   -  [ 0 m  
  [ 0 m G E T   / a p i / n o t i f i c a t i o n s / u n r e a d / c o u n t    [ 3 6 m 3 0 4  [ 0 m   2 9 4 8 . 0 1 0   m s   -   -  [ 0 m  
  [ 0 m G E T   / a p i / n o t i f i c a t i o n s    [ 3 6 m 3 0 4  [ 0 m   2 9 6 8 . 6 0 9   m s   -   -  [ 0 m  
  [ 0 m G E T   / a p i / n o t i f i c a t i o n s    [ 3 6 m 3 0 4  [ 0 m   2 3 2 1 . 7 9 1   m s   -   -  [ 0 m  
  [ 0 m G E T   / a p i / n o t i f i c a t i o n s / u n r e a d / c o u n t    [ 3 6 m 3 0 4  [ 0 m   2 6 4 2 . 2 5 2   m s   -   -  [ 0 m  
  [ 0 m G E T   / a p i / n o t i f i c a t i o n s    [ 3 6 m 3 0 4  [ 0 m   3 7 0 0 . 7 7 6   m s   -   -  [ 0 m  
  [ 0 m G E T   / a p i / n o t i f i c a t i o n s / u n r e a d / c o u n t    [ 3 6 m 3 0 4  [ 0 m   3 9 1 2 . 8 8 3   m s   -   -  [ 0 m  
  [ 0 m G E T   / a p i / n o t i f i c a t i o n s / u n r e a d / c o u n t    [ 3 6 m 3 0 4  [ 0 m   1 8 9 0 . 4 5 7   m s   -   -  [ 0 m  
  [ 0 m G E T   / a p i / n o t i f i c a t i o n s    [ 3 6 m 3 0 4  [ 0 m   4 1 4 6 . 7 7 2   m s   -   -  [ 0 m  
  [ 0 m G E T   / a p i / n o t i f i c a t i o n s / u n r e a d / c o u n t    [ 3 6 m 3 0 4  [ 0 m   4 7 3 6 . 2 2 6   m s   -   -  [ 0 m  
  [ 0 m G E T   / a p i / n o t i f i c a t i o n s    [ 3 6 m 3 0 4  [ 0 m   4 9 4 9 . 6 2 1   m s   -   -  [ 0 m  
  [ 0 m G E T   / a p i / n o t i f i c a t i o n s    [ 3 6 m 3 0 4  [ 0 m   3 7 4 8 . 4 6 0   m s   -   -  [ 0 m  
  [ 0 m G E T   / a p i / n o t i f i c a t i o n s / u n r e a d / c o u n t    [ 3 6 m 3 0 4  [ 0 m   3 8 8 3 . 8 2 3   m s   -   -  [ 0 m  
  [ 0 m P O S T   / a p i / c v / 2 5 f 9 5 b f a - 2 1 3 d - 4 e 9 f - 8 9 9 e - 8 8 2 3 7 4 2 6 c 0 5 b / u p l o a d    [ 3 2 m 2 0 0  [ 0 m   4 5 1 5 2 . 6 8 4   m s   -   9 7 7 7  [ 0 m  
  [ 0 m G E T   / a p i / n o t i f i c a t i o n s / u n r e a d / c o u n t    [ 3 6 m 3 0 4  [ 0 m   5 3 5 6 . 7 0 1   m s   -   -  [ 0 m  
  [ 0 m G E T   / a p i / n o t i f i c a t i o n s    [ 3 6 m 3 0 4  [ 0 m   5 3 6 2 . 6 3 6   m s   -   -  [ 0 m  
  [ 0 m G E T   / a p i / n o t i f i c a t i o n s    [ 3 6 m 3 0 4  [ 0 m   3 5 2 0 . 9 9 4   m s   -   -  [ 0 m  
  [ 0 m G E T   / a p i / n o t i f i c a t i o n s / u n r e a d / c o u n t    [ 3 6 m 3 0 4  [ 0 m   3 5 4 3 . 5 3 8   m s   -   -  [ 0 m  
  [ 0 m G E T   / a p i / n o t i f i c a t i o n s / u n r e a d / c o u n t    [ 3 6 m 3 0 4  [ 0 m   2 9 6 1 . 9 0 6   m s   -   -  [ 0 m  
  [ 0 m G E T   / a p i / n o t i f i c a t i o n s    [ 3 6 m 3 0 4  [ 0 m   2 9 7 9 . 7 1 4   m s   -   -  [ 0 m  
  [ 0 m G E T   / a p i / n o t i f i c a t i o n s    [ 3 6 m 3 0 4  [ 0 m   3 2 3 8 . 8 9 2   m s   -   -  [ 0 m  
  [ 0 m G E T   / a p i / n o t i f i c a t i o n s / u n r e a d / c o u n t    [ 3 6 m 3 0 4  [ 0 m   3 2 9 3 . 6 5 6   m s   -   -  [ 0 m  
  [ 0 m G E T   / a p i / n o t i f i c a t i o n s    [ 3 6 m 3 0 4  [ 0 m   3 8 6 2 . 4 5 0   m s   -   -  [ 0 m  
  [ 0 m G E T   / a p i / n o t i f i c a t i o n s / u n r e a d / c o u n t    [ 3 6 m 3 0 4  [ 0 m   3 9 6 3 . 7 9 1   m s   -   -  [ 0 m  
  [ 0 m P A T C H   / a p i / c v / 2 5 f 9 5 b f a - 2 1 3 d - 4 e 9 f - 8 9 9 e - 8 8 2 3 7 4 2 6 c 0 5 b    [ 3 2 m 2 0 0  [ 0 m   4 3 2 7 . 8 9 0   m s   -   1 8 9  [ 0 m  
  [ 0 m G E T   / a p i / n o t i f i c a t i o n s    [ 3 6 m 3 0 4  [ 0 m   2 3 8 7 . 8 2 0   m s   -   -  [ 0 m  
  [ 0 m G E T   / a p i / n o t i f i c a t i o n s / u n r e a d / c o u n t    [ 3 6 m 3 0 4  [ 0 m   3 7 7 1 . 7 1 7   m s   -   -  [ 0 m  
  [ 0 m P U T   / a p i / c v / 2 5 f 9 5 b f a - 2 1 3 d - 4 e 9 f - 8 9 9 e - 8 8 2 3 7 4 2 6 c 0 5 b / s e c t i o n s    [ 3 2 m 2 0 0  [ 0 m   6 4 6 7 . 4 6 6   m s   -   4 9 8 6  [ 0 m  
  [ 0 m G E T   / a p i / n o t i f i c a t i o n s    [ 3 6 m 3 0 4  [ 0 m   4 5 6 1 . 1 5 0   m s   -   -  [ 0 m  
  [ 0 m G E T   / a p i / n o t i f i c a t i o n s / u n r e a d / c o u n t    [ 3 6 m 3 0 4  [ 0 m   4 5 6 4 . 6 4 7   m s   -   -  [ 0 m  
  [ 0 m G E T   / a p i / n o t i f i c a t i o n s    [ 3 6 m 3 0 4  [ 0 m   4 5 6 7 . 4 6 9   m s   -   -  [ 0 m  
  [ 0 m G E T   / a p i / n o t i f i c a t i o n s / u n r e a d / c o u n t    [ 3 6 m 3 0 4  [ 0 m   4 9 8 1 . 8 1 0   m s   -   -  [ 0 m  
  [ 0 m P A T C H   / a p i / c v / 2 5 f 9 5 b f a - 2 1 3 d - 4 e 9 f - 8 9 9 e - 8 8 2 3 7 4 2 6 c 0 5 b    [ 3 2 m 2 0 0  [ 0 m   4 9 3 9 . 7 5 1   m s   -   1 8 9  [ 0 m  
  [ 0 m P U T   / a p i / c v / 2 5 f 9 5 b f a - 2 1 3 d - 4 e 9 f - 8 9 9 e - 8 8 2 3 7 4 2 6 c 0 5 b / s e c t i o n s    [ 3 2 m 2 0 0  [ 0 m   5 8 0 8 . 3 2 5   m s   -   4 9 8 6  [ 0 m  
  [ 0 m G E T   / a p i / n o t i f i c a t i o n s    [ 3 6 m 3 0 4  [ 0 m   2 3 6 4 . 2 5 2   m s   -   -  [ 0 m  
  [ 0 m G E T   / a p i / n o t i f i c a t i o n s / u n r e a d / c o u n t    [ 3 6 m 3 0 4  [ 0 m   3 5 4 1 . 9 8 7   m s   -   -  [ 0 m  
  [ 0 m G E T   / a p i / n o t i f i c a t i o n s / u n r e a d / c o u n t    [ 3 6 m 3 0 4  [ 0 m   4 5 3 4 . 5 1 2   m s   -   -  [ 0 m  
  [ 0 m G E T   / a p i / n o t i f i c a t i o n s    [ 3 6 m 3 0 4  [ 0 m   4 5 6 5 . 7 8 3   m s   -   -  [ 0 m  
  [ 0 m P O S T   / a p i / c v / 2 5 f 9 5 b f a - 2 1 3 d - 4 e 9 f - 8 9 9 e - 8 8 2 3 7 4 2 6 c 0 5 b / a n a l y z e    [ 3 2 m 2 0 0  [ 0 m   1 6 3 9 0 . 1 7 0   m s   -   2 5 6 8  [ 0 m  
  [ 0 m G E T   / a p i / n o t i f i c a t i o n s / u n r e a d / c o u n t    [ 3 2 m 2 0 0  [ 0 m   2 3 3 7 . 7 2 0   m s   -   6 9  [ 0 m  
  [ 0 m G E T   / a p i / n o t i f i c a t i o n s    [ 3 2 m 2 0 0  [ 0 m   2 7 4 4 . 7 1 2   m s   -   4 2 8 6  [ 0 m  
  [ 0 m G E T   / a p i / c v    [ 3 2 m 2 0 0  [ 0 m   2 5 2 7 . 5 1 2   m s   -   3 5 8  [ 0 m  
  [ 0 m G E T   / a p i / n o t i f i c a t i o n s / u n r e a d / c o u n t    [ 3 6 m 3 0 4  [ 0 m   3 4 0 7 . 5 3 3   m s   -   -  [ 0 m  
  [ 0 m G E T   / a p i / n o t i f i c a t i o n s    [ 3 6 m 3 0 4  [ 0 m   3 4 2 2 . 6 2 3   m s   -   -  [ 0 m  
  [ 0 m G E T   / a p i / n o t i f i c a t i o n s / u n r e a d / c o u n t    [ 3 6 m 3 0 4  [ 0 m   3 4 9 5 . 7 1 7   m s   -   -  [ 0 m  
  [ 0 m G E T   / a p i / n o t i f i c a t i o n s    [ 3 6 m 3 0 4  [ 0 m   3 6 1 4 . 5 2 4   m s   -   -  [ 0 m  
 A p p E r r o r :   G i t H u b   n o t   c o n n e c t e d .   C o n n e c t   G i t H u b   o n   t h e   S k i l l s   p a g e   f i r s t .  
         a t   O b j e c t . l i s t R e p o D a t a   ( D : \ R 2 6 - I T - 1 2 8 \ R 2 6 - I T - 1 2 8 \ b a c k e n d \ s r c \ s e r v i c e s \ g i t h u b . s e r v i c e . t s : 1 0 3 : 2 6 )  
         a t   p r o c e s s T i c k s A n d R e j e c t i o n s   ( n o d e : i n t e r n a l / p r o c e s s / t a s k _ q u e u e s : 9 5 : 5 )  
         a t   a s y n c   O b j e c t . v e r i f y P r o j e c t s   ( D : \ R 2 6 - I T - 1 2 8 \ R 2 6 - I T - 1 2 8 \ b a c k e n d \ s r c \ s e r v i c e s \ c v . s e r v i c e . t s : 3 7 9 : 4 0 )  
         a t   a s y n c   O b j e c t . v e r i f y P r o j e c t s   ( D : \ R 2 6 - I T - 1 2 8 \ R 2 6 - I T - 1 2 8 \ b a c k e n d \ s r c \ c o n t r o l l e r s \ c v . c o n t r o l l e r . t s : 6 5 : 1 8 )   {  
     s t a t u s C o d e :   4 0 0  
 }  
  [ 0 m P O S T   / a p i / c v / 2 5 f 9 5 b f a - 2 1 3 d - 4 e 9 f - 8 9 9 e - 8 8 2 3 7 4 2 6 c 0 5 b / v e r i f y - p r o j e c t s    [ 3 3 m 4 0 0  [ 0 m   4 5 4 1 . 4 0 0   m s   -   5 8 4  [ 0 m  
  [ 0 m G E T   / a p i / n o t i f i c a t i o n s    [ 3 6 m 3 0 4  [ 0 m   3 3 0 0 . 0 1 5   m s   -   -  [ 0 m  
  [ 0 m G E T   / a p i / n o t i f i c a t i o n s / u n r e a d / c o u n t    [ 3 6 m 3 0 4  [ 0 m   3 3 7 6 . 2 9 3   m s   -   -  [ 0 m  
  [ 0 m G E T   / a p i / s k i l l s / a s s e s s m e n t s    [ 3 6 m 3 0 4  [ 0 m   2 8 6 6 . 2 2 3   m s   -   -  [ 0 m  
  [ 0 m G E T   / a p i / g i t h u b / s t a t u s    [ 3 6 m 3 0 4  [ 0 m   2 8 8 2 . 0 9 5   m s   -   -  [ 0 m  
  [ 0 m G E T   / a p i / s k i l l s / u s e r    [ 3 6 m 3 0 4  [ 0 m   2 9 7 2 . 0 2 6   m s   -   -  [ 0 m  
  [ 0 m G E T   / a p i / s k i l l s    [ 3 6 m 3 0 4  [ 0 m   3 1 8 4 . 1 1 6   m s   -   -  [ 0 m  
  [ 0 m G E T   / a p i / n o t i f i c a t i o n s / u n r e a d / c o u n t    [ 3 6 m 3 0 4  [ 0 m   3 6 2 2 . 9 9 8   m s   -   -  [ 0 m  
  [ 0 m G E T   / a p i / n o t i f i c a t i o n s    [ 3 6 m 3 0 4  [ 0 m   3 7 0 7 . 5 8 6   m s   -   -  [ 0 m  
  [ 0 m G E T   / a p i / s k i l l s / a s s e s s m e n t s    [ 3 6 m 3 0 4  [ 0 m   2 3 9 9 . 2 6 1   m s   -   -  [ 0 m  
  [ 0 m G E T   / a p i / g i t h u b / s t a t u s    [ 3 6 m 3 0 4  [ 0 m   2 4 3 9 . 6 5 7   m s   -   -  [ 0 m  
  [ 0 m G E T   / a p i / s k i l l s / u s e r    [ 3 6 m 3 0 4  [ 0 m   2 4 8 0 . 9 7 3   m s   -   -  [ 0 m  
  [ 0 m G E T   / a p i / s k i l l s    [ 3 6 m 3 0 4  [ 0 m   2 3 9 4 . 0 9 3   m s   -   -  [ 0 m  
  [ 0 m G E T   / a p i / g i t h u b / a u t h - u r l    [ 3 2 m 2 0 0  [ 0 m   1 2 3 2 . 5 2 6   m s   -   2 7 9  [ 0 m  
  [ 0 m G E T   / a p i / g i t h u b / a u t h - u r l    [ 3 2 m 2 0 0  [ 0 m   3 6 6 3 . 0 4 7   m s   -   2 7 9  [ 0 m  
  [ 0 m G E T   / a p i / n o t i f i c a t i o n s / u n r e a d / c o u n t    [ 3 6 m 3 0 4  [ 0 m   4 8 0 3 . 3 6 8   m s   -   -  [ 0 m  
  [ 0 m G E T   / a p i / n o t i f i c a t i o n s    [ 3 6 m 3 0 4  [ 0 m   4 8 2 1 . 9 8 0   m s   -   -  [ 0 m  
  [ 0 m G E T   / a p i / g i t h u b / a u t h - u r l    [ 0 m -  [ 0 m   -   m s   -   -  [ 0 m  
  [ 0 m G E T   / a p i / n o t i f i c a t i o n s    [ 3 6 m 3 0 4  [ 0 m   3 5 3 2 . 0 6 6   m s   -   -  [ 0 m  
  [ 0 m G E T   / a p i / n o t i f i c a t i o n s / u n r e a d / c o u n t    [ 3 6 m 3 0 4  [ 0 m   3 5 4 6 . 5 3 3   m s   -   -  [ 0 m  
  [ 0 m G E T   / a p i / s k i l l s    [ 3 6 m 3 0 4  [ 0 m   3 5 0 9 . 5 7 7   m s   -   -  [ 0 m  
  [ 0 m G E T   / a p i / g i t h u b / s t a t u s    [ 3 6 m 3 0 4  [ 0 m   3 5 1 9 . 4 7 9   m s   -   -  [ 0 m  
  [ 0 m G E T   / a p i / s k i l l s / a s s e s s m e n t s    [ 3 6 m 3 0 4  [ 0 m   3 5 3 5 . 4 6 4   m s   -   -  [ 0 m  
  [ 0 m G E T   / a p i / s k i l l s / u s e r    [ 3 6 m 3 0 4  [ 0 m   3 5 7 1 . 0 5 3   m s   -   -  [ 0 m  
  [ 0 m G E T   / a p i / g i t h u b / s t a t u s    [ 3 6 m 3 0 4  [ 0 m   1 8 1 6 . 6 9 0   m s   -   -  [ 0 m  
  [ 0 m G E T   / a p i / s k i l l s / a s s e s s m e n t s    [ 3 6 m 3 0 4  [ 0 m   1 8 3 6 . 1 7 6   m s   -   -  [ 0 m  
  [ 0 m G E T   / a p i / s k i l l s / u s e r    [ 3 6 m 3 0 4  [ 0 m   1 8 7 4 . 2 6 7   m s   -   -  [ 0 m  
  [ 0 m G E T   / a p i / s k i l l s    [ 3 6 m 3 0 4  [ 0 m   2 4 7 1 . 9 6 2   m s   -   -  [ 0 m  
  [ 0 m G E T   / a p i / c v    [ 3 6 m 3 0 4  [ 0 m   8 8 4 . 2 6 9   m s   -   -  [ 0 m  
  [ 0 m G E T   / a p i / c v    [ 3 6 m 3 0 4  [ 0 m   6 8 4 . 8 2 0   m s   -   -  [ 0 m  
  [ 0 m G E T   / a p i / n o t i f i c a t i o n s / u n r e a d / c o u n t    [ 3 6 m 3 0 4  [ 0 m   9 8 9 . 8 5 8   m s   -   -  [ 0 m  
  [ 0 m G E T   / a p i / n o t i f i c a t i o n s    [ 3 6 m 3 0 4  [ 0 m   9 9 7 . 9 7 7   m s   -   -  [ 0 m  
  [ 0 m G E T   / a p i / c v / 2 5 f 9 5 b f a - 2 1 3 d - 4 e 9 f - 8 9 9 e - 8 8 2 3 7 4 2 6 c 0 5 b    [ 3 2 m 2 0 0  [ 0 m   4 7 6 6 . 6 2 7   m s   -   9 5 4 3  [ 0 m  
  [ 0 m G E T   / a p i / n o t i f i c a t i o n s    [ 3 6 m 3 0 4  [ 0 m   1 9 5 1 . 7 2 2   m s   -   -  [ 0 m  
  [ 0 m G E T   / a p i / n o t i f i c a t i o n s / u n r e a d / c o u n t    [ 3 6 m 3 0 4  [ 0 m   3 0 5 8 . 2 4 7   m s   -   -  [ 0 m  
  [ 0 m G E T   / a p i / n o t i f i c a t i o n s / u n r e a d / c o u n t    [ 3 6 m 3 0 4  [ 0 m   4 6 5 7 . 0 1 3   m s   -   -  [ 0 m  
  [ 0 m G E T   / a p i / n o t i f i c a t i o n s    [ 3 6 m 3 0 4  [ 0 m   4 6 5 5 . 8 2 9   m s   -   -  [ 0 m  
  [ 0 m G E T   / a p i / n o t i f i c a t i o n s / u n r e a d / c o u n t    [ 3 6 m 3 0 4  [ 0 m   6 5 2 9 . 1 6 5   m s   -   -  [ 0 m  
  [ 0 m G E T   / a p i / n o t i f i c a t i o n s    [ 3 6 m 3 0 4  [ 0 m   6 5 4 0 . 0 2 9   m s   -   -  [ 0 m  
  [ 0 m G E T   / a p i / n o t i f i c a t i o n s    [ 3 6 m 3 0 4  [ 0 m   1 5 0 2 0 . 4 9 8   m s   -   -  [ 0 m  
  [ 0 m G E T   / a p i / n o t i f i c a t i o n s / u n r e a d / c o u n t    [ 3 6 m 3 0 4  [ 0 m   1 5 1 4 0 . 4 5 9   m s   -   -  [ 0 m  
  [ 0 m G E T   / a p i / n o t i f i c a t i o n s    [ 3 6 m 3 0 4  [ 0 m   1 0 0 8 4 . 6 7 6   m s   -   -  [ 0 m  
  [ 0 m G E T   / a p i / n o t i f i c a t i o n s / u n r e a d / c o u n t    [ 3 6 m 3 0 4  [ 0 m   1 4 7 0 4 . 9 1 6   m s   -   -  [ 0 m  
  [ 0 m G E T   / a p i / n o t i f i c a t i o n s    [ 3 6 m 3 0 4  [ 0 m   9 6 1 4 . 7 6 9   m s   -   -  [ 0 m  
  [ 0 m G E T   / a p i / n o t i f i c a t i o n s    [ 3 6 m 3 0 4  [ 0 m   9 1 0 1 . 7 5 1   m s   -   -  [ 0 m  
  [ 0 m G E T   / a p i / n o t i f i c a t i o n s / u n r e a d / c o u n t    [ 3 6 m 3 0 4  [ 0 m   1 4 0 2 6 . 9 1 5   m s   -   -  [ 0 m  
  [ 0 m G E T   / a p i / n o t i f i c a t i o n s    [ 3 6 m 3 0 4  [ 0 m   7 5 8 3 . 9 4 0   m s   -   -  [ 0 m  
  [ 0 m G E T   / a p i / n o t i f i c a t i o n s / u n r e a d / c o u n t    [ 3 6 m 3 0 4  [ 0 m   1 0 0 9 1 . 6 6 1   m s   -   -  [ 0 m  
  [ 0 m G E T   / a p i / n o t i f i c a t i o n s    [ 3 6 m 3 0 4  [ 0 m   6 0 7 4 . 3 2 8   m s   -   -  [ 0 m  
  [ 0 m G E T   / a p i / n o t i f i c a t i o n s / u n r e a d / c o u n t    [ 3 6 m 3 0 4  [ 0 m   8 7 1 4 . 3 3 7   m s   -   -  [ 0 m  
  [ 0 m G E T   / a p i / n o t i f i c a t i o n s / u n r e a d / c o u n t    [ 3 6 m 3 0 4  [ 0 m   7 0 9 4 . 5 8 4   m s   -   -  [ 0 m  
  [ 0 m G E T   / a p i / n o t i f i c a t i o n s    [ 3 6 m 3 0 4  [ 0 m   7 1 2 9 . 0 2 9   m s   -   -  [ 0 m  
  [ 0 m G E T   / a p i / n o t i f i c a t i o n s / u n r e a d / c o u n t    [ 3 6 m 3 0 4  [ 0 m   6 2 0 0 . 1 4 1   m s   -   -  [ 0 m  
  [ 0 m G E T   / a p i / n o t i f i c a t i o n s / u n r e a d / c o u n t    [ 3 6 m 3 0 4  [ 0 m   3 4 0 8 . 7 1 6   m s   -   -  [ 0 m  
  [ 0 m G E T   / a p i / n o t i f i c a t i o n s    [ 3 6 m 3 0 4  [ 0 m   3 4 1 0 . 4 0 9   m s   -   -  [ 0 m  
  [ 0 m G E T   / a p i / n o t i f i c a t i o n s / u n r e a d / c o u n t    [ 3 6 m 3 0 4  [ 0 m   4 0 2 1 . 0 2 8   m s   -   -  [ 0 m  
  [ 0 m G E T   / a p i / n o t i f i c a t i o n s    [ 3 6 m 3 0 4  [ 0 m   4 9 0 5 . 7 4 9   m s   -   -  [ 0 m  
  [ 0 m G E T   / a p i / n o t i f i c a t i o n s    [ 3 6 m 3 0 4  [ 0 m   1 6 0 2 . 6 3 7   m s   -   -  [ 0 m  
  [ 0 m G E T   / a p i / n o t i f i c a t i o n s / u n r e a d / c o u n t    [ 3 6 m 3 0 4  [ 0 m   1 6 2 1 . 8 3 1   m s   -   -  [ 0 m  
  [ 0 m G E T   / a p i / n o t i f i c a t i o n s / u n r e a d / c o u n t    [ 3 6 m 3 0 4  [ 0 m   6 9 9 . 8 7 7   m s   -   -  [ 0 m  
  [ 0 m G E T   / a p i / n o t i f i c a t i o n s    [ 3 6 m 3 0 4  [ 0 m   7 3 6 . 3 2 6   m s   -   -  [ 0 m  
 [ P y t h o n ]   h t t p : / / l o c a l h o s t : 8 0 0 3 / c o m p a r e - j o b   r e s p o n d e d   4 2 2 :   R e q u e s t   f a i l e d   w i t h   s t a t u s   c o d e   4 2 2  
 E r r o r :   P y t h o n   s e r v i c e   e r r o r   ( 4 2 2 ) :   R e q u e s t   f a i l e d   w i t h   s t a t u s   c o d e   4 2 2  
         a t   c a l l P y t h o n   ( D : \ R 2 6 - I T - 1 2 8 \ R 2 6 - I T - 1 2 8 \ b a c k e n d \ s r c \ s e r v i c e s \ p y t h o n . s e r v i c e . t s : 1 8 : 1 3 )  
         a t   p r o c e s s T i c k s A n d R e j e c t i o n s   ( n o d e : i n t e r n a l / p r o c e s s / t a s k _ q u e u e s : 9 5 : 5 )  
         a t   a s y n c   O b j e c t . a t t a c h J o b P o s t   ( D : \ R 2 6 - I T - 1 2 8 \ R 2 6 - I T - 1 2 8 \ b a c k e n d \ s r c \ s e r v i c e s \ c v . s e r v i c e . t s : 4 5 9 : 2 4 )  
         a t   a s y n c   O b j e c t . a t t a c h J o b P o s t   ( D : \ R 2 6 - I T - 1 2 8 \ R 2 6 - I T - 1 2 8 \ b a c k e n d \ s r c \ c o n t r o l l e r s \ c v . c o n t r o l l e r . t s : 8 2 : 1 8 )  
  [ 0 m P O S T   / a p i / c v / 2 5 f 9 5 b f a - 2 1 3 d - 4 e 9 f - 8 9 9 e - 8 8 2 3 7 4 2 6 c 0 5 b / j o b - p o s t    [ 3 1 m 5 0 0  [ 0 m   6 3 2 . 9 6 1   m s   -   5 2 9  [ 0 m  
  [ 0 m G E T   / a p i / n o t i f i c a t i o n s / u n r e a d / c o u n t    [ 3 6 m 3 0 4  [ 0 m   5 9 5 . 2 7 9   m s   -   -  [ 0 m  
  [ 0 m G E T   / a p i / n o t i f i c a t i o n s    [ 3 6 m 3 0 4  [ 0 m   6 1 9 . 5 4 2   m s   -   -  [ 0 m  
  [ 0 m G E T   / a p i / n o t i f i c a t i o n s / u n r e a d / c o u n t    [ 3 6 m 3 0 4  [ 0 m   5 4 9 . 9 0 1   m s   -   -  [ 0 m  
  [ 0 m G E T   / a p i / n o t i f i c a t i o n s    [ 3 6 m 3 0 4  [ 0 m   6 4 9 . 8 3 3   m s   -   -  [ 0 m  
  [ 0 m G E T   / a p i / n o t i f i c a t i o n s    [ 3 6 m 3 0 4  [ 0 m   5 7 2 . 3 2 9   m s   -   -  [ 0 m  
  [ 0 m G E T   / a p i / n o t i f i c a t i o n s / u n r e a d / c o u n t    [ 3 6 m 3 0 4  [ 0 m   6 5 3 . 7 5 8   m s   -   -  [ 0 m  
  [ 0 m G E T   / a p i / n o t i f i c a t i o n s / u n r e a d / c o u n t    [ 3 6 m 3 0 4  [ 0 m   5 9 7 . 7 5 0   m s   -   -  [ 0 m  
  [ 0 m G E T   / a p i / n o t i f i c a t i o n s    [ 3 6 m 3 0 4  [ 0 m   6 0 8 . 2 4 5   m s   -   -  [ 0 m  
  [ 0 m G E T   / a p i / n o t i f i c a t i o n s / u n r e a d / c o u n t    [ 3 6 m 3 0 4  [ 0 m   6 2 6 . 2 3 4   m s   -   -  [ 0 m  
  [ 0 m G E T   / a p i / n o t i f i c a t i o n s    [ 3 6 m 3 0 4  [ 0 m   6 3 0 . 8 3 3   m s   -   -  [ 0 m  
  [ 0 m G E T   / a p i / n o t i f i c a t i o n s / u n r e a d / c o u n t    [ 3 6 m 3 0 4  [ 0 m   5 4 1 . 6 2 0   m s   -   -  [ 0 m  
  [ 0 m G E T   / a p i / n o t i f i c a t i o n s    [ 3 6 m 3 0 4  [ 0 m   5 7 8 . 7 2 7   m s   -   -  [ 0 m  
  [ 0 m G E T   / a p i / n o t i f i c a t i o n s / u n r e a d / c o u n t    [ 3 6 m 3 0 4  [ 0 m   6 1 4 . 0 8 4   m s   -   -  [ 0 m  
  [ 0 m G E T   / a p i / n o t i f i c a t i o n s    [ 3 6 m 3 0 4  [ 0 m   6 3 7 . 9 9 6   m s   -   -  [ 0 m  
  [ 0 m G E T   / a p i / n o t i f i c a t i o n s / u n r e a d / c o u n t    [ 3 6 m 3 0 4  [ 0 m   5 6 0 . 9 8 0   m s   -   -  [ 0 m  
  [ 0 m G E T   / a p i / n o t i f i c a t i o n s    [ 3 6 m 3 0 4  [ 0 m   5 9 0 . 8 3 7   m s   -   -  [ 0 m  
  [ 0 m G E T   / a p i / n o t i f i c a t i o n s / u n r e a d / c o u n t    [ 3 6 m 3 0 4  [ 0 m   5 6 1 . 3 9 0   m s   -   -  [ 0 m  
  [ 0 m G E T   / a p i / n o t i f i c a t i o n s    [ 3 6 m 3 0 4  [ 0 m   5 6 2 . 1 2 5   m s   -   -  [ 0 m  
 [ P y t h o n ]   h t t p : / / l o c a l h o s t : 8 0 0 4 / e x t r a c t - o c r   r e s p o n d e d   5 0 0 :   R e q u e s t   f a i l e d   w i t h   s t a t u s   c o d e   5 0 0  
 E r r o r :   P y t h o n   s e r v i c e   e r r o r   ( 5 0 0 ) :   R e q u e s t   f a i l e d   w i t h   s t a t u s   c o d e   5 0 0  
         a t   c a l l P y t h o n   ( D : \ R 2 6 - I T - 1 2 8 \ R 2 6 - I T - 1 2 8 \ b a c k e n d \ s r c \ s e r v i c e s \ p y t h o n . s e r v i c e . t s : 1 8 : 1 3 )  
         a t   p r o c e s s T i c k s A n d R e j e c t i o n s   ( n o d e : i n t e r n a l / p r o c e s s / t a s k _ q u e u e s : 9 5 : 5 )  
         a t   a s y n c   O b j e c t . e x t r a c t D o c u m e n t T e x t   ( D : \ R 2 6 - I T - 1 2 8 \ R 2 6 - I T - 1 2 8 \ b a c k e n d \ s r c \ s e r v i c e s \ i n t e r v i e w . s e r v i c e . t s : 1 5 3 : 2 0 )  
         a t   a s y n c   O b j e c t . a t t a c h J o b P o s t   ( D : \ R 2 6 - I T - 1 2 8 \ R 2 6 - I T - 1 2 8 \ b a c k e n d \ s r c \ c o n t r o l l e r s \ c v . c o n t r o l l e r . t s : 7 4 : 3 4 )  
  [ 0 m P O S T   / a p i / c v / 2 5 f 9 5 b f a - 2 1 3 d - 4 e 9 f - 8 9 9 e - 8 8 2 3 7 4 2 6 c 0 5 b / j o b - p o s t    [ 3 1 m 5 0 0  [ 0 m   6 6 5 4 . 5 1 2   m s   -   5 4 2  [ 0 m  
  [ 0 m G E T   / a p i / n o t i f i c a t i o n s    [ 3 6 m 3 0 4  [ 0 m   5 6 9 . 2 4 7   m s   -   -  [ 0 m  
  [ 0 m G E T   / a p i / n o t i f i c a t i o n s / u n r e a d / c o u n t    [ 3 6 m 3 0 4  [ 0 m   5 8 3 . 3 6 0   m s   -   -  [ 0 m  
  [ 0 m G E T   / a p i / n o t i f i c a t i o n s    [ 3 6 m 3 0 4  [ 0 m   5 7 3 . 3 9 2   m s   -   -  [ 0 m  
  [ 0 m G E T   / a p i / n o t i f i c a t i o n s / u n r e a d / c o u n t    [ 3 6 m 3 0 4  [ 0 m   5 8 1 . 1 1 1   m s   -   -  [ 0 m  
  [ 0 m G E T   / a p i / n o t i f i c a t i o n s / u n r e a d / c o u n t    [ 3 6 m 3 0 4  [ 0 m   6 2 4 . 2 2 4   m s   -   -  [ 0 m  
  [ 0 m G E T   / a p i / n o t i f i c a t i o n s    [ 3 6 m 3 0 4  [ 0 m   6 2 6 . 7 4 1   m s   -   -  [ 0 m  
  [ 0 m G E T   / a p i / n o t i f i c a t i o n s / u n r e a d / c o u n t    [ 3 6 m 3 0 4  [ 0 m   7 3 9 . 8 8 6   m s   -   -  [ 0 m  
  [ 0 m G E T   / a p i / n o t i f i c a t i o n s    [ 3 6 m 3 0 4  [ 0 m   7 4 4 . 7 9 4   m s   -   -  [ 0 m  
  [ 0 m G E T   / a p i / n o t i f i c a t i o n s    [ 3 6 m 3 0 4  [ 0 m   5 6 1 . 0 5 6   m s   -   -  [ 0 m  
  [ 0 m G E T   / a p i / n o t i f i c a t i o n s / u n r e a d / c o u n t    [ 3 6 m 3 0 4  [ 0 m   5 6 9 . 4 7 4   m s   -   -  [ 0 m  
  [ 0 m G E T   / a p i / n o t i f i c a t i o n s    [ 3 6 m 3 0 4  [ 0 m   6 1 3 . 0 6 2   m s   -   -  [ 0 m  
  [ 0 m G E T   / a p i / n o t i f i c a t i o n s / u n r e a d / c o u n t    [ 3 6 m 3 0 4  [ 0 m   6 3 3 . 0 9 9   m s   -   -  [ 0 m  
  [ 0 m G E T   / a p i / n o t i f i c a t i o n s / u n r e a d / c o u n t    [ 3 6 m 3 0 4  [ 0 m   5 7 2 . 5 6 7   m s   -   -  [ 0 m  
  [ 0 m G E T   / a p i / n o t i f i c a t i o n s    [ 3 6 m 3 0 4  [ 0 m   6 6 1 . 5 2 1   m s   -   -  [ 0 m  
  [ 0 m G E T   / a p i / n o t i f i c a t i o n s    [ 3 6 m 3 0 4  [ 0 m   1 3 0 3 . 7 7 4   m s   -   -  [ 0 m  
  [ 0 m G E T   / a p i / n o t i f i c a t i o n s / u n r e a d / c o u n t    [ 3 6 m 3 0 4  [ 0 m   2 5 7 8 . 9 0 6   m s   -   -  [ 0 m  
  [ 0 m G E T   / a p i / n o t i f i c a t i o n s / u n r e a d / c o u n t    [ 3 6 m 3 0 4  [ 0 m   6 4 9 7 . 5 8 5   m s   -   -  [ 0 m  
  [ 0 m G E T   / a p i / n o t i f i c a t i o n s    [ 3 6 m 3 0 4  [ 0 m   6 5 8 6 . 9 5 7   m s   -   -  [ 0 m  
 [ P y t h o n ]   h t t p : / / l o c a l h o s t : 8 0 0 4 / e x t r a c t - o c r   r e s p o n d e d   5 0 0 :   R e q u e s t   f a i l e d   w i t h   s t a t u s   c o d e   5 0 0  
 E r r o r :   P y t h o n   s e r v i c e   e r r o r   ( 5 0 0 ) :   R e q u e s t   f a i l e d   w i t h   s t a t u s   c o d e   5 0 0  
         a t   c a l l P y t h o n   ( D : \ R 2 6 - I T - 1 2 8 \ R 2 6 - I T - 1 2 8 \ b a c k e n d \ s r c \ s e r v i c e s \ p y t h o n . s e r v i c e . t s : 1 8 : 1 3 )  
         a t   p r o c e s s T i c k s A n d R e j e c t i o n s   ( n o d e : i n t e r n a l / p r o c e s s / t a s k _ q u e u e s : 9 5 : 5 )  
         a t   a s y n c   O b j e c t . e x t r a c t D o c u m e n t T e x t   ( D : \ R 2 6 - I T - 1 2 8 \ R 2 6 - I T - 1 2 8 \ b a c k e n d \ s r c \ s e r v i c e s \ i n t e r v i e w . s e r v i c e . t s : 1 5 3 : 2 0 )  
         a t   a s y n c   O b j e c t . a t t a c h J o b P o s t   ( D : \ R 2 6 - I T - 1 2 8 \ R 2 6 - I T - 1 2 8 \ b a c k e n d \ s r c \ c o n t r o l l e r s \ c v . c o n t r o l l e r . t s : 7 4 : 3 4 )  
  [ 0 m P O S T   / a p i / c v / 2 5 f 9 5 b f a - 2 1 3 d - 4 e 9 f - 8 9 9 e - 8 8 2 3 7 4 2 6 c 0 5 b / j o b - p o s t    [ 3 1 m 5 0 0  [ 0 m   2 4 0 7 1 . 4 8 9   m s   -   5 4 2  [ 0 m  
  [ 0 m G E T   / a p i / n o t i f i c a t i o n s / u n r e a d / c o u n t    [ 3 6 m 3 0 4  [ 0 m   2 3 2 4 . 1 5 7   m s   -   -  [ 0 m  
  [ 0 m G E T   / a p i / n o t i f i c a t i o n s    [ 3 6 m 3 0 4  [ 0 m   3 0 8 3 . 5 4 8   m s   -   -  [ 0 m  
  [ 0 m G E T   / a p i / n o t i f i c a t i o n s / u n r e a d / c o u n t    [ 3 6 m 3 0 4  [ 0 m   6 2 5 . 5 1 9   m s   -   -  [ 0 m  
  [ 0 m G E T   / a p i / n o t i f i c a t i o n s    [ 3 6 m 3 0 4  [ 0 m   6 3 5 . 3 0 3   m s   -   -  [ 0 m  
  [ 0 m G E T   / a p i / n o t i f i c a t i o n s    [ 3 6 m 3 0 4  [ 0 m   5 6 9 . 7 8 7   m s   -   -  [ 0 m  
  [ 0 m G E T   / a p i / n o t i f i c a t i o n s / u n r e a d / c o u n t    [ 3 6 m 3 0 4  [ 0 m   6 0 6 . 9 2 7   m s   -   -  [ 0 m  
  [ 0 m G E T   / a p i / n o t i f i c a t i o n s    [ 3 6 m 3 0 4  [ 0 m   2 5 7 4 . 3 1 3   m s   -   -  [ 0 m  
  [ 0 m G E T   / a p i / n o t i f i c a t i o n s / u n r e a d / c o u n t    [ 3 6 m 3 0 4  [ 0 m   2 6 5 4 . 1 5 5   m s   -   -  [ 0 m  
 [ P y t h o n ]   h t t p : / / l o c a l h o s t : 8 0 0 4 / e x t r a c t - o c r   r e s p o n d e d   5 0 0 :   R e q u e s t   f a i l e d   w i t h   s t a t u s   c o d e   5 0 0  
 E r r o r :   P y t h o n   s e r v i c e   e r r o r   ( 5 0 0 ) :   R e q u e s t   f a i l e d   w i t h   s t a t u s   c o d e   5 0 0  
         a t   c a l l P y t h o n   ( D : \ R 2 6 - I T - 1 2 8 \ R 2 6 - I T - 1 2 8 \ b a c k e n d \ s r c \ s e r v i c e s \ p y t h o n . s e r v i c e . t s : 1 8 : 1 3 )  
         a t   p r o c e s s T i c k s A n d R e j e c t i o n s   ( n o d e : i n t e r n a l / p r o c e s s / t a s k _ q u e u e s : 9 5 : 5 )  
         a t   a s y n c   O b j e c t . e x t r a c t D o c u m e n t T e x t   ( D : \ R 2 6 - I T - 1 2 8 \ R 2 6 - I T - 1 2 8 \ b a c k e n d \ s r c \ s e r v i c e s \ i n t e r v i e w . s e r v i c e . t s : 1 5 3 : 2 0 )  
         a t   a s y n c   O b j e c t . a t t a c h J o b P o s t   ( D : \ R 2 6 - I T - 1 2 8 \ R 2 6 - I T - 1 2 8 \ b a c k e n d \ s r c \ c o n t r o l l e r s \ c v . c o n t r o l l e r . t s : 7 4 : 3 4 )  
  [ 0 m P O S T   / a p i / c v / 2 5 f 9 5 b f a - 2 1 3 d - 4 e 9 f - 8 9 9 e - 8 8 2 3 7 4 2 6 c 0 5 b / j o b - p o s t    [ 3 1 m 5 0 0  [ 0 m   1 3 4 3 1 . 2 3 2   m s   -   5 4 2  [ 0 m  
  [ 0 m G E T   / a p i / n o t i f i c a t i o n s    [ 3 6 m 3 0 4  [ 0 m   5 8 7 . 7 2 1   m s   -   -  [ 0 m  
  [ 0 m G E T   / a p i / n o t i f i c a t i o n s / u n r e a d / c o u n t    [ 3 6 m 3 0 4  [ 0 m   6 0 0 . 4 4 0   m s   -   -  [ 0 m  
  [ 0 m G E T   / a p i / n o t i f i c a t i o n s / u n r e a d / c o u n t    [ 3 6 m 3 0 4  [ 0 m   6 2 9 . 5 8 0   m s   -   -  [ 0 m  
  [ 0 m G E T   / a p i / n o t i f i c a t i o n s    [ 3 6 m 3 0 4  [ 0 m   6 4 7 . 5 6 5   m s   -   -  [ 0 m  
  [ 0 m G E T   / a p i / n o t i f i c a t i o n s    [ 3 6 m 3 0 4  [ 0 m   6 0 8 . 6 4 1   m s   -   -  [ 0 m  
  [ 0 m G E T   / a p i / n o t i f i c a t i o n s / u n r e a d / c o u n t    [ 3 6 m 3 0 4  [ 0 m   6 1 8 . 8 4 5   m s   -   -  [ 0 m  
  [ 0 m G E T   / a p i / n o t i f i c a t i o n s / u n r e a d / c o u n t    [ 3 6 m 3 0 4  [ 0 m   5 4 8 . 2 9 8   m s   -   -  [ 0 m  
  [ 0 m G E T   / a p i / n o t i f i c a t i o n s    [ 3 6 m 3 0 4  [ 0 m   5 5 7 . 1 8 2   m s   -   -  [ 0 m  
 [ P y t h o n ]   h t t p : / / l o c a l h o s t : 8 0 0 3 / c o m p a r e - j o b   r e s p o n d e d   4 2 2 :   R e q u e s t   f a i l e d   w i t h   s t a t u s   c o d e   4 2 2  
 E r r o r :   P y t h o n   s e r v i c e   e r r o r   ( 4 2 2 ) :   R e q u e s t   f a i l e d   w i t h   s t a t u s   c o d e   4 2 2  
         a t   c a l l P y t h o n   ( D : \ R 2 6 - I T - 1 2 8 \ R 2 6 - I T - 1 2 8 \ b a c k e n d \ s r c \ s e r v i c e s \ p y t h o n . s e r v i c e . t s : 1 8 : 1 3 )  
         a t   p r o c e s s T i c k s A n d R e j e c t i o n s   ( n o d e : i n t e r n a l / p r o c e s s / t a s k _ q u e u e s : 9 5 : 5 )  
         a t   a s y n c   O b j e c t . a t t a c h J o b P o s t   ( D : \ R 2 6 - I T - 1 2 8 \ R 2 6 - I T - 1 2 8 \ b a c k e n d \ s r c \ s e r v i c e s \ c v . s e r v i c e . t s : 4 5 9 : 2 4 )  
         a t   a s y n c   O b j e c t . a t t a c h J o b P o s t   ( D : \ R 2 6 - I T - 1 2 8 \ R 2 6 - I T - 1 2 8 \ b a c k e n d \ s r c \ c o n t r o l l e r s \ c v . c o n t r o l l e r . t s : 8 2 : 1 8 )  
  [ 0 m P O S T   / a p i / c v / 2 5 f 9 5 b f a - 2 1 3 d - 4 e 9 f - 8 9 9 e - 8 8 2 3 7 4 2 6 c 0 5 b / j o b - p o s t    [ 3 1 m 5 0 0  [ 0 m   1 0 7 2 . 4 2 3   m s   -   5 2 9  [ 0 m  
  [ 0 m G E T   / a p i / n o t i f i c a t i o n s / u n r e a d / c o u n t    [ 3 6 m 3 0 4  [ 0 m   6 3 7 . 9 0 4   m s   -   -  [ 0 m  
  [ 0 m G E T   / a p i / n o t i f i c a t i o n s    [ 3 6 m 3 0 4  [ 0 m   7 0 1 . 0 1 6   m s   -   -  [ 0 m  
  [ 0 m G E T   / a p i / n o t i f i c a t i o n s / u n r e a d / c o u n t    [ 3 6 m 3 0 4  [ 0 m   5 6 7 . 0 5 1   m s   -   -  [ 0 m  
  [ 0 m G E T   / a p i / n o t i f i c a t i o n s    [ 3 6 m 3 0 4  [ 0 m   6 2 1 . 0 9 2   m s   -   -  [ 0 m  
  [ 0 m G E T   / a p i / n o t i f i c a t i o n s / u n r e a d / c o u n t    [ 3 6 m 3 0 4  [ 0 m   5 9 8 . 8 7 3   m s   -   -  [ 0 m  
  [ 0 m G E T   / a p i / n o t i f i c a t i o n s    [ 3 6 m 3 0 4  [ 0 m   6 0 2 . 7 4 7   m s   -   -  [ 0 m  
  [ 0 m G E T   / a p i / n o t i f i c a t i o n s / u n r e a d / c o u n t    [ 3 6 m 3 0 4  [ 0 m   6 6 9 . 9 0 4   m s   -   -  [ 0 m  
  [ 0 m G E T   / a p i / n o t i f i c a t i o n s    [ 3 6 m 3 0 4  [ 0 m   6 7 3 . 5 0 3   m s   -   -  [ 0 m  
  [ 0 m G E T   / a p i / n o t i f i c a t i o n s / u n r e a d / c o u n t    [ 3 6 m 3 0 4  [ 0 m   2 1 9 8 . 1 5 7   m s   -   -  [ 0 m  
  [ 0 m G E T   / a p i / n o t i f i c a t i o n s    [ 3 6 m 3 0 4  [ 0 m   2 3 3 6 . 2 4 1   m s   -   -  [ 0 m  
  [ 0 m G E T   / a p i / n o t i f i c a t i o n s / u n r e a d / c o u n t    [ 3 6 m 3 0 4  [ 0 m   5 9 1 . 4 4 8   m s   -   -  [ 0 m  
  [ 0 m G E T   / a p i / n o t i f i c a t i o n s    [ 3 6 m 3 0 4  [ 0 m   6 4 1 . 4 7 4   m s   -   -  [ 0 m  
  [ 0 m G E T   / a p i / n o t i f i c a t i o n s / u n r e a d / c o u n t    [ 3 6 m 3 0 4  [ 0 m   2 5 0 1 . 9 2 8   m s   -   -  [ 0 m  
  [ 0 m G E T   / a p i / n o t i f i c a t i o n s    [ 3 6 m 3 0 4  [ 0 m   2 5 3 9 . 2 6 8   m s   -   -  [ 0 m  
  [ 0 m G E T   / a p i / n o t i f i c a t i o n s / u n r e a d / c o u n t    [ 3 6 m 3 0 4  [ 0 m   8 0 9 . 3 2 9   m s   -   -  [ 0 m  
  [ 0 m G E T   / a p i / n o t i f i c a t i o n s    [ 3 6 m 3 0 4  [ 0 m   8 2 4 . 3 4 2   m s   -   -  [ 0 m  
  [ 0 m G E T   / a p i / n o t i f i c a t i o n s    [ 3 6 m 3 0 4  [ 0 m   3 4 3 3 . 7 1 3   m s   -   -  [ 0 m  
  [ 0 m G E T   / a p i / n o t i f i c a t i o n s / u n r e a d / c o u n t    [ 3 6 m 3 0 4  [ 0 m   3 4 8 6 . 7 8 3   m s   -   -  [ 0 m  
  [ 0 m G E T   / a p i / n o t i f i c a t i o n s    [ 3 6 m 3 0 4  [ 0 m   1 2 3 1 . 4 6 9   m s   -   -  [ 0 m  
  [ 0 m G E T   / a p i / n o t i f i c a t i o n s / u n r e a d / c o u n t    [ 3 6 m 3 0 4  [ 0 m   1 2 8 3 . 2 9 9   m s   -   -  [ 0 m  
  [ 0 m G E T   / a p i / n o t i f i c a t i o n s    [ 3 6 m 3 0 4  [ 0 m   6 0 8 . 9 1 0   m s   -   -  [ 0 m  
  [ 0 m G E T   / a p i / n o t i f i c a t i o n s / u n r e a d / c o u n t    [ 3 6 m 3 0 4  [ 0 m   6 1 2 . 7 9 0   m s   -   -  [ 0 m  
  [ 0 m G E T   / a p i / n o t i f i c a t i o n s    [ 3 6 m 3 0 4  [ 0 m   5 9 4 . 0 6 3   m s   -   -  [ 0 m  
  [ 0 m G E T   / a p i / n o t i f i c a t i o n s / u n r e a d / c o u n t    [ 3 6 m 3 0 4  [ 0 m   5 9 6 . 5 1 3   m s   -   -  [ 0 m  
  [ 0 m G E T   / a p i / n o t i f i c a t i o n s    [ 3 6 m 3 0 4  [ 0 m   5 5 5 . 7 6 6   m s   -   -  [ 0 m  
  [ 0 m G E T   / a p i / n o t i f i c a t i o n s / u n r e a d / c o u n t    [ 3 6 m 3 0 4  [ 0 m   8 4 9 . 2 8 8   m s   -   -  [ 0 m  
  [ 0 m G E T   / a p i / n o t i f i c a t i o n s    [ 3 6 m 3 0 4  [ 0 m   5 9 7 . 7 1 5   m s   -   -  [ 0 m  
  [ 0 m G E T   / a p i / n o t i f i c a t i o n s / u n r e a d / c o u n t    [ 3 6 m 3 0 4  [ 0 m   6 0 5 . 2 8 2   m s   -   -  [ 0 m  
  [ 0 m G E T   / a p i / n o t i f i c a t i o n s / u n r e a d / c o u n t    [ 3 6 m 3 0 4  [ 0 m   8 2 4 . 7 1 1   m s   -   -  [ 0 m  
  [ 0 m G E T   / a p i / n o t i f i c a t i o n s    [ 3 6 m 3 0 4  [ 0 m   8 3 4 . 5 2 2   m s   -   -  [ 0 m  
  [ 0 m G E T   / a p i / n o t i f i c a t i o n s    [ 3 6 m 3 0 4  [ 0 m   6 8 6 . 7 8 1   m s   -   -  [ 0 m  
  [ 0 m G E T   / a p i / n o t i f i c a t i o n s / u n r e a d / c o u n t    [ 3 6 m 3 0 4  [ 0 m   6 9 1 . 7 0 4   m s   -   -  [ 0 m  
  [ 0 m G E T   / a p i / n o t i f i c a t i o n s    [ 3 6 m 3 0 4  [ 0 m   1 3 5 1 . 6 4 5   m s   -   -  [ 0 m  
  [ 0 m G E T   / a p i / n o t i f i c a t i o n s / u n r e a d / c o u n t    [ 3 6 m 3 0 4  [ 0 m   1 3 5 9 . 4 7 1   m s   -   -  [ 0 m  
  [ 0 m G E T   / a p i / n o t i f i c a t i o n s    [ 3 6 m 3 0 4  [ 0 m   7 5 3 . 5 6 4   m s   -   -  [ 0 m  
  [ 0 m G E T   / a p i / n o t i f i c a t i o n s / u n r e a d / c o u n t    [ 3 6 m 3 0 4  [ 0 m   7 6 0 . 5 8 6   m s   -   -  [ 0 m  
  [ 0 m G E T   / a p i / n o t i f i c a t i o n s / u n r e a d / c o u n t    [ 3 6 m 3 0 4  [ 0 m   8 2 0 . 7 7 0   m s   -   -  [ 0 m  
  [ 0 m G E T   / a p i / n o t i f i c a t i o n s    [ 3 6 m 3 0 4  [ 0 m   8 6 7 . 0 8 3   m s   -   -  [ 0 m  
  [ 3 2 m [ n o d e m o n ]   r e s t a r t i n g   d u e   t o   c h a n g e s . . .  [ 3 9 m  
  [ 3 2 m [ n o d e m o n ]   s t a r t i n g   ` t s - n o d e   a p i / i n d e x . t s `  [ 3 9 m  
 ì˘ Á   i n j e c t e d   e n v   ( 2 5 )   f r o m   . e n v   / /   t i p :   ìÓ ˇ   s u p p r e s s   l o g s   {   q u i e t :   t r u e   }  
 [ S u p a b a s e ]   I n i t i a l i z i n g   c l i e n t s   w i t h   U R L :   h t t p s : / / e l q p b p b g z z x f o v t y v u c t . s u p a b a s e . c o  
 [ S u p a b a s e ]   A d m i n   c l i e n t   i n i t i a l i z e d  
 [ S u p a b a s e ]   A n o n   c l i e n t   i n i t i a l i z e d  
 A P I   s e r v e r   l i s t e n i n g   o n   p o r t   8 0 8 1  
  [ 3 2 m [ n o d e m o n ]   r e s t a r t i n g   d u e   t o   c h a n g e s . . .  [ 3 9 m  
  [ 3 2 m [ n o d e m o n ]   s t a r t i n g   ` t s - n o d e   a p i / i n d e x . t s `  [ 3 9 m  
 ì˘ Á   i n j e c t e d   e n v   ( 2 5 )   f r o m   . e n v   / /   t i p :   ìÓ ˇ   s u p p r e s s   l o g s   {   q u i e t :   t r u e   }  
 [ S u p a b a s e ]   I n i t i a l i z i n g   c l i e n t s   w i t h   U R L :   h t t p s : / / e l q p b p b g z z x f o v t y v u c t . s u p a b a s e . c o  
 [ S u p a b a s e ]   A d m i n   c l i e n t   i n i t i a l i z e d  
 [ S u p a b a s e ]   A n o n   c l i e n t   i n i t i a l i z e d  
 A P I   s e r v e r   l i s t e n i n g   o n   p o r t   8 0 8 1  
  
 >   b a c k e n d @ 1 . 0 . 0   d e v  
 >   n o d e m o n   - - w a t c h   s r c   - - w a t c h   a p i   - - e x t   t s   - - e x e c   t s - n o d e   a p i / i n d e x . t s  
  
  [ 3 3 m [ n o d e m o n ]   3 . 1 . 1 4  [ 3 9 m  
  [ 3 3 m [ n o d e m o n ]   t o   r e s t a r t   a t   a n y   t i m e ,   e n t e r   ` r s `  [ 3 9 m  
  [ 3 3 m [ n o d e m o n ]   w a t c h i n g   p a t h ( s ) :   s r c \ * * \ *   a p i \ * * \ *  [ 3 9 m  
  [ 3 3 m [ n o d e m o n ]   w a t c h i n g   e x t e n s i o n s :   t s  [ 3 9 m  
  [ 3 2 m [ n o d e m o n ]   s t a r t i n g   ` t s - n o d e   a p i / i n d e x . t s `  [ 3 9 m  
 ì˘ Á   i n j e c t e d   e n v   ( 2 5 )   f r o m   . e n v   / /   t i p :   ìÓ ˇ   m u l t i p l e   f i l e s   {   p a t h :   [ ' . e n v . l o c a l ' ,   ' . e n v ' ]   }  
 [ S u p a b a s e ]   I n i t i a l i z i n g   c l i e n t s   w i t h   U R L :   h t t p s : / / e l q p b p b g z z x f o v t y v u c t . s u p a b a s e . c o  
 [ S u p a b a s e ]   A d m i n   c l i e n t   i n i t i a l i z e d  
 [ S u p a b a s e ]   A n o n   c l i e n t   i n i t i a l i z e d  
 A P I   s e r v e r   l i s t e n i n g   o n   p o r t   8 0 8 1  
  [ 0 m G E T   / a p i / n o t i f i c a t i o n s    [ 3 6 m 3 0 4  [ 0 m   1 4 8 4 . 1 4 0   m s   -   -  [ 0 m  
  [ 0 m G E T   / a p i / n o t i f i c a t i o n s / u n r e a d / c o u n t    [ 3 6 m 3 0 4  [ 0 m   1 3 5 4 . 1 0 8   m s   -   -  [ 0 m  
  [ 0 m G E T   / a p i / n o t i f i c a t i o n s / u n r e a d / c o u n t    [ 3 6 m 3 0 4  [ 0 m   5 5 4 . 2 1 0   m s   -   -  [ 0 m  
  [ 0 m G E T   / a p i / n o t i f i c a t i o n s    [ 3 6 m 3 0 4  [ 0 m   5 9 7 . 0 9 3   m s   -   -  [ 0 m  
 c m d   :   [ P y t h o n ]   S e r v i c e   u n r e a c h a b l e   a t   h t t p : / / l o c a l h o s t : 8 0 0 4 / e x t r a c t - o c r   ì« ˆ   u s i n g   m o c k   f a l l b a c k  
 A t   l i n e : 4   c h a r : 9  
 +                   c m d   / c   $ c m d   * > >   $ l f  
 +                   ~ ~ ~ ~ ~ ~ ~ ~ ~ ~ ~ ~ ~ ~ ~ ~ ~ ~ ~  
         +   C a t e g o r y I n f o                     :   N o t S p e c i f i e d :   ( [ P y t h o n ]   S e r v i c . . . g   m o c k   f a l l b a c k : S t r i n g )   [ ] ,   R e m o t e E x c e p t i o n  
         +   F u l l y Q u a l i f i e d E r r o r I d   :   N a t i v e C o m m a n d E r r o r  
    
  [ 0 m P O S T   / a p i / c v / 2 5 f 9 5 b f a - 2 1 3 d - 4 e 9 f - 8 9 9 e - 8 8 2 3 7 4 2 6 c 0 5 b / j o b - p o s t    [ 3 3 m 4 0 0  [ 0 m   2 3 0 . 8 7 6   m s   -   9 3  [ 0 m  
  [ 0 m G E T   / a p i / n o t i f i c a t i o n s / u n r e a d / c o u n t    [ 3 6 m 3 0 4  [ 0 m   5 3 1 . 1 3 7   m s   -   -  [ 0 m  
  [ 0 m G E T   / a p i / n o t i f i c a t i o n s    [ 3 6 m 3 0 4  [ 0 m   5 3 7 . 3 7 8   m s   -   -  [ 0 m  
  [ 0 m G E T   / a p i / n o t i f i c a t i o n s / u n r e a d / c o u n t    [ 3 6 m 3 0 4  [ 0 m   6 4 4 . 6 0 0   m s   -   -  [ 0 m  
  [ 0 m G E T   / a p i / n o t i f i c a t i o n s    [ 3 6 m 3 0 4  [ 0 m   6 5 0 . 4 8 3   m s   -   -  [ 0 m  
  [ 0 m G E T   / a p i / n o t i f i c a t i o n s / u n r e a d / c o u n t    [ 3 6 m 3 0 4  [ 0 m   1 4 0 8 . 4 3 2   m s   -   -  [ 0 m  
  [ 0 m G E T   / a p i / n o t i f i c a t i o n s    [ 3 6 m 3 0 4  [ 0 m   1 4 1 3 . 4 3 3   m s   -   -  [ 0 m  
  [ 0 m G E T   / a p i / n o t i f i c a t i o n s / u n r e a d / c o u n t    [ 3 6 m 3 0 4  [ 0 m   1 1 0 0 . 9 1 2   m s   -   -  [ 0 m  
  [ 0 m G E T   / a p i / n o t i f i c a t i o n s    [ 3 6 m 3 0 4  [ 0 m   1 1 1 5 . 1 6 3   m s   -   -  [ 0 m  
  [ 0 m G E T   / a p i / n o t i f i c a t i o n s    [ 3 6 m 3 0 4  [ 0 m   7 6 6 . 6 0 5   m s   -   -  [ 0 m  
  [ 0 m G E T   / a p i / n o t i f i c a t i o n s / u n r e a d / c o u n t    [ 3 6 m 3 0 4  [ 0 m   8 4 4 . 4 3 4   m s   -   -  [ 0 m  
  [ 0 m G E T   / a p i / n o t i f i c a t i o n s / u n r e a d / c o u n t    [ 3 6 m 3 0 4  [ 0 m   5 3 5 . 4 1 7   m s   -   -  [ 0 m  
  [ 0 m G E T   / a p i / n o t i f i c a t i o n s    [ 3 6 m 3 0 4  [ 0 m   5 3 6 . 6 8 2   m s   -   -  [ 0 m  
  [ 0 m G E T   / a p i / n o t i f i c a t i o n s / u n r e a d / c o u n t    [ 3 6 m 3 0 4  [ 0 m   1 1 1 8 . 3 2 6   m s   -   -  [ 0 m  
  [ 0 m G E T   / a p i / n o t i f i c a t i o n s    [ 3 6 m 3 0 4  [ 0 m   1 1 5 9 . 1 1 6   m s   -   -  [ 0 m  
  [ 0 m G E T   / a p i / n o t i f i c a t i o n s / u n r e a d / c o u n t    [ 3 6 m 3 0 4  [ 0 m   8 9 0 . 8 9 5   m s   -   -  [ 0 m  
  [ 0 m G E T   / a p i / c v    [ 3 6 m 3 0 4  [ 0 m   8 6 8 . 1 2 5   m s   -   -  [ 0 m  
  [ 0 m G E T   / a p i / n o t i f i c a t i o n s    [ 3 6 m 3 0 4  [ 0 m   9 2 8 . 0 7 8   m s   -   -  [ 0 m  
  [ 0 m G E T   / a p i / c v    [ 3 6 m 3 0 4  [ 0 m   6 1 2 . 7 1 8   m s   -   -  [ 0 m  
  [ 0 m G E T   / a p i / n o t i f i c a t i o n s    [ 3 6 m 3 0 4  [ 0 m   8 4 4 . 0 4 5   m s   -   -  [ 0 m  
  [ 0 m G E T   / a p i / n o t i f i c a t i o n s / u n r e a d / c o u n t    [ 3 6 m 3 0 4  [ 0 m   1 0 1 2 . 1 2 0   m s   -   -  [ 0 m  
  [ 0 m G E T   / a p i / n o t i f i c a t i o n s / u n r e a d / c o u n t    [ 3 6 m 3 0 4  [ 0 m   5 6 9 . 9 4 8   m s   -   -  [ 0 m  
  [ 0 m G E T   / a p i / n o t i f i c a t i o n s    [ 3 6 m 3 0 4  [ 0 m   6 1 0 . 0 4 9   m s   -   -  [ 0 m  
  [ 0 m G E T   / a p i / n o t i f i c a t i o n s    [ 3 6 m 3 0 4  [ 0 m   1 1 4 0 . 2 1 2   m s   -   -  [ 0 m  
  [ 0 m G E T   / a p i / n o t i f i c a t i o n s / u n r e a d / c o u n t    [ 3 6 m 3 0 4  [ 0 m   1 1 5 6 . 7 2 2   m s   -   -  [ 0 m  
  [ 0 m G E T   / a p i / n o t i f i c a t i o n s / u n r e a d / c o u n t    [ 3 6 m 3 0 4  [ 0 m   1 1 9 0 . 0 9 4   m s   -   -  [ 0 m  
  [ 0 m G E T   / a p i / n o t i f i c a t i o n s    [ 3 6 m 3 0 4  [ 0 m   1 2 1 6 . 6 7 9   m s   -   -  [ 0 m  
  [ 0 m G E T   / a p i / n o t i f i c a t i o n s / u n r e a d / c o u n t    [ 3 6 m 3 0 4  [ 0 m   1 8 4 4 . 6 3 6   m s   -   -  [ 0 m  
  [ 0 m G E T   / a p i / n o t i f i c a t i o n s    [ 3 6 m 3 0 4  [ 0 m   1 8 5 4 . 6 0 3   m s   -   -  [ 0 m  
  [ 0 m G E T   / a p i / n o t i f i c a t i o n s / u n r e a d / c o u n t    [ 3 6 m 3 0 4  [ 0 m   6 2 3 . 2 9 5   m s   -   -  [ 0 m  
  [ 0 m G E T   / a p i / n o t i f i c a t i o n s    [ 3 6 m 3 0 4  [ 0 m   6 3 3 . 9 2 2   m s   -   -  [ 0 m  
  [ 0 m G E T   / a p i / c v / 2 5 f 9 5 b f a - 2 1 3 d - 4 e 9 f - 8 9 9 e - 8 8 2 3 7 4 2 6 c 0 5 b    [ 3 6 m 3 0 4  [ 0 m   1 0 0 5 . 5 4 4   m s   -   -  [ 0 m  
  [ 0 m G E T   / a p i / n o t i f i c a t i o n s    [ 3 6 m 3 0 4  [ 0 m   5 7 9 . 1 0 3   m s   -   -  [ 0 m  
  [ 0 m G E T   / a p i / n o t i f i c a t i o n s / u n r e a d / c o u n t    [ 3 6 m 3 0 4  [ 0 m   6 2 9 . 7 3 1   m s   -   -  [ 0 m  
  [ 0 m G E T   / a p i / n o t i f i c a t i o n s    [ 3 6 m 3 0 4  [ 0 m   6 1 8 . 8 9 2   m s   -   -  [ 0 m  
  [ 0 m G E T   / a p i / n o t i f i c a t i o n s / u n r e a d / c o u n t    [ 3 6 m 3 0 4  [ 0 m   6 3 1 . 1 1 5   m s   -   -  [ 0 m  
  [ 0 m G E T   / a p i / n o t i f i c a t i o n s / u n r e a d / c o u n t    [ 3 6 m 3 0 4  [ 0 m   1 1 0 8 . 2 8 2   m s   -   -  [ 0 m  
  [ 0 m G E T   / a p i / n o t i f i c a t i o n s    [ 3 6 m 3 0 4  [ 0 m   1 1 6 9 . 6 1 7   m s   -   -  [ 0 m  
  [ 0 m G E T   / a p i / n o t i f i c a t i o n s / u n r e a d / c o u n t    [ 3 6 m 3 0 4  [ 0 m   6 1 9 . 6 9 1   m s   -   -  [ 0 m  
  [ 0 m G E T   / a p i / n o t i f i c a t i o n s    [ 3 6 m 3 0 4  [ 0 m   9 3 1 . 6 4 2   m s   -   -  [ 0 m  
  [ 0 m G E T   / a p i / n o t i f i c a t i o n s / u n r e a d / c o u n t    [ 3 6 m 3 0 4  [ 0 m   1 1 8 7 . 7 8 4   m s   -   -  [ 0 m  
  [ 0 m G E T   / a p i / n o t i f i c a t i o n s    [ 3 6 m 3 0 4  [ 0 m   1 8 0 6 . 5 4 1   m s   -   -  [ 0 m  
  [ 0 m G E T   / a p i / n o t i f i c a t i o n s / u n r e a d / c o u n t    [ 3 6 m 3 0 4  [ 0 m   7 6 4 . 1 1 6   m s   -   -  [ 0 m  
  [ 0 m G E T   / a p i / n o t i f i c a t i o n s    [ 3 6 m 3 0 4  [ 0 m   9 3 0 . 7 7 9   m s   -   -  [ 0 m  
  [ 0 m G E T   / a p i / n o t i f i c a t i o n s / u n r e a d / c o u n t    [ 3 6 m 3 0 4  [ 0 m   2 0 5 7 . 9 0 7   m s   -   -  [ 0 m  
  [ 0 m G E T   / a p i / n o t i f i c a t i o n s    [ 3 6 m 3 0 4  [ 0 m   2 1 1 3 . 8 4 5   m s   -   -  [ 0 m  
  [ 0 m G E T   / a p i / n o t i f i c a t i o n s / u n r e a d / c o u n t    [ 3 6 m 3 0 4  [ 0 m   8 9 9 . 2 6 9   m s   -   -  [ 0 m  
  [ 0 m G E T   / a p i / n o t i f i c a t i o n s    [ 3 6 m 3 0 4  [ 0 m   9 2 0 . 3 5 1   m s   -   -  [ 0 m  
  [ 0 m G E T   / a p i / n o t i f i c a t i o n s / u n r e a d / c o u n t    [ 3 6 m 3 0 4  [ 0 m   1 3 2 8 . 0 3 2   m s   -   -  [ 0 m  
  [ 0 m G E T   / a p i / n o t i f i c a t i o n s    [ 3 6 m 3 0 4  [ 0 m   1 3 7 1 . 8 3 7   m s   -   -  [ 0 m  
  [ 0 m G E T   / a p i / n o t i f i c a t i o n s / u n r e a d / c o u n t    [ 3 6 m 3 0 4  [ 0 m   1 4 9 7 . 6 4 0   m s   -   -  [ 0 m  
  [ 0 m G E T   / a p i / n o t i f i c a t i o n s    [ 3 6 m 3 0 4  [ 0 m   1 5 0 0 . 6 2 7   m s   -   -  [ 0 m  
  [ 0 m G E T   / a p i / n o t i f i c a t i o n s / u n r e a d / c o u n t    [ 3 6 m 3 0 4  [ 0 m   7 8 8 . 3 7 8   m s   -   -  [ 0 m  
  [ 0 m G E T   / a p i / n o t i f i c a t i o n s    [ 3 6 m 3 0 4  [ 0 m   8 3 5 . 6 4 4   m s   -   -  [ 0 m  
  [ 0 m G E T   / a p i / n o t i f i c a t i o n s    [ 3 6 m 3 0 4  [ 0 m   5 3 5 . 0 8 7   m s   -   -  [ 0 m  
  [ 0 m G E T   / a p i / n o t i f i c a t i o n s / u n r e a d / c o u n t    [ 3 6 m 3 0 4  [ 0 m   5 4 2 . 0 7 0   m s   -   -  [ 0 m  
  [ 0 m G E T   / a p i / n o t i f i c a t i o n s    [ 3 6 m 3 0 4  [ 0 m   2 1 4 2 . 6 9 7   m s   -   -  [ 0 m  
  [ 0 m G E T   / a p i / n o t i f i c a t i o n s / u n r e a d / c o u n t    [ 3 6 m 3 0 4  [ 0 m   2 3 4 4 . 8 0 5   m s   -   -  [ 0 m  
  [ 0 m G E T   / a p i / n o t i f i c a t i o n s    [ 3 6 m 3 0 4  [ 0 m   5 9 3 . 0 0 6   m s   -   -  [ 0 m  
  [ 0 m G E T   / a p i / n o t i f i c a t i o n s / u n r e a d / c o u n t    [ 3 6 m 3 0 4  [ 0 m   5 9 9 . 9 9 6   m s   -   -  [ 0 m  
  [ 0 m G E T   / a p i / n o t i f i c a t i o n s / u n r e a d / c o u n t    [ 3 6 m 3 0 4  [ 0 m   6 6 9 . 7 4 7   m s   -   -  [ 0 m  
  [ 0 m G E T   / a p i / n o t i f i c a t i o n s    [ 3 6 m 3 0 4  [ 0 m   6 7 2 . 5 0 2   m s   -   -  [ 0 m  
  [ 0 m G E T   / a p i / n o t i f i c a t i o n s / u n r e a d / c o u n t    [ 3 6 m 3 0 4  [ 0 m   6 6 6 . 5 2 3   m s   -   -  [ 0 m  
  [ 0 m G E T   / a p i / n o t i f i c a t i o n s    [ 3 6 m 3 0 4  [ 0 m   6 6 6 . 5 8 1   m s   -   -  [ 0 m  
 [ P y t h o n ]   h t t p : / / l o c a l h o s t : 8 0 0 3 / c o m p a r e - j o b   r e s p o n d e d   4 2 2 :   N o   r e c o g n i s a b l e   s k i l l s   f o u n d   i n   t h e   j o b   p o s t   t e x t .  
 A p p E r r o r :   N o   r e c o g n i s a b l e   s k i l l s   f o u n d   i n   t h e   j o b   p o s t   t e x t .  
         a t   O b j e c t . a t t a c h J o b P o s t   ( D : \ R 2 6 - I T - 1 2 8 \ R 2 6 - I T - 1 2 8 \ b a c k e n d \ s r c \ s e r v i c e s \ c v . s e r v i c e . t s : 4 7 0 : 1 5 )  
         a t   p r o c e s s T i c k s A n d R e j e c t i o n s   ( n o d e : i n t e r n a l / p r o c e s s / t a s k _ q u e u e s : 9 5 : 5 )  
         a t   a s y n c   O b j e c t . a t t a c h J o b P o s t   ( D : \ R 2 6 - I T - 1 2 8 \ R 2 6 - I T - 1 2 8 \ b a c k e n d \ s r c \ c o n t r o l l e r s \ c v . c o n t r o l l e r . t s : 8 2 : 1 8 )   {  
     s t a t u s C o d e :   4 2 2  
 }  
  [ 0 m P O S T   / a p i / c v / 2 5 f 9 5 b f a - 2 1 3 d - 4 e 9 f - 8 9 9 e - 8 8 2 3 7 4 2 6 c 0 5 b / j o b - p o s t    [ 3 3 m 4 2 2  [ 0 m   9 4 1 . 0 8 8   m s   -   4 4 5  [ 0 m  
  [ 0 m G E T   / a p i / n o t i f i c a t i o n s    [ 3 6 m 3 0 4  [ 0 m   3 4 2 . 7 0 7   m s   -   -  [ 0 m  
  [ 0 m G E T   / a p i / n o t i f i c a t i o n s / u n r e a d / c o u n t    [ 3 6 m 3 0 4  [ 0 m   5 5 5 . 4 7 8   m s   -   -  [ 0 m  
  [ 0 m G E T   / a p i / n o t i f i c a t i o n s / u n r e a d / c o u n t    [ 3 6 m 3 0 4  [ 0 m   8 1 9 . 2 0 8   m s   -   -  [ 0 m  
  [ 0 m G E T   / a p i / n o t i f i c a t i o n s    [ 3 6 m 3 0 4  [ 0 m   8 6 0 . 1 4 9   m s   -   -  [ 0 m  
  [ 0 m G E T   / a p i / n o t i f i c a t i o n s    [ 3 6 m 3 0 4  [ 0 m   6 6 8 . 6 6 7   m s   -   -  [ 0 m  
  [ 0 m G E T   / a p i / n o t i f i c a t i o n s / u n r e a d / c o u n t    [ 3 6 m 3 0 4  [ 0 m   6 7 9 . 2 1 2   m s   -   -  [ 0 m  
  [ 0 m G E T   / a p i / n o t i f i c a t i o n s    [ 3 6 m 3 0 4  [ 0 m   1 4 4 8 . 8 3 4   m s   -   -  [ 0 m  
  [ 0 m G E T   / a p i / n o t i f i c a t i o n s / u n r e a d / c o u n t    [ 3 6 m 3 0 4  [ 0 m   2 2 6 5 . 4 8 6   m s   -   -  [ 0 m  
  [ 0 m G E T   / a p i / n o t i f i c a t i o n s    [ 3 6 m 3 0 4  [ 0 m   6 6 6 . 3 0 0   m s   -   -  [ 0 m  
  [ 0 m G E T   / a p i / n o t i f i c a t i o n s / u n r e a d / c o u n t    [ 3 6 m 3 0 4  [ 0 m   7 4 1 . 1 5 9   m s   -   -  [ 0 m  
  [ 0 m G E T   / a p i / n o t i f i c a t i o n s    [ 3 6 m 3 0 4  [ 0 m   9 0 7 . 4 0 4   m s   -   -  [ 0 m  
  [ 0 m G E T   / a p i / n o t i f i c a t i o n s / u n r e a d / c o u n t    [ 3 6 m 3 0 4  [ 0 m   1 0 4 6 . 3 2 5   m s   -   -  [ 0 m  
  [ 0 m G E T   / a p i / n o t i f i c a t i o n s    [ 3 6 m 3 0 4  [ 0 m   5 3 4 . 4 0 3   m s   -   -  [ 0 m  
  [ 0 m G E T   / a p i / n o t i f i c a t i o n s / u n r e a d / c o u n t    [ 3 6 m 3 0 4  [ 0 m   6 1 6 . 1 8 8   m s   -   -  [ 0 m  
  [ 0 m G E T   / a p i / n o t i f i c a t i o n s / u n r e a d / c o u n t    [ 3 6 m 3 0 4  [ 0 m   6 5 4 . 8 9 4   m s   -   -  [ 0 m  
  [ 0 m G E T   / a p i / n o t i f i c a t i o n s    [ 3 6 m 3 0 4  [ 0 m   6 5 7 . 8 3 8   m s   -   -  [ 0 m  
  [ 0 m G E T   / a p i / n o t i f i c a t i o n s    [ 3 6 m 3 0 4  [ 0 m   6 7 6 . 1 0 6   m s   -   -  [ 0 m  
  [ 0 m G E T   / a p i / n o t i f i c a t i o n s / u n r e a d / c o u n t    [ 3 6 m 3 0 4  [ 0 m   7 4 1 . 2 5 6   m s   -   -  [ 0 m  
  [ 0 m G E T   / a p i / n o t i f i c a t i o n s / u n r e a d / c o u n t    [ 3 6 m 3 0 4  [ 0 m   1 6 6 7 . 9 0 4   m s   -   -  [ 0 m  
  [ 0 m G E T   / a p i / n o t i f i c a t i o n s    [ 3 6 m 3 0 4  [ 0 m   1 6 7 8 . 4 9 0   m s   -   -  [ 0 m  
  [ 0 m G E T   / a p i / n o t i f i c a t i o n s    [ 3 6 m 3 0 4  [ 0 m   9 8 4 . 5 2 7   m s   -   -  [ 0 m  
  [ 0 m G E T   / a p i / n o t i f i c a t i o n s / u n r e a d / c o u n t    [ 3 6 m 3 0 4  [ 0 m   9 9 9 . 0 4 6   m s   -   -  [ 0 m  
  [ 0 m G E T   / a p i / n o t i f i c a t i o n s / u n r e a d / c o u n t    [ 3 6 m 3 0 4  [ 0 m   2 5 1 7 . 1 2 9   m s   -   -  [ 0 m  
  [ 0 m G E T   / a p i / n o t i f i c a t i o n s    [ 3 6 m 3 0 4  [ 0 m   2 5 9 7 . 8 0 4   m s   -   -  [ 0 m  
  [ 0 m G E T   / a p i / n o t i f i c a t i o n s / u n r e a d / c o u n t    [ 3 6 m 3 0 4  [ 0 m   7 3 0 . 0 5 0   m s   -   -  [ 0 m  
  [ 0 m G E T   / a p i / n o t i f i c a t i o n s    [ 3 6 m 3 0 4  [ 0 m   7 4 1 . 8 7 2   m s   -   -  [ 0 m  
  [ 0 m G E T   / a p i / n o t i f i c a t i o n s / u n r e a d / c o u n t    [ 3 6 m 3 0 4  [ 0 m   6 4 0 . 8 5 6   m s   -   -  [ 0 m  
  [ 0 m G E T   / a p i / n o t i f i c a t i o n s    [ 3 6 m 3 0 4  [ 0 m   6 6 2 . 1 8 3   m s   -   -  [ 0 m  
  [ 0 m G E T   / a p i / n o t i f i c a t i o n s / u n r e a d / c o u n t    [ 3 6 m 3 0 4  [ 0 m   7 1 4 . 6 0 2   m s   -   -  [ 0 m  
  [ 0 m G E T   / a p i / n o t i f i c a t i o n s    [ 3 6 m 3 0 4  [ 0 m   7 3 3 . 1 6 8   m s   -   -  [ 0 m  
  [ 0 m G E T   / a p i / n o t i f i c a t i o n s    [ 3 6 m 3 0 4  [ 0 m   5 9 6 . 3 1 1   m s   -   -  [ 0 m  
  [ 0 m G E T   / a p i / n o t i f i c a t i o n s / u n r e a d / c o u n t    [ 3 6 m 3 0 4  [ 0 m   5 9 8 . 6 1 0   m s   -   -  [ 0 m  
  [ 0 m G E T   / a p i / n o t i f i c a t i o n s    [ 3 6 m 3 0 4  [ 0 m   2 9 4 . 8 0 1   m s   -   -  [ 0 m  
  [ 0 m G E T   / a p i / n o t i f i c a t i o n s / u n r e a d / c o u n t    [ 3 6 m 3 0 4  [ 0 m   5 5 2 . 5 8 5   m s   -   -  [ 0 m  
  [ 0 m G E T   / a p i / n o t i f i c a t i o n s / u n r e a d / c o u n t    [ 3 6 m 3 0 4  [ 0 m   5 6 1 . 3 5 7   m s   -   -  [ 0 m  
  [ 0 m G E T   / a p i / n o t i f i c a t i o n s    [ 3 6 m 3 0 4  [ 0 m   6 0 5 . 9 9 3   m s   -   -  [ 0 m  
 [ P y t h o n ]   h t t p : / / l o c a l h o s t : 8 0 0 4 / e x t r a c t - o c r   r e s p o n d e d   5 0 0 :   R e q u e s t   f a i l e d   w i t h   s t a t u s   c o d e   5 0 0  
 E r r o r :   P y t h o n   s e r v i c e   e r r o r   ( 5 0 0 ) :   R e q u e s t   f a i l e d   w i t h   s t a t u s   c o d e   5 0 0  
         a t   c a l l P y t h o n   ( D : \ R 2 6 - I T - 1 2 8 \ R 2 6 - I T - 1 2 8 \ b a c k e n d \ s r c \ s e r v i c e s \ p y t h o n . s e r v i c e . t s : 2 0 : 1 3 )  
         a t   p r o c e s s T i c k s A n d R e j e c t i o n s   ( n o d e : i n t e r n a l / p r o c e s s / t a s k _ q u e u e s : 9 5 : 5 )  
         a t   a s y n c   O b j e c t . e x t r a c t D o c u m e n t T e x t   ( D : \ R 2 6 - I T - 1 2 8 \ R 2 6 - I T - 1 2 8 \ b a c k e n d \ s r c \ s e r v i c e s \ i n t e r v i e w . s e r v i c e . t s : 1 5 3 : 2 0 )  
         a t   a s y n c   O b j e c t . a t t a c h J o b P o s t   ( D : \ R 2 6 - I T - 1 2 8 \ R 2 6 - I T - 1 2 8 \ b a c k e n d \ s r c \ c o n t r o l l e r s \ c v . c o n t r o l l e r . t s : 7 4 : 3 4 )  
  [ 0 m P O S T   / a p i / c v / 2 5 f 9 5 b f a - 2 1 3 d - 4 e 9 f - 8 9 9 e - 8 8 2 3 7 4 2 6 c 0 5 b / j o b - p o s t    [ 3 1 m 5 0 0  [ 0 m   2 7 3 7 . 7 3 6   m s   -   5 4 2  [ 0 m  
  [ 0 m G E T   / a p i / c v / 2 5 f 9 5 b f a - 2 1 3 d - 4 e 9 f - 8 9 9 e - 8 8 2 3 7 4 2 6 c 0 5 b / j o b - p o s t    [ 3 3 m 4 0 1  [ 0 m   0 . 3 8 4   m s   -   4 7  [ 0 m  
  [ 0 m G E T   / f a v i c o n . i c o    [ 3 3 m 4 0 4  [ 0 m   0 . 7 4 1   m s   -   4 5  [ 0 m  
  [ 0 m G E T   / a p i / n o t i f i c a t i o n s    [ 3 6 m 3 0 4  [ 0 m   6 1 8 . 7 6 8   m s   -   -  [ 0 m  
  [ 0 m G E T   / a p i / n o t i f i c a t i o n s / u n r e a d / c o u n t    [ 3 6 m 3 0 4  [ 0 m   6 5 0 . 7 5 5   m s   -   -  [ 0 m  
  [ 0 m G E T   / a p i / n o t i f i c a t i o n s    [ 3 6 m 3 0 4  [ 0 m   5 8 8 . 1 3 2   m s   -   -  [ 0 m  
  [ 0 m G E T   / a p i / n o t i f i c a t i o n s / u n r e a d / c o u n t    [ 3 6 m 3 0 4  [ 0 m   6 5 7 . 0 9 4   m s   -   -  [ 0 m  
  [ 0 m G E T   / a p i / n o t i f i c a t i o n s / u n r e a d / c o u n t    [ 3 6 m 3 0 4  [ 0 m   5 2 5 . 4 4 0   m s   -   -  [ 0 m  
  [ 0 m G E T   / a p i / n o t i f i c a t i o n s    [ 3 6 m 3 0 4  [ 0 m   5 5 3 . 4 4 1   m s   -   -  [ 0 m  
  [ 0 m G E T   / a p i / n o t i f i c a t i o n s / u n r e a d / c o u n t    [ 3 6 m 3 0 4  [ 0 m   5 7 9 . 2 9 7   m s   -   -  [ 0 m  
  [ 0 m G E T   / a p i / n o t i f i c a t i o n s    [ 3 6 m 3 0 4  [ 0 m   5 8 3 . 9 4 3   m s   -   -  [ 0 m  
  [ 0 m G E T   / a p i / n o t i f i c a t i o n s / u n r e a d / c o u n t    [ 3 6 m 3 0 4  [ 0 m   5 6 2 . 3 8 6   m s   -   -  [ 0 m  
  [ 0 m G E T   / a p i / n o t i f i c a t i o n s    [ 3 6 m 3 0 4  [ 0 m   5 6 5 . 3 9 7   m s   -   -  [ 0 m  
  [ 0 m G E T   / a p i / n o t i f i c a t i o n s / u n r e a d / c o u n t    [ 3 6 m 3 0 4  [ 0 m   6 6 1 . 0 0 1   m s   -   -  [ 0 m  
  [ 0 m G E T   / a p i / n o t i f i c a t i o n s    [ 3 6 m 3 0 4  [ 0 m   6 6 3 . 5 7 9   m s   -   -  [ 0 m  
  [ 0 m G E T   / a p i / n o t i f i c a t i o n s / u n r e a d / c o u n t    [ 3 6 m 3 0 4  [ 0 m   5 3 6 . 3 2 1   m s   -   -  [ 0 m  
  [ 0 m G E T   / a p i / n o t i f i c a t i o n s    [ 3 6 m 3 0 4  [ 0 m   5 9 7 . 5 7 2   m s   -   -  [ 0 m  
  [ 0 m G E T   / a p i / n o t i f i c a t i o n s / u n r e a d / c o u n t    [ 3 6 m 3 0 4  [ 0 m   1 0 9 3 . 1 1 2   m s   -   -  [ 0 m  
  [ 0 m G E T   / a p i / n o t i f i c a t i o n s    [ 3 6 m 3 0 4  [ 0 m   1 0 9 8 . 9 9 0   m s   -   -  [ 0 m  
  [ 0 m G E T   / a p i / n o t i f i c a t i o n s / u n r e a d / c o u n t    [ 3 6 m 3 0 4  [ 0 m   7 4 1 . 3 8 5   m s   -   -  [ 0 m  
  [ 0 m G E T   / a p i / n o t i f i c a t i o n s    [ 3 6 m 3 0 4  [ 0 m   7 4 4 . 5 2 6   m s   -   -  [ 0 m  
  [ 0 m G E T   / a p i / n o t i f i c a t i o n s    [ 3 6 m 3 0 4  [ 0 m   5 2 5 . 8 9 7   m s   -   -  [ 0 m  
  [ 0 m G E T   / a p i / n o t i f i c a t i o n s / u n r e a d / c o u n t    [ 3 6 m 3 0 4  [ 0 m   5 8 7 . 4 0 7   m s   -   -  [ 0 m  
  [ 0 m G E T   / a p i / n o t i f i c a t i o n s / u n r e a d / c o u n t    [ 3 6 m 3 0 4  [ 0 m   5 4 6 . 6 6 9   m s   -   -  [ 0 m  
  [ 0 m G E T   / a p i / n o t i f i c a t i o n s    [ 3 6 m 3 0 4  [ 0 m   5 5 0 . 6 6 9   m s   -   -  [ 0 m  
  [ 0 m G E T   / a p i / n o t i f i c a t i o n s    [ 3 6 m 3 0 4  [ 0 m   5 5 3 . 3 3 0   m s   -   -  [ 0 m  
  [ 0 m G E T   / a p i / n o t i f i c a t i o n s / u n r e a d / c o u n t    [ 3 6 m 3 0 4  [ 0 m   5 6 7 . 3 8 2   m s   -   -  [ 0 m  
  [ 0 m G E T   / a p i / n o t i f i c a t i o n s / u n r e a d / c o u n t    [ 3 6 m 3 0 4  [ 0 m   6 5 6 . 6 3 9   m s   -   -  [ 0 m  
  [ 0 m G E T   / a p i / n o t i f i c a t i o n s    [ 3 6 m 3 0 4  [ 0 m   6 8 0 . 4 4 6   m s   -   -  [ 0 m  
  [ 0 m G E T   / a p i / n o t i f i c a t i o n s    [ 3 6 m 3 0 4  [ 0 m   5 1 7 . 6 2 0   m s   -   -  [ 0 m  
  [ 0 m G E T   / a p i / n o t i f i c a t i o n s / u n r e a d / c o u n t    [ 3 6 m 3 0 4  [ 0 m   6 2 9 . 8 0 7   m s   -   -  [ 0 m  
  [ 0 m G E T   / a p i / n o t i f i c a t i o n s / u n r e a d / c o u n t    [ 3 6 m 3 0 4  [ 0 m   5 6 1 . 3 6 1   m s   -   -  [ 0 m  
  [ 0 m G E T   / a p i / n o t i f i c a t i o n s    [ 3 6 m 3 0 4  [ 0 m   5 7 8 . 4 5 3   m s   -   -  [ 0 m  
  [ 0 m G E T   / a p i / n o t i f i c a t i o n s / u n r e a d / c o u n t    [ 3 6 m 3 0 4  [ 0 m   8 9 2 . 1 3 9   m s   -   -  [ 0 m  
  [ 0 m G E T   / a p i / n o t i f i c a t i o n s    [ 3 6 m 3 0 4  [ 0 m   9 1 2 . 1 2 7   m s   -   -  [ 0 m  
  [ 0 m G E T   / a p i / n o t i f i c a t i o n s / u n r e a d / c o u n t    [ 3 6 m 3 0 4  [ 0 m   8 3 1 . 6 2 3   m s   -   -  [ 0 m  
  [ 0 m G E T   / a p i / n o t i f i c a t i o n s    [ 3 6 m 3 0 4  [ 0 m   8 3 5 . 8 5 6   m s   -   -  [ 0 m  
  [ 0 m G E T   / a p i / n o t i f i c a t i o n s    [ 3 6 m 3 0 4  [ 0 m   5 6 8 . 2 7 9   m s   -   -  [ 0 m  
  [ 0 m G E T   / a p i / n o t i f i c a t i o n s / u n r e a d / c o u n t    [ 3 6 m 3 0 4  [ 0 m   6 0 4 . 3 5 3   m s   -   -  [ 0 m  
  [ 0 m G E T   / a p i / n o t i f i c a t i o n s    [ 3 6 m 3 0 4  [ 0 m   6 6 3 . 0 1 7   m s   -   -  [ 0 m  
  [ 0 m G E T   / a p i / n o t i f i c a t i o n s / u n r e a d / c o u n t    [ 3 6 m 3 0 4  [ 0 m   6 6 8 . 0 8 0   m s   -   -  [ 0 m  
  [ 0 m G E T   / a p i / n o t i f i c a t i o n s / u n r e a d / c o u n t    [ 3 6 m 3 0 4  [ 0 m   8 7 6 . 5 3 4   m s   -   -  [ 0 m  
  [ 0 m G E T   / a p i / n o t i f i c a t i o n s    [ 3 6 m 3 0 4  [ 0 m   8 9 9 . 4 3 8   m s   -   -  [ 0 m  
  [ 0 m G E T   / a p i / n o t i f i c a t i o n s    [ 3 6 m 3 0 4  [ 0 m   6 2 9 . 7 3 5   m s   -   -  [ 0 m  
  [ 0 m G E T   / a p i / n o t i f i c a t i o n s / u n r e a d / c o u n t    [ 3 6 m 3 0 4  [ 0 m   6 3 4 . 3 8 8   m s   -   -  [ 0 m  
  [ 0 m G E T   / a p i / n o t i f i c a t i o n s / u n r e a d / c o u n t    [ 3 6 m 3 0 4  [ 0 m   6 2 4 . 9 3 2   m s   -   -  [ 0 m  
  [ 0 m G E T   / a p i / n o t i f i c a t i o n s    [ 3 6 m 3 0 4  [ 0 m   6 3 0 . 3 6 4   m s   -   -  [ 0 m  
  [ 0 m G E T   / a p i / n o t i f i c a t i o n s    [ 3 6 m 3 0 4  [ 0 m   5 7 9 . 8 0 8   m s   -   -  [ 0 m  
  [ 0 m G E T   / a p i / n o t i f i c a t i o n s / u n r e a d / c o u n t    [ 3 6 m 3 0 4  [ 0 m   5 9 4 . 2 2 6   m s   -   -  [ 0 m  
  [ 0 m G E T   / a p i / n o t i f i c a t i o n s    [ 3 6 m 3 0 4  [ 0 m   1 1 8 8 . 2 9 7   m s   -   -  [ 0 m  
  [ 0 m G E T   / a p i / n o t i f i c a t i o n s / u n r e a d / c o u n t    [ 3 6 m 3 0 4  [ 0 m   1 1 9 2 . 1 4 1   m s   -   -  [ 0 m  
  [ 0 m G E T   / a p i / n o t i f i c a t i o n s / u n r e a d / c o u n t    [ 3 6 m 3 0 4  [ 0 m   6 9 0 . 7 6 4   m s   -   -  [ 0 m  
  [ 0 m G E T   / a p i / n o t i f i c a t i o n s    [ 3 6 m 3 0 4  [ 0 m   7 2 3 . 5 5 0   m s   -   -  [ 0 m  
  [ 0 m G E T   / a p i / n o t i f i c a t i o n s / u n r e a d / c o u n t    [ 3 6 m 3 0 4  [ 0 m   6 6 8 . 1 6 2   m s   -   -  [ 0 m  
  [ 0 m G E T   / a p i / n o t i f i c a t i o n s    [ 3 6 m 3 0 4  [ 0 m   6 8 7 . 4 2 3   m s   -   -  [ 0 m  
  [ 0 m G E T   / a p i / n o t i f i c a t i o n s / u n r e a d / c o u n t    [ 3 6 m 3 0 4  [ 0 m   7 9 1 . 2 1 3   m s   -   -  [ 0 m  
  [ 0 m G E T   / a p i / n o t i f i c a t i o n s    [ 3 6 m 3 0 4  [ 0 m   7 9 7 . 0 3 2   m s   -   -  [ 0 m  
  [ 0 m G E T   / a p i / n o t i f i c a t i o n s / u n r e a d / c o u n t    [ 3 6 m 3 0 4  [ 0 m   1 2 3 0 . 5 3 1   m s   -   -  [ 0 m  
  [ 0 m G E T   / a p i / n o t i f i c a t i o n s    [ 3 6 m 3 0 4  [ 0 m   1 2 3 5 . 1 2 5   m s   -   -  [ 0 m  
  [ 3 2 m [ n o d e m o n ]   r e s t a r t i n g   d u e   t o   c h a n g e s . . .  [ 3 9 m  
  [ 3 2 m [ n o d e m o n ]   s t a r t i n g   ` t s - n o d e   a p i / i n d e x . t s `  [ 3 9 m  
 ì˘ Á   i n j e c t e d   e n v   ( 2 5 )   f r o m   . e n v   / /   t i p :   ìÓ ˇ   m u l t i p l e   f i l e s   {   p a t h :   [ ' . e n v . l o c a l ' ,   ' . e n v ' ]   }  
 [ S u p a b a s e ]   I n i t i a l i z i n g   c l i e n t s   w i t h   U R L :   h t t p s : / / e l q p b p b g z z x f o v t y v u c t . s u p a b a s e . c o  
 [ S u p a b a s e ]   A d m i n   c l i e n t   i n i t i a l i z e d  
 [ S u p a b a s e ]   A n o n   c l i e n t   i n i t i a l i z e d  
 A P I   s e r v e r   l i s t e n i n g   o n   p o r t   8 0 8 1  
  [ 0 m G E T   / a p i / n o t i f i c a t i o n s    [ 3 6 m 3 0 4  [ 0 m   2 7 6 2 . 4 8 2   m s   -   -  [ 0 m  
  [ 0 m G E T   / a p i / n o t i f i c a t i o n s / u n r e a d / c o u n t    [ 3 6 m 3 0 4  [ 0 m   2 8 3 7 . 9 3 2   m s   -   -  [ 0 m  
  [ 0 m G E T   / a p i / n o t i f i c a t i o n s / u n r e a d / c o u n t    [ 3 6 m 3 0 4  [ 0 m   3 0 8 2 . 6 3 9   m s   -   -  [ 0 m  
  [ 0 m G E T   / a p i / n o t i f i c a t i o n s    [ 3 6 m 3 0 4  [ 0 m   3 1 1 0 . 0 9 5   m s   -   -  [ 0 m  
  [ 0 m G E T   / a p i / n o t i f i c a t i o n s    [ 3 3 m 4 0 1  [ 0 m   1 . 6 1 7   m s   -   5 4  [ 0 m  
  [ 0 m G E T   / a p i / n o t i f i c a t i o n s / u n r e a d / c o u n t    [ 3 3 m 4 0 1  [ 0 m   2 . 8 2 0   m s   -   5 4  [ 0 m  
  
 >   b a c k e n d @ 1 . 0 . 0   d e v  
 >   n o d e m o n   - - w a t c h   s r c   - - w a t c h   a p i   - - e x t   t s   - - e x e c   t s - n o d e   a p i / i n d e x . t s  
  
  [ 3 3 m [ n o d e m o n ]   3 . 1 . 1 4  [ 3 9 m  
  [ 3 3 m [ n o d e m o n ]   t o   r e s t a r t   a t   a n y   t i m e ,   e n t e r   ` r s `  [ 3 9 m  
  [ 3 3 m [ n o d e m o n ]   w a t c h i n g   p a t h ( s ) :   s r c \ * * \ *   a p i \ * * \ *  [ 3 9 m  
  [ 3 3 m [ n o d e m o n ]   w a t c h i n g   e x t e n s i o n s :   t s  [ 3 9 m  
  [ 3 2 m [ n o d e m o n ]   s t a r t i n g   ` t s - n o d e   a p i / i n d e x . t s `  [ 3 9 m  
 ì˘ Á   i n j e c t e d   e n v   ( 2 5 )   f r o m   . e n v   / /   t i p :   ì˘ Í   s e c r e t s   f o r   a g e n t s   [ w w w . d o t e n v x . c o m ]  
 [ S u p a b a s e ]   I n i t i a l i z i n g   c l i e n t s   w i t h   U R L :   h t t p s : / / e l q p b p b g z z x f o v t y v u c t . s u p a b a s e . c o  
 [ S u p a b a s e ]   A d m i n   c l i e n t   i n i t i a l i z e d  
 [ S u p a b a s e ]   A n o n   c l i e n t   i n i t i a l i z e d  
 A P I   s e r v e r   l i s t e n i n g   o n   p o r t   8 0 8 1  
  [ 0 m G E T   / a p i / n o t i f i c a t i o n s    [ 3 3 m 4 0 1  [ 0 m   8 0 9 8 . 7 8 9   m s   -   5 4  [ 0 m  
  [ 0 m G E T   / a p i / n o t i f i c a t i o n s / u n r e a d / c o u n t    [ 3 3 m 4 0 1  [ 0 m   8 0 1 6 . 0 2 2   m s   -   5 4  [ 0 m  
  [ 0 m G E T   / a p i / c v    [ 3 3 m 4 0 1  [ 0 m   8 0 1 4 . 3 5 6   m s   -   5 4  [ 0 m  
  [ 0 m G E T   / a p i / c v    [ 3 3 m 4 0 1  [ 0 m   1 . 2 6 6   m s   -   5 4  [ 0 m  
  [ 0 m G E T   / a p i / n o t i f i c a t i o n s    [ 3 3 m 4 0 1  [ 0 m   2 . 8 8 9   m s   -   5 4  [ 0 m  
  [ 0 m G E T   / a p i / n o t i f i c a t i o n s / u n r e a d / c o u n t    [ 3 3 m 4 0 1  [ 0 m   2 . 2 5 9   m s   -   5 4  [ 0 m  
 [ A u t h ]   L o g i n   a t t e m p t   f o r   e m a i l :   a d m i n @ g m a i l . c o m  
 [ A u t h ]   C o n n e c t i n g   t o   S u p a b a s e   a t :   h t t p s : / / e l q p b p b g z z x f o v t y v u c t . s u p a b a s e . c o  
 [ A u t h ]   L o g i n   s u c c e s s f u l   f o r   a d m i n @ g m a i l . c o m  
  [ 0 m P O S T   / a p i / a u t h / l o g i n    [ 3 2 m 2 0 0  [ 0 m   2 4 5 2 . 1 9 5   m s   -   2 5 9 4  [ 0 m  
  [ 0 m G E T   / a p i / n o t i f i c a t i o n s    [ 3 2 m 2 0 0  [ 0 m   8 2 7 . 0 5 6   m s   -   5 3 5  [ 0 m  
  [ 0 m G E T   / a p i / n o t i f i c a t i o n s / u n r e a d / c o u n t    [ 3 2 m 2 0 0  [ 0 m   1 2 4 1 . 4 2 1   m s   -   6 8  [ 0 m  
  [ 0 m G E T   / a p i / n o t i f i c a t i o n s    [ 3 6 m 3 0 4  [ 0 m   4 5 9 . 0 2 6   m s   -   -  [ 0 m  
  [ 0 m G E T   / a p i / g i t h u b / s t a t u s    [ 3 6 m 3 0 4  [ 0 m   1 0 8 4 . 8 2 0   m s   -   -  [ 0 m  
  [ 0 m G E T   / a p i / s k i l l s / a s s e s s m e n t s    [ 3 6 m 3 0 4  [ 0 m   9 1 5 . 2 2 3   m s   -   -  [ 0 m  
  [ 0 m G E T   / a p i / s k i l l s / u s e r    [ 3 6 m 3 0 4  [ 0 m   1 1 5 5 . 2 1 7   m s   -   -  [ 0 m  
  [ 0 m G E T   / a p i / s k i l l s    [ 3 6 m 3 0 4  [ 0 m   1 2 6 4 . 4 1 9   m s   -   -  [ 0 m  
  [ 0 m G E T   / a p i / g i t h u b / s t a t u s    [ 3 6 m 3 0 4  [ 0 m   5 6 0 . 1 7 4   m s   -   -  [ 0 m  
  [ 0 m G E T   / a p i / s k i l l s / a s s e s s m e n t s    [ 3 6 m 3 0 4  [ 0 m   5 5 6 . 3 5 5   m s   -   -  [ 0 m  
  [ 0 m G E T   / a p i / s k i l l s    [ 3 6 m 3 0 4  [ 0 m   5 4 4 . 7 5 8   m s   -   -  [ 0 m  
  [ 0 m G E T   / a p i / s k i l l s / u s e r    [ 3 6 m 3 0 4  [ 0 m   5 5 3 . 0 3 9   m s   -   -  [ 0 m  
  [ 0 m G E T   / a p i / n o t i f i c a t i o n s / u n r e a d / c o u n t    [ 3 6 m 3 0 4  [ 0 m   8 7 5 . 3 1 8   m s   -   -  [ 0 m  
  [ 0 m G E T   / a p i / c v    [ 3 2 m 2 0 0  [ 0 m   1 0 7 1 . 7 9 1   m s   -   5 0  [ 0 m  
  [ 0 m G E T   / a p i / c v    [ 3 6 m 3 0 4  [ 0 m   4 1 8 . 0 1 2   m s   -   -  [ 0 m  
  [ 0 m P O S T   / a p i / c v    [ 3 2 m 2 0 1  [ 0 m   3 8 9 . 9 4 3   m s   -   2 3 1  [ 0 m  
  [ 0 m G E T   / a p i / n o t i f i c a t i o n s    [ 3 6 m 3 0 4  [ 0 m   6 4 1 . 4 3 5   m s   -   -  [ 0 m  
  [ 0 m G E T   / a p i / n o t i f i c a t i o n s / u n r e a d / c o u n t    [ 3 6 m 3 0 4  [ 0 m   6 4 4 . 9 7 9   m s   -   -  [ 0 m  
  [ 0 m G E T   / a p i / c v / f 6 2 2 b 3 5 e - d c 3 1 - 4 f 8 9 - b b 8 3 - 6 1 d 2 6 2 6 c 3 3 9 8    [ 3 2 m 2 0 0  [ 0 m   7 9 3 . 2 6 5   m s   -   5 2 1  [ 0 m  
  [ 0 m G E T   / a p i / n o t i f i c a t i o n s    [ 3 6 m 3 0 4  [ 0 m   6 8 7 . 6 6 6   m s   -   -  [ 0 m  
  [ 0 m G E T   / a p i / n o t i f i c a t i o n s / u n r e a d / c o u n t    [ 3 6 m 3 0 4  [ 0 m   6 9 6 . 9 9 7   m s   -   -  [ 0 m  
  [ 0 m G E T   / a p i / n o t i f i c a t i o n s    [ 3 6 m 3 0 4  [ 0 m   3 2 3 . 4 7 4   m s   -   -  [ 0 m  
  [ 0 m G E T   / a p i / n o t i f i c a t i o n s / u n r e a d / c o u n t    [ 3 6 m 3 0 4  [ 0 m   6 3 9 . 5 4 3   m s   -   -  [ 0 m  
  [ 0 m G E T   / a p i / n o t i f i c a t i o n s    [ 3 6 m 3 0 4  [ 0 m   6 2 5 . 6 8 8   m s   -   -  [ 0 m  
  [ 0 m G E T   / a p i / n o t i f i c a t i o n s / u n r e a d / c o u n t    [ 3 6 m 3 0 4  [ 0 m   6 3 8 . 3 2 7   m s   -   -  [ 0 m  
  [ 0 m P O S T   / a p i / c v / f 6 2 2 b 3 5 e - d c 3 1 - 4 f 8 9 - b b 8 3 - 6 1 d 2 6 2 6 c 3 3 9 8 / u p l o a d    [ 3 2 m 2 0 0  [ 0 m   2 0 7 8 7 . 9 8 5   m s   -   9 2 6 9  [ 0 m  
  [ 0 m G E T   / a p i / n o t i f i c a t i o n s / u n r e a d / c o u n t    [ 3 6 m 3 0 4  [ 0 m   4 3 0 . 3 7 1   m s   -   -  [ 0 m  
  [ 0 m G E T   / a p i / n o t i f i c a t i o n s    [ 3 6 m 3 0 4  [ 0 m   4 3 6 . 4 1 6   m s   -   -  [ 0 m  
  [ 0 m G E T   / a p i / n o t i f i c a t i o n s / u n r e a d / c o u n t    [ 3 6 m 3 0 4  [ 0 m   7 1 9 . 5 9 0   m s   -   -  [ 0 m  
  [ 0 m G E T   / a p i / n o t i f i c a t i o n s    [ 3 6 m 3 0 4  [ 0 m   7 3 9 . 7 4 3   m s   -   -  [ 0 m  
  [ 0 m P A T C H   / a p i / c v / f 6 2 2 b 3 5 e - d c 3 1 - 4 f 8 9 - b b 8 3 - 6 1 d 2 6 2 6 c 3 3 9 8    [ 3 2 m 2 0 0  [ 0 m   3 3 6 . 8 0 7   m s   -   1 9 2  [ 0 m  
  [ 0 m P U T   / a p i / c v / f 6 2 2 b 3 5 e - d c 3 1 - 4 f 8 9 - b b 8 3 - 6 1 d 2 6 2 6 c 3 3 9 8 / s e c t i o n s    [ 3 2 m 2 0 0  [ 0 m   1 0 9 2 . 7 4 3   m s   -   5 1 4 9  [ 0 m  
  [ 0 m G E T   / a p i / n o t i f i c a t i o n s    [ 3 6 m 3 0 4  [ 0 m   8 1 0 . 4 1 6   m s   -   -  [ 0 m  
  [ 0 m G E T   / a p i / n o t i f i c a t i o n s / u n r e a d / c o u n t    [ 3 6 m 3 0 4  [ 0 m   1 1 3 2 . 8 8 0   m s   -   -  [ 0 m  
  [ 0 m P O S T   / a p i / c v / f 6 2 2 b 3 5 e - d c 3 1 - 4 f 8 9 - b b 8 3 - 6 1 d 2 6 2 6 c 3 3 9 8 / a n a l y z e    [ 3 2 m 2 0 0  [ 0 m   5 1 0 2 . 4 4 9   m s   -   2 3 2 4  [ 0 m  
  [ 0 m G E T   / a p i / c v    [ 3 2 m 2 0 0  [ 0 m   2 8 2 . 6 1 3   m s   -   2 7 8  [ 0 m  
  [ 0 m G E T   / a p i / n o t i f i c a t i o n s    [ 3 2 m 2 0 0  [ 0 m   5 5 2 . 0 1 6   m s   -   1 2 8 3  [ 0 m  
  [ 0 m G E T   / a p i / n o t i f i c a t i o n s / u n r e a d / c o u n t    [ 3 2 m 2 0 0  [ 0 m   5 7 9 . 4 7 0   m s   -   6 8  [ 0 m  
  [ 0 m G E T   / a p i / n o t i f i c a t i o n s    [ 3 6 m 3 0 4  [ 0 m   5 4 4 . 3 9 5   m s   -   -  [ 0 m  
  [ 0 m G E T   / a p i / n o t i f i c a t i o n s / u n r e a d / c o u n t    [ 3 6 m 3 0 4  [ 0 m   5 5 2 . 6 5 8   m s   -   -  [ 0 m  
  [ 0 m G E T   / a p i / n o t i f i c a t i o n s / u n r e a d / c o u n t    [ 3 6 m 3 0 4  [ 0 m   5 5 8 . 0 6 9   m s   -   -  [ 0 m  
  [ 0 m G E T   / a p i / n o t i f i c a t i o n s    [ 3 6 m 3 0 4  [ 0 m   5 7 9 . 0 8 0   m s   -   -  [ 0 m  
  [ 0 m G E T   / a p i / n o t i f i c a t i o n s / u n r e a d / c o u n t    [ 3 6 m 3 0 4  [ 0 m   1 2 9 3 . 3 2 7   m s   -   -  [ 0 m  
  [ 0 m G E T   / a p i / n o t i f i c a t i o n s    [ 3 6 m 3 0 4  [ 0 m   1 2 8 5 . 5 3 0   m s   -   -  [ 0 m  
  [ 0 m G E T   / a p i / n o t i f i c a t i o n s    [ 3 6 m 3 0 4  [ 0 m   1 4 2 7 . 5 2 0   m s   -   -  [ 0 m  
  [ 0 m G E T   / a p i / n o t i f i c a t i o n s / u n r e a d / c o u n t    [ 3 6 m 3 0 4  [ 0 m   1 4 2 7 . 7 4 4   m s   -   -  [ 0 m  
  [ 0 m G E T   / a p i / n o t i f i c a t i o n s / u n r e a d / c o u n t    [ 3 6 m 3 0 4  [ 0 m   3 3 4 3 . 9 3 7   m s   -   -  [ 0 m  
  [ 0 m G E T   / a p i / n o t i f i c a t i o n s    [ 3 6 m 3 0 4  [ 0 m   3 4 8 9 . 6 1 0   m s   -   -  [ 0 m  
  [ 0 m G E T   / a p i / n o t i f i c a t i o n s / u n r e a d / c o u n t    [ 3 6 m 3 0 4  [ 0 m   2 1 9 4 . 5 3 5   m s   -   -  [ 0 m  
  [ 0 m G E T   / a p i / n o t i f i c a t i o n s    [ 3 6 m 3 0 4  [ 0 m   2 1 9 5 . 2 1 8   m s   -   -  [ 0 m  
  [ 0 m G E T   / a p i / n o t i f i c a t i o n s    [ 3 6 m 3 0 4  [ 0 m   4 8 1 5 . 1 8 1   m s   -   -  [ 0 m  
  [ 0 m G E T   / a p i / n o t i f i c a t i o n s / u n r e a d / c o u n t    [ 3 6 m 3 0 4  [ 0 m   4 8 2 7 . 9 5 5   m s   -   -  [ 0 m  
 c m d   :   [ P y t h o n ]   S e r v i c e   u n r e a c h a b l e   a t   h t t p : / / l o c a l h o s t : 8 0 0 4 / e x t r a c t - o c r   ì« ˆ   u s i n g   m o c k   f a l l b a c k  
 A t   l i n e : 4   c h a r : 9  
 +                   c m d   / c   $ c m d   * > >   $ l f  
 +                   ~ ~ ~ ~ ~ ~ ~ ~ ~ ~ ~ ~ ~ ~ ~ ~ ~ ~ ~  
         +   C a t e g o r y I n f o                     :   N o t S p e c i f i e d :   ( [ P y t h o n ]   S e r v i c . . . g   m o c k   f a l l b a c k : S t r i n g )   [ ] ,   R e m o t e E x c e p t i o n  
         +   F u l l y Q u a l i f i e d E r r o r I d   :   N a t i v e C o m m a n d E r r o r  
    
  [ 0 m P O S T   / a p i / c v / f 6 2 2 b 3 5 e - d c 3 1 - 4 f 8 9 - b b 8 3 - 6 1 d 2 6 2 6 c 3 3 9 8 / j o b - p o s t    [ 3 3 m 4 0 0  [ 0 m   6 0 6 0 5 . 9 7 3   m s   -   9 3  [ 0 m  
  [ 0 m G E T   / a p i / n o t i f i c a t i o n s    [ 3 6 m 3 0 4  [ 0 m   6 1 2 1 . 7 5 0   m s   -   -  [ 0 m  
  [ 0 m G E T   / a p i / n o t i f i c a t i o n s / u n r e a d / c o u n t    [ 3 6 m 3 0 4  [ 0 m   6 1 4 6 . 9 8 5   m s   -   -  [ 0 m  
  [ 0 m G E T   / a p i / n o t i f i c a t i o n s    [ 3 6 m 3 0 4  [ 0 m   3 6 3 4 . 0 1 2   m s   -   -  [ 0 m  
  [ 0 m G E T   / a p i / n o t i f i c a t i o n s / u n r e a d / c o u n t    [ 3 6 m 3 0 4  [ 0 m   3 6 3 6 . 8 7 8   m s   -   -  [ 0 m  
  [ 0 m G E T   / a p i / n o t i f i c a t i o n s    [ 3 6 m 3 0 4  [ 0 m   1 6 9 4 . 5 1 2   m s   -   -  [ 0 m  
  [ 0 m G E T   / a p i / n o t i f i c a t i o n s / u n r e a d / c o u n t    [ 3 6 m 3 0 4  [ 0 m   1 7 2 5 . 6 8 9   m s   -   -  [ 0 m  
  [ 0 m G E T   / a p i / n o t i f i c a t i o n s / u n r e a d / c o u n t    [ 3 6 m 3 0 4  [ 0 m   3 5 5 9 . 1 4 6   m s   -   -  [ 0 m  
  [ 0 m G E T   / a p i / n o t i f i c a t i o n s    [ 3 6 m 3 0 4  [ 0 m   3 5 6 2 . 0 2 5   m s   -   -  [ 0 m  
  [ 0 m G E T   / a p i / n o t i f i c a t i o n s    [ 3 6 m 3 0 4  [ 0 m   5 1 0 . 6 2 0   m s   -   -  [ 0 m  
  [ 0 m G E T   / a p i / n o t i f i c a t i o n s / u n r e a d / c o u n t    [ 3 6 m 3 0 4  [ 0 m   5 0 5 . 9 9 5   m s   -   -  [ 0 m  
  [ 0 m G E T   / a p i / n o t i f i c a t i o n s / u n r e a d / c o u n t    [ 3 6 m 3 0 4  [ 0 m   6 2 4 . 6 5 7   m s   -   -  [ 0 m  
  [ 0 m G E T   / a p i / n o t i f i c a t i o n s    [ 3 6 m 3 0 4  [ 0 m   6 4 7 . 3 1 8   m s   -   -  [ 0 m  
  [ 0 m G E T   / a p i / n o t i f i c a t i o n s    [ 3 6 m 3 0 4  [ 0 m   5 7 1 . 7 4 0   m s   -   -  [ 0 m  
  [ 0 m G E T   / a p i / n o t i f i c a t i o n s / u n r e a d / c o u n t    [ 3 6 m 3 0 4  [ 0 m   5 9 6 . 0 3 2   m s   -   -  [ 0 m  
  [ 0 m G E T   / a p i / n o t i f i c a t i o n s    [ 3 6 m 3 0 4  [ 0 m   7 0 4 . 0 3 6   m s   -   -  [ 0 m  
  [ 0 m G E T   / a p i / n o t i f i c a t i o n s / u n r e a d / c o u n t    [ 3 6 m 3 0 4  [ 0 m   6 7 9 . 1 0 3   m s   -   -  [ 0 m  
  [ 0 m G E T   / a p i / n o t i f i c a t i o n s / u n r e a d / c o u n t    [ 3 6 m 3 0 4  [ 0 m   5 7 0 . 2 1 5   m s   -   -  [ 0 m  
  [ 0 m G E T   / a p i / n o t i f i c a t i o n s    [ 3 6 m 3 0 4  [ 0 m   5 4 2 . 7 3 3   m s   -   -  [ 0 m  
  [ 0 m G E T   / a p i / n o t i f i c a t i o n s    [ 3 6 m 3 0 4  [ 0 m   6 2 6 . 9 1 0   m s   -   -  [ 0 m  
  [ 0 m G E T   / a p i / n o t i f i c a t i o n s / u n r e a d / c o u n t    [ 3 6 m 3 0 4  [ 0 m   6 3 2 . 2 1 2   m s   -   -  [ 0 m  
 [ P y t h o n ]   h t t p : / / l o c a l h o s t : 8 0 0 4 / e x t r a c t - o c r   r e s p o n d e d   5 0 0 :   R e q u e s t   f a i l e d   w i t h   s t a t u s   c o d e   5 0 0  
  [ 0 m P O S T   / a p i / c v / f 6 2 2 b 3 5 e - d c 3 1 - 4 f 8 9 - b b 8 3 - 6 1 d 2 6 2 6 c 3 3 9 8 / j o b - p o s t    [ 3 3 m 4 2 2  [ 0 m   6 3 2 0 . 5 5 3   m s   -   1 2 6  [ 0 m  
  [ 0 m G E T   / a p i / n o t i f i c a t i o n s    [ 3 6 m 3 0 4  [ 0 m   5 6 4 . 6 9 2   m s   -   -  [ 0 m  
  [ 0 m G E T   / a p i / n o t i f i c a t i o n s / u n r e a d / c o u n t    [ 3 6 m 3 0 4  [ 0 m   5 8 6 . 0 4 1   m s   -   -  [ 0 m  
  [ 0 m G E T   / a p i / n o t i f i c a t i o n s    [ 3 6 m 3 0 4  [ 0 m   4 9 8 . 1 6 0   m s   -   -  [ 0 m  
  [ 0 m G E T   / a p i / n o t i f i c a t i o n s / u n r e a d / c o u n t    [ 3 6 m 3 0 4  [ 0 m   5 6 1 . 7 1 5   m s   -   -  [ 0 m  
  [ 0 m G E T   / a p i / n o t i f i c a t i o n s / u n r e a d / c o u n t    [ 3 6 m 3 0 4  [ 0 m   1 3 5 6 . 1 9 5   m s   -   -  [ 0 m  
  [ 0 m G E T   / a p i / n o t i f i c a t i o n s    [ 3 6 m 3 0 4  [ 0 m   1 3 5 9 . 9 0 5   m s   -   -  [ 0 m  
  [ 0 m G E T   / a p i / n o t i f i c a t i o n s / u n r e a d / c o u n t    [ 3 6 m 3 0 4  [ 0 m   1 3 1 1 . 7 1 3   m s   -   -  [ 0 m  
  [ 0 m G E T   / a p i / n o t i f i c a t i o n s    [ 3 6 m 3 0 4  [ 0 m   1 3 2 4 . 2 9 9   m s   -   -  [ 0 m  
  [ 0 m G E T   / a p i / n o t i f i c a t i o n s / u n r e a d / c o u n t    [ 3 6 m 3 0 4  [ 0 m   1 0 9 2 . 5 9 5   m s   -   -  [ 0 m  
  [ 0 m G E T   / a p i / n o t i f i c a t i o n s    [ 3 6 m 3 0 4  [ 0 m   1 6 4 8 . 1 4 2   m s   -   -  [ 0 m  
  [ 0 m G E T   / a p i / n o t i f i c a t i o n s / u n r e a d / c o u n t    [ 3 6 m 3 0 4  [ 0 m   6 2 3 . 0 0 3   m s   -   -  [ 0 m  
  [ 0 m G E T   / a p i / n o t i f i c a t i o n s    [ 3 6 m 3 0 4  [ 0 m   6 2 6 . 3 0 7   m s   -   -  [ 0 m  
  [ 0 m G E T   / a p i / n o t i f i c a t i o n s / u n r e a d / c o u n t    [ 3 6 m 3 0 4  [ 0 m   6 2 8 . 7 1 6   m s   -   -  [ 0 m  
  [ 0 m G E T   / a p i / n o t i f i c a t i o n s    [ 3 6 m 3 0 4  [ 0 m   6 3 0 . 2 5 1   m s   -   -  [ 0 m  
  [ 0 m G E T   / a p i / n o t i f i c a t i o n s / u n r e a d / c o u n t    [ 3 6 m 3 0 4  [ 0 m   7 7 8 . 4 2 6   m s   -   -  [ 0 m  
  [ 0 m G E T   / a p i / n o t i f i c a t i o n s    [ 3 6 m 3 0 4  [ 0 m   7 9 6 . 6 5 7   m s   -   -  [ 0 m  
  [ 0 m G E T   / a p i / n o t i f i c a t i o n s / u n r e a d / c o u n t    [ 3 6 m 3 0 4  [ 0 m   7 9 1 . 3 3 3   m s   -   -  [ 0 m  
  [ 0 m G E T   / a p i / n o t i f i c a t i o n s    [ 3 6 m 3 0 4  [ 0 m   8 1 7 . 5 9 6   m s   -   -  [ 0 m  
  [ 0 m G E T   / a p i / n o t i f i c a t i o n s    [ 3 6 m 3 0 4  [ 0 m   6 3 1 . 8 3 8   m s   -   -  [ 0 m  
  [ 0 m G E T   / a p i / n o t i f i c a t i o n s / u n r e a d / c o u n t    [ 3 6 m 3 0 4  [ 0 m   6 6 2 . 2 1 3   m s   -   -  [ 0 m  
  [ 0 m G E T   / a p i / n o t i f i c a t i o n s / u n r e a d / c o u n t    [ 3 6 m 3 0 4  [ 0 m   7 0 9 . 6 1 1   m s   -   -  [ 0 m  
  [ 0 m G E T   / a p i / n o t i f i c a t i o n s    [ 3 6 m 3 0 4  [ 0 m   7 1 1 . 6 8 3   m s   -   -  [ 0 m  
  [ 0 m G E T   / a p i / n o t i f i c a t i o n s / u n r e a d / c o u n t    [ 3 6 m 3 0 4  [ 0 m   1 1 6 6 . 5 3 0   m s   -   -  [ 0 m  
  [ 0 m G E T   / a p i / n o t i f i c a t i o n s    [ 3 6 m 3 0 4  [ 0 m   1 1 7 8 . 5 6 6   m s   -   -  [ 0 m  
  
 >   b a c k e n d @ 1 . 0 . 0   d e v  
 >   n o d e m o n   - - w a t c h   s r c   - - w a t c h   a p i   - - e x t   t s   - - e x e c   t s - n o d e   a p i / i n d e x . t s  
  
  [ 3 3 m [ n o d e m o n ]   3 . 1 . 1 4  [ 3 9 m  
  [ 3 3 m [ n o d e m o n ]   t o   r e s t a r t   a t   a n y   t i m e ,   e n t e r   ` r s `  [ 3 9 m  
  [ 3 3 m [ n o d e m o n ]   w a t c h i n g   p a t h ( s ) :   s r c \ * * \ *   a p i \ * * \ *  [ 3 9 m  
  [ 3 3 m [ n o d e m o n ]   w a t c h i n g   e x t e n s i o n s :   t s  [ 3 9 m  
  [ 3 2 m [ n o d e m o n ]   s t a r t i n g   ` t s - n o d e   a p i / i n d e x . t s `  [ 3 9 m  
 ì˘ Á   i n j e c t e d   e n v   ( 2 5 )   f r o m   . e n v   / /   t i p :   ì˘ Í   s e c r e t s   f o r   a g e n t s   [ w w w . d o t e n v x . c o m ]  
 [ S u p a b a s e ]   I n i t i a l i z i n g   c l i e n t s   w i t h   U R L :   h t t p s : / / e l q p b p b g z z x f o v t y v u c t . s u p a b a s e . c o  
 [ S u p a b a s e ]   A d m i n   c l i e n t   i n i t i a l i z e d  
 [ S u p a b a s e ]   A n o n   c l i e n t   i n i t i a l i z e d  
 A P I   s e r v e r   l i s t e n i n g   o n   p o r t   8 0 8 1  
 [ A u t h ]   L o g i n   a t t e m p t   f o r   e m a i l :   a d m i n @ g m a i l . c o m  
 [ A u t h ]   C o n n e c t i n g   t o   S u p a b a s e   a t :   h t t p s : / / e l q p b p b g z z x f o v t y v u c t . s u p a b a s e . c o  
 [ A u t h ]   L o g i n   s u c c e s s f u l   f o r   a d m i n @ g m a i l . c o m  
  [ 0 m P O S T   / a p i / a u t h / l o g i n    [ 3 2 m 2 0 0  [ 0 m   1 7 5 7 . 6 7 1   m s   -   2 5 9 3  [ 0 m  
  [ 0 m G E T   / a p i / n o t i f i c a t i o n s / u n r e a d / c o u n t    [ 3 6 m 3 0 4  [ 0 m   7 9 0 . 1 1 2   m s   -   -  [ 0 m  
  [ 0 m G E T   / a p i / s k i l l s / a s s e s s m e n t s    [ 3 6 m 3 0 4  [ 0 m   9 6 5 . 9 8 6   m s   -   -  [ 0 m  
  [ 0 m G E T   / a p i / s k i l l s / u s e r    [ 3 6 m 3 0 4  [ 0 m   9 7 8 . 9 8 4   m s   -   -  [ 0 m  
  [ 0 m G E T   / a p i / s k i l l s    [ 3 6 m 3 0 4  [ 0 m   9 7 0 . 5 9 6   m s   -   -  [ 0 m  
  [ 0 m G E T   / a p i / g i t h u b / s t a t u s    [ 3 6 m 3 0 4  [ 0 m   9 8 5 . 9 8 1   m s   -   -  [ 0 m  
  [ 0 m G E T   / a p i / n o t i f i c a t i o n s    [ 3 6 m 3 0 4  [ 0 m   1 2 8 3 . 3 7 9   m s   -   -  [ 0 m  
  [ 0 m G E T   / a p i / n o t i f i c a t i o n s / u n r e a d / c o u n t    [ 3 6 m 3 0 4  [ 0 m   5 3 2 . 8 5 2   m s   -   -  [ 0 m  
  [ 0 m G E T   / a p i / s k i l l s / u s e r    [ 3 6 m 3 0 4  [ 0 m   2 9 2 . 7 2 4   m s   -   -  [ 0 m  
  [ 0 m G E T   / a p i / s k i l l s / a s s e s s m e n t s    [ 3 6 m 3 0 4  [ 0 m   3 4 2 . 2 5 0   m s   -   -  [ 0 m  
  [ 0 m G E T   / a p i / g i t h u b / s t a t u s    [ 3 6 m 3 0 4  [ 0 m   3 2 6 . 4 8 3   m s   -   -  [ 0 m  
  [ 0 m G E T   / a p i / s k i l l s    [ 3 6 m 3 0 4  [ 0 m   3 5 2 . 2 4 0   m s   -   -  [ 0 m  
  [ 0 m G E T   / a p i / n o t i f i c a t i o n s    [ 3 6 m 3 0 4  [ 0 m   5 8 5 . 3 8 2   m s   -   -  [ 0 m  
  [ 0 m G E T   / a p i / c v    [ 3 6 m 3 0 4  [ 0 m   5 8 2 . 2 6 3   m s   -   -  [ 0 m  
  [ 0 m G E T   / a p i / c v    [ 3 6 m 3 0 4  [ 0 m   2 8 3 . 8 0 9   m s   -   -  [ 0 m  
  [ 0 m G E T   / a p i / n o t i f i c a t i o n s / u n r e a d / c o u n t    [ 3 6 m 3 0 4  [ 0 m   2 8 7 . 7 4 3   m s   -   -  [ 0 m  
  [ 0 m G E T   / a p i / n o t i f i c a t i o n s    [ 3 6 m 3 0 4  [ 0 m   8 1 0 . 3 4 7   m s   -   -  [ 0 m  
  [ 0 m G E T   / a p i / c v / f 6 2 2 b 3 5 e - d c 3 1 - 4 f 8 9 - b b 8 3 - 6 1 d 2 6 2 6 c 3 3 9 8    [ 3 2 m 2 0 0  [ 0 m   6 9 6 . 9 2 2   m s   -   9 3 8 2  [ 0 m  
  [ 0 m G E T   / a p i / n o t i f i c a t i o n s / u n r e a d / c o u n t    [ 3 6 m 3 0 4  [ 0 m   5 8 5 . 4 7 5   m s   -   -  [ 0 m  
  [ 0 m G E T   / a p i / n o t i f i c a t i o n s    [ 3 6 m 3 0 4  [ 0 m   6 3 8 . 0 1 0   m s   -   -  [ 0 m  
  [ 0 m G E T   / a p i / n o t i f i c a t i o n s / u n r e a d / c o u n t    [ 3 6 m 3 0 4  [ 0 m   6 0 7 . 5 0 2   m s   -   -  [ 0 m  
  [ 0 m G E T   / a p i / n o t i f i c a t i o n s    [ 3 6 m 3 0 4  [ 0 m   6 2 3 . 8 7 6   m s   -   -  [ 0 m  
  [ 0 m G E T   / a p i / n o t i f i c a t i o n s / u n r e a d / c o u n t    [ 3 6 m 3 0 4  [ 0 m   6 4 2 . 5 9 0   m s   -   -  [ 0 m  
  [ 0 m G E T   / a p i / n o t i f i c a t i o n s    [ 3 6 m 3 0 4  [ 0 m   6 4 8 . 6 7 4   m s   -   -  [ 0 m  
  [ 0 m G E T   / a p i / n o t i f i c a t i o n s / u n r e a d / c o u n t    [ 3 6 m 3 0 4  [ 0 m   5 7 0 . 7 9 5   m s   -   -  [ 0 m  
  [ 0 m G E T   / a p i / n o t i f i c a t i o n s    [ 3 6 m 3 0 4  [ 0 m   5 9 9 . 3 9 7   m s   -   -  [ 0 m  
  [ 0 m G E T   / a p i / n o t i f i c a t i o n s / u n r e a d / c o u n t    [ 3 6 m 3 0 4  [ 0 m   6 2 0 . 3 1 4   m s   -   -  [ 0 m  
  [ 0 m G E T   / a p i / n o t i f i c a t i o n s    [ 3 6 m 3 0 4  [ 0 m   6 3 2 . 4 9 0   m s   -   -  [ 0 m  
  [ 0 m G E T   / a p i / n o t i f i c a t i o n s    [ 3 6 m 3 0 4  [ 0 m   5 8 3 . 1 0 6   m s   -   -  [ 0 m  
  [ 0 m G E T   / a p i / n o t i f i c a t i o n s / u n r e a d / c o u n t    [ 3 6 m 3 0 4  [ 0 m   6 8 3 . 0 3 7   m s   -   -  [ 0 m  
  [ 0 m G E T   / a p i / n o t i f i c a t i o n s    [ 3 6 m 3 0 4  [ 0 m   9 6 0 . 8 0 5   m s   -   -  [ 0 m  
  [ 0 m G E T   / a p i / n o t i f i c a t i o n s / u n r e a d / c o u n t    [ 3 6 m 3 0 4  [ 0 m   9 7 6 . 4 4 2   m s   -   -  [ 0 m  
  [ 0 m G E T   / a p i / n o t i f i c a t i o n s / u n r e a d / c o u n t    [ 3 6 m 3 0 4  [ 0 m   6 1 8 . 5 4 6   m s   -   -  [ 0 m  
  [ 0 m G E T   / a p i / n o t i f i c a t i o n s    [ 3 6 m 3 0 4  [ 0 m   6 7 7 . 3 0 8   m s   -   -  [ 0 m  
  [ 0 m P O S T   / a p i / c v / f 6 2 2 b 3 5 e - d c 3 1 - 4 f 8 9 - b b 8 3 - 6 1 d 2 6 2 6 c 3 3 9 8 / j o b - p o s t    [ 3 2 m 2 0 1  [ 0 m   7 0 8 6 5 . 6 6 8   m s   -   3 1 8 8  [ 0 m  
  [ 0 m G E T   / a p i / n o t i f i c a t i o n s / u n r e a d / c o u n t    [ 3 6 m 3 0 4  [ 0 m   5 7 5 . 0 3 5   m s   -   -  [ 0 m  
  [ 0 m G E T   / a p i / n o t i f i c a t i o n s    [ 3 6 m 3 0 4  [ 0 m   5 7 0 . 0 7 7   m s   -   -  [ 0 m  
  [ 0 m G E T   / a p i / n o t i f i c a t i o n s    [ 3 6 m 3 0 4  [ 0 m   6 0 5 . 7 7 5   m s   -   -  [ 0 m  
  [ 0 m G E T   / a p i / n o t i f i c a t i o n s / u n r e a d / c o u n t    [ 3 6 m 3 0 4  [ 0 m   6 0 8 . 5 1 5   m s   -   -  [ 0 m  
  [ 0 m G E T   / a p i / n o t i f i c a t i o n s / u n r e a d / c o u n t    [ 3 6 m 3 0 4  [ 0 m   5 5 0 . 3 3 0   m s   -   -  [ 0 m  
  [ 0 m G E T   / a p i / n o t i f i c a t i o n s    [ 3 6 m 3 0 4  [ 0 m   5 5 1 . 8 4 7   m s   -   -  [ 0 m  
  [ 0 m G E T   / a p i / n o t i f i c a t i o n s    [ 3 6 m 3 0 4  [ 0 m   5 4 0 . 9 3 6   m s   -   -  [ 0 m  
  [ 0 m G E T   / a p i / n o t i f i c a t i o n s / u n r e a d / c o u n t    [ 3 6 m 3 0 4  [ 0 m   5 2 9 . 6 2 2   m s   -   -  [ 0 m  
  [ 0 m G E T   / a p i / n o t i f i c a t i o n s    [ 3 6 m 3 0 4  [ 0 m   5 7 1 . 5 8 0   m s   -   -  [ 0 m  
  [ 0 m G E T   / a p i / n o t i f i c a t i o n s / u n r e a d / c o u n t    [ 3 6 m 3 0 4  [ 0 m   6 2 2 . 9 3 0   m s   -   -  [ 0 m  
  [ 0 m G E T   / a p i / n o t i f i c a t i o n s    [ 3 6 m 3 0 4  [ 0 m   5 2 6 . 5 2 6   m s   -   -  [ 0 m  
  [ 0 m G E T   / a p i / n o t i f i c a t i o n s / u n r e a d / c o u n t    [ 3 6 m 3 0 4  [ 0 m   5 3 4 . 7 3 3   m s   -   -  [ 0 m  
  [ 0 m G E T   / a p i / n o t i f i c a t i o n s / u n r e a d / c o u n t    [ 3 6 m 3 0 4  [ 0 m   5 8 3 . 4 4 6   m s   -   -  [ 0 m  
  [ 0 m G E T   / a p i / n o t i f i c a t i o n s    [ 3 6 m 3 0 4  [ 0 m   6 2 9 . 6 3 0   m s   -   -  [ 0 m  
 