week,skill,trend_index,source
2024-W01,python,53.7,topjobs_lk
2024-W02,python,44.2,topjobs_lk
2024-W03,python,43.1,topjobs_lk
2024-W04,python,45.4,topjobs_lk
2024-W05,python,42.8,topjobs_lk
2024-W06,python,42.3,topjobs_lk
2024-W07,python,43.4,topjobs_lk
2024-W08,python,44.3,topjobs_lk
2024-W09,python,34.0,topjobs_lk
2024-W10,python,46.1,topjobs_lk
2024-W11,python,47.0,topjobs_lk
2024-W12,python,47.9,topjobs_lk
2024-W13,python,43.0,topjobs_lk
2024-W14,python,51.1,topjobs_lk
2024-W15,python,47.3,topjobs_lk
2024-W16,python,51.9,topjobs_lk
2024-W17,python,44.9,topjobs_lk
2024-W18,python,44.6,topjobs_lk
2024-W19,python,51.4,topjobs_lk
2024-W20,python,50.0,topjobs_lk
2024-W21,python,50.5,topjobs_lk
2024-W22,python,51.8,topjobs_lk
2024-W23,python,41.6,topjobs_lk
2024-W24,python,50.9,topjobs_lk
2024-W25,python,43.1,topjobs_lk
2024-W26,python,50.2,topjobs_lk
2024-W27,python,43.6,topjobs_lk
2024-W28,python,44.8,topjobs_lk
2024-W29,python,56.1,topjobs_lk
2024-W30,python,38.6,topjobs_lk
2024-W31,python,50.6,topjobs_lk
2024-W32,python,49.2,topjobs_lk
2024-W33,python,50.0,topjobs_lk
2024-W34,python,46.4,topjobs_lk
2024-W35,python,54.6,topjobs_lk
2024-W36,python,46.1,topjobs_lk
2024-W37,python,42.8,topjobs_lk
2024-W38,python,53.3,topjobs_lk
2024-W39,python,54.7,topjobs_lk
2024-W40,python,52.9,topjobs_lk
2024-W41,python,48.4,topjobs_lk
2024-W42,python,59.6,topjobs_lk
2024-W43,python,56.7,topjobs_lk
2024-W44,python,54.7,topjobs_lk
2024-W45,python,50.8,topjobs_lk
2024-W46,python,52.8,topjobs_lk
2024-W47,python,45.6,topjobs_lk
2024-W48,python,52.2,topjobs_lk
2024-W49,python,57.0,topjobs_lk
2024-W50,python,51.1,topjobs_lk
2024-W51,python,51.3,topjobs_lk
2024-W52,python,51.2,topjobs_lk
2024-W53,python,48.3,topjobs_lk
2025-W01,python,54.7,topjobs_lk
2025-W02,python,62.3,topjobs_lk
2025-W03,python,52.8,topjobs_lk
2025-W04,python,48.4,topjobs_lk
2025-W05,python,59.8,topjobs_lk
2025-W06,python,52.7,topjobs_lk
2025-W07,python,54.5,topjobs_lk
2025-W08,python,55.2,topjobs_lk
2025-W09,python,53.2,topjobs_lk
2025-W10,python,58.5,topjobs_lk
2025-W11,python,62.0,topjobs_lk
2025-W12,python,62.9,topjobs_lk
2025-W13,python,66.9,topjobs_lk
2025-W14,python,61.8,topjobs_lk
2025-W15,python,57.2,topjobs_lk
2025-W16,python,48.2,topjobs_lk
2025-W17,python,56.8,topjobs_lk
2025-W18,python,61.0,topjobs_lk
2025-W19,python,59.5,topjobs_lk
2025-W20,python,50.8,topjobs_lk
2025-W21,python,65.5,topjobs_lk
2025-W22,python,57.4,topjobs_lk
2025-W23,python,59.4,topjobs_lk
2025-W24,python,54.3,topjobs_lk
2025-W25,python,59.9,topjobs_lk
2025-W26,python,63.3,topjobs_lk
2025-W27,python,59.1,topjobs_lk
2025-W28,python,61.4,topjobs_lk
2025-W29,python,56.2,topjobs_lk
2025-W30,python,60.5,topjobs_lk
2025-W31,python,60.5,topjobs_lk
2025-W32,python,69.5,topjobs_lk
2025-W33,python,60.4,topjobs_lk
2025-W34,python,65.4,topjobs_lk
2025-W35,python,66.2,topjobs_lk
2025-W36,python,58.8,topjobs_lk
2025-W37,python,59.0,topjobs_lk
2025-W38,python,63.2,topjobs_lk
2025-W39,python,60.7,topjobs_lk
2025-W40,python,60.6,topjobs_lk
2025-W41,python,58.3,topjobs_lk
2025-W42,python,61.0,topjobs_lk
2025-W43,python,59.6,topjobs_lk
2025-W44,python,61.8,topjobs_lk
2025-W45,python,63.3,topjobs_lk
2025-W46,python,65.1,topjobs_lk
2025-W47,python,68.0,topjobs_lk
2025-W48,python,68.9,topjobs_lk
2025-W49,python,59.4,topjobs_lk
2025-W50,python,66.2,topjobs_lk
2025-W51,python,60.2,topjobs_lk
2025-W52,python,65.7,topjobs_lk
2026-W01,python,66.4,topjobs_lk
2026-W02,python,63.2,topjobs_lk
2026-W03,python,66.0,topjobs_lk
2026-W04,python,63.5,topjobs_lk
2026-W05,python,78.7,topjobs_lk
2026-W06,python,65.8,topjobs_lk
2026-W07,python,73.9,topjobs_lk
2026-W08,python,64.5,topjobs_lk
2026-W09,python,68.5,topjobs_lk
2026-W10,python,68.8,topjobs_lk
2026-W11,python,68.0,topjobs_lk
2026-W12,python,74.7,topjobs_lk
2026-W13,python,71.2,topjobs_lk
2026-W14,python,75.6,topjobs_lk
2026-W15,python,65.6,topjobs_lk
2026-W16,python,65.7,topjobs_lk
2026-W17,python,63.2,topjobs_lk
2026-W18,python,75.3,topjobs_lk
2026-W19,python,73.4,topjobs_lk
2026-W20,python,72.0,topjobs_lk
2026-W21,python,73.6,topjobs_lk
2026-W22,python,66.1,topjobs_lk
2026-W23,python,62.6,topjobs_lk
2026-W24,python,78.9,topjobs_lk
2026-W25,python,62.5,topjobs_lk
2024-W01,java,84.7,topjobs_lk
2024-W02,java,92.9,topjobs_lk
2024-W03,java,88.2,topjobs_lk
2024-W04,java,85.9,topjobs_lk
2024-W05,java,77.0,topjobs_lk
2024-W06,java,94.8,topjobs_lk
2024-W07,java,87.8,topjobs_lk
2024-W08,java,85.1,topjobs_lk
2024-W09,java,85.7,topjobs_lk
2024-W10,java,85.6,topjobs_lk
2024-W11,java,85.4,topjobs_lk
2024-W12,java,80.0,topjobs_lk
2024-W13,java,81.8,topjobs_lk
2024-W14,java,86.2,topjobs_lk
2024-W15,java,83.4,topjobs_lk
2024-W16,java,84.8,topjobs_lk
2024-W17,java,92.9,topjobs_lk
2024-W18,java,89.7,topjobs_lk
2024-W19,java,80.1,topjobs_lk
2024-W20,java,88.2,topjobs_lk
2024-W21,java,87.0,topjobs_lk
2024-W22,java,94.4,topjobs_lk
2024-W23,java,84.5,topjobs_lk
2024-W24,java,77.3,topjobs_lk
2024-W25,java,87.2,topjobs_lk
2024-W26,java,85.3,topjobs_lk
2024-W27,java,84.1,topjobs_lk
2024-W28,java,86.6,topjobs_lk
2024-W29,java,84.8,topjobs_lk
2024-W30,java,75.2,topjobs_lk
2024-W31,java,80.4,topjobs_lk
2024-W32,java,87.7,topjobs_lk
2024-W33,java,92.6,topjobs_lk
2024-W34,java,85.0,topjobs_lk
2024-W35,java,86.6,topjobs_lk
2024-W36,java,88.4,topjobs_lk
2024-W37,java,85.5,topjobs_lk
2024-W38,java,80.1,topjobs_lk
2024-W39,java,77.5,topjobs_lk
2024-W40,java,89.7,topjobs_lk
2024-W41,java,79.8,topjobs_lk
2024-W42,java,83.3,topjobs_lk
2024-W43,java,90.5,topjobs_lk
2024-W44,java,88.7,topjobs_lk
2024-W45,java,84.9,topjobs_lk
2024-W46,java,75.3,topjobs_lk
2024-W47,java,82.9,topjobs_lk
2024-W48,java,86.4,topjobs_lk
2024-W49,java,83.9,topjobs_lk
2024-W50,java,86.9,topjobs_lk
2024-W51,java,83.3,topjobs_lk
2024-W52,java,86.9,topjobs_lk
2024-W53,java,80.8,topjobs_lk
2025-W01,java,85.4,topjobs_lk
2025-W02,java,85.7,topjobs_lk
2025-W03,java,82.2,topjobs_lk
2025-W04,java,85.7,topjobs_lk
2025-W05,java,79.5,topjobs_lk
2025-W06,java,78.0,topjobs_lk
2025-W07,java,72.2,topjobs_lk
2025-W08,java,81.4,topjobs_lk
2025-W09,java,85.1,topjobs_lk
2025-W10,java,81.9,topjobs_lk
2025-W11,java,86.7,topjobs_lk
2025-W12,java,91.0,topjobs_lk
2025-W13,java,79.6,topjobs_lk
2025-W14,java,76.7,topjobs_lk
2025-W15,java,85.9,topjobs_lk
2025-W16,java,92.8,topjobs_lk
2025-W17,java,87.5,topjobs_lk
2025-W18,java,77.2,topjobs_lk
2025-W19,java,86.7,topjobs_lk
2025-W20,java,85.9,topjobs_lk
2025-W21,java,86.7,topjobs_lk
2025-W22,java,87.9,topjobs_lk
2025-W23,java,86.4,topjobs_lk
2025-W24,java,79.8,topjobs_lk
2025-W25,java,88.9,topjobs_lk
2025-W26,java,90.6,topjobs_lk
2025-W27,java,83.2,topjobs_lk
2025-W28,java,83.4,topjobs_lk
2025-W29,java,90.6,topjobs_lk
2025-W30,java,74.3,topjobs_lk
2025-W31,java,90.8,topjobs_lk
2025-W32,java,92.6,topjobs_lk
2025-W33,java,85.4,topjobs_lk
2025-W34,java,90.3,topjobs_lk
2025-W35,java,78.7,topjobs_lk
2025-W36,java,80.5,topjobs_lk
2025-W37,java,89.4,topjobs_lk
2025-W38,java,85.9,topjobs_lk
2025-W39,java,81.0,topjobs_lk
2025-W40,java,71.2,topjobs_lk
2025-W41,java,83.2,topjobs_lk
2025-W42,java,86.8,topjobs_lk
2025-W43,java,86.0,topjobs_lk
2025-W44,java,84.1,topjobs_lk
2025-W45,java,92.5,topjobs_lk
2025-W46,java,85.3,topjobs_lk
2025-W47,java,74.8,topjobs_lk
2025-W48,java,73.4,topjobs_lk
2025-W49,java,86.7,topjobs_lk
2025-W50,java,77.0,topjobs_lk
2025-W51,java,79.6,topjobs_lk
2025-W52,java,76.6,topjobs_lk
2026-W01,java,82.3,topjobs_lk
2026-W02,java,81.1,topjobs_lk
2026-W03,java,81.6,topjobs_lk
2026-W04,java,86.0,topjobs_lk
2026-W05,java,77.8,topjobs_lk
2026-W06,java,72.3,topjobs_lk
2026-W07,java,79.0,topjobs_lk
2026-W08,java,83.1,topjobs_lk
2026-W09,java,85.6,topjobs_lk
2026-W10,java,79.4,topjobs_lk
2026-W11,java,79.1,topjobs_lk
2026-W12,java,81.9,topjobs_lk
2026-W13,java,80.7,topjobs_lk
2026-W14,java,92.0,topjobs_lk
2026-W15,java,77.9,topjobs_lk
2026-W16,java,90.6,topjobs_lk
2026-W17,java,82.4,topjobs_lk
2026-W18,java,85.0,topjobs_lk
2026-W19,java,76.4,topjobs_lk
2026-W20,java,75.7,topjobs_lk
2026-W21,java,84.7,topjobs_lk
2026-W22,java,78.8,topjobs_lk
2026-W23,java,73.8,topjobs_lk
2026-W24,java,81.8,topjobs_lk
2026-W25,java,75.3,topjobs_lk
2024-W01,javascript,58.0,topjobs_lk
2024-W02,javascript,57.3,topjobs_lk
2024-W03,javascript,59.7,topjobs_lk
2024-W04,javascript,62.7,topjobs_lk
2024-W05,javascript,59.2,topjobs_lk
2024-W06,javascript,61.0,topjobs_lk
2024-W07,javascript,58.4,topjobs_lk
2024-W08,javascript,63.4,topjobs_lk
2024-W09,javascript,59.6,topjobs_lk
2024-W10,javascript,54.9,topjobs_lk
2024-W11,javascript,57.8,topjobs_lk
2024-W12,javascript,65.9,topjobs_lk
2024-W13,javascript,58.2,topjobs_lk
2024-W14,javascript,65.0,topjobs_lk
2024-W15,javascript,53.8,topjobs_lk
2024-W16,javascript,56.7,topjobs_lk
2024-W17,javascript,60.0,topjobs_lk
2024-W18,javascript,53.7,topjobs_lk
2024-W19,javascript,55.8,topjobs_lk
2024-W20,javascript,56.1,topjobs_lk
2024-W21,javascript,65.1,topjobs_lk
2024-W22,javascript,53.6,topjobs_lk
2024-W23,javascript,70.3,topjobs_lk
2024-W24,javascript,59.8,topjobs_lk
2024-W25,javascript,58.8,topjobs_lk
2024-W26,javascript,65.3,topjobs_lk
2024-W27,javascript,60.6,topjobs_lk
2024-W28,javascript,58.7,topjobs_lk
2024-W29,javascript,62.8,topjobs_lk
2024-W30,javascript,64.1,topjobs_lk
2024-W31,javascript,53.8,topjobs_lk
2024-W32,javascript,64.0,topjobs_lk
2024-W33,javascript,53.7,topjobs_lk
2024-W34,javascript,58.5,topjobs_lk
2024-W35,javascript,63.6,topjobs_lk
2024-W36,javascript,49.7,topjobs_lk
2024-W37,javascript,62.4,topjobs_lk
2024-W38,javascript,57.8,topjobs_lk
2024-W39,javascript,56.5,topjobs_lk
2024-W40,javascript,58.1,topjobs_lk
2024-W41,javascript,57.8,topjobs_lk
2024-W42,javascript,56.6,topjobs_lk
2024-W43,javascript,59.2,topjobs_lk
2024-W44,javascript,55.5,topjobs_lk
2024-W45,javascript,57.0,topjobs_lk
2024-W46,javascript,68.2,topjobs_lk
2024-W47,javascript,60.1,topjobs_lk
2024-W48,javascript,53.1,topjobs_lk
2024-W49,javascript,63.7,topjobs_lk
2024-W50,javascript,58.5,topjobs_lk
2024-W51,javascript,60.1,topjobs_lk
2024-W52,javascript,58.7,topjobs_lk
2024-W53,javascript,62.2,topjobs_lk
2025-W01,javascript,57.5,topjobs_lk
2025-W02,javascript,60.9,topjobs_lk
2025-W03,javascript,59.6,topjobs_lk
2025-W04,javascript,66.3,topjobs_lk
2025-W05,javascript,60.4,topjobs_lk
2025-W06,javascript,68.2,topjobs_lk
2025-W07,javascript,55.9,topjobs_lk
2025-W08,javascript,63.1,topjobs_lk
2025-W09,javascript,63.0,topjobs_lk
2025-W10,javascript,63.8,topjobs_lk
2025-W11,javascript,63.9,topjobs_lk
2025-W12,javascript,59.2,topjobs_lk
2025-W13,javascript,54.7,topjobs_lk
2025-W14,javascript,59.4,topjobs_lk
2025-W15,javascript,61.6,topjobs_lk
2025-W16,javascript,66.7,topjobs_lk
2025-W17,javascript,57.1,topjobs_lk
2025-W18,javascript,52.4,topjobs_lk
2025-W19,javascript,43.5,topjobs_lk
2025-W20,javascript,62.2,topjobs_lk
2025-W21,javascript,57.1,topjobs_lk
2025-W22,javascript,61.9,topjobs_lk
2025-W23,javascript,62.1,topjobs_lk
2025-W24,javascript,62.1,topjobs_lk
2025-W25,javascript,57.9,topjobs_lk
2025-W26,javascript,46.1,topjobs_lk
2025-W27,javascript,55.6,topjobs_lk
2025-W28,javascript,58.5,topjobs_lk
2025-W29,javascript,55.6,topjobs_lk
2025-W30,javascript,59.0,topjobs_lk
2025-W31,javascript,62.2,topjobs_lk
2025-W32,javascript,61.7,topjobs_lk
2025-W33,javascript,61.3,topjobs_lk
2025-W34,javascript,68.6,topjobs_lk
2025-W35,javascript,50.6,topjobs_lk
2025-W36,javascript,59.9,topjobs_lk
2025-W37,javascript,56.5,topjobs_lk
2025-W38,javascript,59.3,topjobs_lk
2025-W39,javascript,53.8,topjobs_lk
2025-W40,javascript,61.8,topjobs_lk
2025-W41,javascript,66.5,topjobs_lk
2025-W42,javascript,57.4,topjobs_lk
2025-W43,javascript,58.1,topjobs_lk
2025-W44,javascript,50.0,topjobs_lk
2025-W45,javascript,64.9,topjobs_lk
2025-W46,javascript,56.4,topjobs_lk
2025-W47,javascript,60.1,topjobs_lk
2025-W48,javascript,59.9,topjobs_lk
2025-W49,javascript,63.3,topjobs_lk
2025-W50,javascript,56.4,topjobs_lk
2025-W51,javascript,55.3,topjobs_lk
2025-W52,javascript,59.0,topjobs_lk
2026-W01,javascript,66.8,topjobs_lk
2026-W02,javascript,59.3,topjobs_lk
2026-W03,javascript,55.4,topjobs_lk
2026-W04,javascript,58.8,topjobs_lk
2026-W05,javascript,50.4,topjobs_lk
2026-W06,javascript,52.4,topjobs_lk
2026-W07,javascript,55.8,topjobs_lk
2026-W08,javascript,50.7,topjobs_lk
2026-W09,javascript,65.5,topjobs_lk
2026-W10,javascript,63.1,topjobs_lk
2026-W11,javascript,59.7,topjobs_lk
2026-W12,javascript,42.7,topjobs_lk
2026-W13,javascript,63.5,topjobs_lk
2026-W14,javascript,61.6,topjobs_lk
2026-W15,javascript,56.6,topjobs_lk
2026-W16,javascript,54.3,topjobs_lk
2026-W17,javascript,57.3,topjobs_lk
2026-W18,javascript,58.3,topjobs_lk
2026-W19,javascript,61.1,topjobs_lk
2026-W20,javascript,60.2,topjobs_lk
2026-W21,javascript,58.8,topjobs_lk
2026-W22,javascript,56.9,topjobs_lk
2026-W23,javascript,55.8,topjobs_lk
2026-W24,javascript,61.7,topjobs_lk
2026-W25,javascript,51.5,topjobs_lk
2024-W01,typescript,12.2,topjobs_lk
2024-W02,typescript,17.1,topjobs_lk
2024-W03,typescript,24.2,topjobs_lk
2024-W04,typescript,13.1,topjobs_lk
2024-W05,typescript,18.0,topjobs_lk
2024-W06,typescript,19.1,topjobs_lk
2024-W07,typescript,18.7,topjobs_lk
2024-W08,typescript,27.4,topjobs_lk
2024-W09,typescript,13.6,topjobs_lk
2024-W10,typescript,22.1,topjobs_lk
2024-W11,typescript,19.2,topjobs_lk
2024-W12,typescript,14.4,topjobs_lk
2024-W13,typescript,21.8,topjobs_lk
2024-W14,typescript,22.8,topjobs_lk
2024-W15,typescript,22.0,topjobs_lk
2024-W16,typescript,25.4,topjobs_lk
2024-W17,typescript,16.8,topjobs_lk
2024-W18,typescript,15.8,topjobs_lk
2024-W19,typescript,17.9,topjobs_lk
2024-W20,typescript,28.5,topjobs_lk
2024-W21,typescript,24.2,topjobs_lk
2024-W22,typescript,17.1,topjobs_lk
2024-W23,typescript,19.8,topjobs_lk
2024-W24,typescript,32.9,topjobs_lk
2024-W25,typescript,23.8,topjobs_lk
2024-W26,typescript,15.8,topjobs_lk
2024-W27,typescript,18.6,topjobs_lk
2024-W28,typescript,18.8,topjobs_lk
2024-W29,typescript,27.6,topjobs_lk
2024-W30,typescript,26.9,topjobs_lk
2024-W31,typescript,20.0,topjobs_lk
2024-W32,typescript,23.8,topjobs_lk
2024-W33,typescript,17.5,topjobs_lk
2024-W34,typescript,25.2,topjobs_lk
2024-W35,typescript,20.6,topjobs_lk
2024-W36,typescript,22.4,topjobs_lk
2024-W37,typescript,23.1,topjobs_lk
2024-W38,typescript,18.9,topjobs_lk
2024-W39,typescript,18.8,topjobs_lk
2024-W40,typescript,15.7,topjobs_lk
2024-W41,typescript,24.7,topjobs_lk
2024-W42,typescript,30.7,topjobs_lk
2024-W43,typescript,21.4,topjobs_lk
2024-W44,typescript,24.8,topjobs_lk
2024-W45,typescript,28.2,topjobs_lk
2024-W46,typescript,19.3,topjobs_lk
2024-W47,typescript,17.8,topjobs_lk
2024-W48,typescript,24.3,topjobs_lk
2024-W49,typescript,21.4,topjobs_lk
2024-W50,typescript,18.9,topjobs_lk
2024-W51,typescript,26.5,topjobs_lk
2024-W52,typescript,27.1,topjobs_lk
2024-W53,typescript,23.0,topjobs_lk
2025-W01,typescript,29.2,topjobs_lk
2025-W02,typescript,26.5,topjobs_lk
2025-W03,typescript,23.2,topjobs_lk
2025-W04,typescript,15.7,topjobs_lk
2025-W05,typescript,21.1,topjobs_lk
2025-W06,typescript,23.6,topjobs_lk
2025-W07,typescript,28.2,topjobs_lk
2025-W08,typescript,29.6,topjobs_lk
2025-W09,typescript,24.5,topjobs_lk
2025-W10,typescript,35.6,topjobs_lk
2025-W11,typescript,27.6,topjobs_lk
2025-W12,typescript,31.9,topjobs_lk
2025-W13,typescript,27.8,topjobs_lk
2025-W14,typescript,35.0,topjobs_lk
2025-W15,typescript,37.4,topjobs_lk
2025-W16,typescript,24.4,topjobs_lk
2025-W17,typescript,27.6,topjobs_lk
2025-W18,typescript,27.6,topjobs_lk
2025-W19,typescript,35.5,topjobs_lk
2025-W20,typescript,22.8,topjobs_lk
2025-W21,typescript,28.4,topjobs_lk
2025-W22,typescript,21.9,topjobs_lk
2025-W23,typescript,32.1,topjobs_lk
2025-W24,typescript,32.6,topjobs_lk
2025-W25,typescript,26.0,topjobs_lk
2025-W26,typescript,29.5,topjobs_lk
2025-W27,typescript,28.7,topjobs_lk
2025-W28,typescript,38.5,topjobs_lk
2025-W29,typescript,32.9,topjobs_lk
2025-W30,typescript,31.9,topjobs_lk
2025-W31,typescript,35.5,topjobs_lk
2025-W32,typescript,23.1,topjobs_lk
2025-W33,typescript,34.1,topjobs_lk
2025-W34,typescript,31.7,topjobs_lk
2025-W35,typescript,31.4,topjobs_lk
2025-W36,typescript,32.0,topjobs_lk
2025-W37,typescript,36.8,topjobs_lk
2025-W38,typescript,34.2,topjobs_lk
2025-W39,typescript,27.6,topjobs_lk
2025-W40,typescript,31.5,topjobs_lk
2025-W41,typescript,33.3,topjobs_lk
2025-W42,typescript,31.0,topjobs_lk
2025-W43,typescript,38.9,topjobs_lk
2025-W44,typescript,29.3,topjobs_lk
2025-W45,typescript,35.2,topjobs_lk
2025-W46,typescript,31.7,topjobs_lk
2025-W47,typescript,41.8,topjobs_lk
2025-W48,typescript,42.0,topjobs_lk
2025-W49,typescript,34.1,topjobs_lk
2025-W50,typescript,34.4,topjobs_lk
2025-W51,typescript,36.3,topjobs_lk
2025-W52,typescript,31.3,topjobs_lk
2026-W01,typescript,38.0,topjobs_lk
2026-W02,typescript,34.8,topjobs_lk
2026-W03,typescript,37.7,topjobs_lk
2026-W04,typescript,29.5,topjobs_lk
2026-W05,typescript,31.7,topjobs_lk
2026-W06,typescript,40.6,topjobs_lk
2026-W07,typescript,33.5,topjobs_lk
2026-W08,typescript,36.8,topjobs_lk
2026-W09,typescript,39.3,topjobs_lk
2026-W10,typescript,40.0,topjobs_lk
2026-W11,typescript,35.7,topjobs_lk
2026-W12,typescript,39.1,topjobs_lk
2026-W13,typescript,40.8,topjobs_lk
2026-W14,typescript,32.8,topjobs_lk
2026-W15,typescript,40.9,topjobs_lk
2026-W16,typescript,36.5,topjobs_lk
2026-W17,typescript,39.4,topjobs_lk
2026-W18,typescript,24.4,topjobs_lk
2026-W19,typescript,27.5,topjobs_lk
2026-W20,typescript,42.7,topjobs_lk
2026-W21,typescript,45.3,topjobs_lk
2026-W22,typescript,37.4,topjobs_lk
2026-W23,typescript,40.5,topjobs_lk
2026-W24,typescript,43.8,topjobs_lk
2026-W25,typescript,41.7,topjobs_lk
2024-W01,go,7.2,topjobs_lk
2024-W02,go,7.7,topjobs_lk
2024-W03,go,14.0,topjobs_lk
2024-W04,go,14.8,topjobs_lk
2024-W05,go,11.6,topjobs_lk
2024-W06,go,9.9,topjobs_lk
2024-W07,go,8.4,topjobs_lk
2024-W08,go,15.8,topjobs_lk
2024-W09,go,13.0,topjobs_lk
2024-W10,go,6.9,topjobs_lk
2024-W11,go,7.9,topjobs_lk
2024-W12,go,22.8,topjobs_lk
2024-W13,go,11.0,topjobs_lk
2024-W14,go,4.8,topjobs_lk
2024-W15,go,11.8,topjobs_lk
2024-W16,go,5.1,topjobs_lk
2024-W17,go,18.5,topjobs_lk
2024-W18,go,12.0,topjobs_lk
2024-W19,go,9.0,topjobs_lk
2024-W20,go,6.7,topjobs_lk
2024-W21,go,13.5,topjobs_lk
2024-W22,go,3.0,topjobs_lk
2024-W23,go,11.0,topjobs_lk
2024-W24,go,14.0,topjobs_lk
2024-W25,go,25.3,topjobs_lk
2024-W26,go,15.6,topjobs_lk
2024-W27,go,12.2,topjobs_lk
2024-W28,go,9.9,topjobs_lk
2024-W29,go,3.0,topjobs_lk
2024-W30,go,14.2,topjobs_lk
2024-W31,go,2.0,topjobs_lk
2024-W32,go,13.3,topjobs_lk
2024-W33,go,9.6,topjobs_lk
2024-W34,go,10.3,topjobs_lk
2024-W35,go,8.0,topjobs_lk
2024-W36,go,7.8,topjobs_lk
2024-W37,go,13.4,topjobs_lk
2024-W38,go,2.0,topjobs_lk
2024-W39,go,14.7,topjobs_lk
2024-W40,go,14.6,topjobs_lk
2024-W41,go,9.7,topjobs_lk
2024-W42,go,10.4,topjobs_lk
2024-W43,go,10.7,topjobs_lk
2024-W44,go,2.2,topjobs_lk
2024-W45,go,12.1,topjobs_lk
2024-W46,go,10.0,topjobs_lk
2024-W47,go,9.1,topjobs_lk
2024-W48,go,14.1,topjobs_lk
2024-W49,go,14.0,topjobs_lk
2024-W50,go,10.3,topjobs_lk
2024-W51,go,10.5,topjobs_lk
2024-W52,go,10.1,topjobs_lk
2024-W53,go,12.3,topjobs_lk
2025-W01,go,2.0,topjobs_lk
2025-W02,go,5.9,topjobs_lk
2025-W03,go,5.3,topjobs_lk
2025-W04,go,2.4,topjobs_lk
2025-W05,go,17.8,topjobs_lk
2025-W06,go,2.0,topjobs_lk
2025-W07,go,10.2,topjobs_lk
2025-W08,go,6.0,topjobs_lk
2025-W09,go,13.7,topjobs_lk
2025-W10,go,12.5,topjobs_lk
2025-W11,go,14.4,topjobs_lk
2025-W12,go,15.3,topjobs_lk
2025-W13,go,8.0,topjobs_lk
2025-W14,go,11.7,topjobs_lk
2025-W15,go,17.9,topjobs_lk
2025-W16,go,8.8,topjobs_lk
2025-W17,go,2.0,topjobs_lk
2025-W18,go,9.1,topjobs_lk
2025-W19,go,19.9,topjobs_lk
2025-W20,go,12.1,topjobs_lk
2025-W21,go,14.8,topjobs_lk
2025-W22,go,8.5,topjobs_lk
2025-W23,go,12.2,topjobs_lk
2025-W24,go,4.6,topjobs_lk
2025-W25,go,14.5,topjobs_lk
2025-W26,go,15.7,topjobs_lk
2025-W27,go,4.4,topjobs_lk
2025-W28,go,12.5,topjobs_lk
2025-W29,go,16.7,topjobs_lk
2025-W30,go,18.2,topjobs_lk
2025-W31,go,16.5,topjobs_lk
2025-W32,go,12.7,topjobs_lk
2025-W33,go,13.3,topjobs_lk
2025-W34,go,18.0,topjobs_lk
2025-W35,go,4.7,topjobs_lk
2025-W36,go,16.5,topjobs_lk
2025-W37,go,10.7,topjobs_lk
2025-W38,go,2.0,topjobs_lk
2025-W39,go,9.2,topjobs_lk
2025-W40,go,22.2,topjobs_lk
2025-W41,go,15.5,topjobs_lk
2025-W42,go,18.2,topjobs_lk
2025-W43,go,14.9,topjobs_lk
2025-W44,go,14.5,topjobs_lk
2025-W45,go,12.0,topjobs_lk
2025-W46,go,9.9,topjobs_lk
2025-W47,go,8.5,topjobs_lk
2025-W48,go,9.5,topjobs_lk
2025-W49,go,12.8,topjobs_lk
2025-W50,go,14.2,topjobs_lk
2025-W51,go,10.9,topjobs_lk
2025-W52,go,12.3,topjobs_lk
2026-W01,go,14.0,topjobs_lk
2026-W02,go,10.1,topjobs_lk
2026-W03,go,9.6,topjobs_lk
2026-W04,go,18.1,topjobs_lk
2026-W05,go,9.7,topjobs_lk
2026-W06,go,16.3,topjobs_lk
2026-W07,go,22.7,topjobs_lk
2026-W08,go,15.8,topjobs_lk
2026-W09,go,11.2,topjobs_lk
2026-W10,go,11.9,topjobs_lk
2026-W11,go,16.0,topjobs_lk
2026-W12,go,15.8,topjobs_lk
2026-W13,go,14.6,topjobs_lk
2026-W14,go,14.7,topjobs_lk
2026-W15,go,16.2,topjobs_lk
2026-W16,go,15.8,topjobs_lk
2026-W17,go,8.7,topjobs_lk
2026-W18,go,10.3,topjobs_lk
2026-W19,go,21.0,topjobs_lk
2026-W20,go,15.8,topjobs_lk
2026-W21,go,14.3,topjobs_lk
2026-W22,go,10.3,topjobs_lk
2026-W23,go,17.1,topjobs_lk
2026-W24,go,12.7,topjobs_lk
2026-W25,go,22.5,topjobs_lk
2024-W01,rust,4.6,topjobs_lk
2024-W02,rust,10.3,topjobs_lk
2024-W03,rust,3.6,topjobs_lk
2024-W04,rust,6.3,topjobs_lk
2024-W05,rust,4.3,topjobs_lk
2024-W06,rust,3.9,topjobs_lk
2024-W07,rust,5.4,topjobs_lk
2024-W08,rust,16.2,topjobs_lk
2024-W09,rust,8.9,topjobs_lk
2024-W10,rust,2.7,topjobs_lk
2024-W11,rust,6.2,topjobs_lk
2024-W12,rust,3.7,topjobs_lk
2024-W13,rust,2.0,topjobs_lk
2024-W14,rust,2.7,topjobs_lk
2024-W15,rust,2.0,topjobs_lk
2024-W16,rust,2.2,topjobs_lk
2024-W17,rust,5.0,topjobs_lk
2024-W18,rust,2.0,topjobs_lk
2024-W19,rust,7.1,topjobs_lk
2024-W20,rust,2.0,topjobs_lk
2024-W21,rust,2.6,topjobs_lk
2024-W22,rust,6.4,topjobs_lk
2024-W23,rust,3.1,topjobs_lk
2024-W24,rust,3.7,topjobs_lk
2024-W25,rust,3.9,topjobs_lk
2024-W26,rust,6.2,topjobs_lk
2024-W27,rust,6.2,topjobs_lk
2024-W28,rust,2.0,topjobs_lk
2024-W29,rust,4.9,topjobs_lk
2024-W30,rust,2.8,topjobs_lk
2024-W31,rust,2.0,topjobs_lk
2024-W32,rust,11.1,topjobs_lk
2024-W33,rust,2.5,topjobs_lk
2024-W34,rust,11.1,topjobs_lk
2024-W35,rust,3.6,topjobs_lk
2024-W36,rust,5.6,topjobs_lk
2024-W37,rust,10.3,topjobs_lk
2024-W38,rust,7.8,topjobs_lk
2024-W39,rust,7.3,topjobs_lk
2024-W40,rust,2.0,topjobs_lk
2024-W41,rust,2.0,topjobs_lk
2024-W42,rust,10.9,topjobs_lk
2024-W43,rust,9.1,topjobs_lk
2024-W44,rust,5.4,topjobs_lk
2024-W45,rust,2.0,topjobs_lk
2024-W46,rust,3.8,topjobs_lk
2024-W47,rust,9.2,topjobs_lk
2024-W48,rust,3.7,topjobs_lk
2024-W49,rust,13.0,topjobs_lk
2024-W50,rust,7.6,topjobs_lk
2024-W51,rust,9.0,topjobs_lk
2024-W52,rust,2.0,topjobs_lk
2024-W53,rust,7.8,topjobs_lk
2025-W01,rust,6.5,topjobs_lk
2025-W02,rust,2.0,topjobs_lk
2025-W03,rust,4.9,topjobs_lk
2025-W04,rust,2.7,topjobs_lk
2025-W05,rust,10.7,topjobs_lk
2025-W06,rust,2.0,topjobs_lk
2025-W07,rust,9.7,topjobs_lk
2025-W08,rust,2.7,topjobs_lk
2025-W09,rust,12.7,topjobs_lk
2025-W10,rust,9.1,topjobs_lk
2025-W11,rust,7.4,topjobs_lk
2025-W12,rust,2.0,topjobs_lk
2025-W13,rust,2.0,topjobs_lk
2025-W14,rust,5.2,topjobs_lk
2025-W15,rust,17.6,topjobs_lk
2025-W16,rust,2.0,topjobs_lk
2025-W17,rust,11.1,topjobs_lk
2025-W18,rust,2.0,topjobs_lk
2025-W19,rust,14.4,topjobs_lk
2025-W20,rust,13.4,topjobs_lk
2025-W21,rust,2.0,topjobs_lk
2025-W22,rust,10.4,topjobs_lk
2025-W23,rust,8.8,topjobs_lk
2025-W24,rust,9.2,topjobs_lk
2025-W25,rust,8.3,topjobs_lk
2025-W26,rust,6.5,topjobs_lk
2025-W27,rust,2.0,topjobs_lk
2025-W28,rust,4.6,topjobs_lk
2025-W29,rust,4.6,topjobs_lk
2025-W30,rust,11.0,topjobs_lk
2025-W31,rust,8.3,topjobs_lk
2025-W32,rust,4.9,topjobs_lk
2025-W33,rust,9.3,topjobs_lk
2025-W34,rust,12.7,topjobs_lk
2025-W35,rust,10.0,topjobs_lk
2025-W36,rust,2.0,topjobs_lk
2025-W37,rust,2.2,topjobs_lk
2025-W38,rust,15.5,topjobs_lk
2025-W39,rust,14.9,topjobs_lk
2025-W40,rust,7.0,topjobs_lk
2025-W41,rust,10.8,topjobs_lk
2025-W42,rust,3.1,topjobs_lk
2025-W43,rust,5.1,topjobs_lk
2025-W44,rust,2.0,topjobs_lk
2025-W45,rust,7.7,topjobs_lk
2025-W46,rust,7.3,topjobs_lk
2025-W47,rust,7.1,topjobs_lk
2025-W48,rust,5.7,topjobs_lk
2025-W49,rust,9.3,topjobs_lk
2025-W50,rust,2.0,topjobs_lk
2025-W51,rust,13.3,topjobs_lk
2025-W52,rust,7.8,topjobs_lk
2026-W01,rust,2.0,topjobs_lk
2026-W02,rust,11.9,topjobs_lk
2026-W03,rust,11.8,topjobs_lk
2026-W04,rust,6.1,topjobs_lk
2026-W05,rust,13.6,topjobs_lk
2026-W06,rust,14.0,topjobs_lk
2026-W07,rust,10.1,topjobs_lk
2026-W08,rust,2.6,topjobs_lk
2026-W09,rust,7.4,topjobs_lk
2026-W10,rust,2.0,topjobs_lk
2026-W11,rust,6.9,topjobs_lk
2026-W12,rust,6.3,topjobs_lk
2026-W13,rust,3.9,topjobs_lk
2026-W14,rust,13.8,topjobs_lk
2026-W15,rust,14.0,topjobs_lk
2026-W16,rust,5.0,topjobs_lk
2026-W17,rust,3.7,topjobs_lk
2026-W18,rust,12.3,topjobs_lk
2026-W19,rust,3.6,topjobs_lk
2026-W20,rust,9.3,topjobs_lk
2026-W21,rust,13.9,topjobs_lk
2026-W22,rust,8.0,topjobs_lk
2026-W23,rust,10.0,topjobs_lk
2026-W24,rust,5.3,topjobs_lk
2026-W25,rust,13.2,topjobs_lk
2024-W01,php,38.3,topjobs_lk
2024-W02,php,37.7,topjobs_lk
2024-W03,php,46.8,topjobs_lk
2024-W04,php,40.3,topjobs_lk
2024-W05,php,44.5,topjobs_lk
2024-W06,php,48.5,topjobs_lk
2024-W07,php,33.8,topjobs_lk
2024-W08,php,37.6,topjobs_lk
2024-W09,php,37.1,topjobs_lk
2024-W10,php,37.9,topjobs_lk
2024-W11,php,42.2,topjobs_lk
2024-W12,php,37.2,topjobs_lk
2024-W13,php,37.9,topjobs_lk
2024-W14,php,38.0,topjobs_lk
2024-W15,php,43.9,topjobs_lk
2024-W16,php,42.6,topjobs_lk
2024-W17,php,36.0,topjobs_lk
2024-W18,php,43.5,topjobs_lk
2024-W19,php,35.1,topjobs_lk
2024-W20,php,35.6,topjobs_lk
2024-W21,php,34.4,topjobs_lk
2024-W22,php,42.5,topjobs_lk
2024-W23,php,41.5,topjobs_lk
2024-W24,php,34.7,topjobs_lk
2024-W25,php,37.0,topjobs_lk
2024-W26,php,32.7,topjobs_lk
2024-W27,php,39.0,topjobs_lk
2024-W28,php,32.5,topjobs_lk
2024-W29,php,39.0,topjobs_lk
2024-W30,php,30.0,topjobs_lk
2024-W31,php,42.4,topjobs_lk
2024-W32,php,34.5,topjobs_lk
2024-W33,php,41.8,topjobs_lk
2024-W34,php,40.2,topjobs_lk
2024-W35,php,37.3,topjobs_lk
2024-W36,php,36.2,topjobs_lk
2024-W37,php,49.9,topjobs_lk
2024-W38,php,38.3,topjobs_lk
2024-W39,php,31.4,topjobs_lk
2024-W40,php,40.8,topjobs_lk
2024-W41,php,36.7,topjobs_lk
2024-W42,php,33.3,topjobs_lk
2024-W43,php,40.0,topjobs_lk
2024-W44,php,36.9,topjobs_lk
2024-W45,php,34.9,topjobs_lk
2024-W46,php,38.9,topjobs_lk
2024-W47,php,36.6,topjobs_lk
2024-W48,php,34.9,topjobs_lk
2024-W49,php,30.1,topjobs_lk
2024-W50,php,36.5,topjobs_lk
2024-W51,php,30.3,topjobs_lk
2024-W52,php,25.2,topjobs_lk
2024-W53,php,34.9,topjobs_lk
2025-W01,php,28.8,topjobs_lk
2025-W02,php,34.5,topjobs_lk
2025-W03,php,31.6,topjobs_lk
2025-W04,php,40.8,topjobs_lk
2025-W05,php,38.0,topjobs_lk
2025-W06,php,32.6,topjobs_lk
2025-W07,php,29.3,topjobs_lk
2025-W08,php,35.3,topjobs_lk
2025-W09,php,39.0,topjobs_lk
2025-W10,php,36.9,topjobs_lk
2025-W11,php,21.8,topjobs_lk
2025-W12,php,33.7,topjobs_lk
2025-W13,php,35.9,topjobs_lk
2025-W14,php,23.4,topjobs_lk
2025-W15,php,37.0,topjobs_lk
2025-W16,php,29.5,topjobs_lk
2025-W17,php,35.3,topjobs_lk
2025-W18,php,36.2,topjobs_lk
2025-W19,php,35.1,topjobs_lk
2025-W20,php,38.1,topjobs_lk
2025-W21,php,36.3,topjobs_lk
2025-W22,php,33.3,topjobs_lk
2025-W23,php,27.5,topjobs_lk
2025-W24,php,22.2,topjobs_lk
2025-W25,php,33.2,topjobs_lk
2025-W26,php,35.3,topjobs_lk
2025-W27,php,31.4,topjobs_lk
2025-W28,php,27.3,topjobs_lk
2025-W29,php,28.3,topjobs_lk
2025-W30,php,34.7,topjobs_lk
2025-W31,php,27.8,topjobs_lk
2025-W32,php,33.3,topjobs_lk
2025-W33,php,34.1,topjobs_lk
2025-W34,php,37.1,topjobs_lk
2025-W35,php,35.9,topjobs_lk
2025-W36,php,29.7,topjobs_lk
2025-W37,php,34.2,topjobs_lk
2025-W38,php,26.8,topjobs_lk
2025-W39,php,28.4,topjobs_lk
2025-W40,php,30.8,topjobs_lk
2025-W41,php,33.8,topjobs_lk
2025-W42,php,34.5,topjobs_lk
2025-W43,php,41.8,topjobs_lk
2025-W44,php,32.8,topjobs_lk
2025-W45,php,34.3,topjobs_lk
2025-W46,php,34.2,topjobs_lk
2025-W47,php,28.2,topjobs_lk
2025-W48,php,21.0,topjobs_lk
2025-W49,php,27.3,topjobs_lk
2025-W50,php,25.5,topjobs_lk
2025-W51,php,32.3,topjobs_lk
2025-W52,php,21.6,topjobs_lk
2026-W01,php,32.2,topjobs_lk
2026-W02,php,36.0,topjobs_lk
2026-W03,php,31.7,topjobs_lk
2026-W04,php,32.0,topjobs_lk
2026-W05,php,30.5,topjobs_lk
2026-W06,php,35.6,topjobs_lk
2026-W07,php,29.5,topjobs_lk
2026-W08,php,36.3,topjobs_lk
2026-W09,php,28.8,topjobs_lk
2026-W10,php,25.7,topjobs_lk
2026-W11,php,26.6,topjobs_lk
2026-W12,php,24.4,topjobs_lk
2026-W13,php,27.9,topjobs_lk
2026-W14,php,25.3,topjobs_lk
2026-W15,php,31.2,topjobs_lk
2026-W16,php,21.4,topjobs_lk
2026-W17,php,18.4,topjobs_lk
2026-W18,php,26.6,topjobs_lk
2026-W19,php,12.8,topjobs_lk
2026-W20,php,29.4,topjobs_lk
2026-W21,php,28.4,topjobs_lk
2026-W22,php,21.8,topjobs_lk
2026-W23,php,24.7,topjobs_lk
2026-W24,php,28.3,topjobs_lk
2026-W25,php,27.6,topjobs_lk
2024-W01,csharp,61.6,topjobs_lk
2024-W02,csharp,58.4,topjobs_lk
2024-W03,csharp,70.3,topjobs_lk
2024-W04,csharp,66.3,topjobs_lk
2024-W05,csharp,54.3,topjobs_lk
2024-W06,csharp,61.5,topjobs_lk
2024-W07,csharp,60.0,topjobs_lk
2024-W08,csharp,69.0,topjobs_lk
2024-W09,csharp,67.7,topjobs_lk
2024-W10,csharp,67.0,topjobs_lk
2024-W11,csharp,69.7,topjobs_lk
2024-W12,csharp,53.6,topjobs_lk
2024-W13,csharp,54.8,topjobs_lk
2024-W14,csharp,67.1,topjobs_lk
2024-W15,csharp,65.0,topjobs_lk
2024-W16,csharp,59.0,topjobs_lk
2024-W17,csharp,61.3,topjobs_lk
2024-W18,csharp,69.2,topjobs_lk
2024-W19,csharp,50.5,topjobs_lk
2024-W20,csharp,58.2,topjobs_lk
2024-W21,csharp,59.2,topjobs_lk
2024-W22,csharp,65.5,topjobs_lk
2024-W23,csharp,57.3,topjobs_lk
2024-W24,csharp,57.3,topjobs_lk
2024-W25,csharp,60.3,topjobs_lk
2024-W26,csharp,55.5,topjobs_lk
2024-W27,csharp,60.9,topjobs_lk
2024-W28,csharp,59.7,topjobs_lk
2024-W29,csharp,67.7,topjobs_lk
2024-W30,csharp,68.5,topjobs_lk
2024-W31,csharp,60.6,topjobs_lk
2024-W32,csharp,63.0,topjobs_lk
2024-W33,csharp,60.5,topjobs_lk
2024-W34,csharp,64.9,topjobs_lk
2024-W35,csharp,56.8,topjobs_lk
2024-W36,csharp,63.2,topjobs_lk
2024-W37,csharp,65.0,topjobs_lk
2024-W38,csharp,66.9,topjobs_lk
2024-W39,csharp,57.8,topjobs_lk
2024-W40,csharp,55.8,topjobs_lk
2024-W41,csharp,62.3,topjobs_lk
2024-W42,csharp,62.3,topjobs_lk
2024-W43,csharp,58.2,topjobs_lk
2024-W44,csharp,61.2,topjobs_lk
2024-W45,csharp,60.9,topjobs_lk
2024-W46,csharp,63.9,topjobs_lk
2024-W47,csharp,65.7,topjobs_lk
2024-W48,csharp,66.2,topjobs_lk
2024-W49,csharp,64.8,topjobs_lk
2024-W50,csharp,54.5,topjobs_lk
2024-W51,csharp,66.3,topjobs_lk
2024-W52,csharp,62.0,topjobs_lk
2024-W53,csharp,58.0,topjobs_lk
2025-W01,csharp,56.0,topjobs_lk
2025-W02,csharp,66.9,topjobs_lk
2025-W03,csharp,69.8,topjobs_lk
2025-W04,csharp,68.2,topjobs_lk
2025-W05,csharp,62.3,topjobs_lk
2025-W06,csharp,59.9,topjobs_lk
2025-W07,csharp,74.0,topjobs_lk
2025-W08,csharp,60.2,topjobs_lk
2025-W09,csharp,48.9,topjobs_lk
2025-W10,csharp,49.1,topjobs_lk
2025-W11,csharp,52.4,topjobs_lk
2025-W12,csharp,60.2,topjobs_lk
2025-W13,csharp,55.2,topjobs_lk
2025-W14,csharp,60.4,topjobs_lk
2025-W15,csharp,60.9,topjobs_lk
2025-W16,csharp,60.1,topjobs_lk
2025-W17,csharp,64.8,topjobs_lk
2025-W18,csharp,51.3,topjobs_lk
2025-W19,csharp,62.0,topjobs_lk
2025-W20,csharp,54.4,topjobs_lk
2025-W21,csharp,58.7,topjobs_lk
2025-W22,csharp,55.3,topjobs_lk
2025-W23,csharp,63.2,topjobs_lk
2025-W24,csharp,64.9,topjobs_lk
2025-W25,csharp,64.0,topjobs_lk
2025-W26,csharp,59.1,topjobs_lk
2025-W27,csharp,63.7,topjobs_lk
2025-W28,csharp,66.1,topjobs_lk
2025-W29,csharp,61.8,topjobs_lk
2025-W30,csharp,61.3,topjobs_lk
2025-W31,csharp,65.2,topjobs_lk
2025-W32,csharp,65.8,topjobs_lk
2025-W33,csharp,55.3,topjobs_lk
2025-W34,csharp,67.1,topjobs_lk
2025-W35,csharp,60.9,topjobs_lk
2025-W36,csharp,60.5,topjobs_lk
2025-W37,csharp,63.2,topjobs_lk
2025-W38,csharp,67.0,topjobs_lk
2025-W39,csharp,51.9,topjobs_lk
2025-W40,csharp,53.3,topjobs_lk
2025-W41,csharp,60.7,topjobs_lk
2025-W42,csharp,60.9,topjobs_lk
2025-W43,csharp,55.8,topjobs_lk
2025-W44,csharp,59.5,topjobs_lk
2025-W45,csharp,66.1,topjobs_lk
2025-W46,csharp,64.1,topjobs_lk
2025-W47,csharp,67.1,topjobs_lk
2025-W48,csharp,53.0,topjobs_lk
2025-W49,csharp,59.8,topjobs_lk
2025-W50,csharp,67.3,topjobs_lk
2025-W51,csharp,55.7,topjobs_lk
2025-W52,csharp,62.3,topjobs_lk
2026-W01,csharp,49.5,topjobs_lk
2026-W02,csharp,58.8,topjobs_lk
2026-W03,csharp,56.0,topjobs_lk
2026-W04,csharp,56.1,topjobs_lk
2026-W05,csharp,52.1,topjobs_lk
2026-W06,csharp,54.1,topjobs_lk
2026-W07,csharp,62.4,topjobs_lk
2026-W08,csharp,64.8,topjobs_lk
2026-W09,csharp,54.8,topjobs_lk
2026-W10,csharp,63.8,topjobs_lk
2026-W11,csharp,59.7,topjobs_lk
2026-W12,csharp,60.0,topjobs_lk
2026-W13,csharp,62.9,topjobs_lk
2026-W14,csharp,57.1,topjobs_lk
2026-W15,csharp,49.6,topjobs_lk
2026-W16,csharp,50.4,topjobs_lk
2026-W17,csharp,57.9,topjobs_lk
2026-W18,csharp,56.3,topjobs_lk
2026-W19,csharp,63.1,topjobs_lk
2026-W20,csharp,60.3,topjobs_lk
2026-W21,csharp,66.6,topjobs_lk
2026-W22,csharp,44.1,topjobs_lk
2026-W23,csharp,60.8,topjobs_lk
2026-W24,csharp,46.6,topjobs_lk
2026-W25,csharp,64.5,topjobs_lk
2024-W01,cpp,19.4,topjobs_lk
2024-W02,cpp,23.9,topjobs_lk
2024-W03,cpp,14.5,topjobs_lk
2024-W04,cpp,18.3,topjobs_lk
2024-W05,cpp,22.5,topjobs_lk
2024-W06,cpp,16.1,topjobs_lk
2024-W07,cpp,24.1,topjobs_lk
2024-W08,cpp,21.6,topjobs_lk
2024-W09,cpp,20.6,topjobs_lk
2024-W10,cpp,18.7,topjobs_lk
2024-W11,cpp,18.4,topjobs_lk
2024-W12,cpp,20.0,topjobs_lk
2024-W13,cpp,20.2,topjobs_lk
2024-W14,cpp,21.7,topjobs_lk
2024-W15,cpp,22.6,topjobs_lk
2024-W16,cpp,25.7,topjobs_lk
2024-W17,cpp,16.2,topjobs_lk
2024-W18,cpp,19.3,topjobs_lk
2024-W19,cpp,19.3,topjobs_lk
2024-W20,cpp,26.3,topjobs_lk
2024-W21,cpp,13.5,topjobs_lk
2024-W22,cpp,24.7,topjobs_lk
2024-W23,cpp,12.9,topjobs_lk
2024-W24,cpp,15.6,topjobs_lk
2024-W25,cpp,18.1,topjobs_lk
2024-W26,cpp,20.5,topjobs_lk
2024-W27,cpp,16.1,topjobs_lk
2024-W28,cpp,14.8,topjobs_lk
2024-W29,cpp,15.1,topjobs_lk
2024-W30,cpp,28.8,topjobs_lk
2024-W31,cpp,27.8,topjobs_lk
2024-W32,cpp,23.7,topjobs_lk
2024-W33,cpp,15.1,topjobs_lk
2024-W34,cpp,29.6,topjobs_lk
2024-W35,cpp,16.7,topjobs_lk
2024-W36,cpp,35.0,topjobs_lk
2024-W37,cpp,18.8,topjobs_lk
2024-W38,cpp,17.2,topjobs_lk
2024-W39,cpp,18.3,topjobs_lk
2024-W40,cpp,22.4,topjobs_lk
2024-W41,cpp,14.6,topjobs_lk
2024-W42,cpp,19.4,topjobs_lk
2024-W43,cpp,13.5,topjobs_lk
2024-W44,cpp,15.8,topjobs_lk
2024-W45,cpp,22.6,topjobs_lk
2024-W46,cpp,18.8,topjobs_lk
2024-W47,cpp,17.3,topjobs_lk
2024-W48,cpp,25.9,topjobs_lk
2024-W49,cpp,12.3,topjobs_lk
2024-W50,cpp,15.0,topjobs_lk
2024-W51,cpp,26.0,topjobs_lk
2024-W52,cpp,21.0,topjobs_lk
2024-W53,cpp,21.8,topjobs_lk
2025-W01,cpp,21.9,topjobs_lk
2025-W02,cpp,26.6,topjobs_lk
2025-W03,cpp,21.9,topjobs_lk
2025-W04,cpp,8.3,topjobs_lk
2025-W05,cpp,20.5,topjobs_lk
2025-W06,cpp,22.5,topjobs_lk
2025-W07,cpp,15.7,topjobs_lk
2025-W08,cpp,22.6,topjobs_lk
2025-W09,cpp,15.1,topjobs_lk
2025-W10,cpp,12.1,topjobs_lk
2025-W11,cpp,19.1,topjobs_lk
2025-W12,cpp,20.6,topjobs_lk
2025-W13,cpp,22.7,topjobs_lk
2025-W14,cpp,16.8,topjobs_lk
2025-W15,cpp,19.6,topjobs_lk
2025-W16,cpp,16.8,topjobs_lk
2025-W17,cpp,15.1,topjobs_lk
2025-W18,cpp,21.7,topjobs_lk
2025-W19,cpp,16.6,topjobs_lk
2025-W20,cpp,20.3,topjobs_lk
2025-W21,cpp,21.9,topjobs_lk
2025-W22,cpp,23.6,topjobs_lk
2025-W23,cpp,21.9,topjobs_lk
2025-W24,cpp,24.0,topjobs_lk
2025-W25,cpp,20.1,topjobs_lk
2025-W26,cpp,16.1,topjobs_lk
2025-W27,cpp,20.2,topjobs_lk
2025-W28,cpp,23.4,topjobs_lk
2025-W29,cpp,12.3,topjobs_lk
2025-W30,cpp,17.5,topjobs_lk
2025-W31,cpp,27.8,topjobs_lk
2025-W32,cpp,20.0,topjobs_lk
2025-W33,cpp,16.6,topjobs_lk
2025-W34,cpp,13.1,topjobs_lk
2025-W35,cpp,14.7,topjobs_lk
2025-W36,cpp,17.5,topjobs_lk
2025-W37,cpp,22.3,topjobs_lk
2025-W38,cpp,13.3,topjobs_lk
2025-W39,cpp,28.1,topjobs_lk
2025-W40,cpp,19.2,topjobs_lk
2025-W41,cpp,18.1,topjobs_lk
2025-W42,cpp,21.9,topjobs_lk
2025-W43,cpp,18.8,topjobs_lk
2025-W44,cpp,24.2,topjobs_lk
2025-W45,cpp,13.5,topjobs_lk
2025-W46,cpp,18.0,topjobs_lk
2025-W47,cpp,21.7,topjobs_lk
2025-W48,cpp,13.9,topjobs_lk
2025-W49,cpp,8.4,topjobs_lk
2025-W50,cpp,16.9,topjobs_lk
2025-W51,cpp,17.9,topjobs_lk
2025-W52,cpp,16.0,topjobs_lk
2026-W01,cpp,16.0,topjobs_lk
2026-W02,cpp,22.5,topjobs_lk
2026-W03,cpp,12.9,topjobs_lk
2026-W04,cpp,17.0,topjobs_lk
2026-W05,cpp,18.4,topjobs_lk
2026-W06,cpp,16.4,topjobs_lk
2026-W07,cpp,20.6,topjobs_lk
2026-W08,cpp,14.8,topjobs_lk
2026-W09,cpp,11.3,topjobs_lk
2026-W10,cpp,10.5,topjobs_lk
2026-W11,cpp,14.1,topjobs_lk
2026-W12,cpp,13.4,topjobs_lk
2026-W13,cpp,19.5,topjobs_lk
2026-W14,cpp,22.5,topjobs_lk
2026-W15,cpp,18.4,topjobs_lk
2026-W16,cpp,21.9,topjobs_lk
2026-W17,cpp,15.6,topjobs_lk
2026-W18,cpp,21.1,topjobs_lk
2026-W19,cpp,10.0,topjobs_lk
2026-W20,cpp,15.4,topjobs_lk
2026-W21,cpp,19.3,topjobs_lk
2026-W22,cpp,13.9,topjobs_lk
2026-W23,cpp,9.8,topjobs_lk
2026-W24,cpp,21.3,topjobs_lk
2026-W25,cpp,16.4,topjobs_lk
2024-W01,kotlin,11.1,topjobs_lk
2024-W02,kotlin,16.7,topjobs_lk
2024-W03,kotlin,10.6,topjobs_lk
2024-W04,kotlin,16.0,topjobs_lk
2024-W05,kotlin,15.5,topjobs_lk
2024-W06,kotlin,2.9,topjobs_lk
2024-W07,kotlin,17.0,topjobs_lk
2024-W08,kotlin,7.3,topjobs_lk
2024-W09,kotlin,10.8,topjobs_lk
2024-W10,kotlin,10.5,topjobs_lk
2024-W11,kotlin,18.9,topjobs_lk
2024-W12,kotlin,11.4,topjobs_lk
2024-W13,kotlin,25.7,topjobs_lk
2024-W14,kotlin,20.7,topjobs_lk
2024-W15,kotlin,13.4,topjobs_lk
2024-W16,kotlin,11.0,topjobs_lk
2024-W17,kotlin,8.5,topjobs_lk
2024-W18,kotlin,6.0,topjobs_lk
2024-W19,kotlin,7.0,topjobs_lk
2024-W20,kotlin,10.7,topjobs_lk
2024-W21,kotlin,4.2,topjobs_lk
2024-W22,kotlin,18.2,topjobs_lk
2024-W23,kotlin,14.3,topjobs_lk
2024-W24,kotlin,12.1,topjobs_lk
2024-W25,kotlin,18.1,topjobs_lk
2024-W26,kotlin,17.7,topjobs_lk
2024-W27,kotlin,12.9,topjobs_lk
2024-W28,kotlin,15.4,topjobs_lk
2024-W29,kotlin,21.3,topjobs_lk
2024-W30,kotlin,17.6,topjobs_lk
2024-W31,kotlin,6.4,topjobs_lk
2024-W32,kotlin,19.9,topjobs_lk
2024-W33,kotlin,12.8,topjobs_lk
2024-W34,kotlin,7.7,topjobs_lk
2024-W35,kotlin,19.2,topjobs_lk
2024-W36,kotlin,21.8,topjobs_lk
2024-W37,kotlin,14.5,topjobs_lk
2024-W38,kotlin,14.7,topjobs_lk
2024-W39,kotlin,19.9,topjobs_lk
2024-W40,kotlin,12.4,topjobs_lk
2024-W41,kotlin,14.0,topjobs_lk
2024-W42,kotlin,14.2,topjobs_lk
2024-W43,kotlin,16.6,topjobs_lk
2024-W44,kotlin,12.3,topjobs_lk
2024-W45,kotlin,18.3,topjobs_lk
2024-W46,kotlin,13.8,topjobs_lk
2024-W47,kotlin,21.8,topjobs_lk
2024-W48,kotlin,19.9,topjobs_lk
2024-W49,kotlin,9.4,topjobs_lk
2024-W50,kotlin,13.6,topjobs_lk
2024-W51,kotlin,17.4,topjobs_lk
2024-W52,kotlin,7.6,topjobs_lk
2024-W53,kotlin,11.1,topjobs_lk
2025-W01,kotlin,16.8,topjobs_lk
2025-W02,kotlin,10.1,topjobs_lk
2025-W03,kotlin,12.1,topjobs_lk
2025-W04,kotlin,18.1,topjobs_lk
2025-W05,kotlin,14.4,topjobs_lk
2025-W06,kotlin,15.1,topjobs_lk
2025-W07,kotlin,14.7,topjobs_lk
2025-W08,kotlin,16.6,topjobs_lk
2025-W09,kotlin,18.7,topjobs_lk
2025-W10,kotlin,14.7,topjobs_lk
2025-W11,kotlin,16.3,topjobs_lk
2025-W12,kotlin,6.9,topjobs_lk
2025-W13,kotlin,17.2,topjobs_lk
2025-W14,kotlin,8.2,topjobs_lk
2025-W15,kotlin,12.9,topjobs_lk
2025-W16,kotlin,15.2,topjobs_lk
2025-W17,kotlin,19.3,topjobs_lk
2025-W18,kotlin,19.2,topjobs_lk
2025-W19,kotlin,16.2,topjobs_lk
2025-W20,kotlin,15.4,topjobs_lk
2025-W21,kotlin,18.5,topjobs_lk
2025-W22,kotlin,27.9,topjobs_lk
2025-W23,kotlin,21.6,topjobs_lk
2025-W24,kotlin,16.7,topjobs_lk
2025-W25,kotlin,14.5,topjobs_lk
2025-W26,kotlin,14.5,topjobs_lk
2025-W27,kotlin,22.5,topjobs_lk
2025-W28,kotlin,16.1,topjobs_lk
2025-W29,kotlin,17.2,topjobs_lk
2025-W30,kotlin,7.1,topjobs_lk
2025-W31,kotlin,13.3,topjobs_lk
2025-W32,kotlin,17.6,topjobs_lk
2025-W33,kotlin,18.0,topjobs_lk
2025-W34,kotlin,19.0,topjobs_lk
2025-W35,kotlin,23.0,topjobs_lk
2025-W36,kotlin,14.3,topjobs_lk
2025-W37,kotlin,19.6,topjobs_lk
2025-W38,kotlin,15.1,topjobs_lk
2025-W39,kotlin,16.2,topjobs_lk
2025-W40,kotlin,12.3,topjobs_lk
2025-W41,kotlin,25.2,topjobs_lk
2025-W42,kotlin,18.6,topjobs_lk
2025-W43,kotlin,18.1,topjobs_lk
2025-W44,kotlin,6.6,topjobs_lk
2025-W45,kotlin,17.0,topjobs_lk
2025-W46,kotlin,17.2,topjobs_lk
2025-W47,kotlin,9.8,topjobs_lk
2025-W48,kotlin,13.9,topjobs_lk
2025-W49,kotlin,14.8,topjobs_lk
2025-W50,kotlin,19.7,topjobs_lk
2025-W51,kotlin,21.2,topjobs_lk
2025-W52,kotlin,27.1,topjobs_lk
2026-W01,kotlin,17.2,topjobs_lk
2026-W02,kotlin,8.9,topjobs_lk
2026-W03,kotlin,17.8,topjobs_lk
2026-W04,kotlin,15.1,topjobs_lk
2026-W05,kotlin,14.3,topjobs_lk
2026-W06,kotlin,16.1,topjobs_lk
2026-W07,kotlin,10.8,topjobs_lk
2026-W08,kotlin,16.5,topjobs_lk
2026-W09,kotlin,17.3,topjobs_lk
2026-W10,kotlin,20.3,topjobs_lk
2026-W11,kotlin,16.4,topjobs_lk
2026-W12,kotlin,15.9,topjobs_lk
2026-W13,kotlin,21.5,topjobs_lk
2026-W14,kotlin,21.7,topjobs_lk
2026-W15,kotlin,20.2,topjobs_lk
2026-W16,kotlin,15.8,topjobs_lk
2026-W17,kotlin,14.2,topjobs_lk
2026-W18,kotlin,25.3,topjobs_lk
2026-W19,kotlin,15.1,topjobs_lk
2026-W20,kotlin,16.6,topjobs_lk
2026-W21,kotlin,21.1,topjobs_lk
2026-W22,kotlin,16.3,topjobs_lk
2026-W23,kotlin,27.0,topjobs_lk
2026-W24,kotlin,24.0,topjobs_lk
2026-W25,kotlin,15.9,topjobs_lk
2024-W01,swift,2.0,topjobs_lk
2024-W02,swift,12.4,topjobs_lk
2024-W03,swift,20.2,topjobs_lk
2024-W04,swift,15.7,topjobs_lk
2024-W05,swift,11.2,topjobs_lk
2024-W06,swift,4.3,topjobs_lk
2024-W07,swift,9.5,topjobs_lk
2024-W08,swift,6.5,topjobs_lk
2024-W09,swift,3.9,topjobs_lk
2024-W10,swift,10.8,topjobs_lk
2024-W11,swift,14.2,topjobs_lk
2024-W12,swift,6.3,topjobs_lk
2024-W13,swift,10.7,topjobs_lk
2024-W14,swift,7.1,topjobs_lk
2024-W15,swift,10.9,topjobs_lk
2024-W16,swift,13.5,topjobs_lk
2024-W17,swift,11.4,topjobs_lk
2024-W18,swift,17.5,topjobs_lk
2024-W19,swift,6.5,topjobs_lk
2024-W20,swift,3.1,topjobs_lk
2024-W21,swift,13.6,topjobs_lk
2024-W22,swift,3.4,topjobs_lk
2024-W23,swift,6.3,topjobs_lk
2024-W24,swift,4.2,topjobs_lk
2024-W25,swift,15.0,topjobs_lk
2024-W26,swift,2.0,topjobs_lk
2024-W27,swift,9.2,topjobs_lk
2024-W28,swift,13.1,topjobs_lk
2024-W29,swift,11.9,topjobs_lk
2024-W30,swift,15.5,topjobs_lk
2024-W31,swift,2.0,topjobs_lk
2024-W32,swift,6.3,topjobs_lk
2024-W33,swift,9.8,topjobs_lk
2024-W34,swift,11.0,topjobs_lk
2024-W35,swift,8.3,topjobs_lk
2024-W36,swift,12.1,topjobs_lk
2024-W37,swift,2.0,topjobs_lk
2024-W38,swift,12.7,topjobs_lk
2024-W39,swift,7.5,topjobs_lk
2024-W40,swift,2.5,topjobs_lk
2024-W41,swift,16.7,topjobs_lk
2024-W42,swift,14.0,topjobs_lk
2024-W43,swift,5.8,topjobs_lk
2024-W44,swift,11.7,topjobs_lk
2024-W45,swift,10.7,topjobs_lk
2024-W46,swift,3.8,topjobs_lk
2024-W47,swift,2.0,topjobs_lk
2024-W48,swift,2.2,topjobs_lk
2024-W49,swift,15.5,topjobs_lk
2024-W50,swift,18.4,topjobs_lk
2024-W51,swift,7.3,topjobs_lk
2024-W52,swift,7.4,topjobs_lk
2024-W53,swift,2.0,topjobs_lk
2025-W01,swift,9.2,topjobs_lk
2025-W02,swift,10.1,topjobs_lk
2025-W03,swift,4.5,topjobs_lk
2025-W04,swift,2.0,topjobs_lk
2025-W05,swift,2.0,topjobs_lk
2025-W06,swift,4.0,topjobs_lk
2025-W07,swift,2.0,topjobs_lk
2025-W08,swift,2.7,topjobs_lk
2025-W09,swift,3.2,topjobs_lk
2025-W10,swift,11.3,topjobs_lk
2025-W11,swift,3.3,topjobs_lk
2025-W12,swift,11.3,topjobs_lk
2025-W13,swift,2.0,topjobs_lk
2025-W14,swift,9.7,topjobs_lk
2025-W15,swift,8.9,topjobs_lk
2025-W16,swift,7.7,topjobs_lk
2025-W17,swift,15.8,topjobs_lk
2025-W18,swift,14.2,topjobs_lk
2025-W19,swift,6.8,topjobs_lk
2025-W20,swift,3.4,topjobs_lk
2025-W21,swift,13.7,topjobs_lk
2025-W22,swift,9.5,topjobs_lk
2025-W23,swift,5.3,topjobs_lk
2025-W24,swift,5.6,topjobs_lk
2025-W25,swift,8.8,topjobs_lk
2025-W26,swift,2.0,topjobs_lk
2025-W27,swift,5.7,topjobs_lk
2025-W28,swift,4.2,topjobs_lk
2025-W29,swift,18.5,topjobs_lk
2025-W30,swift,2.0,topjobs_lk
2025-W31,swift,8.0,topjobs_lk
2025-W32,swift,7.5,topjobs_lk
2025-W33,swift,11.5,topjobs_lk
2025-W34,swift,5.0,topjobs_lk
2025-W35,swift,10.1,topjobs_lk
2025-W36,swift,15.9,topjobs_lk
2025-W37,swift,5.5,topjobs_lk
2025-W38,swift,10.1,topjobs_lk
2025-W39,swift,15.0,topjobs_lk
2025-W40,swift,12.7,topjobs_lk
2025-W41,swift,15.3,topjobs_lk
2025-W42,swift,3.4,topjobs_lk
2025-W43,swift,2.0,topjobs_lk
2025-W44,swift,8.5,topjobs_lk
2025-W45,swift,4.1,topjobs_lk
2025-W46,swift,7.8,topjobs_lk
2025-W47,swift,8.3,topjobs_lk
2025-W48,swift,3.6,topjobs_lk
2025-W49,swift,15.0,topjobs_lk
2025-W50,swift,13.0,topjobs_lk
2025-W51,swift,8.1,topjobs_lk
2025-W52,swift,10.0,topjobs_lk
2026-W01,swift,12.5,topjobs_lk
2026-W02,swift,12.5,topjobs_lk
2026-W03,swift,9.0,topjobs_lk
2026-W04,swift,9.5,topjobs_lk
2026-W05,swift,2.0,topjobs_lk
2026-W06,swift,8.7,topjobs_lk
2026-W07,swift,7.5,topjobs_lk
2026-W08,swift,11.2,topjobs_lk
2026-W09,swift,6.3,topjobs_lk
2026-W10,swift,2.0,topjobs_lk
2026-W11,swift,3.8,topjobs_lk
2026-W12,swift,3.8,topjobs_lk
2026-W13,swift,11.9,topjobs_lk
2026-W14,swift,9.1,topjobs_lk
2026-W15,swift,11.5,topjobs_lk
2026-W16,swift,3.1,topjobs_lk
2026-W17,swift,4.4,topjobs_lk
2026-W18,swift,2.0,topjobs_lk
2026-W19,swift,6.2,topjobs_lk
2026-W20,swift,4.9,topjobs_lk
2026-W21,swift,10.9,topjobs_lk
2026-W22,swift,9.9,topjobs_lk
2026-W23,swift,7.6,topjobs_lk
2026-W24,swift,2.0,topjobs_lk
2026-W25,swift,2.0,topjobs_lk
2024-W01,ruby,3.0,topjobs_lk
2024-W02,ruby,10.6,topjobs_lk
2024-W03,ruby,3.5,topjobs_lk
2024-W04,ruby,2.0,topjobs_lk
2024-W05,ruby,4.7,topjobs_lk
2024-W06,ruby,14.6,topjobs_lk
2024-W07,ruby,2.8,topjobs_lk
2024-W08,ruby,14.5,topjobs_lk
2024-W09,ruby,9.8,topjobs_lk
2024-W10,ruby,9.4,topjobs_lk
2024-W11,ruby,7.8,topjobs_lk
2024-W12,ruby,10.4,topjobs_lk
2024-W13,ruby,6.3,topjobs_lk
2024-W14,ruby,2.0,topjobs_lk
2024-W15,ruby,2.0,topjobs_lk
2024-W16,ruby,11.8,topjobs_lk
2024-W17,ruby,5.3,topjobs_lk
2024-W18,ruby,4.0,topjobs_lk
2024-W19,ruby,4.0,topjobs_lk
2024-W20,ruby,4.7,topjobs_lk
2024-W21,ruby,2.6,topjobs_lk
2024-W22,ruby,12.9,topjobs_lk
2024-W23,ruby,3.3,topjobs_lk
2024-W24,ruby,6.7,topjobs_lk
2024-W25,ruby,10.0,topjobs_lk
2024-W26,ruby,2.3,topjobs_lk
2024-W27,ruby,4.3,topjobs_lk
2024-W28,ruby,10.8,topjobs_lk
2024-W29,ruby,3.9,topjobs_lk
2024-W30,ruby,11.0,topjobs_lk
2024-W31,ruby,9.2,topjobs_lk
2024-W32,ruby,7.4,topjobs_lk
2024-W33,ruby,8.0,topjobs_lk
2024-W34,ruby,6.9,topjobs_lk
2024-W35,ruby,7.8,topjobs_lk
2024-W36,ruby,8.8,topjobs_lk
2024-W37,ruby,7.9,topjobs_lk
2024-W38,ruby,2.2,topjobs_lk
2024-W39,ruby,6.7,topjobs_lk
2024-W40,ruby,2.6,topjobs_lk
2024-W41,ruby,6.7,topjobs_lk
2024-W42,ruby,12.7,topjobs_lk
2024-W43,ruby,11.1,topjobs_lk
2024-W44,ruby,8.1,topjobs_lk
2024-W45,ruby,11.3,topjobs_lk
2024-W46,ruby,13.4,topjobs_lk
2024-W47,ruby,2.0,topjobs_lk
2024-W48,ruby,9.4,topjobs_lk
2024-W49,ruby,5.1,topjobs_lk
2024-W50,ruby,2.7,topjobs_lk
2024-W51,ruby,10.6,topjobs_lk
2024-W52,ruby,2.0,topjobs_lk
2024-W53,ruby,11.8,topjobs_lk
2025-W01,ruby,2.0,topjobs_lk
2025-W02,ruby,10.7,topjobs_lk
2025-W03,ruby,5.1,topjobs_lk
2025-W04,ruby,6.6,topjobs_lk
2025-W05,ruby,2.0,topjobs_lk
2025-W06,ruby,2.0,topjobs_lk
2025-W07,ruby,9.2,topjobs_lk
2025-W08,ruby,3.6,topjobs_lk
2025-W09,ruby,2.0,topjobs_lk
2025-W10,ruby,8.3,topjobs_lk
2025-W11,ruby,4.3,topjobs_lk
2025-W12,ruby,2.0,topjobs_lk
2025-W13,ruby,6.9,topjobs_lk
2025-W14,ruby,2.0,topjobs_lk
2025-W15,ruby,3.9,topjobs_lk
2025-W16,ruby,12.1,topjobs_lk
2025-W17,ruby,8.4,topjobs_lk
2025-W18,ruby,7.7,topjobs_lk
2025-W19,ruby,14.1,topjobs_lk
2025-W20,ruby,2.0,topjobs_lk
2025-W21,ruby,6.7,topjobs_lk
2025-W22,ruby,6.0,topjobs_lk
2025-W23,ruby,13.0,topjobs_lk
2025-W24,ruby,11.1,topjobs_lk
2025-W25,ruby,6.7,topjobs_lk
2025-W26,ruby,6.2,topjobs_lk
2025-W27,ruby,7.6,topjobs_lk
2025-W28,ruby,2.0,topjobs_lk
2025-W29,ruby,4.4,topjobs_lk
2025-W30,ruby,3.1,topjobs_lk
2025-W31,ruby,2.0,topjobs_lk
2025-W32,ruby,2.0,topjobs_lk
2025-W33,ruby,11.3,topjobs_lk
2025-W34,ruby,3.3,topjobs_lk
2025-W35,ruby,8.5,topjobs_lk
2025-W36,ruby,4.7,topjobs_lk
2025-W37,ruby,3.1,topjobs_lk
2025-W38,ruby,6.1,topjobs_lk
2025-W39,ruby,11.5,topjobs_lk
2025-W40,ruby,2.0,topjobs_lk
2025-W41,ruby,4.9,topjobs_lk
2025-W42,ruby,10.3,topjobs_lk
2025-W43,ruby,2.8,topjobs_lk
2025-W44,ruby,6.3,topjobs_lk
2025-W45,ruby,5.5,topjobs_lk
2025-W46,ruby,2.8,topjobs_lk
2025-W47,ruby,2.9,topjobs_lk
2025-W48,ruby,12.5,topjobs_lk
2025-W49,ruby,2.0,topjobs_lk
2025-W50,ruby,3.1,topjobs_lk
2025-W51,ruby,11.7,topjobs_lk
2025-W52,ruby,6.2,topjobs_lk
2026-W01,ruby,6.1,topjobs_lk
2026-W02,ruby,2.0,topjobs_lk
2026-W03,ruby,2.0,topjobs_lk
2026-W04,ruby,8.9,topjobs_lk
2026-W05,ruby,6.8,topjobs_lk
2026-W06,ruby,2.0,topjobs_lk
2026-W07,ruby,2.0,topjobs_lk
2026-W08,ruby,2.0,topjobs_lk
2026-W09,ruby,5.8,topjobs_lk
2026-W10,ruby,3.4,topjobs_lk
2026-W11,ruby,4.0,topjobs_lk
2026-W12,ruby,8.7,topjobs_lk
2026-W13,ruby,16.1,topjobs_lk
2026-W14,ruby,2.0,topjobs_lk
2026-W15,ruby,5.6,topjobs_lk
2026-W16,ruby,11.3,topjobs_lk
2026-W17,ruby,5.8,topjobs_lk
2026-W18,ruby,3.8,topjobs_lk
2026-W19,ruby,11.3,topjobs_lk
2026-W20,ruby,2.0,topjobs_lk
2026-W21,ruby,2.0,topjobs_lk
2026-W22,ruby,10.5,topjobs_lk
2026-W23,ruby,5.7,topjobs_lk
2026-W24,ruby,9.7,topjobs_lk
2026-W25,ruby,10.6,topjobs_lk
2024-W01,scala,2.0,topjobs_lk
2024-W02,scala,2.6,topjobs_lk
2024-W03,scala,8.6,topjobs_lk
2024-W04,scala,2.0,topjobs_lk
2024-W05,scala,12.6,topjobs_lk
2024-W06,scala,2.0,topjobs_lk
2024-W07,scala,4.2,topjobs_lk
2024-W08,scala,3.5,topjobs_lk
2024-W09,scala,8.2,topjobs_lk
2024-W10,scala,2.7,topjobs_lk
2024-W11,scala,2.0,topjobs_lk
2024-W12,scala,5.2,topjobs_lk
2024-W13,scala,8.9,topjobs_lk
2024-W14,scala,2.0,topjobs_lk
2024-W15,scala,4.8,topjobs_lk
2024-W16,scala,5.7,topjobs_lk
2024-W17,scala,15.9,topjobs_lk
2024-W18,scala,2.0,topjobs_lk
2024-W19,scala,2.6,topjobs_lk
2024-W20,scala,10.7,topjobs_lk
2024-W21,scala,4.6,topjobs_lk
2024-W22,scala,4.5,topjobs_lk
2024-W23,scala,10.0,topjobs_lk
2024-W24,scala,2.7,topjobs_lk
2024-W25,scala,4.2,topjobs_lk
2024-W26,scala,5.6,topjobs_lk
2024-W27,scala,13.5,topjobs_lk
2024-W28,scala,11.0,topjobs_lk
2024-W29,scala,9.7,topjobs_lk
2024-W30,scala,2.8,topjobs_lk
2024-W31,scala,2.0,topjobs_lk
2024-W32,scala,7.8,topjobs_lk
2024-W33,scala,4.6,topjobs_lk
2024-W34,scala,7.1,topjobs_lk
2024-W35,scala,2.0,topjobs_lk
2024-W36,scala,10.0,topjobs_lk
2024-W37,scala,2.0,topjobs_lk
2024-W38,scala,11.5,topjobs_lk
2024-W39,scala,3.4,topjobs_lk
2024-W40,scala,3.2,topjobs_lk
2024-W41,scala,2.0,topjobs_lk
2024-W42,scala,2.0,topjobs_lk
2024-W43,scala,12.9,topjobs_lk
2024-W44,scala,2.1,topjobs_lk
2024-W45,scala,2.0,topjobs_lk
2024-W46,scala,10.0,topjobs_lk
2024-W47,scala,2.0,topjobs_lk
2024-W48,scala,11.4,topjobs_lk
2024-W49,scala,2.8,topjobs_lk
2024-W50,scala,13.0,topjobs_lk
2024-W51,scala,2.0,topjobs_lk
2024-W52,scala,11.5,topjobs_lk
2024-W53,scala,11.3,topjobs_lk
2025-W01,scala,7.7,topjobs_lk
2025-W02,scala,3.8,topjobs_lk
2025-W03,scala,2.0,topjobs_lk
2025-W04,scala,5.6,topjobs_lk
2025-W05,scala,5.4,topjobs_lk
2025-W06,scala,2.0,topjobs_lk
2025-W07,scala,2.0,topjobs_lk
2025-W08,scala,11.9,topjobs_lk
2025-W09,scala,9.8,topjobs_lk
2025-W10,scala,2.3,topjobs_lk
2025-W11,scala,10.0,topjobs_lk
2025-W12,scala,2.0,topjobs_lk
2025-W13,scala,9.4,topjobs_lk
2025-W14,scala,3.1,topjobs_lk
2025-W15,scala,11.8,topjobs_lk
2025-W16,scala,4.3,topjobs_lk
2025-W17,scala,7.5,topjobs_lk
2025-W18,scala,14.5,topjobs_lk
2025-W19,scala,2.0,topjobs_lk
2025-W20,scala,3.9,topjobs_lk
2025-W21,scala,2.0,topjobs_lk
2025-W22,scala,7.3,topjobs_lk
2025-W23,scala,20.0,topjobs_lk
2025-W24,scala,4.1,topjobs_lk
2025-W25,scala,5.6,topjobs_lk
2025-W26,scala,4.3,topjobs_lk
2025-W27,scala,3.9,topjobs_lk
2025-W28,scala,2.0,topjobs_lk
2025-W29,scala,2.0,topjobs_lk
2025-W30,scala,2.6,topjobs_lk
2025-W31,scala,6.8,topjobs_lk
2025-W32,scala,2.0,topjobs_lk
2025-W33,scala,4.9,topjobs_lk
2025-W34,scala,7.7,topjobs_lk
2025-W35,scala,11.6,topjobs_lk
2025-W36,scala,2.3,topjobs_lk
2025-W37,scala,2.0,topjobs_lk
2025-W38,scala,5.2,topjobs_lk
2025-W39,scala,5.9,topjobs_lk
2025-W40,scala,3.9,topjobs_lk
2025-W41,scala,6.8,topjobs_lk
2025-W42,scala,3.5,topjobs_lk
2025-W43,scala,2.0,topjobs_lk
2025-W44,scala,11.5,topjobs_lk
2025-W45,scala,5.5,topjobs_lk
2025-W46,scala,6.2,topjobs_lk
2025-W47,scala,2.0,topjobs_lk
2025-W48,scala,7.7,topjobs_lk
2025-W49,scala,2.0,topjobs_lk
2025-W50,scala,9.8,topjobs_lk
2025-W51,scala,9.7,topjobs_lk
2025-W52,scala,4.2,topjobs_lk
2026-W01,scala,2.0,topjobs_lk
2026-W02,scala,2.0,topjobs_lk
2026-W03,scala,2.0,topjobs_lk
2026-W04,scala,2.0,topjobs_lk
2026-W05,scala,2.2,topjobs_lk
2026-W06,scala,3.2,topjobs_lk
2026-W07,scala,2.0,topjobs_lk
2026-W08,scala,8.1,topjobs_lk
2026-W09,scala,2.9,topjobs_lk
2026-W10,scala,8.6,topjobs_lk
2026-W11,scala,6.0,topjobs_lk
2026-W12,scala,5.5,topjobs_lk
2026-W13,scala,5.6,topjobs_lk
2026-W14,scala,14.2,topjobs_lk
2026-W15,scala,3.4,topjobs_lk
2026-W16,scala,9.5,topjobs_lk
2026-W17,scala,10.9,topjobs_lk
2026-W18,scala,6.5,topjobs_lk
2026-W19,scala,5.5,topjobs_lk
2026-W20,scala,8.8,topjobs_lk
2026-W21,scala,7.7,topjobs_lk
2026-W22,scala,7.3,topjobs_lk
2026-W23,scala,2.0,topjobs_lk
2026-W24,scala,5.2,topjobs_lk
2026-W25,scala,6.9,topjobs_lk
2024-W01,dart,17.6,topjobs_lk
2024-W02,dart,10.2,topjobs_lk
2024-W03,dart,10.4,topjobs_lk
2024-W04,dart,15.6,topjobs_lk
2024-W05,dart,9.4,topjobs_lk
2024-W06,dart,18.3,topjobs_lk
2024-W07,dart,12.5,topjobs_lk
2024-W08,dart,16.3,topjobs_lk
2024-W09,dart,11.8,topjobs_lk
2024-W10,dart,11.6,topjobs_lk
2024-W11,dart,11.6,topjobs_lk
2024-W12,dart,8.0,topjobs_lk
2024-W13,dart,12.7,topjobs_lk
2024-W14,dart,19.3,topjobs_lk
2024-W15,dart,18.7,topjobs_lk
2024-W16,dart,9.7,topjobs_lk
2024-W17,dart,25.1,topjobs_lk
2024-W18,dart,12.2,topjobs_lk
2024-W19,dart,19.3,topjobs_lk
2024-W20,dart,15.3,topjobs_lk
2024-W21,dart,10.8,topjobs_lk
2024-W22,dart,19.6,topjobs_lk
2024-W23,dart,11.2,topjobs_lk
2024-W24,dart,16.7,topjobs_lk
2024-W25,dart,4.8,topjobs_lk
2024-W26,dart,16.2,topjobs_lk
2024-W27,dart,15.0,topjobs_lk
2024-W28,dart,9.5,topjobs_lk
2024-W29,dart,13.7,topjobs_lk
2024-W30,dart,14.7,topjobs_lk
2024-W31,dart,9.6,topjobs_lk
2024-W32,dart,15.4,topjobs_lk
2024-W33,dart,8.8,topjobs_lk
2024-W34,dart,18.5,topjobs_lk
2024-W35,dart,18.6,topjobs_lk
2024-W36,dart,11.0,topjobs_lk
2024-W37,dart,10.2,topjobs_lk
2024-W38,dart,9.1,topjobs_lk
2024-W39,dart,3.1,topjobs_lk
2024-W40,dart,18.4,topjobs_lk
2024-W41,dart,16.1,topjobs_lk
2024-W42,dart,8.0,topjobs_lk
2024-W43,dart,15.9,topjobs_lk
2024-W44,dart,7.1,topjobs_lk
2024-W45,dart,12.2,topjobs_lk
2024-W46,dart,19.2,topjobs_lk
2024-W47,dart,25.0,topjobs_lk
2024-W48,dart,7.6,topjobs_lk
2024-W49,dart,11.5,topjobs_lk
2024-W50,dart,16.7,topjobs_lk
2024-W51,dart,18.3,topjobs_lk
2024-W52,dart,15.2,topjobs_lk
2024-W53,dart,10.8,topjobs_lk
2025-W01,dart,10.5,topjobs_lk
2025-W02,dart,16.1,topjobs_lk
2025-W03,dart,18.9,topjobs_lk
2025-W04,dart,17.8,topjobs_lk
2025-W05,dart,3.3,topjobs_lk
2025-W06,dart,26.1,topjobs_lk
2025-W07,dart,14.0,topjobs_lk
2025-W08,dart,13.7,topjobs_lk
2025-W09,dart,15.9,topjobs_lk
2025-W10,dart,17.4,topjobs_lk
2025-W11,dart,8.5,topjobs_lk
2025-W12,dart,8.3,topjobs_lk
2025-W13,dart,21.7,topjobs_lk
2025-W14,dart,11.5,topjobs_lk
2025-W15,dart,17.6,topjobs_lk
2025-W16,dart,21.0,topjobs_lk
2025-W17,dart,15.3,topjobs_lk
2025-W18,dart,17.4,topjobs_lk
2025-W19,dart,19.1,topjobs_lk
2025-W20,dart,11.9,topjobs_lk
2025-W21,dart,17.8,topjobs_lk
2025-W22,dart,15.0,topjobs_lk
2025-W23,dart,13.2,topjobs_lk
2025-W24,dart,19.1,topjobs_lk
2025-W25,dart,21.3,topjobs_lk
2025-W26,dart,19.7,topjobs_lk
2025-W27,dart,12.8,topjobs_lk
2025-W28,dart,17.2,topjobs_lk
2025-W29,dart,9.9,topjobs_lk
2025-W30,dart,19.8,topjobs_lk
2025-W31,dart,15.6,topjobs_lk
2025-W32,dart,15.0,topjobs_lk
2025-W33,dart,18.2,topjobs_lk
2025-W34,dart,13.0,topjobs_lk
2025-W35,dart,12.8,topjobs_lk
2025-W36,dart,14.8,topjobs_lk
2025-W37,dart,9.9,topjobs_lk
2025-W38,dart,12.5,topjobs_lk
2025-W39,dart,21.0,topjobs_lk
2025-W40,dart,19.3,topjobs_lk
2025-W41,dart,11.8,topjobs_lk
2025-W42,dart,18.4,topjobs_lk
2025-W43,dart,23.9,topjobs_lk
2025-W44,dart,16.8,topjobs_lk
2025-W45,dart,22.6,topjobs_lk
2025-W46,dart,15.9,topjobs_lk
2025-W47,dart,21.9,topjobs_lk
2025-W48,dart,13.9,topjobs_lk
2025-W49,dart,23.3,topjobs_lk
2025-W50,dart,23.9,topjobs_lk
2025-W51,dart,16.7,topjobs_lk
2025-W52,dart,17.5,topjobs_lk
2026-W01,dart,13.6,topjobs_lk
2026-W02,dart,14.7,topjobs_lk
2026-W03,dart,19.4,topjobs_lk
2026-W04,dart,15.4,topjobs_lk
2026-W05,dart,16.5,topjobs_lk
2026-W06,dart,22.2,topjobs_lk
2026-W07,dart,19.6,topjobs_lk
2026-W08,dart,12.2,topjobs_lk
2026-W09,dart,25.0,topjobs_lk
2026-W10,dart,20.7,topjobs_lk
2026-W11,dart,14.1,topjobs_lk
2026-W12,dart,21.6,topjobs_lk
2026-W13,dart,22.3,topjobs_lk
2026-W14,dart,16.8,topjobs_lk
2026-W15,dart,14.9,topjobs_lk
2026-W16,dart,13.0,topjobs_lk
2026-W17,dart,19.0,topjobs_lk
2026-W18,dart,15.4,topjobs_lk
2026-W19,dart,26.8,topjobs_lk
2026-W20,dart,13.7,topjobs_lk
2026-W21,dart,29.9,topjobs_lk
2026-W22,dart,15.0,topjobs_lk
2026-W23,dart,18.0,topjobs_lk
2026-W24,dart,13.7,topjobs_lk
2026-W25,dart,18.0,topjobs_lk
2024-W01,react,56.0,topjobs_lk
2024-W02,react,61.0,topjobs_lk
2024-W03,react,58.2,topjobs_lk
2024-W04,react,50.0,topjobs_lk
2024-W05,react,52.6,topjobs_lk
2024-W06,react,58.5,topjobs_lk
2024-W07,react,62.6,topjobs_lk
2024-W08,react,54.9,topjobs_lk
2024-W09,react,53.3,topjobs_lk
2024-W10,react,56.8,topjobs_lk
2024-W11,react,54.2,topjobs_lk
2024-W12,react,47.3,topjobs_lk
2024-W13,react,55.6,topjobs_lk
2024-W14,react,63.9,topjobs_lk
2024-W15,react,53.0,topjobs_lk
2024-W16,react,57.5,topjobs_lk
2024-W17,react,45.5,topjobs_lk
2024-W18,react,52.8,topjobs_lk
2024-W19,react,55.0,topjobs_lk
2024-W20,react,57.2,topjobs_lk
2024-W21,react,58.4,topjobs_lk
2024-W22,react,55.7,topjobs_lk
2024-W23,react,52.4,topjobs_lk
2024-W24,react,56.5,topjobs_lk
2024-W25,react,53.3,topjobs_lk
2024-W26,react,61.3,topjobs_lk
2024-W27,react,55.7,topjobs_lk
2024-W28,react,56.4,topjobs_lk
2024-W29,react,51.5,topjobs_lk
2024-W30,react,52.7,topjobs_lk
2024-W31,react,56.7,topjobs_lk
2024-W32,react,53.6,topjobs_lk
2024-W33,react,51.6,topjobs_lk
2024-W34,react,50.2,topjobs_lk
2024-W35,react,54.4,topjobs_lk
2024-W36,react,45.4,topjobs_lk
2024-W37,react,58.3,topjobs_lk
2024-W38,react,62.5,topjobs_lk
2024-W39,react,49.9,topjobs_lk
2024-W40,react,60.5,topjobs_lk
2024-W41,react,52.6,topjobs_lk
2024-W42,react,52.7,topjobs_lk
2024-W43,react,53.2,topjobs_lk
2024-W44,react,55.5,topjobs_lk
2024-W45,react,54.6,topjobs_lk
2024-W46,react,50.1,topjobs_lk
2024-W47,react,57.9,topjobs_lk
2024-W48,react,57.7,topjobs_lk
2024-W49,react,46.7,topjobs_lk
2024-W50,react,55.1,topjobs_lk
2024-W51,react,62.3,topjobs_lk
2024-W52,react,60.2,topjobs_lk
2024-W53,react,52.1,topjobs_lk
2025-W01,react,46.9,topjobs_lk
2025-W02,react,54.8,topjobs_lk
2025-W03,react,52.0,topjobs_lk
2025-W04,react,53.2,topjobs_lk
2025-W05,react,56.5,topjobs_lk
2025-W06,react,55.7,topjobs_lk
2025-W07,react,53.2,topjobs_lk
2025-W08,react,63.8,topjobs_lk
2025-W09,react,51.9,topjobs_lk
2025-W10,react,63.2,topjobs_lk
2025-W11,react,60.2,topjobs_lk
2025-W12,react,46.8,topjobs_lk
2025-W13,react,67.3,topjobs_lk
2025-W14,react,53.6,topjobs_lk
2025-W15,react,60.0,topjobs_lk
2025-W16,react,62.9,topjobs_lk
2025-W17,react,51.9,topjobs_lk
2025-W18,react,58.0,topjobs_lk
2025-W19,react,53.4,topjobs_lk
2025-W20,react,55.4,topjobs_lk
2025-W21,react,49.6,topjobs_lk
2025-W22,react,65.7,topjobs_lk
2025-W23,react,57.1,topjobs_lk
2025-W24,react,49.0,topjobs_lk
2025-W25,react,62.1,topjobs_lk
2025-W26,react,50.4,topjobs_lk
2025-W27,react,56.9,topjobs_lk
2025-W28,react,51.5,topjobs_lk
2025-W29,react,52.8,topjobs_lk
2025-W30,react,54.7,topjobs_lk
2025-W31,react,52.7,topjobs_lk
2025-W32,react,48.4,topjobs_lk
2025-W33,react,66.1,topjobs_lk
2025-W34,react,53.4,topjobs_lk
2025-W35,react,54.3,topjobs_lk
2025-W36,react,56.3,topjobs_lk
2025-W37,react,57.5,topjobs_lk
2025-W38,react,57.9,topjobs_lk
2025-W39,react,58.8,topjobs_lk
2025-W40,react,54.1,topjobs_lk
2025-W41,react,57.0,topjobs_lk
2025-W42,react,56.1,topjobs_lk
2025-W43,react,48.3,topjobs_lk
2025-W44,react,54.2,topjobs_lk
2025-W45,react,52.2,topjobs_lk
2025-W46,react,48.4,topjobs_lk
2025-W47,react,53.3,topjobs_lk
2025-W48,react,59.9,topjobs_lk
2025-W49,react,57.9,topjobs_lk
2025-W50,react,56.1,topjobs_lk
2025-W51,react,49.7,topjobs_lk
2025-W52,react,56.0,topjobs_lk
2026-W01,react,56.1,topjobs_lk
2026-W02,react,54.5,topjobs_lk
2026-W03,react,60.8,topjobs_lk
2026-W04,react,55.1,topjobs_lk
2026-W05,react,54.1,topjobs_lk
2026-W06,react,67.8,topjobs_lk
2026-W07,react,58.2,topjobs_lk
2026-W08,react,60.1,topjobs_lk
2026-W09,react,57.8,topjobs_lk
2026-W10,react,63.5,topjobs_lk
2026-W11,react,59.4,topjobs_lk
2026-W12,react,52.5,topjobs_lk
2026-W13,react,57.3,topjobs_lk
2026-W14,react,53.6,topjobs_lk
2026-W15,react,54.6,topjobs_lk
2026-W16,react,50.2,topjobs_lk
2026-W17,react,60.7,topjobs_lk
2026-W18,react,48.7,topjobs_lk
2026-W19,react,46.3,topjobs_lk
2026-W20,react,55.9,topjobs_lk
2026-W21,react,56.6,topjobs_lk
2026-W22,react,68.6,topjobs_lk
2026-W23,react,53.5,topjobs_lk
2026-W24,react,62.9,topjobs_lk
2026-W25,react,55.5,topjobs_lk
2024-W01,angular,56.6,topjobs_lk
2024-W02,angular,56.0,topjobs_lk
2024-W03,angular,39.8,topjobs_lk
2024-W04,angular,54.6,topjobs_lk
2024-W05,angular,57.8,topjobs_lk
2024-W06,angular,41.3,topjobs_lk
2024-W07,angular,45.0,topjobs_lk
2024-W08,angular,44.5,topjobs_lk
2024-W09,angular,53.7,topjobs_lk
2024-W10,angular,37.6,topjobs_lk
2024-W11,angular,47.4,topjobs_lk
2024-W12,angular,44.7,topjobs_lk
2024-W13,angular,39.5,topjobs_lk
2024-W14,angular,50.6,topjobs_lk
2024-W15,angular,37.7,topjobs_lk
2024-W16,angular,40.5,topjobs_lk
2024-W17,angular,42.2,topjobs_lk
2024-W18,angular,43.7,topjobs_lk
2024-W19,angular,39.6,topjobs_lk
2024-W20,angular,42.4,topjobs_lk
2024-W21,angular,48.1,topjobs_lk
2024-W22,angular,47.5,topjobs_lk
2024-W23,angular,52.0,topjobs_lk
2024-W24,angular,31.8,topjobs_lk
2024-W25,angular,51.0,topjobs_lk
2024-W26,angular,50.5,topjobs_lk
2024-W27,angular,47.6,topjobs_lk
2024-W28,angular,46.7,topjobs_lk
2024-W29,angular,53.2,topjobs_lk
2024-W30,angular,56.4,topjobs_lk
2024-W31,angular,41.9,topjobs_lk
2024-W32,angular,42.1,topjobs_lk
2024-W33,angular,41.1,topjobs_lk
2024-W34,angular,48.2,topjobs_lk
2024-W35,angular,39.3,topjobs_lk
2024-W36,angular,41.2,topjobs_lk
2024-W37,angular,44.1,topjobs_lk
2024-W38,angular,45.2,topjobs_lk
2024-W39,angular,45.7,topjobs_lk
2024-W40,angular,41.1,topjobs_lk
2024-W41,angular,47.2,topjobs_lk
2024-W42,angular,53.1,topjobs_lk
2024-W43,angular,46.0,topjobs_lk
2024-W44,angular,45.4,topjobs_lk
2024-W45,angular,44.8,topjobs_lk
2024-W46,angular,47.3,topjobs_lk
2024-W47,angular,44.8,topjobs_lk
2024-W48,angular,43.4,topjobs_lk
2024-W49,angular,53.9,topjobs_lk
2024-W50,angular,49.3,topjobs_lk
2024-W51,angular,50.8,topjobs_lk
2024-W52,angular,37.6,topjobs_lk
2024-W53,angular,43.2,topjobs_lk
2025-W01,angular,45.7,topjobs_lk
2025-W02,angular,46.2,topjobs_lk
2025-W03,angular,36.4,topjobs_lk
2025-W04,angular,44.3,topjobs_lk
2025-W05,angular,39.7,topjobs_lk
2025-W06,angular,42.0,topjobs_lk
2025-W07,angular,49.0,topjobs_lk
2025-W08,angular,53.7,topjobs_lk
2025-W09,angular,49.5,topjobs_lk
2025-W10,angular,51.3,topjobs_lk
2025-W11,angular,43.0,topjobs_lk
2025-W12,angular,49.3,topjobs_lk
2025-W13,angular,51.2,topjobs_lk
2025-W14,angular,47.0,topjobs_lk
2025-W15,angular,41.2,topjobs_lk
2025-W16,angular,52.1,topjobs_lk
2025-W17,angular,37.9,topjobs_lk
2025-W18,angular,49.2,topjobs_lk
2025-W19,angular,52.4,topjobs_lk
2025-W20,angular,50.8,topjobs_lk
2025-W21,angular,47.3,topjobs_lk
2025-W22,angular,49.3,topjobs_lk
2025-W23,angular,37.3,topjobs_lk
2025-W24,angular,50.7,topjobs_lk
2025-W25,angular,37.1,topjobs_lk
2025-W26,angular,41.6,topjobs_lk
2025-W27,angular,42.0,topjobs_lk
2025-W28,angular,49.3,topjobs_lk
2025-W29,angular,47.8,topjobs_lk
2025-W30,angular,34.9,topjobs_lk
2025-W31,angular,45.0,topjobs_lk
2025-W32,angular,35.5,topjobs_lk
2025-W33,angular,45.0,topjobs_lk
2025-W34,angular,40.8,topjobs_lk
2025-W35,angular,47.3,topjobs_lk
2025-W36,angular,42.6,topjobs_lk
2025-W37,angular,49.1,topjobs_lk
2025-W38,angular,40.2,topjobs_lk
2025-W39,angular,49.9,topjobs_lk
2025-W40,angular,42.8,topjobs_lk
2025-W41,angular,42.6,topjobs_lk
2025-W42,angular,44.9,topjobs_lk
2025-W43,angular,44.3,topjobs_lk
2025-W44,angular,45.6,topjobs_lk
2025-W45,angular,49.2,topjobs_lk
2025-W46,angular,42.7,topjobs_lk
2025-W47,angular,46.5,topjobs_lk
2025-W48,angular,44.9,topjobs_lk
2025-W49,angular,37.1,topjobs_lk
2025-W50,angular,44.9,topjobs_lk
2025-W51,angular,28.6,topjobs_lk
2025-W52,angular,44.2,topjobs_lk
2026-W01,angular,41.7,topjobs_lk
2026-W02,angular,52.8,topjobs_lk
2026-W03,angular,45.2,topjobs_lk
2026-W04,angular,55.4,topjobs_lk
2026-W05,angular,40.7,topjobs_lk
2026-W06,angular,38.0,topjobs_lk
2026-W07,angular,45.8,topjobs_lk
2026-W08,angular,42.4,topjobs_lk
2026-W09,angular,48.7,topjobs_lk
2026-W10,angular,40.2,topjobs_lk
2026-W11,angular,36.7,topjobs_lk
2026-W12,angular,40.7,topjobs_lk
2026-W13,angular,48.5,topjobs_lk
2026-W14,angular,46.6,topjobs_lk
2026-W15,angular,47.1,topjobs_lk
2026-W16,angular,39.1,topjobs_lk
2026-W17,angular,43.5,topjobs_lk
2026-W18,angular,44.1,topjobs_lk
2026-W19,angular,36.1,topjobs_lk
2026-W20,angular,46.8,topjobs_lk
2026-W21,angular,41.3,topjobs_lk
2026-W22,angular,40.1,topjobs_lk
2026-W23,angular,42.6,topjobs_lk
2026-W24,angular,40.2,topjobs_lk
2026-W25,angular,42.7,topjobs_lk
2024-W01,vue,17.1,topjobs_lk
2024-W02,vue,18.1,topjobs_lk
2024-W03,vue,15.9,topjobs_lk
2024-W04,vue,13.8,topjobs_lk
2024-W05,vue,20.0,topjobs_lk
2024-W06,vue,17.7,topjobs_lk
2024-W07,vue,16.6,topjobs_lk
2024-W08,vue,15.2,topjobs_lk
2024-W09,vue,9.4,topjobs_lk
2024-W10,vue,16.6,topjobs_lk
2024-W11,vue,19.6,topjobs_lk
2024-W12,vue,13.6,topjobs_lk
2024-W13,vue,11.7,topjobs_lk
2024-W14,vue,3.0,topjobs_lk
2024-W15,vue,9.2,topjobs_lk
2024-W16,vue,8.9,topjobs_lk
2024-W17,vue,20.2,topjobs_lk
2024-W18,vue,28.4,topjobs_lk
2024-W19,vue,19.6,topjobs_lk
2024-W20,vue,14.0,topjobs_lk
2024-W21,vue,14.4,topjobs_lk
2024-W22,vue,17.3,topjobs_lk
2024-W23,vue,16.8,topjobs_lk
2024-W24,vue,19.2,topjobs_lk
2024-W25,vue,13.2,topjobs_lk
2024-W26,vue,17.8,topjobs_lk
2024-W27,vue,19.1,topjobs_lk
2024-W28,vue,22.3,topjobs_lk
2024-W29,vue,8.5,topjobs_lk
2024-W30,vue,24.2,topjobs_lk
2024-W31,vue,8.9,topjobs_lk
2024-W32,vue,16.4,topjobs_lk
2024-W33,vue,17.4,topjobs_lk
2024-W34,vue,14.2,topjobs_lk
2024-W35,vue,13.5,topjobs_lk
2024-W36,vue,16.4,topjobs_lk
2024-W37,vue,18.2,topjobs_lk
2024-W38,vue,15.8,topjobs_lk
2024-W39,vue,6.1,topjobs_lk
2024-W40,vue,20.8,topjobs_lk
2024-W41,vue,16.9,topjobs_lk
2024-W42,vue,14.0,topjobs_lk
2024-W43,vue,11.3,topjobs_lk
2024-W44,vue,19.0,topjobs_lk
2024-W45,vue,6.4,topjobs_lk
2024-W46,vue,12.5,topjobs_lk
2024-W47,vue,19.1,topjobs_lk
2024-W48,vue,13.6,topjobs_lk
2024-W49,vue,7.8,topjobs_lk
2024-W50,vue,10.6,topjobs_lk
2024-W51,vue,17.5,topjobs_lk
2024-W52,vue,17.3,topjobs_lk
2024-W53,vue,18.3,topjobs_lk
2025-W01,vue,10.7,topjobs_lk
2025-W02,vue,18.9,topjobs_lk
2025-W03,vue,12.4,topjobs_lk
2025-W04,vue,3.6,topjobs_lk
2025-W05,vue,9.0,topjobs_lk
2025-W06,vue,14.2,topjobs_lk
2025-W07,vue,13.8,topjobs_lk
2025-W08,vue,18.9,topjobs_lk
2025-W09,vue,12.2,topjobs_lk
2025-W10,vue,9.4,topjobs_lk
2025-W11,vue,11.3,topjobs_lk
2025-W12,vue,4.7,topjobs_lk
2025-W13,vue,16.2,topjobs_lk
2025-W14,vue,23.1,topjobs_lk
2025-W15,vue,14.3,topjobs_lk
2025-W16,vue,14.2,topjobs_lk
2025-W17,vue,13.4,topjobs_lk
2025-W18,vue,13.2,topjobs_lk
2025-W19,vue,15.0,topjobs_lk
2025-W20,vue,15.3,topjobs_lk
2025-W21,vue,10.3,topjobs_lk
2025-W22,vue,10.5,topjobs_lk
2025-W23,vue,12.1,topjobs_lk
2025-W24,vue,6.9,topjobs_lk
2025-W25,vue,20.7,topjobs_lk
2025-W26,vue,11.4,topjobs_lk
2025-W27,vue,11.2,topjobs_lk
2025-W28,vue,11.3,topjobs_lk
2025-W29,vue,20.1,topjobs_lk
2025-W30,vue,12.9,topjobs_lk
2025-W31,vue,22.3,topjobs_lk
2025-W32,vue,19.4,topjobs_lk
2025-W33,vue,15.8,topjobs_lk
2025-W34,vue,19.8,topjobs_lk
2025-W35,vue,9.0,topjobs_lk
2025-W36,vue,17.7,topjobs_lk
2025-W37,vue,10.3,topjobs_lk
2025-W38,vue,8.9,topjobs_lk
2025-W39,vue,10.3,topjobs_lk
2025-W40,vue,17.0,topjobs_lk
2025-W41,vue,19.4,topjobs_lk
2025-W42,vue,14.9,topjobs_lk
2025-W43,vue,15.7,topjobs_lk
2025-W44,vue,15.1,topjobs_lk
2025-W45,vue,8.8,topjobs_lk
2025-W46,vue,12.8,topjobs_lk
2025-W47,vue,21.7,topjobs_lk
2025-W48,vue,10.2,topjobs_lk
2025-W49,vue,11.6,topjobs_lk
2025-W50,vue,10.5,topjobs_lk
2025-W51,vue,14.4,topjobs_lk
2025-W52,vue,8.8,topjobs_lk
2026-W01,vue,18.7,topjobs_lk
2026-W02,vue,10.3,topjobs_lk
2026-W03,vue,9.8,topjobs_lk
2026-W04,vue,16.7,topjobs_lk
2026-W05,vue,14.1,topjobs_lk
2026-W06,vue,9.5,topjobs_lk
2026-W07,vue,15.9,topjobs_lk
2026-W08,vue,10.8,topjobs_lk
2026-W09,vue,16.8,topjobs_lk
2026-W10,vue,19.7,topjobs_lk
2026-W11,vue,5.2,topjobs_lk
2026-W12,vue,20.0,topjobs_lk
2026-W13,vue,18.8,topjobs_lk
2026-W14,vue,18.0,topjobs_lk
2026-W15,vue,16.7,topjobs_lk
2026-W16,vue,12.3,topjobs_lk
2026-W17,vue,15.0,topjobs_lk
2026-W18,vue,12.8,topjobs_lk
2026-W19,vue,14.8,topjobs_lk
2026-W20,vue,19.4,topjobs_lk
2026-W21,vue,20.6,topjobs_lk
2026-W22,vue,15.9,topjobs_lk
2026-W23,vue,11.9,topjobs_lk
2026-W24,vue,11.8,topjobs_lk
2026-W25,vue,7.6,topjobs_lk
2024-W01,next.js,18.3,topjobs_lk
2024-W02,next.js,15.1,topjobs_lk
2024-W03,next.js,13.2,topjobs_lk
2024-W04,next.js,13.1,topjobs_lk
2024-W05,next.js,12.2,topjobs_lk
2024-W06,next.js,15.6,topjobs_lk
2024-W07,next.js,13.0,topjobs_lk
2024-W08,next.js,11.2,topjobs_lk
2024-W09,next.js,23.1,topjobs_lk
2024-W10,next.js,14.2,topjobs_lk
2024-W11,next.js,10.8,topjobs_lk
2024-W12,next.js,8.7,topjobs_lk
2024-W13,next.js,13.0,topjobs_lk
2024-W14,next.js,8.1,topjobs_lk
2024-W15,next.js,16.3,topjobs_lk
2024-W16,next.js,13.8,topjobs_lk
2024-W17,next.js,12.5,topjobs_lk
2024-W18,next.js,21.0,topjobs_lk
2024-W19,next.js,19.9,topjobs_lk
2024-W20,next.js,15.4,topjobs_lk
2024-W21,next.js,17.5,topjobs_lk
2024-W22,next.js,19.2,topjobs_lk
2024-W23,next.js,14.2,topjobs_lk
2024-W24,next.js,15.2,topjobs_lk
2024-W25,next.js,15.3,topjobs_lk
2024-W26,next.js,20.2,topjobs_lk
2024-W27,next.js,10.2,topjobs_lk
2024-W28,next.js,7.8,topjobs_lk
2024-W29,next.js,14.8,topjobs_lk
2024-W30,next.js,20.8,topjobs_lk
2024-W31,next.js,13.9,topjobs_lk
2024-W32,next.js,23.3,topjobs_lk
2024-W33,next.js,15.2,topjobs_lk
2024-W34,next.js,20.0,topjobs_lk
2024-W35,next.js,15.3,topjobs_lk
2024-W36,next.js,20.5,topjobs_lk
2024-W37,next.js,16.3,topjobs_lk
2024-W38,next.js,15.1,topjobs_lk
2024-W39,next.js,23.1,topjobs_lk
2024-W40,next.js,12.7,topjobs_lk
2024-W41,next.js,22.2,topjobs_lk
2024-W42,next.js,15.1,topjobs_lk
2024-W43,next.js,18.6,topjobs_lk
2024-W44,next.js,12.5,topjobs_lk
2024-W45,next.js,16.0,topjobs_lk
2024-W46,next.js,13.7,topjobs_lk
2024-W47,next.js,15.2,topjobs_lk
2024-W48,next.js,16.2,topjobs_lk
2024-W49,next.js,21.9,topjobs_lk
2024-W50,next.js,16.5,topjobs_lk
2024-W51,next.js,23.2,topjobs_lk
2024-W52,next.js,22.7,topjobs_lk
2024-W53,next.js,14.6,topjobs_lk
2025-W01,next.js,17.1,topjobs_lk
2025-W02,next.js,17.0,topjobs_lk
2025-W03,next.js,13.8,topjobs_lk
2025-W04,next.js,20.9,topjobs_lk
2025-W05,next.js,22.1,topjobs_lk
2025-W06,next.js,25.5,topjobs_lk
2025-W07,next.js,23.1,topjobs_lk
2025-W08,next.js,28.4,topjobs_lk
2025-W09,next.js,20.7,topjobs_lk
2025-W10,next.js,13.8,topjobs_lk
2025-W11,next.js,21.9,topjobs_lk
2025-W12,next.js,19.4,topjobs_lk
2025-W13,next.js,20.4,topjobs_lk
2025-W14,next.js,20.5,topjobs_lk
2025-W15,next.js,26.7,topjobs_lk
2025-W16,next.js,12.7,topjobs_lk
2025-W17,next.js,19.5,topjobs_lk
2025-W18,next.js,23.5,topjobs_lk
2025-W19,next.js,35.2,topjobs_lk
2025-W20,next.js,22.8,topjobs_lk
2025-W21,next.js,16.3,topjobs_lk
2025-W22,next.js,26.5,topjobs_lk
2025-W23,next.js,22.5,topjobs_lk
2025-W24,next.js,17.5,topjobs_lk
2025-W25,next.js,22.3,topjobs_lk
2025-W26,next.js,17.3,topjobs_lk
2025-W27,next.js,30.3,topjobs_lk
2025-W28,next.js,23.5,topjobs_lk
2025-W29,next.js,23.5,topjobs_lk
2025-W30,next.js,22.1,topjobs_lk
2025-W31,next.js,18.4,topjobs_lk
2025-W32,next.js,23.2,topjobs_lk
2025-W33,next.js,24.2,topjobs_lk
2025-W34,next.js,13.4,topjobs_lk
2025-W35,next.js,33.4,topjobs_lk
2025-W36,next.js,22.0,topjobs_lk
2025-W37,next.js,24.3,topjobs_lk
2025-W38,next.js,23.1,topjobs_lk
2025-W39,next.js,26.7,topjobs_lk
2025-W40,next.js,17.2,topjobs_lk
2025-W41,next.js,27.5,topjobs_lk
2025-W42,next.js,24.1,topjobs_lk
2025-W43,next.js,25.4,topjobs_lk
2025-W44,next.js,17.7,topjobs_lk
2025-W45,next.js,23.3,topjobs_lk
2025-W46,next.js,19.9,topjobs_lk
2025-W47,next.js,20.2,topjobs_lk
2025-W48,next.js,28.2,topjobs_lk
2025-W49,next.js,20.9,topjobs_lk
2025-W50,next.js,23.6,topjobs_lk
2025-W51,next.js,23.5,topjobs_lk
2025-W52,next.js,22.8,topjobs_lk
2026-W01,next.js,20.7,topjobs_lk
2026-W02,next.js,20.1,topjobs_lk
2026-W03,next.js,29.5,topjobs_lk
2026-W04,next.js,26.3,topjobs_lk
2026-W05,next.js,29.3,topjobs_lk
2026-W06,next.js,22.3,topjobs_lk
2026-W07,next.js,32.1,topjobs_lk
2026-W08,next.js,19.0,topjobs_lk
2026-W09,next.js,29.6,topjobs_lk
2026-W10,next.js,35.5,topjobs_lk
2026-W11,next.js,22.4,topjobs_lk
2026-W12,next.js,29.5,topjobs_lk
2026-W13,next.js,23.6,topjobs_lk
2026-W14,next.js,26.3,topjobs_lk
2026-W15,next.js,27.7,topjobs_lk
2026-W16,next.js,28.8,topjobs_lk
2026-W17,next.js,21.6,topjobs_lk
2026-W18,next.js,31.8,topjobs_lk
2026-W19,next.js,32.7,topjobs_lk
2026-W20,next.js,25.4,topjobs_lk
2026-W21,next.js,25.8,topjobs_lk
2026-W22,next.js,32.0,topjobs_lk
2026-W23,next.js,33.2,topjobs_lk
2026-W24,next.js,27.8,topjobs_lk
2026-W25,next.js,35.8,topjobs_lk
2024-W01,svelte,6.9,topjobs_lk
2024-W02,svelte,6.8,topjobs_lk
2024-W03,svelte,2.0,topjobs_lk
2024-W04,svelte,7.7,topjobs_lk
2024-W05,svelte,2.0,topjobs_lk
2024-W06,svelte,2.2,topjobs_lk
2024-W07,svelte,7.6,topjobs_lk
2024-W08,svelte,2.0,topjobs_lk
2024-W09,svelte,8.8,topjobs_lk
2024-W10,svelte,2.0,topjobs_lk
2024-W11,svelte,5.7,topjobs_lk
2024-W12,svelte,10.4,topjobs_lk
2024-W13,svelte,2.1,topjobs_lk
2024-W14,svelte,5.1,topjobs_lk
2024-W15,svelte,6.7,topjobs_lk
2024-W16,svelte,6.0,topjobs_lk
2024-W17,svelte,8.4,topjobs_lk
2024-W18,svelte,6.8,topjobs_lk
2024-W19,svelte,2.0,topjobs_lk
2024-W20,svelte,9.5,topjobs_lk
2024-W21,svelte,11.1,topjobs_lk
2024-W22,svelte,2.3,topjobs_lk
2024-W23,svelte,8.5,topjobs_lk
2024-W24,svelte,5.2,topjobs_lk
2024-W25,svelte,5.8,topjobs_lk
2024-W26,svelte,5.2,topjobs_lk
2024-W27,svelte,9.3,topjobs_lk
2024-W28,svelte,8.4,topjobs_lk
2024-W29,svelte,3.8,topjobs_lk
2024-W30,svelte,14.6,topjobs_lk
2024-W31,svelte,10.8,topjobs_lk
2024-W32,svelte,4.2,topjobs_lk
2024-W33,svelte,2.0,topjobs_lk
2024-W34,svelte,2.0,topjobs_lk
2024-W35,svelte,13.5,topjobs_lk
2024-W36,svelte,2.0,topjobs_lk
2024-W37,svelte,6.0,topjobs_lk
2024-W38,svelte,4.1,topjobs_lk
2024-W39,svelte,10.2,topjobs_lk
2024-W40,svelte,7.2,topjobs_lk
2024-W41,svelte,2.0,topjobs_lk
2024-W42,svelte,6.0,topjobs_lk
2024-W43,svelte,8.2,topjobs_lk
2024-W44,svelte,4.0,topjobs_lk
2024-W45,svelte,4.7,topjobs_lk
2024-W46,svelte,9.2,topjobs_lk
2024-W47,svelte,3.1,topjobs_lk
2024-W48,svelte,13.3,topjobs_lk
2024-W49,svelte,8.4,topjobs_lk
2024-W50,svelte,5.3,topjobs_lk
2024-W51,svelte,11.7,topjobs_lk
2024-W52,svelte,2.0,topjobs_lk
2024-W53,svelte,5.6,topjobs_lk
2025-W01,svelte,2.0,topjobs_lk
2025-W02,svelte,6.9,topjobs_lk
2025-W03,svelte,7.9,topjobs_lk
2025-W04,svelte,2.0,topjobs_lk
2025-W05,svelte,2.0,topjobs_lk
2025-W06,svelte,2.0,topjobs_lk
2025-W07,svelte,8.3,topjobs_lk
2025-W08,svelte,12.5,topjobs_lk
2025-W09,svelte,9.2,topjobs_lk
2025-W10,svelte,4.3,topjobs_lk
2025-W11,svelte,9.9,topjobs_lk
2025-W12,svelte,7.6,topjobs_lk
2025-W13,svelte,10.6,topjobs_lk
2025-W14,svelte,7.9,topjobs_lk
2025-W15,svelte,8.3,topjobs_lk
2025-W16,svelte,3.3,topjobs_lk
2025-W17,svelte,11.5,topjobs_lk
2025-W18,svelte,6.2,topjobs_lk
2025-W19,svelte,2.0,topjobs_lk
2025-W20,svelte,10.2,topjobs_lk
2025-W21,svelte,5.0,topjobs_lk
2025-W22,svelte,6.2,topjobs_lk
2025-W23,svelte,14.1,topjobs_lk
2025-W24,svelte,2.0,topjobs_lk
2025-W25,svelte,10.8,topjobs_lk
2025-W26,svelte,9.6,topjobs_lk
2025-W27,svelte,2.3,topjobs_lk
2025-W28,svelte,5.7,topjobs_lk
2025-W29,svelte,7.1,topjobs_lk
2025-W30,svelte,2.0,topjobs_lk
2025-W31,svelte,2.0,topjobs_lk
2025-W32,svelte,10.5,topjobs_lk
2025-W33,svelte,10.8,topjobs_lk
2025-W34,svelte,6.2,topjobs_lk
2025-W35,svelte,12.7,topjobs_lk
2025-W36,svelte,5.0,topjobs_lk
2025-W37,svelte,2.0,topjobs_lk
2025-W38,svelte,3.1,topjobs_lk
2025-W39,svelte,13.4,topjobs_lk
2025-W40,svelte,2.0,topjobs_lk
2025-W41,svelte,2.0,topjobs_lk
2025-W42,svelte,10.8,topjobs_lk
2025-W43,svelte,4.8,topjobs_lk
2025-W44,svelte,9.3,topjobs_lk
2025-W45,svelte,10.8,topjobs_lk
2025-W46,svelte,2.4,topjobs_lk
2025-W47,svelte,8.0,topjobs_lk
2025-W48,svelte,6.9,topjobs_lk
2025-W49,svelte,10.8,topjobs_lk
2025-W50,svelte,10.6,topjobs_lk
2025-W51,svelte,12.3,topjobs_lk
2025-W52,svelte,8.4,topjobs_lk
2026-W01,svelte,3.2,topjobs_lk
2026-W02,svelte,6.3,topjobs_lk
2026-W03,svelte,9.8,topjobs_lk
2026-W04,svelte,4.8,topjobs_lk
2026-W05,svelte,6.3,topjobs_lk
2026-W06,svelte,9.1,topjobs_lk
2026-W07,svelte,2.0,topjobs_lk
2026-W08,svelte,6.0,topjobs_lk
2026-W09,svelte,3.0,topjobs_lk
2026-W10,svelte,2.7,topjobs_lk
2026-W11,svelte,5.2,topjobs_lk
2026-W12,svelte,9.2,topjobs_lk
2026-W13,svelte,8.8,topjobs_lk
2026-W14,svelte,5.3,topjobs_lk
2026-W15,svelte,8.3,topjobs_lk
2026-W16,svelte,2.0,topjobs_lk
2026-W17,svelte,10.7,topjobs_lk
2026-W18,svelte,10.4,topjobs_lk
2026-W19,svelte,8.8,topjobs_lk
2026-W20,svelte,2.0,topjobs_lk
2026-W21,svelte,5.1,topjobs_lk
2026-W22,svelte,5.9,topjobs_lk
2026-W23,svelte,7.9,topjobs_lk
2026-W24,svelte,11.3,topjobs_lk
2026-W25,svelte,7.1,topjobs_lk
2024-W01,tailwind,13.6,topjobs_lk
2024-W02,tailwind,18.7,topjobs_lk
2024-W03,tailwind,16.6,topjobs_lk
2024-W04,tailwind,9.4,topjobs_lk
2024-W05,tailwind,17.1,topjobs_lk
2024-W06,tailwind,14.9,topjobs_lk
2024-W07,tailwind,11.2,topjobs_lk
2024-W08,tailwind,12.5,topjobs_lk
2024-W09,tailwind,20.0,topjobs_lk
2024-W10,tailwind,15.3,topjobs_lk
2024-W11,tailwind,20.5,topjobs_lk
2024-W12,tailwind,17.6,topjobs_lk
2024-W13,tailwind,16.2,topjobs_lk
2024-W14,tailwind,20.9,topjobs_lk
2024-W15,tailwind,20.0,topjobs_lk
2024-W16,tailwind,12.3,topjobs_lk
2024-W17,tailwind,18.8,topjobs_lk
2024-W18,tailwind,19.2,topjobs_lk
2024-W19,tailwind,15.9,topjobs_lk
2024-W20,tailwind,15.6,topjobs_lk
2024-W21,tailwind,17.2,topjobs_lk
2024-W22,tailwind,18.3,topjobs_lk
2024-W23,tailwind,13.7,topjobs_lk
2024-W24,tailwind,19.3,topjobs_lk
2024-W25,tailwind,21.2,topjobs_lk
2024-W26,tailwind,13.0,topjobs_lk
2024-W27,tailwind,17.3,topjobs_lk
2024-W28,tailwind,26.6,topjobs_lk
2024-W29,tailwind,20.8,topjobs_lk
2024-W30,tailwind,26.9,topjobs_lk
2024-W31,tailwind,27.0,topjobs_lk
2024-W32,tailwind,23.3,topjobs_lk
2024-W33,tailwind,24.3,topjobs_lk
2024-W34,tailwind,19.1,topjobs_lk
2024-W35,tailwind,16.5,topjobs_lk
2024-W36,tailwind,23.9,topjobs_lk
2024-W37,tailwind,14.1,topjobs_lk
2024-W38,tailwind,14.4,topjobs_lk
2024-W39,tailwind,25.9,topjobs_lk
2024-W40,tailwind,24.3,topjobs_lk
2024-W41,tailwind,24.2,topjobs_lk
2024-W42,tailwind,18.7,topjobs_lk
2024-W43,tailwind,27.2,topjobs_lk
2024-W44,tailwind,17.9,topjobs_lk
2024-W45,tailwind,16.5,topjobs_lk
2024-W46,tailwind,18.3,topjobs_lk
2024-W47,tailwind,29.2,topjobs_lk
2024-W48,tailwind,19.7,topjobs_lk
2024-W49,tailwind,15.7,topjobs_lk
2024-W50,tailwind,21.9,topjobs_lk
2024-W51,tailwind,26.6,topjobs_lk
2024-W52,tailwind,22.8,topjobs_lk
2024-W53,tailwind,26.5,topjobs_lk
2025-W01,tailwind,23.8,topjobs_lk
2025-W02,tailwind,17.0,topjobs_lk
2025-W03,tailwind,21.6,topjobs_lk
2025-W04,tailwind,24.2,topjobs_lk
2025-W05,tailwind,19.2,topjobs_lk
2025-W06,tailwind,20.6,topjobs_lk
2025-W07,tailwind,18.7,topjobs_lk
2025-W08,tailwind,31.5,topjobs_lk
2025-W09,tailwind,14.2,topjobs_lk
2025-W10,tailwind,15.4,topjobs_lk
2025-W11,tailwind,16.8,topjobs_lk
2025-W12,tailwind,24.4,topjobs_lk
2025-W13,tailwind,29.9,topjobs_lk
2025-W14,tailwind,26.4,topjobs_lk
2025-W15,tailwind,20.0,topjobs_lk
2025-W16,tailwind,27.7,topjobs_lk
2025-W17,tailwind,23.4,topjobs_lk
2025-W18,tailwind,31.3,topjobs_lk
2025-W19,tailwind,13.5,topjobs_lk
2025-W20,tailwind,22.5,topjobs_lk
2025-W21,tailwind,15.8,topjobs_lk
2025-W22,tailwind,22.8,topjobs_lk
2025-W23,tailwind,26.5,topjobs_lk
2025-W24,tailwind,27.2,topjobs_lk
2025-W25,tailwind,25.9,topjobs_lk
2025-W26,tailwind,30.8,topjobs_lk
2025-W27,tailwind,30.1,topjobs_lk
2025-W28,tailwind,20.5,topjobs_lk
2025-W29,tailwind,16.7,topjobs_lk
2025-W30,tailwind,31.6,topjobs_lk
2025-W31,tailwind,20.9,topjobs_lk
2025-W32,tailwind,18.0,topjobs_lk
2025-W33,tailwind,28.1,topjobs_lk
2025-W34,tailwind,26.6,topjobs_lk
2025-W35,tailwind,27.9,topjobs_lk
2025-W36,tailwind,25.2,topjobs_lk
2025-W37,tailwind,35.7,topjobs_lk
2025-W38,tailwind,26.5,topjobs_lk
2025-W39,tailwind,31.6,topjobs_lk
2025-W40,tailwind,29.7,topjobs_lk
2025-W41,tailwind,32.5,topjobs_lk
2025-W42,tailwind,36.6,topjobs_lk
2025-W43,tailwind,28.8,topjobs_lk
2025-W44,tailwind,22.7,topjobs_lk
2025-W45,tailwind,32.1,topjobs_lk
2025-W46,tailwind,30.7,topjobs_lk
2025-W47,tailwind,28.8,topjobs_lk
2025-W48,tailwind,24.0,topjobs_lk
2025-W49,tailwind,24.6,topjobs_lk
2025-W50,tailwind,31.2,topjobs_lk
2025-W51,tailwind,29.0,topjobs_lk
2025-W52,tailwind,25.2,topjobs_lk
2026-W01,tailwind,31.3,topjobs_lk
2026-W02,tailwind,28.4,topjobs_lk
2026-W03,tailwind,27.5,topjobs_lk
2026-W04,tailwind,18.6,topjobs_lk
2026-W05,tailwind,31.8,topjobs_lk
2026-W06,tailwind,23.8,topjobs_lk
2026-W07,tailwind,24.2,topjobs_lk
2026-W08,tailwind,21.5,topjobs_lk
2026-W09,tailwind,24.1,topjobs_lk
2026-W10,tailwind,33.7,topjobs_lk
2026-W11,tailwind,24.6,topjobs_lk
2026-W12,tailwind,21.8,topjobs_lk
2026-W13,tailwind,28.2,topjobs_lk
2026-W14,tailwind,21.2,topjobs_lk
2026-W15,tailwind,31.3,topjobs_lk
2026-W16,tailwind,19.3,topjobs_lk
2026-W17,tailwind,29.3,topjobs_lk
2026-W18,tailwind,27.0,topjobs_lk
2026-W19,tailwind,27.3,topjobs_lk
2026-W20,tailwind,29.6,topjobs_lk
2026-W21,tailwind,32.1,topjobs_lk
2026-W22,tailwind,30.3,topjobs_lk
2026-W23,tailwind,31.1,topjobs_lk
2026-W24,tailwind,29.3,topjobs_lk
2026-W25,tailwind,34.3,topjobs_lk
2024-W01,graphql,13.4,topjobs_lk
2024-W02,graphql,11.1,topjobs_lk
2024-W03,graphql,13.0,topjobs_lk
2024-W04,graphql,9.6,topjobs_lk
2024-W05,graphql,10.7,topjobs_lk
2024-W06,graphql,11.5,topjobs_lk
2024-W07,graphql,7.7,topjobs_lk
2024-W08,graphql,11.3,topjobs_lk
2024-W09,graphql,12.8,topjobs_lk
2024-W10,graphql,8.9,topjobs_lk
2024-W11,graphql,15.4,topjobs_lk
2024-W12,graphql,4.5,topjobs_lk
2024-W13,graphql,18.4,topjobs_lk
2024-W14,graphql,17.1,topjobs_lk
2024-W15,graphql,17.2,topjobs_lk
2024-W16,graphql,8.9,topjobs_lk
2024-W17,graphql,14.0,topjobs_lk
2024-W18,graphql,16.5,topjobs_lk
2024-W19,graphql,3.1,topjobs_lk
2024-W20,graphql,9.4,topjobs_lk
2024-W21,graphql,14.8,topjobs_lk
2024-W22,graphql,10.7,topjobs_lk
2024-W23,graphql,13.5,topjobs_lk
2024-W24,graphql,19.0,topjobs_lk
2024-W25,graphql,13.2,topjobs_lk
2024-W26,graphql,15.6,topjobs_lk
2024-W27,graphql,20.6,topjobs_lk
2024-W28,graphql,13.9,topjobs_lk
2024-W29,graphql,9.0,topjobs_lk
2024-W30,graphql,17.8,topjobs_lk
2024-W31,graphql,12.1,topjobs_lk
2024-W32,graphql,16.9,topjobs_lk
2024-W33,graphql,16.2,topjobs_lk
2024-W34,graphql,12.8,topjobs_lk
2024-W35,graphql,12.8,topjobs_lk
2024-W36,graphql,13.5,topjobs_lk
2024-W37,graphql,16.1,topjobs_lk
2024-W38,graphql,10.9,topjobs_lk
2024-W39,graphql,16.3,topjobs_lk
2024-W40,graphql,14.9,topjobs_lk
2024-W41,graphql,15.4,topjobs_lk
2024-W42,graphql,13.7,topjobs_lk
2024-W43,graphql,21.0,topjobs_lk
2024-W44,graphql,20.4,topjobs_lk
2024-W45,graphql,17.8,topjobs_lk
2024-W46,graphql,16.5,topjobs_lk
2024-W47,graphql,9.9,topjobs_lk
2024-W48,graphql,18.2,topjobs_lk
2024-W49,graphql,6.2,topjobs_lk
2024-W50,graphql,16.8,topjobs_lk
2024-W51,graphql,14.3,topjobs_lk
2024-W52,graphql,10.7,topjobs_lk
2024-W53,graphql,18.6,topjobs_lk
2025-W01,graphql,17.4,topjobs_lk
2025-W02,graphql,15.2,topjobs_lk
2025-W03,graphql,17.9,topjobs_lk
2025-W04,graphql,21.3,topjobs_lk
2025-W05,graphql,21.7,topjobs_lk
2025-W06,graphql,13.9,topjobs_lk
2025-W07,graphql,17.7,topjobs_lk
2025-W08,graphql,17.5,topjobs_lk
2025-W09,graphql,18.5,topjobs_lk
2025-W10,graphql,16.8,topjobs_lk
2025-W11,graphql,17.3,topjobs_lk
2025-W12,graphql,14.6,topjobs_lk
2025-W13,graphql,9.3,topjobs_lk
2025-W14,graphql,18.7,topjobs_lk
2025-W15,graphql,27.4,topjobs_lk
2025-W16,graphql,10.2,topjobs_lk
2025-W17,graphql,14.0,topjobs_lk
2025-W18,graphql,15.2,topjobs_lk
2025-W19,graphql,17.0,topjobs_lk
2025-W20,graphql,22.4,topjobs_lk
2025-W21,graphql,21.3,topjobs_lk
2025-W22,graphql,16.6,topjobs_lk
2025-W23,graphql,19.3,topjobs_lk
2025-W24,graphql,21.1,topjobs_lk
2025-W25,graphql,12.3,topjobs_lk
2025-W26,graphql,12.0,topjobs_lk
2025-W27,graphql,12.0,topjobs_lk
2025-W28,graphql,20.2,topjobs_lk
2025-W29,graphql,13.2,topjobs_lk
2025-W30,graphql,11.5,topjobs_lk
2025-W31,graphql,22.6,topjobs_lk
2025-W32,graphql,19.6,topjobs_lk
2025-W33,graphql,15.2,topjobs_lk
2025-W34,graphql,17.5,topjobs_lk
2025-W35,graphql,23.2,topjobs_lk
2025-W36,graphql,16.4,topjobs_lk
2025-W37,graphql,18.1,topjobs_lk
2025-W38,graphql,24.9,topjobs_lk
2025-W39,graphql,11.1,topjobs_lk
2025-W40,graphql,15.0,topjobs_lk
2025-W41,graphql,11.1,topjobs_lk
2025-W42,graphql,13.3,topjobs_lk
2025-W43,graphql,7.0,topjobs_lk
2025-W44,graphql,20.1,topjobs_lk
2025-W45,graphql,15.9,topjobs_lk
2025-W46,graphql,11.2,topjobs_lk
2025-W47,graphql,28.4,topjobs_lk
2025-W48,graphql,8.6,topjobs_lk
2025-W49,graphql,16.9,topjobs_lk
2025-W50,graphql,15.7,topjobs_lk
2025-W51,graphql,16.6,topjobs_lk
2025-W52,graphql,10.0,topjobs_lk
2026-W01,graphql,10.4,topjobs_lk
2026-W02,graphql,20.0,topjobs_lk
2026-W03,graphql,19.5,topjobs_lk
2026-W04,graphql,21.4,topjobs_lk
2026-W05,graphql,14.8,topjobs_lk
2026-W06,graphql,11.1,topjobs_lk
2026-W07,graphql,23.9,topjobs_lk
2026-W08,graphql,16.9,topjobs_lk
2026-W09,graphql,17.6,topjobs_lk
2026-W10,graphql,10.9,topjobs_lk
2026-W11,graphql,24.6,topjobs_lk
2026-W12,graphql,13.4,topjobs_lk
2026-W13,graphql,14.9,topjobs_lk
2026-W14,graphql,18.1,topjobs_lk
2026-W15,graphql,20.8,topjobs_lk
2026-W16,graphql,14.6,topjobs_lk
2026-W17,graphql,19.1,topjobs_lk
2026-W18,graphql,11.9,topjobs_lk
2026-W19,graphql,22.7,topjobs_lk
2026-W20,graphql,18.7,topjobs_lk
2026-W21,graphql,13.4,topjobs_lk
2026-W22,graphql,16.0,topjobs_lk
2026-W23,graphql,17.2,topjobs_lk
2026-W24,graphql,17.4,topjobs_lk
2026-W25,graphql,17.6,topjobs_lk
2024-W01,nodejs,50.5,topjobs_lk
2024-W02,nodejs,54.9,topjobs_lk
2024-W03,nodejs,44.4,topjobs_lk
2024-W04,nodejs,46.6,topjobs_lk
2024-W05,nodejs,48.1,topjobs_lk
2024-W06,nodejs,40.9,topjobs_lk
2024-W07,nodejs,41.4,topjobs_lk
2024-W08,nodejs,40.6,topjobs_lk
2024-W09,nodejs,37.1,topjobs_lk
2024-W10,nodejs,38.0,topjobs_lk
2024-W11,nodejs,33.8,topjobs_lk
2024-W12,nodejs,44.0,topjobs_lk
2024-W13,nodejs,43.3,topjobs_lk
2024-W14,nodejs,47.6,topjobs_lk
2024-W15,nodejs,42.9,topjobs_lk
2024-W16,nodejs,41.4,topjobs_lk
2024-W17,nodejs,42.6,topjobs_lk
2024-W18,nodejs,37.9,topjobs_lk
2024-W19,nodejs,39.4,topjobs_lk
2024-W20,nodejs,41.4,topjobs_lk
2024-W21,nodejs,40.3,topjobs_lk
2024-W22,nodejs,47.8,topjobs_lk
2024-W23,nodejs,45.8,topjobs_lk
2024-W24,nodejs,50.7,topjobs_lk
2024-W25,nodejs,48.6,topjobs_lk
2024-W26,nodejs,48.4,topjobs_lk
2024-W27,nodejs,51.5,topjobs_lk
2024-W28,nodejs,51.0,topjobs_lk
2024-W29,nodejs,41.2,topjobs_lk
2024-W30,nodejs,42.3,topjobs_lk
2024-W31,nodejs,49.3,topjobs_lk
2024-W32,nodejs,34.6,topjobs_lk
2024-W33,nodejs,50.8,topjobs_lk
2024-W34,nodejs,39.1,topjobs_lk
2024-W35,nodejs,44.3,topjobs_lk
2024-W36,nodejs,39.5,topjobs_lk
2024-W37,nodejs,48.5,topjobs_lk
2024-W38,nodejs,42.9,topjobs_lk
2024-W39,nodejs,40.5,topjobs_lk
2024-W40,nodejs,37.1,topjobs_lk
2024-W41,nodejs,50.2,topjobs_lk
2024-W42,nodejs,42.8,topjobs_lk
2024-W43,nodejs,42.6,topjobs_lk
2024-W44,nodejs,43.1,topjobs_lk
2024-W45,nodejs,43.0,topjobs_lk
2024-W46,nodejs,41.2,topjobs_lk
2024-W47,nodejs,42.8,topjobs_lk
2024-W48,nodejs,35.4,topjobs_lk
2024-W49,nodejs,42.5,topjobs_lk
2024-W50,nodejs,36.2,topjobs_lk
2024-W51,nodejs,43.4,topjobs_lk
2024-W52,nodejs,45.1,topjobs_lk
2024-W53,nodejs,47.3,topjobs_lk
2025-W01,nodejs,43.3,topjobs_lk
2025-W02,nodejs,35.8,topjobs_lk
2025-W03,nodejs,47.1,topjobs_lk
2025-W04,nodejs,45.1,topjobs_lk
2025-W05,nodejs,43.6,topjobs_lk
2025-W06,nodejs,37.8,topjobs_lk
2025-W07,nodejs,35.3,topjobs_lk
2025-W08,nodejs,37.7,topjobs_lk
2025-W09,nodejs,38.5,topjobs_lk
2025-W10,nodejs,47.2,topjobs_lk
2025-W11,nodejs,39.9,topjobs_lk
2025-W12,nodejs,44.2,topjobs_lk
2025-W13,nodejs,44.7,topjobs_lk
2025-W14,nodejs,45.7,topjobs_lk
2025-W15,nodejs,44.2,topjobs_lk
2025-W16,nodejs,51.0,topjobs_lk
2025-W17,nodejs,37.2,topjobs_lk
2025-W18,nodejs,41.2,topjobs_lk
2025-W19,nodejs,40.4,topjobs_lk
2025-W20,nodejs,48.8,topjobs_lk
2025-W21,nodejs,47.2,topjobs_lk
2025-W22,nodejs,40.3,topjobs_lk
2025-W23,nodejs,35.7,topjobs_lk
2025-W24,nodejs,43.1,topjobs_lk
2025-W25,nodejs,42.8,topjobs_lk
2025-W26,nodejs,48.0,topjobs_lk
2025-W27,nodejs,43.6,topjobs_lk
2025-W28,nodejs,48.4,topjobs_lk
2025-W29,nodejs,45.2,topjobs_lk
2025-W30,nodejs,43.8,topjobs_lk
2025-W31,nodejs,44.4,topjobs_lk
2025-W32,nodejs,42.0,topjobs_lk
2025-W33,nodejs,46.2,topjobs_lk
2025-W34,nodejs,50.2,topjobs_lk
2025-W35,nodejs,48.6,topjobs_lk
2025-W36,nodejs,41.6,topjobs_lk
2025-W37,nodejs,36.2,topjobs_lk
2025-W38,nodejs,38.6,topjobs_lk
2025-W39,nodejs,38.9,topjobs_lk
2025-W40,nodejs,44.7,topjobs_lk
2025-W41,nodejs,42.8,topjobs_lk
2025-W42,nodejs,36.7,topjobs_lk
2025-W43,nodejs,48.0,topjobs_lk
2025-W44,nodejs,37.4,topjobs_lk
2025-W45,nodejs,42.7,topjobs_lk
2025-W46,nodejs,44.3,topjobs_lk
2025-W47,nodejs,43.6,topjobs_lk
2025-W48,nodejs,44.2,topjobs_lk
2025-W49,nodejs,40.9,topjobs_lk
2025-W50,nodejs,44.8,topjobs_lk
2025-W51,nodejs,36.5,topjobs_lk
2025-W52,nodejs,40.0,topjobs_lk
2026-W01,nodejs,34.1,topjobs_lk
2026-W02,nodejs,43.2,topjobs_lk
2026-W03,nodejs,44.1,topjobs_lk
2026-W04,nodejs,42.8,topjobs_lk
2026-W05,nodejs,41.3,topjobs_lk
2026-W06,nodejs,36.2,topjobs_lk
2026-W07,nodejs,47.0,topjobs_lk
2026-W08,nodejs,41.6,topjobs_lk
2026-W09,nodejs,39.2,topjobs_lk
2026-W10,nodejs,34.9,topjobs_lk
2026-W11,nodejs,43.8,topjobs_lk
2026-W12,nodejs,39.1,topjobs_lk
2026-W13,nodejs,43.0,topjobs_lk
2026-W14,nodejs,36.6,topjobs_lk
2026-W15,nodejs,40.4,topjobs_lk
2026-W16,nodejs,46.8,topjobs_lk
2026-W17,nodejs,45.8,topjobs_lk
2026-W18,nodejs,38.6,topjobs_lk
2026-W19,nodejs,46.9,topjobs_lk
2026-W20,nodejs,32.0,topjobs_lk
2026-W21,nodejs,43.0,topjobs_lk
2026-W22,nodejs,34.3,topjobs_lk
2026-W23,nodejs,41.7,topjobs_lk
2026-W24,nodejs,37.1,topjobs_lk
2026-W25,nodejs,43.3,topjobs_lk
2024-W01,django,20.1,topjobs_lk
2024-W02,django,17.9,topjobs_lk
2024-W03,django,23.4,topjobs_lk
2024-W04,django,13.5,topjobs_lk
2024-W05,django,20.2,topjobs_lk
2024-W06,django,13.2,topjobs_lk
2024-W07,django,27.4,topjobs_lk
2024-W08,django,11.5,topjobs_lk
2024-W09,django,21.7,topjobs_lk
2024-W10,django,11.8,topjobs_lk
2024-W11,django,28.4,topjobs_lk
2024-W12,django,18.4,topjobs_lk
2024-W13,django,14.9,topjobs_lk
2024-W14,django,27.3,topjobs_lk
2024-W15,django,22.7,topjobs_lk
2024-W16,django,15.0,topjobs_lk
2024-W17,django,13.1,topjobs_lk
2024-W18,django,17.9,topjobs_lk
2024-W19,django,15.1,topjobs_lk
2024-W20,django,13.0,topjobs_lk
2024-W21,django,20.7,topjobs_lk
2024-W22,django,19.9,topjobs_lk
2024-W23,django,15.6,topjobs_lk
2024-W24,django,10.2,topjobs_lk
2024-W25,django,23.9,topjobs_lk
2024-W26,django,17.8,topjobs_lk
2024-W27,django,24.4,topjobs_lk
2024-W28,django,18.0,topjobs_lk
2024-W29,django,10.9,topjobs_lk
2024-W30,django,18.2,topjobs_lk
2024-W31,django,25.4,topjobs_lk
2024-W32,django,11.4,topjobs_lk
2024-W33,django,21.8,topjobs_lk
2024-W34,django,15.3,topjobs_lk
2024-W35,django,18.9,topjobs_lk
2024-W36,django,16.8,topjobs_lk
2024-W37,django,16.2,topjobs_lk
2024-W38,django,26.5,topjobs_lk
2024-W39,django,15.5,topjobs_lk
2024-W40,django,24.5,topjobs_lk
2024-W41,django,20.6,topjobs_lk
2024-W42,django,17.9,topjobs_lk
2024-W43,django,21.6,topjobs_lk
2024-W44,django,19.9,topjobs_lk
2024-W45,django,17.7,topjobs_lk
2024-W46,django,25.7,topjobs_lk
2024-W47,django,17.5,topjobs_lk
2024-W48,django,20.4,topjobs_lk
2024-W49,django,19.4,topjobs_lk
2024-W50,django,14.6,topjobs_lk
2024-W51,django,16.7,topjobs_lk
2024-W52,django,18.2,topjobs_lk
2024-W53,django,19.1,topjobs_lk
2025-W01,django,24.3,topjobs_lk
2025-W02,django,21.2,topjobs_lk
2025-W03,django,16.2,topjobs_lk
2025-W04,django,12.1,topjobs_lk
2025-W05,django,23.2,topjobs_lk
2025-W06,django,11.2,topjobs_lk
2025-W07,django,21.5,topjobs_lk
2025-W08,django,24.3,topjobs_lk
2025-W09,django,17.4,topjobs_lk
2025-W10,django,19.5,topjobs_lk
2025-W11,django,21.4,topjobs_lk
2025-W12,django,20.6,topjobs_lk
2025-W13,django,24.3,topjobs_lk
2025-W14,django,21.9,topjobs_lk
2025-W15,django,24.4,topjobs_lk
2025-W16,django,26.5,topjobs_lk
2025-W17,django,22.8,topjobs_lk
2025-W18,django,25.9,topjobs_lk
2025-W19,django,23.6,topjobs_lk
2025-W20,django,18.9,topjobs_lk
2025-W21,django,19.3,topjobs_lk
2025-W22,django,14.7,topjobs_lk
2025-W23,django,21.0,topjobs_lk
2025-W24,django,18.2,topjobs_lk
2025-W25,django,25.8,topjobs_lk
2025-W26,django,19.2,topjobs_lk
2025-W27,django,13.4,topjobs_lk
2025-W28,django,23.7,topjobs_lk
2025-W29,django,27.8,topjobs_lk
2025-W30,django,21.8,topjobs_lk
2025-W31,django,18.7,topjobs_lk
2025-W32,django,16.3,topjobs_lk
2025-W33,django,11.8,topjobs_lk
2025-W34,django,19.8,topjobs_lk
2025-W35,django,19.6,topjobs_lk
2025-W36,django,20.5,topjobs_lk
2025-W37,django,26.3,topjobs_lk
2025-W38,django,17.2,topjobs_lk
2025-W39,django,17.9,topjobs_lk
2025-W40,django,9.9,topjobs_lk
2025-W41,django,10.5,topjobs_lk
2025-W42,django,20.4,topjobs_lk
2025-W43,django,21.9,topjobs_lk
2025-W44,django,17.8,topjobs_lk
2025-W45,django,21.5,topjobs_lk
2025-W46,django,15.1,topjobs_lk
2025-W47,django,19.7,topjobs_lk
2025-W48,django,19.0,topjobs_lk
2025-W49,django,20.2,topjobs_lk
2025-W50,django,22.0,topjobs_lk
2025-W51,django,17.2,topjobs_lk
2025-W52,django,19.1,topjobs_lk
2026-W01,django,18.2,topjobs_lk
2026-W02,django,20.4,topjobs_lk
2026-W03,django,19.2,topjobs_lk
2026-W04,django,17.1,topjobs_lk
2026-W05,django,16.7,topjobs_lk
2026-W06,django,19.4,topjobs_lk
2026-W07,django,15.0,topjobs_lk
2026-W08,django,12.7,topjobs_lk
2026-W09,django,19.4,topjobs_lk
2026-W10,django,17.5,topjobs_lk
2026-W11,django,26.5,topjobs_lk
2026-W12,django,18.3,topjobs_lk
2026-W13,django,20.9,topjobs_lk
2026-W14,django,13.4,topjobs_lk
2026-W15,django,26.6,topjobs_lk
2026-W16,django,20.1,topjobs_lk
2026-W17,django,20.1,topjobs_lk
2026-W18,django,20.6,topjobs_lk
2026-W19,django,23.2,topjobs_lk
2026-W20,django,19.1,topjobs_lk
2026-W21,django,28.5,topjobs_lk
2026-W22,django,18.0,topjobs_lk
2026-W23,django,29.4,topjobs_lk
2026-W24,django,10.1,topjobs_lk
2026-W25,django,16.0,topjobs_lk
2024-W01,flask,17.9,topjobs_lk
2024-W02,flask,13.7,topjobs_lk
2024-W03,flask,18.9,topjobs_lk
2024-W04,flask,11.4,topjobs_lk
2024-W05,flask,15.4,topjobs_lk
2024-W06,flask,18.9,topjobs_lk
2024-W07,flask,19.2,topjobs_lk
2024-W08,flask,16.6,topjobs_lk
2024-W09,flask,8.6,topjobs_lk
2024-W10,flask,15.7,topjobs_lk
2024-W11,flask,12.2,topjobs_lk
2024-W12,flask,19.1,topjobs_lk
2024-W13,flask,12.6,topjobs_lk
2024-W14,flask,16.1,topjobs_lk
2024-W15,flask,9.3,topjobs_lk
2024-W16,flask,26.0,topjobs_lk
2024-W17,flask,13.0,topjobs_lk
2024-W18,flask,8.8,topjobs_lk
2024-W19,flask,12.8,topjobs_lk
2024-W20,flask,11.3,topjobs_lk
2024-W21,flask,17.0,topjobs_lk
2024-W22,flask,21.4,topjobs_lk
2024-W23,flask,10.3,topjobs_lk
2024-W24,flask,2.0,topjobs_lk
2024-W25,flask,10.8,topjobs_lk
2024-W26,flask,8.0,topjobs_lk
2024-W27,flask,12.7,topjobs_lk
2024-W28,flask,15.5,topjobs_lk
2024-W29,flask,17.7,topjobs_lk
2024-W30,flask,7.8,topjobs_lk
2024-W31,flask,17.4,topjobs_lk
2024-W32,flask,25.8,topjobs_lk
2024-W33,flask,15.2,topjobs_lk
2024-W34,flask,11.4,topjobs_lk
2024-W35,flask,15.0,topjobs_lk
2024-W36,flask,10.1,topjobs_lk
2024-W37,flask,11.4,topjobs_lk
2024-W38,flask,9.7,topjobs_lk
2024-W39,flask,16.3,topjobs_lk
2024-W40,flask,19.7,topjobs_lk
2024-W41,flask,16.3,topjobs_lk
2024-W42,flask,14.5,topjobs_lk
2024-W43,flask,3.9,topjobs_lk
2024-W44,flask,12.2,topjobs_lk
2024-W45,flask,15.8,topjobs_lk
2024-W46,flask,17.0,topjobs_lk
2024-W47,flask,15.2,topjobs_lk
2024-W48,flask,19.4,topjobs_lk
2024-W49,flask,11.9,topjobs_lk
2024-W50,flask,11.9,topjobs_lk
2024-W51,flask,16.3,topjobs_lk
2024-W52,flask,14.1,topjobs_lk
2024-W53,flask,14.6,topjobs_lk
2025-W01,flask,5.8,topjobs_lk
2025-W02,flask,11.3,topjobs_lk
2025-W03,flask,13.1,topjobs_lk
2025-W04,flask,13.5,topjobs_lk
2025-W05,flask,13.1,topjobs_lk
2025-W06,flask,10.7,topjobs_lk
2025-W07,flask,7.6,topjobs_lk
2025-W08,flask,14.1,topjobs_lk
2025-W09,flask,11.2,topjobs_lk
2025-W10,flask,14.8,topjobs_lk
2025-W11,flask,9.0,topjobs_lk
2025-W12,flask,15.3,topjobs_lk
2025-W13,flask,6.6,topjobs_lk
2025-W14,flask,15.2,topjobs_lk
2025-W15,flask,12.8,topjobs_lk
2025-W16,flask,18.3,topjobs_lk
2025-W17,flask,24.6,topjobs_lk
2025-W18,flask,21.6,topjobs_lk
2025-W19,flask,15.9,topjobs_lk
2025-W20,flask,18.6,topjobs_lk
2025-W21,flask,2.0,topjobs_lk
2025-W22,flask,11.8,topjobs_lk
2025-W23,flask,19.9,topjobs_lk
2025-W24,flask,19.4,topjobs_lk
2025-W25,flask,9.5,topjobs_lk
2025-W26,flask,15.4,topjobs_lk
2025-W27,flask,20.3,topjobs_lk
2025-W28,flask,5.7,topjobs_lk
2025-W29,flask,9.5,topjobs_lk
2025-W30,flask,14.0,topjobs_lk
2025-W31,flask,10.6,topjobs_lk
2025-W32,flask,16.9,topjobs_lk
2025-W33,flask,6.7,topjobs_lk
2025-W34,flask,4.2,topjobs_lk
2025-W35,flask,10.4,topjobs_lk
2025-W36,flask,11.5,topjobs_lk
2025-W37,flask,11.5,topjobs_lk
2025-W38,flask,13.2,topjobs_lk
2025-W39,flask,13.5,topjobs_lk
2025-W40,flask,12.1,topjobs_lk
2025-W41,flask,15.4,topjobs_lk
2025-W42,flask,11.2,topjobs_lk
2025-W43,flask,8.6,topjobs_lk
2025-W44,flask,18.2,topjobs_lk
2025-W45,flask,12.0,topjobs_lk
2025-W46,flask,10.5,topjobs_lk
2025-W47,flask,13.7,topjobs_lk
2025-W48,flask,17.7,topjobs_lk
2025-W49,flask,12.7,topjobs_lk
2025-W50,flask,11.4,topjobs_lk
2025-W51,flask,5.6,topjobs_lk
2025-W52,flask,18.5,topjobs_lk
2026-W01,flask,9.0,topjobs_lk
2026-W02,flask,13.2,topjobs_lk
2026-W03,flask,6.4,topjobs_lk
2026-W04,flask,11.9,topjobs_lk
2026-W05,flask,9.8,topjobs_lk
2026-W06,flask,10.8,topjobs_lk
2026-W07,flask,10.5,topjobs_lk
2026-W08,flask,16.7,topjobs_lk
2026-W09,flask,10.3,topjobs_lk
2026-W10,flask,7.6,topjobs_lk
2026-W11,flask,15.2,topjobs_lk
2026-W12,flask,18.2,topjobs_lk
2026-W13,flask,18.0,topjobs_lk
2026-W14,flask,14.9,topjobs_lk
2026-W15,flask,20.2,topjobs_lk
2026-W16,flask,12.6,topjobs_lk
2026-W17,flask,18.5,topjobs_lk
2026-W18,flask,15.3,topjobs_lk
2026-W19,flask,15.5,topjobs_lk
2026-W20,flask,6.2,topjobs_lk
2026-W21,flask,9.2,topjobs_lk
2026-W22,flask,11.4,topjobs_lk
2026-W23,flask,20.4,topjobs_lk
2026-W24,flask,10.8,topjobs_lk
2026-W25,flask,19.6,topjobs_lk
2024-W01,fastapi,6.3,topjobs_lk
2024-W02,fastapi,9.0,topjobs_lk
2024-W03,fastapi,2.0,topjobs_lk
2024-W04,fastapi,8.7,topjobs_lk
2024-W05,fastapi,13.7,topjobs_lk
2024-W06,fastapi,13.7,topjobs_lk
2024-W07,fastapi,4.8,topjobs_lk
2024-W08,fastapi,2.0,topjobs_lk
2024-W09,fastapi,10.6,topjobs_lk
2024-W10,fastapi,6.7,topjobs_lk
2024-W11,fastapi,5.5,topjobs_lk
2024-W12,fastapi,5.4,topjobs_lk
2024-W13,fastapi,9.1,topjobs_lk
2024-W14,fastapi,3.8,topjobs_lk
2024-W15,fastapi,20.6,topjobs_lk
2024-W16,fastapi,13.3,topjobs_lk
2024-W17,fastapi,8.2,topjobs_lk
2024-W18,fastapi,7.6,topjobs_lk
2024-W19,fastapi,10.6,topjobs_lk
2024-W20,fastapi,9.8,topjobs_lk
2024-W21,fastapi,10.7,topjobs_lk
2024-W22,fastapi,7.3,topjobs_lk
2024-W23,fastapi,10.7,topjobs_lk
2024-W24,fastapi,10.3,topjobs_lk
2024-W25,fastapi,18.2,topjobs_lk
2024-W26,fastapi,22.4,topjobs_lk
2024-W27,fastapi,7.4,topjobs_lk
2024-W28,fastapi,14.3,topjobs_lk
2024-W29,fastapi,12.1,topjobs_lk
2024-W30,fastapi,16.2,topjobs_lk
2024-W31,fastapi,15.0,topjobs_lk
2024-W32,fastapi,13.0,topjobs_lk
2024-W33,fastapi,6.5,topjobs_lk
2024-W34,fastapi,16.0,topjobs_lk
2024-W35,fastapi,11.2,topjobs_lk
2024-W36,fastapi,12.9,topjobs_lk
2024-W37,fastapi,19.3,topjobs_lk
2024-W38,fastapi,22.1,topjobs_lk
2024-W39,fastapi,5.2,topjobs_lk
2024-W40,fastapi,17.0,topjobs_lk
2024-W41,fastapi,19.8,topjobs_lk
2024-W42,fastapi,12.6,topjobs_lk
2024-W43,fastapi,13.1,topjobs_lk
2024-W44,fastapi,14.3,topjobs_lk
2024-W45,fastapi,5.8,topjobs_lk
2024-W46,fastapi,12.9,topjobs_lk
2024-W47,fastapi,11.8,topjobs_lk
2024-W48,fastapi,16.2,topjobs_lk
2024-W49,fastapi,17.1,topjobs_lk
2024-W50,fastapi,14.9,topjobs_lk
2024-W51,fastapi,5.5,topjobs_lk
2024-W52,fastapi,15.0,topjobs_lk
2024-W53,fastapi,16.5,topjobs_lk
2025-W01,fastapi,13.5,topjobs_lk
2025-W02,fastapi,18.3,topjobs_lk
2025-W03,fastapi,13.5,topjobs_lk
2025-W04,fastapi,10.1,topjobs_lk
2025-W05,fastapi,18.6,topjobs_lk
2025-W06,fastapi,20.9,topjobs_lk
2025-W07,fastapi,17.8,topjobs_lk
2025-W08,fastapi,19.0,topjobs_lk
2025-W09,fastapi,15.3,topjobs_lk
2025-W10,fastapi,12.6,topjobs_lk
2025-W11,fastapi,21.7,topjobs_lk
2025-W12,fastapi,17.1,topjobs_lk
2025-W13,fastapi,18.3,topjobs_lk
2025-W14,fastapi,15.9,topjobs_lk
2025-W15,fastapi,21.2,topjobs_lk
2025-W16,fastapi,18.3,topjobs_lk
2025-W17,fastapi,18.8,topjobs_lk
2025-W18,fastapi,8.9,topjobs_lk
2025-W19,fastapi,15.4,topjobs_lk
2025-W20,fastapi,7.6,topjobs_lk
2025-W21,fastapi,13.9,topjobs_lk
2025-W22,fastapi,16.3,topjobs_lk
2025-W23,fastapi,16.0,topjobs_lk
2025-W24,fastapi,15.7,topjobs_lk
2025-W25,fastapi,16.6,topjobs_lk
2025-W26,fastapi,16.0,topjobs_lk
2025-W27,fastapi,12.4,topjobs_lk
2025-W28,fastapi,16.2,topjobs_lk
2025-W29,fastapi,15.9,topjobs_lk
2025-W30,fastapi,17.8,topjobs_lk
2025-W31,fastapi,19.1,topjobs_lk
2025-W32,fastapi,19.5,topjobs_lk
2025-W33,fastapi,24.2,topjobs_lk
2025-W34,fastapi,16.4,topjobs_lk
2025-W35,fastapi,17.1,topjobs_lk
2025-W36,fastapi,20.8,topjobs_lk
2025-W37,fastapi,22.7,topjobs_lk
2025-W38,fastapi,26.8,topjobs_lk
2025-W39,fastapi,20.3,topjobs_lk
2025-W40,fastapi,19.6,topjobs_lk
2025-W41,fastapi,20.8,topjobs_lk
2025-W42,fastapi,27.1,topjobs_lk
2025-W43,fastapi,13.4,topjobs_lk
2025-W44,fastapi,18.1,topjobs_lk
2025-W45,fastapi,10.7,topjobs_lk
2025-W46,fastapi,21.9,topjobs_lk
2025-W47,fastapi,26.1,topjobs_lk
2025-W48,fastapi,25.4,topjobs_lk
2025-W49,fastapi,25.4,topjobs_lk
2025-W50,fastapi,12.3,topjobs_lk
2025-W51,fastapi,16.5,topjobs_lk
2025-W52,fastapi,22.5,topjobs_lk
2026-W01,fastapi,20.3,topjobs_lk
2026-W02,fastapi,25.3,topjobs_lk
2026-W03,fastapi,24.4,topjobs_lk
2026-W04,fastapi,30.6,topjobs_lk
2026-W05,fastapi,30.7,topjobs_lk
2026-W06,fastapi,8.7,topjobs_lk
2026-W07,fastapi,19.7,topjobs_lk
2026-W08,fastapi,15.5,topjobs_lk
2026-W09,fastapi,24.2,topjobs_lk
2026-W10,fastapi,13.2,topjobs_lk
2026-W11,fastapi,23.2,topjobs_lk
2026-W12,fastapi,26.9,topjobs_lk
2026-W13,fastapi,28.8,topjobs_lk
2026-W14,fastapi,18.7,topjobs_lk
2026-W15,fastapi,18.1,topjobs_lk
2026-W16,fastapi,26.4,topjobs_lk
2026-W17,fastapi,24.0,topjobs_lk
2026-W18,fastapi,21.0,topjobs_lk
2026-W19,fastapi,29.1,topjobs_lk
2026-W20,fastapi,18.8,topjobs_lk
2026-W21,fastapi,26.8,topjobs_lk
2026-W22,fastapi,19.6,topjobs_lk
2026-W23,fastapi,21.3,topjobs_lk
2026-W24,fastapi,32.0,topjobs_lk
2026-W25,fastapi,19.8,topjobs_lk
2024-W01,spring,47.5,topjobs_lk
2024-W02,spring,51.7,topjobs_lk
2024-W03,spring,41.3,topjobs_lk
2024-W04,spring,40.9,topjobs_lk
2024-W05,spring,46.7,topjobs_lk
2024-W06,spring,51.5,topjobs_lk
2024-W07,spring,47.3,topjobs_lk
2024-W08,spring,43.8,topjobs_lk
2024-W09,spring,41.8,topjobs_lk
2024-W10,spring,49.7,topjobs_lk
2024-W11,spring,43.4,topjobs_lk
2024-W12,spring,49.9,topjobs_lk
2024-W13,spring,37.8,topjobs_lk
2024-W14,spring,41.9,topjobs_lk
2024-W15,spring,41.3,topjobs_lk
2024-W16,spring,49.9,topjobs_lk
2024-W17,spring,42.9,topjobs_lk
2024-W18,spring,43.1,topjobs_lk
2024-W19,spring,37.6,topjobs_lk
2024-W20,spring,47.6,topjobs_lk
2024-W21,spring,45.2,topjobs_lk
2024-W22,spring,52.4,topjobs_lk
2024-W23,spring,46.4,topjobs_lk
2024-W24,spring,33.8,topjobs_lk
2024-W25,spring,34.6,topjobs_lk
2024-W26,spring,44.2,topjobs_lk
2024-W27,spring,48.7,topjobs_lk
2024-W28,spring,33.5,topjobs_lk
2024-W29,spring,50.1,topjobs_lk
2024-W30,spring,53.0,topjobs_lk
2024-W31,spring,41.4,topjobs_lk
2024-W32,spring,37.9,topjobs_lk
2024-W33,spring,43.2,topjobs_lk
2024-W34,spring,43.1,topjobs_lk
2024-W35,spring,39.4,topjobs_lk
2024-W36,spring,32.2,topjobs_lk
2024-W37,spring,38.1,topjobs_lk
2024-W38,spring,40.5,topjobs_lk
2024-W39,spring,47.7,topjobs_lk
2024-W40,spring,47.6,topjobs_lk
2024-W41,spring,32.5,topjobs_lk
2024-W42,spring,46.3,topjobs_lk
2024-W43,spring,46.5,topjobs_lk
2024-W44,spring,42.5,topjobs_lk
2024-W45,spring,41.0,topjobs_lk
2024-W46,spring,46.6,topjobs_lk
2024-W47,spring,47.4,topjobs_lk
2024-W48,spring,42.1,topjobs_lk
2024-W49,spring,34.1,topjobs_lk
2024-W50,spring,37.7,topjobs_lk
2024-W51,spring,50.3,topjobs_lk
2024-W52,spring,41.5,topjobs_lk
2024-W53,spring,42.1,topjobs_lk
2025-W01,spring,47.8,topjobs_lk
2025-W02,spring,34.4,topjobs_lk
2025-W03,spring,42.5,topjobs_lk
2025-W04,spring,46.1,topjobs_lk
2025-W05,spring,37.1,topjobs_lk
2025-W06,spring,44.9,topjobs_lk
2025-W07,spring,38.4,topjobs_lk
2025-W08,spring,44.8,topjobs_lk
2025-W09,spring,41.8,topjobs_lk
2025-W10,spring,46.0,topjobs_lk
2025-W11,spring,43.6,topjobs_lk
2025-W12,spring,44.9,topjobs_lk
2025-W13,spring,43.3,topjobs_lk
2025-W14,spring,47.3,topjobs_lk
2025-W15,spring,42.8,topjobs_lk
2025-W16,spring,44.3,topjobs_lk
2025-W17,spring,43.4,topjobs_lk
2025-W18,spring,37.0,topjobs_lk
2025-W19,spring,47.9,topjobs_lk
2025-W20,spring,38.3,topjobs_lk
2025-W21,spring,38.7,topjobs_lk
2025-W22,spring,43.5,topjobs_lk
2025-W23,spring,47.4,topjobs_lk
2025-W24,spring,38.5,topjobs_lk
2025-W25,spring,42.0,topjobs_lk
2025-W26,spring,39.8,topjobs_lk
2025-W27,spring,38.6,topjobs_lk
2025-W28,spring,39.6,topjobs_lk
2025-W29,spring,25.2,topjobs_lk
2025-W30,spring,38.1,topjobs_lk
2025-W31,spring,37.2,topjobs_lk
2025-W32,spring,47.4,topjobs_lk
2025-W33,spring,43.2,topjobs_lk
2025-W34,spring,49.6,topjobs_lk
2025-W35,spring,53.9,topjobs_lk
2025-W36,spring,31.0,topjobs_lk
2025-W37,spring,45.1,topjobs_lk
2025-W38,spring,39.0,topjobs_lk
2025-W39,spring,35.1,topjobs_lk
2025-W40,spring,41.5,topjobs_lk
2025-W41,spring,36.1,topjobs_lk
2025-W42,spring,40.6,topjobs_lk
2025-W43,spring,42.3,topjobs_lk
2025-W44,spring,38.6,topjobs_lk
2025-W45,spring,41.2,topjobs_lk
2025-W46,spring,36.5,topjobs_lk
2025-W47,spring,33.7,topjobs_lk
2025-W48,spring,37.5,topjobs_lk
2025-W49,spring,40.7,topjobs_lk
2025-W50,spring,40.2,topjobs_lk
2025-W51,spring,31.4,topjobs_lk
2025-W52,spring,39.2,topjobs_lk
2026-W01,spring,32.9,topjobs_lk
2026-W02,spring,35.0,topjobs_lk
2026-W03,spring,41.5,topjobs_lk
2026-W04,spring,42.0,topjobs_lk
2026-W05,spring,39.9,topjobs_lk
2026-W06,spring,48.1,topjobs_lk
2026-W07,spring,37.7,topjobs_lk
2026-W08,spring,38.9,topjobs_lk
2026-W09,spring,37.8,topjobs_lk
2026-W10,spring,37.2,topjobs_lk
2026-W11,spring,34.1,topjobs_lk
2026-W12,spring,41.3,topjobs_lk
2026-W13,spring,44.2,topjobs_lk
2026-W14,spring,41.8,topjobs_lk
2026-W15,spring,37.9,topjobs_lk
2026-W16,spring,36.2,topjobs_lk
2026-W17,spring,44.5,topjobs_lk
2026-W18,spring,42.5,topjobs_lk
2026-W19,spring,42.1,topjobs_lk
2026-W20,spring,44.3,topjobs_lk
2026-W21,spring,36.9,topjobs_lk
2026-W22,spring,41.5,topjobs_lk
2026-W23,spring,47.4,topjobs_lk
2026-W24,spring,37.0,topjobs_lk
2026-W25,spring,39.9,topjobs_lk
2024-W01,dotnet,66.8,topjobs_lk
2024-W02,dotnet,66.7,topjobs_lk
2024-W03,dotnet,57.6,topjobs_lk
2024-W04,dotnet,54.2,topjobs_lk
2024-W05,dotnet,48.4,topjobs_lk
2024-W06,dotnet,58.2,topjobs_lk
2024-W07,dotnet,55.0,topjobs_lk
2024-W08,dotnet,56.1,topjobs_lk
2024-W09,dotnet,58.5,topjobs_lk
2024-W10,dotnet,50.9,topjobs_lk
2024-W11,dotnet,61.4,topjobs_lk
2024-W12,dotnet,57.8,topjobs_lk
2024-W13,dotnet,58.3,topjobs_lk
2024-W14,dotnet,52.1,topjobs_lk
2024-W15,dotnet,58.1,topjobs_lk
2024-W16,dotnet,54.9,topjobs_lk
2024-W17,dotnet,51.2,topjobs_lk
2024-W18,dotnet,64.0,topjobs_lk
2024-W19,dotnet,60.9,topjobs_lk
2024-W20,dotnet,58.4,topjobs_lk
2024-W21,dotnet,57.9,topjobs_lk
2024-W22,dotnet,59.5,topjobs_lk
2024-W23,dotnet,63.6,topjobs_lk
2024-W24,dotnet,56.2,topjobs_lk
2024-W25,dotnet,54.2,topjobs_lk
2024-W26,dotnet,59.4,topjobs_lk
2024-W27,dotnet,48.7,topjobs_lk
2024-W28,dotnet,55.9,topjobs_lk
2024-W29,dotnet,59.9,topjobs_lk
2024-W30,dotnet,58.8,topjobs_lk
2024-W31,dotnet,62.2,topjobs_lk
2024-W32,dotnet,62.5,topjobs_lk
2024-W33,dotnet,62.5,topjobs_lk
2024-W34,dotnet,60.5,topjobs_lk
2024-W35,dotnet,62.9,topjobs_lk
2024-W36,dotnet,59.5,topjobs_lk
2024-W37,dotnet,58.7,topjobs_lk
2024-W38,dotnet,48.9,topjobs_lk
2024-W39,dotnet,52.4,topjobs_lk
2024-W40,dotnet,51.6,topjobs_lk
2024-W41,dotnet,53.9,topjobs_lk
2024-W42,dotnet,53.1,topjobs_lk
2024-W43,dotnet,54.3,topjobs_lk
2024-W44,dotnet,58.5,topjobs_lk
2024-W45,dotnet,56.9,topjobs_lk
2024-W46,dotnet,54.4,topjobs_lk
2024-W47,dotnet,53.4,topjobs_lk
2024-W48,dotnet,56.8,topjobs_lk
2024-W49,dotnet,55.1,topjobs_lk
2024-W50,dotnet,60.5,topjobs_lk
2024-W51,dotnet,56.8,topjobs_lk
2024-W52,dotnet,53.2,topjobs_lk
2024-W53,dotnet,52.4,topjobs_lk
2025-W01,dotnet,57.4,topjobs_lk
2025-W02,dotnet,44.0,topjobs_lk
2025-W03,dotnet,62.3,topjobs_lk
2025-W04,dotnet,61.5,topjobs_lk
2025-W05,dotnet,53.6,topjobs_lk
2025-W06,dotnet,58.7,topjobs_lk
2025-W07,dotnet,53.8,topjobs_lk
2025-W08,dotnet,54.0,topjobs_lk
2025-W09,dotnet,50.5,topjobs_lk
2025-W10,dotnet,54.3,topjobs_lk
2025-W11,dotnet,64.2,topjobs_lk
2025-W12,dotnet,44.2,topjobs_lk
2025-W13,dotnet,52.2,topjobs_lk
2025-W14,dotnet,53.6,topjobs_lk
2025-W15,dotnet,54.9,topjobs_lk
2025-W16,dotnet,60.3,topjobs_lk
2025-W17,dotnet,52.5,topjobs_lk
2025-W18,dotnet,67.1,topjobs_lk
2025-W19,dotnet,55.5,topjobs_lk
2025-W20,dotnet,71.1,topjobs_lk
2025-W21,dotnet,60.5,topjobs_lk
2025-W22,dotnet,59.3,topjobs_lk
2025-W23,dotnet,61.2,topjobs_lk
2025-W24,dotnet,58.2,topjobs_lk
2025-W25,dotnet,56.0,topjobs_lk
2025-W26,dotnet,67.0,topjobs_lk
2025-W27,dotnet,51.4,topjobs_lk
2025-W28,dotnet,54.9,topjobs_lk
2025-W29,dotnet,44.9,topjobs_lk
2025-W30,dotnet,61.7,topjobs_lk
2025-W31,dotnet,55.6,topjobs_lk
2025-W32,dotnet,61.5,topjobs_lk
2025-W33,dotnet,58.2,topjobs_lk
2025-W34,dotnet,51.0,topjobs_lk
2025-W35,dotnet,60.9,topjobs_lk
2025-W36,dotnet,52.9,topjobs_lk
2025-W37,dotnet,53.2,topjobs_lk
2025-W38,dotnet,55.6,topjobs_lk
2025-W39,dotnet,46.0,topjobs_lk
2025-W40,dotnet,50.8,topjobs_lk
2025-W41,dotnet,53.7,topjobs_lk
2025-W42,dotnet,44.9,topjobs_lk
2025-W43,dotnet,55.5,topjobs_lk
2025-W44,dotnet,48.8,topjobs_lk
2025-W45,dotnet,43.7,topjobs_lk
2025-W46,dotnet,64.2,topjobs_lk
2025-W47,dotnet,54.4,topjobs_lk
2025-W48,dotnet,51.8,topjobs_lk
2025-W49,dotnet,51.8,topjobs_lk
2025-W50,dotnet,50.5,topjobs_lk
2025-W51,dotnet,55.1,topjobs_lk
2025-W52,dotnet,62.6,topjobs_lk
2026-W01,dotnet,53.7,topjobs_lk
2026-W02,dotnet,58.0,topjobs_lk
2026-W03,dotnet,53.3,topjobs_lk
2026-W04,dotnet,52.9,topjobs_lk
2026-W05,dotnet,60.0,topjobs_lk
2026-W06,dotnet,53.2,topjobs_lk
2026-W07,dotnet,49.7,topjobs_lk
2026-W08,dotnet,54.7,topjobs_lk
2026-W09,dotnet,60.8,topjobs_lk
2026-W10,dotnet,50.6,topjobs_lk
2026-W11,dotnet,56.6,topjobs_lk
2026-W12,dotnet,59.5,topjobs_lk
2026-W13,dotnet,61.9,topjobs_lk
2026-W14,dotnet,49.2,topjobs_lk
2026-W15,dotnet,53.0,topjobs_lk
2026-W16,dotnet,49.0,topjobs_lk
2026-W17,dotnet,56.6,topjobs_lk
2026-W18,dotnet,50.3,topjobs_lk
2026-W19,dotnet,58.4,topjobs_lk
2026-W20,dotnet,52.2,topjobs_lk
2026-W21,dotnet,59.2,topjobs_lk
2026-W22,dotnet,52.3,topjobs_lk
2026-W23,dotnet,50.5,topjobs_lk
2026-W24,dotnet,54.9,topjobs_lk
2026-W25,dotnet,51.5,topjobs_lk
2024-W01,laravel,27.0,topjobs_lk
2024-W02,laravel,24.4,topjobs_lk
2024-W03,laravel,20.1,topjobs_lk
2024-W04,laravel,26.1,topjobs_lk
2024-W05,laravel,20.8,topjobs_lk
2024-W06,laravel,24.5,topjobs_lk
2024-W07,laravel,26.4,topjobs_lk
2024-W08,laravel,23.8,topjobs_lk
2024-W09,laravel,28.3,topjobs_lk
2024-W10,laravel,25.7,topjobs_lk
2024-W11,laravel,24.3,topjobs_lk
2024-W12,laravel,27.8,topjobs_lk
2024-W13,laravel,28.4,topjobs_lk
2024-W14,laravel,26.8,topjobs_lk
2024-W15,laravel,25.3,topjobs_lk
2024-W16,laravel,21.8,topjobs_lk
2024-W17,laravel,21.7,topjobs_lk
2024-W18,laravel,24.7,topjobs_lk
2024-W19,laravel,25.6,topjobs_lk
2024-W20,laravel,27.9,topjobs_lk
2024-W21,laravel,22.9,topjobs_lk
2024-W22,laravel,37.3,topjobs_lk
2024-W23,laravel,31.4,topjobs_lk
2024-W24,laravel,18.9,topjobs_lk
2024-W25,laravel,22.6,topjobs_lk
2024-W26,laravel,16.9,topjobs_lk
2024-W27,laravel,21.8,topjobs_lk
2024-W28,laravel,25.4,topjobs_lk
2024-W29,laravel,23.0,topjobs_lk
2024-W30,laravel,34.9,topjobs_lk
2024-W31,laravel,22.9,topjobs_lk
2024-W32,laravel,28.7,topjobs_lk
2024-W33,laravel,23.4,topjobs_lk
2024-W34,laravel,30.8,topjobs_lk
2024-W35,laravel,31.5,topjobs_lk
2024-W36,laravel,24.7,topjobs_lk
2024-W37,laravel,33.7,topjobs_lk
2024-W38,laravel,24.1,topjobs_lk
2024-W39,laravel,34.4,topjobs_lk
2024-W40,laravel,24.6,topjobs_lk
2024-W41,laravel,27.9,topjobs_lk
2024-W42,laravel,22.1,topjobs_lk
2024-W43,laravel,26.7,topjobs_lk
2024-W44,laravel,26.4,topjobs_lk
2024-W45,laravel,27.4,topjobs_lk
2024-W46,laravel,26.7,topjobs_lk
2024-W47,laravel,26.1,topjobs_lk
2024-W48,laravel,26.6,topjobs_lk
2024-W49,laravel,21.0,topjobs_lk
2024-W50,laravel,23.7,topjobs_lk
2024-W51,laravel,28.9,topjobs_lk
2024-W52,laravel,22.6,topjobs_lk
2024-W53,laravel,21.8,topjobs_lk
2025-W01,laravel,22.7,topjobs_lk
2025-W02,laravel,23.0,topjobs_lk
2025-W03,laravel,21.0,topjobs_lk
2025-W04,laravel,19.9,topjobs_lk
2025-W05,laravel,18.5,topjobs_lk
2025-W06,laravel,26.2,topjobs_lk
2025-W07,laravel,21.4,topjobs_lk
2025-W08,laravel,26.1,topjobs_lk
2025-W09,laravel,28.0,topjobs_lk
2025-W10,laravel,19.7,topjobs_lk
2025-W11,laravel,27.3,topjobs_lk
2025-W12,laravel,28.6,topjobs_lk
2025-W13,laravel,21.9,topjobs_lk
2025-W14,laravel,29.4,topjobs_lk
2025-W15,laravel,22.2,topjobs_lk
2025-W16,laravel,17.9,topjobs_lk
2025-W17,laravel,21.3,topjobs_lk
2025-W18,laravel,22.3,topjobs_lk
2025-W19,laravel,23.1,topjobs_lk
2025-W20,laravel,18.6,topjobs_lk
2025-W21,laravel,14.0,topjobs_lk
2025-W22,laravel,26.7,topjobs_lk
2025-W23,laravel,31.3,topjobs_lk
2025-W24,laravel,24.2,topjobs_lk
2025-W25,laravel,23.4,topjobs_lk
2025-W26,laravel,17.0,topjobs_lk
2025-W27,laravel,22.9,topjobs_lk
2025-W28,laravel,20.8,topjobs_lk
2025-W29,laravel,26.9,topjobs_lk
2025-W30,laravel,30.9,topjobs_lk
2025-W31,laravel,22.9,topjobs_lk
2025-W32,laravel,16.6,topjobs_lk
2025-W33,laravel,30.0,topjobs_lk
2025-W34,laravel,26.4,topjobs_lk
2025-W35,laravel,18.1,topjobs_lk
2025-W36,laravel,23.5,topjobs_lk
2025-W37,laravel,24.8,topjobs_lk
2025-W38,laravel,21.0,topjobs_lk
2025-W39,laravel,25.2,topjobs_lk
2025-W40,laravel,21.4,topjobs_lk
2025-W41,laravel,12.6,topjobs_lk
2025-W42,laravel,10.0,topjobs_lk
2025-W43,laravel,14.7,topjobs_lk
2025-W44,laravel,21.1,topjobs_lk
2025-W45,laravel,31.3,topjobs_lk
2025-W46,laravel,26.1,topjobs_lk
2025-W47,laravel,17.8,topjobs_lk
2025-W48,laravel,23.0,topjobs_lk
2025-W49,laravel,16.9,topjobs_lk
2025-W50,laravel,27.6,topjobs_lk
2025-W51,laravel,23.7,topjobs_lk
2025-W52,laravel,10.0,topjobs_lk
2026-W01,laravel,27.1,topjobs_lk
2026-W02,laravel,21.1,topjobs_lk
2026-W03,laravel,20.1,topjobs_lk
2026-W04,laravel,27.2,topjobs_lk
2026-W05,laravel,23.9,topjobs_lk
2026-W06,laravel,17.5,topjobs_lk
2026-W07,laravel,13.6,topjobs_lk
2026-W08,laravel,27.3,topjobs_lk
2026-W09,laravel,20.1,topjobs_lk
2026-W10,laravel,23.0,topjobs_lk
2026-W11,laravel,24.3,topjobs_lk
2026-W12,laravel,18.9,topjobs_lk
2026-W13,laravel,25.1,topjobs_lk
2026-W14,laravel,16.7,topjobs_lk
2026-W15,laravel,20.4,topjobs_lk
2026-W16,laravel,18.8,topjobs_lk
2026-W17,laravel,21.4,topjobs_lk
2026-W18,laravel,13.9,topjobs_lk
2026-W19,laravel,23.1,topjobs_lk
2026-W20,laravel,18.6,topjobs_lk
2026-W21,laravel,16.8,topjobs_lk
2026-W22,laravel,19.6,topjobs_lk
2026-W23,laravel,16.3,topjobs_lk
2026-W24,laravel,23.6,topjobs_lk
2026-W25,laravel,28.2,topjobs_lk
2024-W01,aws,27.4,topjobs_lk
2024-W02,aws,37.0,topjobs_lk
2024-W03,aws,34.4,topjobs_lk
2024-W04,aws,27.6,topjobs_lk
2024-W05,aws,26.7,topjobs_lk
2024-W06,aws,34.8,topjobs_lk
2024-W07,aws,33.6,topjobs_lk
2024-W08,aws,34.9,topjobs_lk
2024-W09,aws,31.0,topjobs_lk
2024-W10,aws,27.7,topjobs_lk
2024-W11,aws,27.2,topjobs_lk
2024-W12,aws,30.3,topjobs_lk
2024-W13,aws,32.4,topjobs_lk
2024-W14,aws,31.4,topjobs_lk
2024-W15,aws,27.1,topjobs_lk
2024-W16,aws,28.3,topjobs_lk
2024-W17,aws,31.8,topjobs_lk
2024-W18,aws,29.6,topjobs_lk
2024-W19,aws,25.5,topjobs_lk
2024-W20,aws,28.5,topjobs_lk
2024-W21,aws,34.4,topjobs_lk
2024-W22,aws,30.7,topjobs_lk
2024-W23,aws,26.8,topjobs_lk
2024-W24,aws,33.4,topjobs_lk
2024-W25,aws,32.3,topjobs_lk
2024-W26,aws,29.5,topjobs_lk
2024-W27,aws,22.3,topjobs_lk
2024-W28,aws,35.6,topjobs_lk
2024-W29,aws,33.3,topjobs_lk
2024-W30,aws,32.3,topjobs_lk
2024-W31,aws,30.5,topjobs_lk
2024-W32,aws,23.9,topjobs_lk
2024-W33,aws,37.2,topjobs_lk
2024-W34,aws,25.7,topjobs_lk
2024-W35,aws,24.1,topjobs_lk
2024-W36,aws,32.8,topjobs_lk
2024-W37,aws,26.2,topjobs_lk
2024-W38,aws,34.1,topjobs_lk
2024-W39,aws,35.8,topjobs_lk
2024-W40,aws,28.4,topjobs_lk
2024-W41,aws,38.9,topjobs_lk
2024-W42,aws,34.4,topjobs_lk
2024-W43,aws,34.4,topjobs_lk
2024-W44,aws,30.9,topjobs_lk
2024-W45,aws,34.8,topjobs_lk
2024-W46,aws,29.9,topjobs_lk
2024-W47,aws,35.1,topjobs_lk
2024-W48,aws,27.1,topjobs_lk
2024-W49,aws,39.0,topjobs_lk
2024-W50,aws,29.5,topjobs_lk
2024-W51,aws,33.1,topjobs_lk
2024-W52,aws,35.1,topjobs_lk
2024-W53,aws,36.1,topjobs_lk
2025-W01,aws,25.3,topjobs_lk
2025-W02,aws,29.9,topjobs_lk
2025-W03,aws,34.5,topjobs_lk
2025-W04,aws,34.4,topjobs_lk
2025-W05,aws,28.3,topjobs_lk
2025-W06,aws,22.9,topjobs_lk
2025-W07,aws,39.0,topjobs_lk
2025-W08,aws,30.2,topjobs_lk
2025-W09,aws,39.6,topjobs_lk
2025-W10,aws,35.7,topjobs_lk
2025-W11,aws,35.1,topjobs_lk
2025-W12,aws,34.9,topjobs_lk
2025-W13,aws,39.3,topjobs_lk
2025-W14,aws,35.7,topjobs_lk
2025-W15,aws,38.8,topjobs_lk
2025-W16,aws,33.9,topjobs_lk
2025-W17,aws,41.0,topjobs_lk
2025-W18,aws,38.3,topjobs_lk
2025-W19,aws,31.5,topjobs_lk
2025-W20,aws,37.3,topjobs_lk
2025-W21,aws,30.7,topjobs_lk
2025-W22,aws,35.3,topjobs_lk
2025-W23,aws,44.2,topjobs_lk
2025-W24,aws,31.7,topjobs_lk
2025-W25,aws,42.9,topjobs_lk
2025-W26,aws,37.2,topjobs_lk
2025-W27,aws,37.3,topjobs_lk
2025-W28,aws,40.0,topjobs_lk
2025-W29,aws,38.3,topjobs_lk
2025-W30,aws,37.4,topjobs_lk
2025-W31,aws,37.9,topjobs_lk
2025-W32,aws,33.8,topjobs_lk
2025-W33,aws,39.4,topjobs_lk
2025-W34,aws,38.0,topjobs_lk
2025-W35,aws,31.9,topjobs_lk
2025-W36,aws,34.2,topjobs_lk
2025-W37,aws,35.2,topjobs_lk
2025-W38,aws,38.3,topjobs_lk
2025-W39,aws,36.7,topjobs_lk
2025-W40,aws,35.8,topjobs_lk
2025-W41,aws,38.6,topjobs_lk
2025-W42,aws,36.0,topjobs_lk
2025-W43,aws,32.0,topjobs_lk
2025-W44,aws,37.0,topjobs_lk
2025-W45,aws,39.6,topjobs_lk
2025-W46,aws,46.6,topjobs_lk
2025-W47,aws,45.0,topjobs_lk
2025-W48,aws,45.5,topjobs_lk
2025-W49,aws,42.4,topjobs_lk
2025-W50,aws,43.8,topjobs_lk
2025-W51,aws,36.5,topjobs_lk
2025-W52,aws,40.4,topjobs_lk
2026-W01,aws,46.3,topjobs_lk
2026-W02,aws,41.3,topjobs_lk
2026-W03,aws,40.9,topjobs_lk
2026-W04,aws,40.8,topjobs_lk
2026-W05,aws,40.4,topjobs_lk
2026-W06,aws,41.1,topjobs_lk
2026-W07,aws,34.6,topjobs_lk
2026-W08,aws,39.3,topjobs_lk
2026-W09,aws,48.1,topjobs_lk
2026-W10,aws,41.9,topjobs_lk
2026-W11,aws,40.1,topjobs_lk
2026-W12,aws,34.9,topjobs_lk
2026-W13,aws,30.4,topjobs_lk
2026-W14,aws,39.5,topjobs_lk
2026-W15,aws,51.1,topjobs_lk
2026-W16,aws,38.6,topjobs_lk
2026-W17,aws,42.2,topjobs_lk
2026-W18,aws,40.8,topjobs_lk
2026-W19,aws,30.9,topjobs_lk
2026-W20,aws,41.8,topjobs_lk
2026-W21,aws,47.0,topjobs_lk
2026-W22,aws,45.3,topjobs_lk
2026-W23,aws,40.6,topjobs_lk
2026-W24,aws,46.5,topjobs_lk
2026-W25,aws,37.6,topjobs_lk
2024-W01,azure,23.2,topjobs_lk
2024-W02,azure,23.0,topjobs_lk
2024-W03,azure,23.3,topjobs_lk
2024-W04,azure,28.4,topjobs_lk
2024-W05,azure,31.9,topjobs_lk
2024-W06,azure,24.2,topjobs_lk
2024-W07,azure,25.2,topjobs_lk
2024-W08,azure,29.2,topjobs_lk
2024-W09,azure,27.4,topjobs_lk
2024-W10,azure,23.8,topjobs_lk
2024-W11,azure,23.5,topjobs_lk
2024-W12,azure,26.2,topjobs_lk
2024-W13,azure,22.0,topjobs_lk
2024-W14,azure,22.3,topjobs_lk
2024-W15,azure,27.8,topjobs_lk
2024-W16,azure,29.0,topjobs_lk
2024-W17,azure,35.6,topjobs_lk
2024-W18,azure,19.2,topjobs_lk
2024-W19,azure,25.8,topjobs_lk
2024-W20,azure,17.5,topjobs_lk
2024-W21,azure,20.9,topjobs_lk
2024-W22,azure,28.4,topjobs_lk
2024-W23,azure,32.7,topjobs_lk
2024-W24,azure,34.4,topjobs_lk
2024-W25,azure,23.7,topjobs_lk
2024-W26,azure,32.2,topjobs_lk
2024-W27,azure,21.1,topjobs_lk
2024-W28,azure,23.4,topjobs_lk
2024-W29,azure,30.4,topjobs_lk
2024-W30,azure,34.8,topjobs_lk
2024-W31,azure,22.9,topjobs_lk
2024-W32,azure,23.6,topjobs_lk
2024-W33,azure,25.4,topjobs_lk
2024-W34,azure,28.9,topjobs_lk
2024-W35,azure,26.0,topjobs_lk
2024-W36,azure,28.3,topjobs_lk
2024-W37,azure,26.2,topjobs_lk
2024-W38,azure,30.2,topjobs_lk
2024-W39,azure,13.1,topjobs_lk
2024-W40,azure,27.1,topjobs_lk
2024-W41,azure,32.3,topjobs_lk
2024-W42,azure,25.0,topjobs_lk
2024-W43,azure,22.1,topjobs_lk
2024-W44,azure,27.3,topjobs_lk
2024-W45,azure,28.7,topjobs_lk
2024-W46,azure,35.4,topjobs_lk
2024-W47,azure,31.4,topjobs_lk
2024-W48,azure,34.8,topjobs_lk
2024-W49,azure,20.0,topjobs_lk
2024-W50,azure,30.8,topjobs_lk
2024-W51,azure,24.8,topjobs_lk
2024-W52,azure,32.3,topjobs_lk
2024-W53,azure,35.6,topjobs_lk
2025-W01,azure,25.3,topjobs_lk
2025-W02,azure,26.4,topjobs_lk
2025-W03,azure,29.4,topjobs_lk
2025-W04,azure,27.8,topjobs_lk
2025-W05,azure,35.4,topjobs_lk
2025-W06,azure,30.3,topjobs_lk
2025-W07,azure,22.0,topjobs_lk
2025-W08,azure,28.9,topjobs_lk
2025-W09,azure,34.0,topjobs_lk
2025-W10,azure,17.3,topjobs_lk
2025-W11,azure,31.3,topjobs_lk
2025-W12,azure,27.0,topjobs_lk
2025-W13,azure,26.3,topjobs_lk
2025-W14,azure,42.0,topjobs_lk
2025-W15,azure,33.9,topjobs_lk
2025-W16,azure,32.7,topjobs_lk
2025-W17,azure,30.6,topjobs_lk
2025-W18,azure,33.5,topjobs_lk
2025-W19,azure,22.8,topjobs_lk
2025-W20,azure,35.0,topjobs_lk
2025-W21,azure,39.8,topjobs_lk
2025-W22,azure,33.3,topjobs_lk
2025-W23,azure,34.0,topjobs_lk
2025-W24,azure,35.2,topjobs_lk
2025-W25,azure,28.1,topjobs_lk
2025-W26,azure,32.1,topjobs_lk
2025-W27,azure,28.8,topjobs_lk
2025-W28,azure,34.9,topjobs_lk
2025-W29,azure,24.4,topjobs_lk
2025-W30,azure,38.7,topjobs_lk
2025-W31,azure,32.9,topjobs_lk
2025-W32,azure,28.9,topjobs_lk
2025-W33,azure,35.7,topjobs_lk
2025-W34,azure,34.1,topjobs_lk
2025-W35,azure,37.6,topjobs_lk
2025-W36,azure,26.6,topjobs_lk
2025-W37,azure,32.1,topjobs_lk
2025-W38,azure,30.0,topjobs_lk
2025-W39,azure,31.8,topjobs_lk
2025-W40,azure,31.5,topjobs_lk
2025-W41,azure,35.8,topjobs_lk
2025-W42,azure,40.1,topjobs_lk
2025-W43,azure,29.2,topjobs_lk
2025-W44,azure,37.7,topjobs_lk
2025-W45,azure,29.1,topjobs_lk
2025-W46,azure,33.7,topjobs_lk
2025-W47,azure,29.6,topjobs_lk
2025-W48,azure,34.6,topjobs_lk
2025-W49,azure,23.9,topjobs_lk
2025-W50,azure,32.5,topjobs_lk
2025-W51,azure,37.6,topjobs_lk
2025-W52,azure,24.3,topjobs_lk
2026-W01,azure,32.5,topjobs_lk
2026-W02,azure,36.9,topjobs_lk
2026-W03,azure,30.1,topjobs_lk
2026-W04,azure,33.0,topjobs_lk
2026-W05,azure,29.8,topjobs_lk
2026-W06,azure,31.7,topjobs_lk
2026-W07,azure,38.1,topjobs_lk
2026-W08,azure,33.6,topjobs_lk
2026-W09,azure,31.8,topjobs_lk
2026-W10,azure,37.6,topjobs_lk
2026-W11,azure,31.4,topjobs_lk
2026-W12,azure,31.8,topjobs_lk
2026-W13,azure,29.1,topjobs_lk
2026-W14,azure,34.3,topjobs_lk
2026-W15,azure,22.1,topjobs_lk
2026-W16,azure,30.2,topjobs_lk
2026-W17,azure,31.5,topjobs_lk
2026-W18,azure,40.4,topjobs_lk
2026-W19,azure,33.3,topjobs_lk
2026-W20,azure,35.6,topjobs_lk
2026-W21,azure,28.6,topjobs_lk
2026-W22,azure,29.0,topjobs_lk
2026-W23,azure,30.4,topjobs_lk
2026-W24,azure,35.6,topjobs_lk
2026-W25,azure,37.6,topjobs_lk
2024-W01,google cloud,16.7,topjobs_lk
2024-W02,google cloud,16.5,topjobs_lk
2024-W03,google cloud,15.1,topjobs_lk
2024-W04,google cloud,21.8,topjobs_lk
2024-W05,google cloud,20.8,topjobs_lk
2024-W06,google cloud,19.3,topjobs_lk
2024-W07,google cloud,18.0,topjobs_lk
2024-W08,google cloud,20.4,topjobs_lk
2024-W09,google cloud,12.7,topjobs_lk
2024-W10,google cloud,16.9,topjobs_lk
2024-W11,google cloud,11.8,topjobs_lk
2024-W12,google cloud,15.6,topjobs_lk
2024-W13,google cloud,14.3,topjobs_lk
2024-W14,google cloud,17.3,topjobs_lk
2024-W15,google cloud,15.8,topjobs_lk
2024-W16,google cloud,17.9,topjobs_lk
2024-W17,google cloud,15.3,topjobs_lk
2024-W18,google cloud,18.3,topjobs_lk
2024-W19,google cloud,16.8,topjobs_lk
2024-W20,google cloud,16.7,topjobs_lk
2024-W21,google cloud,13.4,topjobs_lk
2024-W22,google cloud,18.2,topjobs_lk
2024-W23,google cloud,21.1,topjobs_lk
2024-W24,google cloud,19.0,topjobs_lk
2024-W25,google cloud,24.1,topjobs_lk
2024-W26,google cloud,13.2,topjobs_lk
2024-W27,google cloud,26.8,topjobs_lk
2024-W28,google cloud,12.2,topjobs_lk
2024-W29,google cloud,29.1,topjobs_lk
2024-W30,google cloud,13.1,topjobs_lk
2024-W31,google cloud,15.3,topjobs_lk
2024-W32,google cloud,24.8,topjobs_lk
2024-W33,google cloud,15.6,topjobs_lk
2024-W34,google cloud,22.4,topjobs_lk
2024-W35,google cloud,18.7,topjobs_lk
2024-W36,google cloud,23.6,topjobs_lk
2024-W37,google cloud,18.8,topjobs_lk
2024-W38,google cloud,21.9,topjobs_lk
2024-W39,google cloud,18.2,topjobs_lk
2024-W40,google cloud,14.6,topjobs_lk
2024-W41,google cloud,20.3,topjobs_lk
2024-W42,google cloud,24.8,topjobs_lk
2024-W43,google cloud,18.2,topjobs_lk
2024-W44,google cloud,10.5,topjobs_lk
2024-W45,google cloud,20.7,topjobs_lk
2024-W46,google cloud,15.5,topjobs_lk
2024-W47,google cloud,17.9,topjobs_lk
2024-W48,google cloud,11.1,topjobs_lk
2024-W49,google cloud,19.2,topjobs_lk
2024-W50,google cloud,19.8,topjobs_lk
2024-W51,google cloud,12.2,topjobs_lk
2024-W52,google cloud,24.2,topjobs_lk
2024-W53,google cloud,15.1,topjobs_lk
2025-W01,google cloud,18.7,topjobs_lk
2025-W02,google cloud,12.2,topjobs_lk
2025-W03,google cloud,19.1,topjobs_lk
2025-W04,google cloud,24.2,topjobs_lk
2025-W05,google cloud,18.4,topjobs_lk
2025-W06,google cloud,12.8,topjobs_lk
2025-W07,google cloud,18.2,topjobs_lk
2025-W08,google cloud,25.4,topjobs_lk
2025-W09,google cloud,22.4,topjobs_lk
2025-W10,google cloud,23.7,topjobs_lk
2025-W11,google cloud,15.7,topjobs_lk
2025-W12,google cloud,20.4,topjobs_lk
2025-W13,google cloud,17.7,topjobs_lk
2025-W14,google cloud,21.6,topjobs_lk
2025-W15,google cloud,16.6,topjobs_lk
2025-W16,google cloud,11.7,topjobs_lk
2025-W17,google cloud,10.8,topjobs_lk
2025-W18,google cloud,17.7,topjobs_lk
2025-W19,google cloud,21.4,topjobs_lk
2025-W20,google cloud,16.5,topjobs_lk
2025-W21,google cloud,16.0,topjobs_lk
2025-W22,google cloud,18.5,topjobs_lk
2025-W23,google cloud,22.0,topjobs_lk
2025-W24,google cloud,21.1,topjobs_lk
2025-W25,google cloud,14.3,topjobs_lk
2025-W26,google cloud,12.1,topjobs_lk
2025-W27,google cloud,21.1,topjobs_lk
2025-W28,google cloud,26.4,topjobs_lk
2025-W29,google cloud,18.4,topjobs_lk
2025-W30,google cloud,28.1,topjobs_lk
2025-W31,google cloud,23.6,topjobs_lk
2025-W32,google cloud,17.2,topjobs_lk
2025-W33,google cloud,20.7,topjobs_lk
2025-W34,google cloud,17.4,topjobs_lk
2025-W35,google cloud,26.2,topjobs_lk
2025-W36,google cloud,23.4,topjobs_lk
2025-W37,google cloud,27.8,topjobs_lk
2025-W38,google cloud,13.7,topjobs_lk
2025-W39,google cloud,16.2,topjobs_lk
2025-W40,google cloud,19.5,topjobs_lk
2025-W41,google cloud,20.3,topjobs_lk
2025-W42,google cloud,21.8,topjobs_lk
2025-W43,google cloud,16.8,topjobs_lk
2025-W44,google cloud,20.3,topjobs_lk
2025-W45,google cloud,9.4,topjobs_lk
2025-W46,google cloud,21.5,topjobs_lk
2025-W47,google cloud,15.6,topjobs_lk
2025-W48,google cloud,21.4,topjobs_lk
2025-W49,google cloud,24.7,topjobs_lk
2025-W50,google cloud,19.6,topjobs_lk
2025-W51,google cloud,12.6,topjobs_lk
2025-W52,google cloud,15.3,topjobs_lk
2026-W01,google cloud,30.4,topjobs_lk
2026-W02,google cloud,20.8,topjobs_lk
2026-W03,google cloud,18.1,topjobs_lk
2026-W04,google cloud,25.0,topjobs_lk
2026-W05,google cloud,23.7,topjobs_lk
2026-W06,google cloud,24.5,topjobs_lk
2026-W07,google cloud,17.8,topjobs_lk
2026-W08,google cloud,17.1,topjobs_lk
2026-W09,google cloud,22.9,topjobs_lk
2026-W10,google cloud,12.7,topjobs_lk
2026-W11,google cloud,18.3,topjobs_lk
2026-W12,google cloud,15.9,topjobs_lk
2026-W13,google cloud,24.3,topjobs_lk
2026-W14,google cloud,17.5,topjobs_lk
2026-W15,google cloud,33.7,topjobs_lk
2026-W16,google cloud,18.7,topjobs_lk
2026-W17,google cloud,17.7,topjobs_lk
2026-W18,google cloud,23.0,topjobs_lk
2026-W19,google cloud,22.6,topjobs_lk
2026-W20,google cloud,19.6,topjobs_lk
2026-W21,google cloud,21.5,topjobs_lk
2026-W22,google cloud,28.5,topjobs_lk
2026-W23,google cloud,18.1,topjobs_lk
2026-W24,google cloud,32.1,topjobs_lk
2026-W25,google cloud,19.0,topjobs_lk
2024-W01,docker,34.1,topjobs_lk
2024-W02,docker,38.2,topjobs_lk
2024-W03,docker,29.1,topjobs_lk
2024-W04,docker,29.2,topjobs_lk
2024-W05,docker,29.8,topjobs_lk
2024-W06,docker,35.0,topjobs_lk
2024-W07,docker,29.4,topjobs_lk
2024-W08,docker,26.8,topjobs_lk
2024-W09,docker,38.4,topjobs_lk
2024-W10,docker,21.7,topjobs_lk
2024-W11,docker,28.8,topjobs_lk
2024-W12,docker,29.4,topjobs_lk
2024-W13,docker,29.1,topjobs_lk
2024-W14,docker,23.6,topjobs_lk
2024-W15,docker,26.3,topjobs_lk
2024-W16,docker,27.0,topjobs_lk
2024-W17,docker,25.7,topjobs_lk
2024-W18,docker,26.3,topjobs_lk
2024-W19,docker,33.9,topjobs_lk
2024-W20,docker,34.5,topjobs_lk
2024-W21,docker,33.9,topjobs_lk
2024-W22,docker,27.8,topjobs_lk
2024-W23,docker,39.1,topjobs_lk
2024-W24,docker,30.3,topjobs_lk
2024-W25,docker,29.4,topjobs_lk
2024-W26,docker,28.2,topjobs_lk
2024-W27,docker,28.4,topjobs_lk
2024-W28,docker,37.5,topjobs_lk
2024-W29,docker,34.4,topjobs_lk
2024-W30,docker,31.1,topjobs_lk
2024-W31,docker,32.5,topjobs_lk
2024-W32,docker,29.7,topjobs_lk
2024-W33,docker,29.2,topjobs_lk
2024-W34,docker,32.1,topjobs_lk
2024-W35,docker,31.5,topjobs_lk
2024-W36,docker,24.7,topjobs_lk
2024-W37,docker,31.2,topjobs_lk
2024-W38,docker,24.9,topjobs_lk
2024-W39,docker,29.9,topjobs_lk
2024-W40,docker,35.5,topjobs_lk
2024-W41,docker,32.0,topjobs_lk
2024-W42,docker,33.5,topjobs_lk
2024-W43,docker,33.2,topjobs_lk
2024-W44,docker,30.1,topjobs_lk
2024-W45,docker,30.8,topjobs_lk
2024-W46,docker,30.6,topjobs_lk
2024-W47,docker,35.4,topjobs_lk
2024-W48,docker,32.2,topjobs_lk
2024-W49,docker,29.6,topjobs_lk
2024-W50,docker,25.0,topjobs_lk
2024-W51,docker,22.2,topjobs_lk
2024-W52,docker,35.0,topjobs_lk
2024-W53,docker,35.9,topjobs_lk
2025-W01,docker,33.9,topjobs_lk
2025-W02,docker,36.9,topjobs_lk
2025-W03,docker,37.7,topjobs_lk
2025-W04,docker,30.0,topjobs_lk
2025-W05,docker,34.3,topjobs_lk
2025-W06,docker,31.8,topjobs_lk
2025-W07,docker,32.7,topjobs_lk
2025-W08,docker,34.7,topjobs_lk
2025-W09,docker,38.5,topjobs_lk
2025-W10,docker,28.5,topjobs_lk
2025-W11,docker,33.5,topjobs_lk
2025-W12,docker,31.8,topjobs_lk
2025-W13,docker,41.5,topjobs_lk
2025-W14,docker,28.4,topjobs_lk
2025-W15,docker,35.4,topjobs_lk
2025-W16,docker,33.7,topjobs_lk
2025-W17,docker,28.4,topjobs_lk
2025-W18,docker,33.7,topjobs_lk
2025-W19,docker,38.2,topjobs_lk
2025-W20,docker,35.7,topjobs_lk
2025-W21,docker,27.8,topjobs_lk
2025-W22,docker,32.9,topjobs_lk
2025-W23,docker,38.9,topjobs_lk
2025-W24,docker,44.6,topjobs_lk
2025-W25,docker,33.8,topjobs_lk
2025-W26,docker,38.4,topjobs_lk
2025-W27,docker,35.4,topjobs_lk
2025-W28,docker,28.6,topjobs_lk
2025-W29,docker,34.3,topjobs_lk
2025-W30,docker,35.3,topjobs_lk
2025-W31,docker,33.1,topjobs_lk
2025-W32,docker,44.1,topjobs_lk
2025-W33,docker,39.5,topjobs_lk
2025-W34,docker,48.8,topjobs_lk
2025-W35,docker,31.8,topjobs_lk
2025-W36,docker,34.9,topjobs_lk
2025-W37,docker,33.0,topjobs_lk
2025-W38,docker,37.6,topjobs_lk
2025-W39,docker,33.6,topjobs_lk
2025-W40,docker,47.1,topjobs_lk
2025-W41,docker,35.6,topjobs_lk
2025-W42,docker,34.7,topjobs_lk
2025-W43,docker,32.1,topjobs_lk
2025-W44,docker,42.4,topjobs_lk
2025-W45,docker,28.8,topjobs_lk
2025-W46,docker,26.3,topjobs_lk
2025-W47,docker,39.8,topjobs_lk
2025-W48,docker,29.1,topjobs_lk
2025-W49,docker,38.7,topjobs_lk
2025-W50,docker,44.1,topjobs_lk
2025-W51,docker,42.6,topjobs_lk
2025-W52,docker,41.0,topjobs_lk
2026-W01,docker,28.6,topjobs_lk
2026-W02,docker,35.3,topjobs_lk
2026-W03,docker,37.0,topjobs_lk
2026-W04,docker,36.2,topjobs_lk
2026-W05,docker,37.0,topjobs_lk
2026-W06,docker,44.3,topjobs_lk
2026-W07,docker,37.7,topjobs_lk
2026-W08,docker,34.1,topjobs_lk
2026-W09,docker,38.0,topjobs_lk
2026-W10,docker,45.3,topjobs_lk
2026-W11,docker,47.9,topjobs_lk
2026-W12,docker,43.4,topjobs_lk
2026-W13,docker,38.9,topjobs_lk
2026-W14,docker,42.1,topjobs_lk
2026-W15,docker,41.5,topjobs_lk
2026-W16,docker,47.1,topjobs_lk
2026-W17,docker,39.9,topjobs_lk
2026-W18,docker,39.4,topjobs_lk
2026-W19,docker,32.3,topjobs_lk
2026-W20,docker,44.7,topjobs_lk
2026-W21,docker,41.6,topjobs_lk
2026-W22,docker,42.2,topjobs_lk
2026-W23,docker,31.9,topjobs_lk
2026-W24,docker,46.6,topjobs_lk
2026-W25,docker,32.5,topjobs_lk
2024-W01,kubernetes,17.4,topjobs_lk
2024-W02,kubernetes,17.8,topjobs_lk
2024-W03,kubernetes,23.0,topjobs_lk
2024-W04,kubernetes,16.7,topjobs_lk
2024-W05,kubernetes,24.4,topjobs_lk
2024-W06,kubernetes,13.3,topjobs_lk
2024-W07,kubernetes,20.5,topjobs_lk
2024-W08,kubernetes,16.9,topjobs_lk
2024-W09,kubernetes,17.4,topjobs_lk
2024-W10,kubernetes,18.1,topjobs_lk
2024-W11,kubernetes,12.7,topjobs_lk
2024-W12,kubernetes,13.0,topjobs_lk
2024-W13,kubernetes,14.0,topjobs_lk
2024-W14,kubernetes,19.7,topjobs_lk
2024-W15,kubernetes,15.3,topjobs_lk
2024-W16,kubernetes,18.7,topjobs_lk
2024-W17,kubernetes,11.1,topjobs_lk
2024-W18,kubernetes,19.1,topjobs_lk
2024-W19,kubernetes,13.6,topjobs_lk
2024-W20,kubernetes,17.5,topjobs_lk
2024-W21,kubernetes,18.7,topjobs_lk
2024-W22,kubernetes,3.2,topjobs_lk
2024-W23,kubernetes,20.3,topjobs_lk
2024-W24,kubernetes,15.0,topjobs_lk
2024-W25,kubernetes,14.1,topjobs_lk
2024-W26,kubernetes,21.6,topjobs_lk
2024-W27,kubernetes,19.8,topjobs_lk
2024-W28,kubernetes,19.3,topjobs_lk
2024-W29,kubernetes,14.6,topjobs_lk
2024-W30,kubernetes,18.7,topjobs_lk
2024-W31,kubernetes,25.3,topjobs_lk
2024-W32,kubernetes,15.0,topjobs_lk
2024-W33,kubernetes,15.4,topjobs_lk
2024-W34,kubernetes,20.5,topjobs_lk
2024-W35,kubernetes,9.3,topjobs_lk
2024-W36,kubernetes,13.2,topjobs_lk
2024-W37,kubernetes,16.6,topjobs_lk
2024-W38,kubernetes,15.5,topjobs_lk
2024-W39,kubernetes,25.8,topjobs_lk
2024-W40,kubernetes,22.2,topjobs_lk
2024-W41,kubernetes,20.5,topjobs_lk
2024-W42,kubernetes,29.3,topjobs_lk
2024-W43,kubernetes,16.8,topjobs_lk
2024-W44,kubernetes,15.8,topjobs_lk
2024-W45,kubernetes,26.2,topjobs_lk
2024-W46,kubernetes,20.7,topjobs_lk
2024-W47,kubernetes,18.5,topjobs_lk
2024-W48,kubernetes,21.5,topjobs_lk
2024-W49,kubernetes,24.9,topjobs_lk
2024-W50,kubernetes,22.5,topjobs_lk
2024-W51,kubernetes,12.9,topjobs_lk
2024-W52,kubernetes,6.3,topjobs_lk
2024-W53,kubernetes,21.3,topjobs_lk
2025-W01,kubernetes,24.1,topjobs_lk
2025-W02,kubernetes,15.2,topjobs_lk
2025-W03,kubernetes,23.2,topjobs_lk
2025-W04,kubernetes,18.1,topjobs_lk
2025-W05,kubernetes,22.7,topjobs_lk
2025-W06,kubernetes,20.0,topjobs_lk
2025-W07,kubernetes,19.9,topjobs_lk
2025-W08,kubernetes,13.3,topjobs_lk
2025-W09,kubernetes,17.0,topjobs_lk
2025-W10,kubernetes,21.8,topjobs_lk
2025-W11,kubernetes,16.6,topjobs_lk
2025-W12,kubernetes,25.5,topjobs_lk
2025-W13,kubernetes,18.8,topjobs_lk
2025-W14,kubernetes,12.9,topjobs_lk
2025-W15,kubernetes,29.2,topjobs_lk
2025-W16,kubernetes,15.3,topjobs_lk
2025-W17,kubernetes,13.7,topjobs_lk
2025-W18,kubernetes,23.3,topjobs_lk
2025-W19,kubernetes,24.0,topjobs_lk
2025-W20,kubernetes,21.8,topjobs_lk
2025-W21,kubernetes,21.2,topjobs_lk
2025-W22,kubernetes,16.1,topjobs_lk
2025-W23,kubernetes,23.8,topjobs_lk
2025-W24,kubernetes,17.7,topjobs_lk
2025-W25,kubernetes,25.0,topjobs_lk
2025-W26,kubernetes,12.7,topjobs_lk
2025-W27,kubernetes,14.2,topjobs_lk
2025-W28,kubernetes,25.5,topjobs_lk
2025-W29,kubernetes,17.7,topjobs_lk
2025-W30,kubernetes,24.1,topjobs_lk
2025-W31,kubernetes,24.8,topjobs_lk
2025-W32,kubernetes,25.4,topjobs_lk
2025-W33,kubernetes,23.7,topjobs_lk
2025-W34,kubernetes,26.4,topjobs_lk
2025-W35,kubernetes,24.8,topjobs_lk
2025-W36,kubernetes,25.4,topjobs_lk
2025-W37,kubernetes,13.6,topjobs_lk
2025-W38,kubernetes,18.9,topjobs_lk
2025-W39,kubernetes,20.3,topjobs_lk
2025-W40,kubernetes,21.1,topjobs_lk
2025-W41,kubernetes,25.0,topjobs_lk
2025-W42,kubernetes,23.2,topjobs_lk
2025-W43,kubernetes,13.8,topjobs_lk
2025-W44,kubernetes,24.8,topjobs_lk
2025-W45,kubernetes,26.2,topjobs_lk
2025-W46,kubernetes,17.5,topjobs_lk
2025-W47,kubernetes,23.0,topjobs_lk
2025-W48,kubernetes,23.3,topjobs_lk
2025-W49,kubernetes,24.5,topjobs_lk
2025-W50,kubernetes,17.0,topjobs_lk
2025-W51,kubernetes,23.1,topjobs_lk
2025-W52,kubernetes,16.9,topjobs_lk
2026-W01,kubernetes,18.9,topjobs_lk
2026-W02,kubernetes,25.5,topjobs_lk
2026-W03,kubernetes,28.2,topjobs_lk
2026-W04,kubernetes,26.0,topjobs_lk
2026-W05,kubernetes,15.0,topjobs_lk
2026-W06,kubernetes,14.8,topjobs_lk
2026-W07,kubernetes,22.5,topjobs_lk
2026-W08,kubernetes,23.5,topjobs_lk
2026-W09,kubernetes,27.2,topjobs_lk
2026-W10,kubernetes,21.2,topjobs_lk
2026-W11,kubernetes,19.9,topjobs_lk
2026-W12,kubernetes,26.9,topjobs_lk
2026-W13,kubernetes,26.5,topjobs_lk
2026-W14,kubernetes,20.7,topjobs_lk
2026-W15,kubernetes,27.3,topjobs_lk
2026-W16,kubernetes,26.6,topjobs_lk
2026-W17,kubernetes,26.4,topjobs_lk
2026-W18,kubernetes,19.0,topjobs_lk
2026-W19,kubernetes,24.1,topjobs_lk
2026-W20,kubernetes,32.9,topjobs_lk
2026-W21,kubernetes,32.3,topjobs_lk
2026-W22,kubernetes,23.9,topjobs_lk
2026-W23,kubernetes,28.5,topjobs_lk
2026-W24,kubernetes,28.4,topjobs_lk
2026-W25,kubernetes,23.4,topjobs_lk
2024-W01,terraform,14.6,topjobs_lk
2024-W02,terraform,16.6,topjobs_lk
2024-W03,terraform,8.3,topjobs_lk
2024-W04,terraform,7.3,topjobs_lk
2024-W05,terraform,12.0,topjobs_lk
2024-W06,terraform,7.7,topjobs_lk
2024-W07,terraform,19.0,topjobs_lk
2024-W08,terraform,2.0,topjobs_lk
2024-W09,terraform,12.3,topjobs_lk
2024-W10,terraform,7.1,topjobs_lk
2024-W11,terraform,18.6,topjobs_lk
2024-W12,terraform,9.2,topjobs_lk
2024-W13,terraform,18.2,topjobs_lk
2024-W14,terraform,17.1,topjobs_lk
2024-W15,terraform,12.1,topjobs_lk
2024-W16,terraform,10.3,topjobs_lk
2024-W17,terraform,14.6,topjobs_lk
2024-W18,terraform,22.4,topjobs_lk
2024-W19,terraform,6.9,topjobs_lk
2024-W20,terraform,19.8,topjobs_lk
2024-W21,terraform,8.8,topjobs_lk
2024-W22,terraform,9.2,topjobs_lk
2024-W23,terraform,12.2,topjobs_lk
2024-W24,terraform,17.5,topjobs_lk
2024-W25,terraform,10.5,topjobs_lk
2024-W26,terraform,10.8,topjobs_lk
2024-W27,terraform,12.0,topjobs_lk
2024-W28,terraform,8.6,topjobs_lk
2024-W29,terraform,24.3,topjobs_lk
2024-W30,terraform,12.1,topjobs_lk
2024-W31,terraform,10.3,topjobs_lk
2024-W32,terraform,9.6,topjobs_lk
2024-W33,terraform,13.1,topjobs_lk
2024-W34,terraform,15.7,topjobs_lk
2024-W35,terraform,14.6,topjobs_lk
2024-W36,terraform,19.9,topjobs_lk
2024-W37,terraform,10.7,topjobs_lk
2024-W38,terraform,18.7,topjobs_lk
2024-W39,terraform,14.4,topjobs_lk
2024-W40,terraform,9.5,topjobs_lk
2024-W41,terraform,9.4,topjobs_lk
2024-W42,terraform,11.4,topjobs_lk
2024-W43,terraform,7.0,topjobs_lk
2024-W44,terraform,20.3,topjobs_lk
2024-W45,terraform,15.5,topjobs_lk
2024-W46,terraform,14.0,topjobs_lk
2024-W47,terraform,13.7,topjobs_lk
2024-W48,terraform,15.1,topjobs_lk
2024-W49,terraform,16.5,topjobs_lk
2024-W50,terraform,14.8,topjobs_lk
2024-W51,terraform,9.9,topjobs_lk
2024-W52,terraform,11.5,topjobs_lk
2024-W53,terraform,9.0,topjobs_lk
2025-W01,terraform,10.9,topjobs_lk
2025-W02,terraform,13.9,topjobs_lk
2025-W03,terraform,9.1,topjobs_lk
2025-W04,terraform,3.6,topjobs_lk
2025-W05,terraform,10.1,topjobs_lk
2025-W06,terraform,24.8,topjobs_lk
2025-W07,terraform,8.9,topjobs_lk
2025-W08,terraform,15.3,topjobs_lk
2025-W09,terraform,19.9,topjobs_lk
2025-W10,terraform,8.9,topjobs_lk
2025-W11,terraform,14.1,topjobs_lk
2025-W12,terraform,4.0,topjobs_lk
2025-W13,terraform,11.0,topjobs_lk
2025-W14,terraform,17.6,topjobs_lk
2025-W15,terraform,7.3,topjobs_lk
2025-W16,terraform,12.5,topjobs_lk
2025-W17,terraform,16.7,topjobs_lk
2025-W18,terraform,26.5,topjobs_lk
2025-W19,terraform,10.3,topjobs_lk
2025-W20,terraform,14.2,topjobs_lk
2025-W21,terraform,15.3,topjobs_lk
2025-W22,terraform,14.5,topjobs_lk
2025-W23,terraform,6.7,topjobs_lk
2025-W24,terraform,11.7,topjobs_lk
2025-W25,terraform,14.9,topjobs_lk
2025-W26,terraform,8.4,topjobs_lk
2025-W27,terraform,16.8,topjobs_lk
2025-W28,terraform,19.2,topjobs_lk
2025-W29,terraform,16.1,topjobs_lk
2025-W30,terraform,14.9,topjobs_lk
2025-W31,terraform,21.7,topjobs_lk
2025-W32,terraform,11.4,topjobs_lk
2025-W33,terraform,13.5,topjobs_lk
2025-W34,terraform,11.3,topjobs_lk
2025-W35,terraform,15.8,topjobs_lk
2025-W36,terraform,18.8,topjobs_lk
2025-W37,terraform,12.5,topjobs_lk
2025-W38,terraform,29.1,topjobs_lk
2025-W39,terraform,18.0,topjobs_lk
2025-W40,terraform,14.4,topjobs_lk
2025-W41,terraform,17.6,topjobs_lk
2025-W42,terraform,20.4,topjobs_lk
2025-W43,terraform,11.8,topjobs_lk
2025-W44,terraform,9.1,topjobs_lk
2025-W45,terraform,9.7,topjobs_lk
2025-W46,terraform,10.8,topjobs_lk
2025-W47,terraform,12.1,topjobs_lk
2025-W48,terraform,14.8,topjobs_lk
2025-W49,terraform,21.2,topjobs_lk
2025-W50,terraform,12.7,topjobs_lk
2025-W51,terraform,12.4,topjobs_lk
2025-W52,terraform,14.2,topjobs_lk
2026-W01,terraform,11.0,topjobs_lk
2026-W02,terraform,12.9,topjobs_lk
2026-W03,terraform,12.5,topjobs_lk
2026-W04,terraform,14.7,topjobs_lk
2026-W05,terraform,16.8,topjobs_lk
2026-W06,terraform,15.3,topjobs_lk
2026-W07,terraform,15.7,topjobs_lk
2026-W08,terraform,10.9,topjobs_lk
2026-W09,terraform,23.1,topjobs_lk
2026-W10,terraform,17.4,topjobs_lk
2026-W11,terraform,15.3,topjobs_lk
2026-W12,terraform,14.7,topjobs_lk
2026-W13,terraform,10.5,topjobs_lk
2026-W14,terraform,14.7,topjobs_lk
2026-W15,terraform,14.1,topjobs_lk
2026-W16,terraform,20.7,topjobs_lk
2026-W17,terraform,17.7,topjobs_lk
2026-W18,terraform,19.0,topjobs_lk
2026-W19,terraform,11.1,topjobs_lk
2026-W20,terraform,17.4,topjobs_lk
2026-W21,terraform,24.4,topjobs_lk
2026-W22,terraform,19.5,topjobs_lk
2026-W23,terraform,13.3,topjobs_lk
2026-W24,terraform,15.4,topjobs_lk
2026-W25,terraform,21.2,topjobs_lk
2024-W01,postgresql,28.0,topjobs_lk
2024-W02,postgresql,25.9,topjobs_lk
2024-W03,postgresql,27.5,topjobs_lk
2024-W04,postgresql,17.9,topjobs_lk
2024-W05,postgresql,33.5,topjobs_lk
2024-W06,postgresql,23.5,topjobs_lk
2024-W07,postgresql,28.5,topjobs_lk
2024-W08,postgresql,23.3,topjobs_lk
2024-W09,postgresql,24.0,topjobs_lk
2024-W10,postgresql,29.3,topjobs_lk
2024-W11,postgresql,27.2,topjobs_lk
2024-W12,postgresql,32.8,topjobs_lk
2024-W13,postgresql,27.6,topjobs_lk
2024-W14,postgresql,24.7,topjobs_lk
2024-W15,postgresql,31.3,topjobs_lk
2024-W16,postgresql,17.5,topjobs_lk
2024-W17,postgresql,29.3,topjobs_lk
2024-W18,postgresql,25.3,topjobs_lk
2024-W19,postgresql,16.5,topjobs_lk
2024-W20,postgresql,35.7,topjobs_lk
2024-W21,postgresql,24.8,topjobs_lk
2024-W22,postgresql,30.7,topjobs_lk
2024-W23,postgresql,26.9,topjobs_lk
2024-W24,postgresql,30.0,topjobs_lk
2024-W25,postgresql,22.1,topjobs_lk
2024-W26,postgresql,25.8,topjobs_lk
2024-W27,postgresql,31.8,topjobs_lk
2024-W28,postgresql,29.5,topjobs_lk
2024-W29,postgresql,28.3,topjobs_lk
2024-W30,postgresql,32.9,topjobs_lk
2024-W31,postgresql,30.7,topjobs_lk
2024-W32,postgresql,21.7,topjobs_lk
2024-W33,postgresql,32.3,topjobs_lk
2024-W34,postgresql,35.4,topjobs_lk
2024-W35,postgresql,31.0,topjobs_lk
2024-W36,postgresql,28.6,topjobs_lk
2024-W37,postgresql,32.8,topjobs_lk
2024-W38,postgresql,31.4,topjobs_lk
2024-W39,postgresql,35.9,topjobs_lk
2024-W40,postgresql,31.0,topjobs_lk
2024-W41,postgresql,41.3,topjobs_lk
2024-W42,postgresql,25.3,topjobs_lk
2024-W43,postgresql,31.9,topjobs_lk
2024-W44,postgresql,29.2,topjobs_lk
2024-W45,postgresql,35.0,topjobs_lk
2024-W46,postgresql,27.7,topjobs_lk
2024-W47,postgresql,22.9,topjobs_lk
2024-W48,postgresql,33.0,topjobs_lk
2024-W49,postgresql,35.0,topjobs_lk
2024-W50,postgresql,27.1,topjobs_lk
2024-W51,postgresql,33.6,topjobs_lk
2024-W52,postgresql,20.6,topjobs_lk
2024-W53,postgresql,29.3,topjobs_lk
2025-W01,postgresql,29.1,topjobs_lk
2025-W02,postgresql,30.7,topjobs_lk
2025-W03,postgresql,33.0,topjobs_lk
2025-W04,postgresql,25.0,topjobs_lk
2025-W05,postgresql,32.9,topjobs_lk
2025-W06,postgresql,32.8,topjobs_lk
2025-W07,postgresql,22.9,topjobs_lk
2025-W08,postgresql,29.9,topjobs_lk
2025-W09,postgresql,25.3,topjobs_lk
2025-W10,postgresql,29.9,topjobs_lk
2025-W11,postgresql,34.3,topjobs_lk
2025-W12,postgresql,28.5,topjobs_lk
2025-W13,postgresql,29.5,topjobs_lk
2025-W14,postgresql,35.4,topjobs_lk
2025-W15,postgresql,37.1,topjobs_lk
2025-W16,postgresql,25.2,topjobs_lk
2025-W17,postgresql,32.9,topjobs_lk
2025-W18,postgresql,28.9,topjobs_lk
2025-W19,postgresql,34.3,topjobs_lk
2025-W20,postgresql,32.9,topjobs_lk
2025-W21,postgresql,31.9,topjobs_lk
2025-W22,postgresql,33.0,topjobs_lk
2025-W23,postgresql,34.9,topjobs_lk
2025-W24,postgresql,26.2,topjobs_lk
2025-W25,postgresql,36.9,topjobs_lk
2025-W26,postgresql,33.0,topjobs_lk
2025-W27,postgresql,30.7,topjobs_lk
2025-W28,postgresql,28.7,topjobs_lk
2025-W29,postgresql,32.4,topjobs_lk
2025-W30,postgresql,28.0,topjobs_lk
2025-W31,postgresql,27.0,topjobs_lk
2025-W32,postgresql,28.2,topjobs_lk
2025-W33,postgresql,29.7,topjobs_lk
2025-W34,postgresql,31.2,topjobs_lk
2025-W35,postgresql,28.9,topjobs_lk
2025-W36,postgresql,33.5,topjobs_lk
2025-W37,postgresql,33.5,topjobs_lk
2025-W38,postgresql,35.8,topjobs_lk
2025-W39,postgresql,33.8,topjobs_lk
2025-W40,postgresql,37.4,topjobs_lk
2025-W41,postgresql,29.2,topjobs_lk
2025-W42,postgresql,31.2,topjobs_lk
2025-W43,postgresql,39.4,topjobs_lk
2025-W44,postgresql,37.1,topjobs_lk
2025-W45,postgresql,29.6,topjobs_lk
2025-W46,postgresql,30.2,topjobs_lk
2025-W47,postgresql,29.3,topjobs_lk
2025-W48,postgresql,29.0,topjobs_lk
2025-W49,postgresql,33.5,topjobs_lk
2025-W50,postgresql,32.1,topjobs_lk
2025-W51,postgresql,36.0,topjobs_lk
2025-W52,postgresql,30.9,topjobs_lk
2026-W01,postgresql,32.8,topjobs_lk
2026-W02,postgresql,35.1,topjobs_lk
2026-W03,postgresql,39.0,topjobs_lk
2026-W04,postgresql,36.2,topjobs_lk
2026-W05,postgresql,29.1,topjobs_lk
2026-W06,postgresql,33.5,topjobs_lk
2026-W07,postgresql,30.3,topjobs_lk
2026-W08,postgresql,32.2,topjobs_lk
2026-W09,postgresql,42.1,topjobs_lk
2026-W10,postgresql,33.2,topjobs_lk
2026-W11,postgresql,36.7,topjobs_lk
2026-W12,postgresql,33.1,topjobs_lk
2026-W13,postgresql,35.5,topjobs_lk
2026-W14,postgresql,31.6,topjobs_lk
2026-W15,postgresql,33.1,topjobs_lk
2026-W16,postgresql,41.3,topjobs_lk
2026-W17,postgresql,33.6,topjobs_lk
2026-W18,postgresql,30.5,topjobs_lk
2026-W19,postgresql,34.0,topjobs_lk
2026-W20,postgresql,31.7,topjobs_lk
2026-W21,postgresql,32.9,topjobs_lk
2026-W22,postgresql,27.8,topjobs_lk
2026-W23,postgresql,32.0,topjobs_lk
2026-W24,postgresql,30.2,topjobs_lk
2026-W25,postgresql,33.6,topjobs_lk
2024-W01,mysql,59.7,topjobs_lk
2024-W02,mysql,55.8,topjobs_lk
2024-W03,mysql,49.0,topjobs_lk
2024-W04,mysql,51.8,topjobs_lk
2024-W05,mysql,46.9,topjobs_lk
2024-W06,mysql,60.7,topjobs_lk
2024-W07,mysql,48.7,topjobs_lk
2024-W08,mysql,57.0,topjobs_lk
2024-W09,mysql,59.0,topjobs_lk
2024-W10,mysql,50.6,topjobs_lk
2024-W11,mysql,60.2,topjobs_lk
2024-W12,mysql,52.2,topjobs_lk
2024-W13,mysql,59.3,topjobs_lk
2024-W14,mysql,49.0,topjobs_lk
2024-W15,mysql,59.3,topjobs_lk
2024-W16,mysql,48.1,topjobs_lk
2024-W17,mysql,55.1,topjobs_lk
2024-W18,mysql,51.4,topjobs_lk
2024-W19,mysql,55.9,topjobs_lk
2024-W20,mysql,46.9,topjobs_lk
2024-W21,mysql,64.0,topjobs_lk
2024-W22,mysql,51.2,topjobs_lk
2024-W23,mysql,63.0,topjobs_lk
2024-W24,mysql,55.5,topjobs_lk
2024-W25,mysql,54.5,topjobs_lk
2024-W26,mysql,54.7,topjobs_lk
2024-W27,mysql,54.9,topjobs_lk
2024-W28,mysql,48.9,topjobs_lk
2024-W29,mysql,49.3,topjobs_lk
2024-W30,mysql,56.9,topjobs_lk
2024-W31,mysql,50.7,topjobs_lk
2024-W32,mysql,47.4,topjobs_lk
2024-W33,mysql,58.8,topjobs_lk
2024-W34,mysql,61.1,topjobs_lk
2024-W35,mysql,62.7,topjobs_lk
2024-W36,mysql,63.0,topjobs_lk
2024-W37,mysql,57.1,topjobs_lk
2024-W38,mysql,49.1,topjobs_lk
2024-W39,mysql,44.0,topjobs_lk
2024-W40,mysql,60.4,topjobs_lk
2024-W41,mysql,61.5,topjobs_lk
2024-W42,mysql,55.6,topjobs_lk
2024-W43,mysql,48.0,topjobs_lk
2024-W44,mysql,53.3,topjobs_lk
2024-W45,mysql,53.7,topjobs_lk
2024-W46,mysql,53.2,topjobs_lk
2024-W47,mysql,57.8,topjobs_lk
2024-W48,mysql,44.1,topjobs_lk
2024-W49,mysql,52.5,topjobs_lk
2024-W50,mysql,54.4,topjobs_lk
2024-W51,mysql,49.3,topjobs_lk
2024-W52,mysql,50.5,topjobs_lk
2024-W53,mysql,48.0,topjobs_lk
2025-W01,mysql,54.7,topjobs_lk
2025-W02,mysql,54.9,topjobs_lk
2025-W03,mysql,54.5,topjobs_lk
2025-W04,mysql,52.2,topjobs_lk
2025-W05,mysql,56.5,topjobs_lk
2025-W06,mysql,56.0,topjobs_lk
2025-W07,mysql,56.0,topjobs_lk
2025-W08,mysql,52.3,topjobs_lk
2025-W09,mysql,51.2,topjobs_lk
2025-W10,mysql,50.4,topjobs_lk
2025-W11,mysql,53.5,topjobs_lk
2025-W12,mysql,51.5,topjobs_lk
2025-W13,mysql,53.6,topjobs_lk
2025-W14,mysql,52.2,topjobs_lk
2025-W15,mysql,49.0,topjobs_lk
2025-W16,mysql,53.8,topjobs_lk
2025-W17,mysql,49.5,topjobs_lk
2025-W18,mysql,63.2,topjobs_lk
2025-W19,mysql,56.4,topjobs_lk
2025-W20,mysql,56.7,topjobs_lk
2025-W21,mysql,46.3,topjobs_lk
2025-W22,mysql,51.2,topjobs_lk
2025-W23,mysql,50.9,topjobs_lk
2025-W24,mysql,54.5,topjobs_lk
2025-W25,mysql,53.5,topjobs_lk
2025-W26,mysql,47.8,topjobs_lk
2025-W27,mysql,49.9,topjobs_lk
2025-W28,mysql,49.2,topjobs_lk
2025-W29,mysql,58.3,topjobs_lk
2025-W30,mysql,57.0,topjobs_lk
2025-W31,mysql,55.4,topjobs_lk
2025-W32,mysql,46.4,topjobs_lk
2025-W33,mysql,51.2,topjobs_lk
2025-W34,mysql,44.9,topjobs_lk
2025-W35,mysql,56.0,topjobs_lk
2025-W36,mysql,57.4,topjobs_lk
2025-W37,mysql,47.4,topjobs_lk
2025-W38,mysql,53.1,topjobs_lk
2025-W39,mysql,48.9,topjobs_lk
2025-W40,mysql,51.0,topjobs_lk
2025-W41,mysql,40.3,topjobs_lk
2025-W42,mysql,56.8,topjobs_lk
2025-W43,mysql,52.6,topjobs_lk
2025-W44,mysql,50.3,topjobs_lk
2025-W45,mysql,50.5,topjobs_lk
2025-W46,mysql,45.9,topjobs_lk
2025-W47,mysql,46.9,topjobs_lk
2025-W48,mysql,47.8,topjobs_lk
2025-W49,mysql,56.3,topjobs_lk
2025-W50,mysql,42.4,topjobs_lk
2025-W51,mysql,52.5,topjobs_lk
2025-W52,mysql,46.6,topjobs_lk
2026-W01,mysql,53.8,topjobs_lk
2026-W02,mysql,49.2,topjobs_lk
2026-W03,mysql,51.4,topjobs_lk
2026-W04,mysql,49.5,topjobs_lk
2026-W05,mysql,49.4,topjobs_lk
2026-W06,mysql,60.2,topjobs_lk
2026-W07,mysql,51.5,topjobs_lk
2026-W08,mysql,59.1,topjobs_lk
2026-W09,mysql,53.4,topjobs_lk
2026-W10,mysql,52.1,topjobs_lk
2026-W11,mysql,55.6,topjobs_lk
2026-W12,mysql,43.9,topjobs_lk
2026-W13,mysql,49.6,topjobs_lk
2026-W14,mysql,39.9,topjobs_lk
2026-W15,mysql,51.2,topjobs_lk
2026-W16,mysql,50.7,topjobs_lk
2026-W17,mysql,44.6,topjobs_lk
2026-W18,mysql,47.2,topjobs_lk
2026-W19,mysql,46.3,topjobs_lk
2026-W20,mysql,49.0,topjobs_lk
2026-W21,mysql,55.2,topjobs_lk
2026-W22,mysql,54.4,topjobs_lk
2026-W23,mysql,51.0,topjobs_lk
2026-W24,mysql,50.0,topjobs_lk
2026-W25,mysql,50.0,topjobs_lk
2024-W01,mongodb,26.6,topjobs_lk
2024-W02,mongodb,28.1,topjobs_lk
2024-W03,mongodb,21.7,topjobs_lk
2024-W04,mongodb,25.0,topjobs_lk
2024-W05,mongodb,38.4,topjobs_lk
2024-W06,mongodb,30.7,topjobs_lk
2024-W07,mongodb,27.4,topjobs_lk
2024-W08,mongodb,26.4,topjobs_lk
2024-W09,mongodb,27.3,topjobs_lk
2024-W10,mongodb,30.2,topjobs_lk
2024-W11,mongodb,28.9,topjobs_lk
2024-W12,mongodb,26.6,topjobs_lk
2024-W13,mongodb,31.8,topjobs_lk
2024-W14,mongodb,18.8,topjobs_lk
2024-W15,mongodb,31.7,topjobs_lk
2024-W16,mongodb,34.6,topjobs_lk
2024-W17,mongodb,28.0,topjobs_lk
2024-W18,mongodb,33.1,topjobs_lk
2024-W19,mongodb,23.2,topjobs_lk
2024-W20,mongodb,33.0,topjobs_lk
2024-W21,mongodb,28.4,topjobs_lk
2024-W22,mongodb,34.7,topjobs_lk
2024-W23,mongodb,34.7,topjobs_lk
2024-W24,mongodb,27.2,topjobs_lk
2024-W25,mongodb,25.4,topjobs_lk
2024-W26,mongodb,36.7,topjobs_lk
2024-W27,mongodb,35.0,topjobs_lk
2024-W28,mongodb,24.4,topjobs_lk
2024-W29,mongodb,23.2,topjobs_lk
2024-W30,mongodb,31.8,topjobs_lk
2024-W31,mongodb,38.4,topjobs_lk
2024-W32,mongodb,28.1,topjobs_lk
2024-W33,mongodb,30.2,topjobs_lk
2024-W34,mongodb,33.2,topjobs_lk
2024-W35,mongodb,23.8,topjobs_lk
2024-W36,mongodb,23.8,topjobs_lk
2024-W37,mongodb,33.4,topjobs_lk
2024-W38,mongodb,37.7,topjobs_lk
2024-W39,mongodb,28.2,topjobs_lk
2024-W40,mongodb,35.8,topjobs_lk
2024-W41,mongodb,30.8,topjobs_lk
2024-W42,mongodb,25.2,topjobs_lk
2024-W43,mongodb,35.2,topjobs_lk
2024-W44,mongodb,22.2,topjobs_lk
2024-W45,mongodb,25.7,topjobs_lk
2024-W46,mongodb,31.1,topjobs_lk
2024-W47,mongodb,34.6,topjobs_lk
2024-W48,mongodb,17.2,topjobs_lk
2024-W49,mongodb,25.5,topjobs_lk
2024-W50,mongodb,31.7,topjobs_lk
2024-W51,mongodb,36.1,topjobs_lk
2024-W52,mongodb,27.7,topjobs_lk
2024-W53,mongodb,30.7,topjobs_lk
2025-W01,mongodb,26.7,topjobs_lk
2025-W02,mongodb,32.6,topjobs_lk
2025-W03,mongodb,25.6,topjobs_lk
2025-W04,mongodb,27.0,topjobs_lk
2025-W05,mongodb,30.2,topjobs_lk
2025-W06,mongodb,28.3,topjobs_lk
2025-W07,mongodb,21.0,topjobs_lk
2025-W08,mongodb,36.0,topjobs_lk
2025-W09,mongodb,22.8,topjobs_lk
2025-W10,mongodb,25.2,topjobs_lk
2025-W11,mongodb,24.7,topjobs_lk
2025-W12,mongodb,29.9,topjobs_lk
2025-W13,mongodb,28.1,topjobs_lk
2025-W14,mongodb,26.7,topjobs_lk
2025-W15,mongodb,31.6,topjobs_lk
2025-W16,mongodb,21.1,topjobs_lk
2025-W17,mongodb,26.0,topjobs_lk
2025-W18,mongodb,23.2,topjobs_lk
2025-W19,mongodb,31.4,topjobs_lk
2025-W20,mongodb,34.7,topjobs_lk
2025-W21,mongodb,26.0,topjobs_lk
2025-W22,mongodb,33.0,topjobs_lk
2025-W23,mongodb,30.3,topjobs_lk
2025-W24,mongodb,29.1,topjobs_lk
2025-W25,mongodb,29.3,topjobs_lk
2025-W26,mongodb,35.4,topjobs_lk
2025-W27,mongodb,33.4,topjobs_lk
2025-W28,mongodb,32.8,topjobs_lk
2025-W29,mongodb,32.5,topjobs_lk
2025-W30,mongodb,20.8,topjobs_lk
2025-W31,mongodb,31.4,topjobs_lk
2025-W32,mongodb,30.4,topjobs_lk
2025-W33,mongodb,33.0,topjobs_lk
2025-W34,mongodb,35.3,topjobs_lk
2025-W35,mongodb,25.5,topjobs_lk
2025-W36,mongodb,33.0,topjobs_lk
2025-W37,mongodb,30.8,topjobs_lk
2025-W38,mongodb,33.1,topjobs_lk
2025-W39,mongodb,32.3,topjobs_lk
2025-W40,mongodb,34.2,topjobs_lk
2025-W41,mongodb,19.6,topjobs_lk
2025-W42,mongodb,21.5,topjobs_lk
2025-W43,mongodb,26.0,topjobs_lk
2025-W44,mongodb,22.5,topjobs_lk
2025-W45,mongodb,19.4,topjobs_lk
2025-W46,mongodb,25.4,topjobs_lk
2025-W47,mongodb,18.7,topjobs_lk
2025-W48,mongodb,24.8,topjobs_lk
2025-W49,mongodb,25.6,topjobs_lk
2025-W50,mongodb,28.5,topjobs_lk
2025-W51,mongodb,18.4,topjobs_lk
2025-W52,mongodb,20.3,topjobs_lk
2026-W01,mongodb,22.9,topjobs_lk
2026-W02,mongodb,31.3,topjobs_lk
2026-W03,mongodb,22.8,topjobs_lk
2026-W04,mongodb,23.2,topjobs_lk
2026-W05,mongodb,19.9,topjobs_lk
2026-W06,mongodb,26.6,topjobs_lk
2026-W07,mongodb,22.9,topjobs_lk
2026-W08,mongodb,24.7,topjobs_lk
2026-W09,mongodb,34.3,topjobs_lk
2026-W10,mongodb,25.9,topjobs_lk
2026-W11,mongodb,30.8,topjobs_lk
2026-W12,mongodb,30.9,topjobs_lk
2026-W13,mongodb,29.4,topjobs_lk
2026-W14,mongodb,28.3,topjobs_lk
2026-W15,mongodb,24.9,topjobs_lk
2026-W16,mongodb,33.0,topjobs_lk
2026-W17,mongodb,24.3,topjobs_lk
2026-W18,mongodb,27.6,topjobs_lk
2026-W19,mongodb,21.2,topjobs_lk
2026-W20,mongodb,27.1,topjobs_lk
2026-W21,mongodb,31.6,topjobs_lk
2026-W22,mongodb,31.3,topjobs_lk
2026-W23,mongodb,26.2,topjobs_lk
2026-W24,mongodb,23.3,topjobs_lk
2026-W25,mongodb,31.6,topjobs_lk
2024-W01,redis,13.7,topjobs_lk
2024-W02,redis,19.7,topjobs_lk
2024-W03,redis,12.0,topjobs_lk
2024-W04,redis,20.6,topjobs_lk
2024-W05,redis,18.8,topjobs_lk
2024-W06,redis,12.7,topjobs_lk
2024-W07,redis,16.0,topjobs_lk
2024-W08,redis,14.0,topjobs_lk
2024-W09,redis,17.1,topjobs_lk
2024-W10,redis,16.5,topjobs_lk
2024-W11,redis,16.5,topjobs_lk
2024-W12,redis,13.5,topjobs_lk
2024-W13,redis,14.1,topjobs_lk
2024-W14,redis,9.1,topjobs_lk
2024-W15,redis,19.2,topjobs_lk
2024-W16,redis,15.0,topjobs_lk
2024-W17,redis,16.3,topjobs_lk
2024-W18,redis,13.2,topjobs_lk
2024-W19,redis,10.8,topjobs_lk
2024-W20,redis,24.4,topjobs_lk
2024-W21,redis,22.3,topjobs_lk
2024-W22,redis,22.8,topjobs_lk
2024-W23,redis,18.3,topjobs_lk
2024-W24,redis,13.8,topjobs_lk
2024-W25,redis,16.7,topjobs_lk
2024-W26,redis,17.1,topjobs_lk
2024-W27,redis,29.4,topjobs_lk
2024-W28,redis,16.6,topjobs_lk
2024-W29,redis,23.4,topjobs_lk
2024-W30,redis,23.6,topjobs_lk
2024-W31,redis,20.4,topjobs_lk
2024-W32,redis,16.8,topjobs_lk
2024-W33,redis,12.0,topjobs_lk
2024-W34,redis,19.5,topjobs_lk
2024-W35,redis,16.5,topjobs_lk
2024-W36,redis,15.4,topjobs_lk
2024-W37,redis,14.0,topjobs_lk
2024-W38,redis,19.8,topjobs_lk
2024-W39,redis,14.6,topjobs_lk
2024-W40,redis,14.4,topjobs_lk
2024-W41,redis,10.7,topjobs_lk
2024-W42,redis,12.6,topjobs_lk
2024-W43,redis,20.3,topjobs_lk
2024-W44,redis,19.8,topjobs_lk
2024-W45,redis,7.9,topjobs_lk
2024-W46,redis,20.0,topjobs_lk
2024-W47,redis,24.0,topjobs_lk
2024-W48,redis,19.1,topjobs_lk
2024-W49,redis,14.2,topjobs_lk
2024-W50,redis,10.1,topjobs_lk
2024-W51,redis,25.0,topjobs_lk
2024-W52,redis,17.8,topjobs_lk
2024-W53,redis,21.0,topjobs_lk
2025-W01,redis,14.8,topjobs_lk
2025-W02,redis,16.4,topjobs_lk
2025-W03,redis,10.6,topjobs_lk
2025-W04,redis,12.0,topjobs_lk
2025-W05,redis,26.7,topjobs_lk
2025-W06,redis,19.8,topjobs_lk
2025-W07,redis,12.0,topjobs_lk
2025-W08,redis,21.0,topjobs_lk
2025-W09,redis,20.4,topjobs_lk
2025-W10,redis,19.9,topjobs_lk
2025-W11,redis,17.9,topjobs_lk
2025-W12,redis,15.7,topjobs_lk
2025-W13,redis,26.8,topjobs_lk
2025-W14,redis,19.7,topjobs_lk
2025-W15,redis,27.7,topjobs_lk
2025-W16,redis,21.3,topjobs_lk
2025-W17,redis,16.6,topjobs_lk
2025-W18,redis,16.7,topjobs_lk
2025-W19,redis,27.5,topjobs_lk
2025-W20,redis,11.5,topjobs_lk
2025-W21,redis,22.8,topjobs_lk
2025-W22,redis,20.3,topjobs_lk
2025-W23,redis,22.2,topjobs_lk
2025-W24,redis,17.2,topjobs_lk
2025-W25,redis,17.3,topjobs_lk
2025-W26,redis,20.2,topjobs_lk
2025-W27,redis,20.2,topjobs_lk
2025-W28,redis,23.7,topjobs_lk
2025-W29,redis,15.7,topjobs_lk
2025-W30,redis,13.6,topjobs_lk
2025-W31,redis,18.8,topjobs_lk
2025-W32,redis,17.2,topjobs_lk
2025-W33,redis,9.1,topjobs_lk
2025-W34,redis,19.4,topjobs_lk
2025-W35,redis,14.1,topjobs_lk
2025-W36,redis,13.9,topjobs_lk
2025-W37,redis,13.7,topjobs_lk
2025-W38,redis,12.1,topjobs_lk
2025-W39,redis,11.9,topjobs_lk
2025-W40,redis,19.2,topjobs_lk
2025-W41,redis,18.7,topjobs_lk
2025-W42,redis,11.6,topjobs_lk
2025-W43,redis,14.3,topjobs_lk
2025-W44,redis,15.1,topjobs_lk
2025-W45,redis,17.8,topjobs_lk
2025-W46,redis,17.7,topjobs_lk
2025-W47,redis,26.3,topjobs_lk
2025-W48,redis,25.2,topjobs_lk
2025-W49,redis,18.0,topjobs_lk
2025-W50,redis,18.0,topjobs_lk
2025-W51,redis,14.7,topjobs_lk
2025-W52,redis,12.7,topjobs_lk
2026-W01,redis,20.3,topjobs_lk
2026-W02,redis,18.9,topjobs_lk
2026-W03,redis,20.0,topjobs_lk
2026-W04,redis,23.0,topjobs_lk
2026-W05,redis,10.6,topjobs_lk
2026-W06,redis,16.0,topjobs_lk
2026-W07,redis,21.7,topjobs_lk
2026-W08,redis,20.5,topjobs_lk
2026-W09,redis,23.2,topjobs_lk
2026-W10,redis,22.7,topjobs_lk
2026-W11,redis,21.1,topjobs_lk
2026-W12,redis,15.2,topjobs_lk
2026-W13,redis,15.3,topjobs_lk
2026-W14,redis,22.3,topjobs_lk
2026-W15,redis,19.2,topjobs_lk
2026-W16,redis,16.4,topjobs_lk
2026-W17,redis,18.1,topjobs_lk
2026-W18,redis,23.1,topjobs_lk
2026-W19,redis,23.6,topjobs_lk
2026-W20,redis,10.7,topjobs_lk
2026-W21,redis,22.7,topjobs_lk
2026-W22,redis,23.7,topjobs_lk
2026-W23,redis,21.7,topjobs_lk
2026-W24,redis,16.1,topjobs_lk
2026-W25,redis,17.0,topjobs_lk
2024-W01,elasticsearch,12.9,topjobs_lk
2024-W02,elasticsearch,17.8,topjobs_lk
2024-W03,elasticsearch,20.2,topjobs_lk
2024-W04,elasticsearch,18.4,topjobs_lk
2024-W05,elasticsearch,13.2,topjobs_lk
2024-W06,elasticsearch,20.2,topjobs_lk
2024-W07,elasticsearch,12.2,topjobs_lk
2024-W08,elasticsearch,10.5,topjobs_lk
2024-W09,elasticsearch,11.5,topjobs_lk
2024-W10,elasticsearch,13.4,topjobs_lk
2024-W11,elasticsearch,15.4,topjobs_lk
2024-W12,elasticsearch,20.5,topjobs_lk
2024-W13,elasticsearch,22.7,topjobs_lk
2024-W14,elasticsearch,4.5,topjobs_lk
2024-W15,elasticsearch,13.0,topjobs_lk
2024-W16,elasticsearch,20.9,topjobs_lk
2024-W17,elasticsearch,8.8,topjobs_lk
2024-W18,elasticsearch,10.0,topjobs_lk
2024-W19,elasticsearch,7.4,topjobs_lk
2024-W20,elasticsearch,7.3,topjobs_lk
2024-W21,elasticsearch,12.5,topjobs_lk
2024-W22,elasticsearch,16.1,topjobs_lk
2024-W23,elasticsearch,16.6,topjobs_lk
2024-W24,elasticsearch,18.7,topjobs_lk
2024-W25,elasticsearch,17.5,topjobs_lk
2024-W26,elasticsearch,18.2,topjobs_lk
2024-W27,elasticsearch,12.7,topjobs_lk
2024-W28,elasticsearch,16.0,topjobs_lk
2024-W29,elasticsearch,13.1,topjobs_lk
2024-W30,elasticsearch,9.8,topjobs_lk
2024-W31,elasticsearch,19.5,topjobs_lk
2024-W32,elasticsearch,6.0,topjobs_lk
2024-W33,elasticsearch,15.1,topjobs_lk
2024-W34,elasticsearch,9.1,topjobs_lk
2024-W35,elasticsearch,14.4,topjobs_lk
2024-W36,elasticsearch,5.6,topjobs_lk
2024-W37,elasticsearch,8.5,topjobs_lk
2024-W38,elasticsearch,17.8,topjobs_lk
2024-W39,elasticsearch,9.0,topjobs_lk
2024-W40,elasticsearch,4.5,topjobs_lk
2024-W41,elasticsearch,17.7,topjobs_lk
2024-W42,elasticsearch,17.9,topjobs_lk
2024-W43,elasticsearch,6.2,topjobs_lk
2024-W44,elasticsearch,13.3,topjobs_lk
2024-W45,elasticsearch,16.5,topjobs_lk
2024-W46,elasticsearch,13.9,topjobs_lk
2024-W47,elasticsearch,16.0,topjobs_lk
2024-W48,elasticsearch,11.3,topjobs_lk
2024-W49,elasticsearch,22.7,topjobs_lk
2024-W50,elasticsearch,4.3,topjobs_lk
2024-W51,elasticsearch,8.9,topjobs_lk
2024-W52,elasticsearch,11.8,topjobs_lk
2024-W53,elasticsearch,11.9,topjobs_lk
2025-W01,elasticsearch,9.9,topjobs_lk
2025-W02,elasticsearch,17.6,topjobs_lk
2025-W03,elasticsearch,8.4,topjobs_lk
2025-W04,elasticsearch,10.8,topjobs_lk
2025-W05,elasticsearch,23.1,topjobs_lk
2025-W06,elasticsearch,14.0,topjobs_lk
2025-W07,elasticsearch,15.5,topjobs_lk
2025-W08,elasticsearch,8.5,topjobs_lk
2025-W09,elasticsearch,13.4,topjobs_lk
2025-W10,elasticsearch,16.4,topjobs_lk
2025-W11,elasticsearch,15.2,topjobs_lk
2025-W12,elasticsearch,19.9,topjobs_lk
2025-W13,elasticsearch,20.6,topjobs_lk
2025-W14,elasticsearch,10.6,topjobs_lk
2025-W15,elasticsearch,8.9,topjobs_lk
2025-W16,elasticsearch,14.2,topjobs_lk
2025-W17,elasticsearch,10.3,topjobs_lk
2025-W18,elasticsearch,12.3,topjobs_lk
2025-W19,elasticsearch,8.8,topjobs_lk
2025-W20,elasticsearch,14.9,topjobs_lk
2025-W21,elasticsearch,14.7,topjobs_lk
2025-W22,elasticsearch,13.7,topjobs_lk
2025-W23,elasticsearch,9.6,topjobs_lk
2025-W24,elasticsearch,11.0,topjobs_lk
2025-W25,elasticsearch,20.8,topjobs_lk
2025-W26,elasticsearch,13.3,topjobs_lk
2025-W27,elasticsearch,13.5,topjobs_lk
2025-W28,elasticsearch,14.8,topjobs_lk
2025-W29,elasticsearch,8.9,topjobs_lk
2025-W30,elasticsearch,12.3,topjobs_lk
2025-W31,elasticsearch,12.2,topjobs_lk
2025-W32,elasticsearch,16.1,topjobs_lk
2025-W33,elasticsearch,9.3,topjobs_lk
2025-W34,elasticsearch,3.5,topjobs_lk
2025-W35,elasticsearch,27.0,topjobs_lk
2025-W36,elasticsearch,6.1,topjobs_lk
2025-W37,elasticsearch,6.2,topjobs_lk
2025-W38,elasticsearch,8.6,topjobs_lk
2025-W39,elasticsearch,13.4,topjobs_lk
2025-W40,elasticsearch,9.2,topjobs_lk
2025-W41,elasticsearch,16.3,topjobs_lk
2025-W42,elasticsearch,11.6,topjobs_lk
2025-W43,elasticsearch,14.8,topjobs_lk
2025-W44,elasticsearch,15.1,topjobs_lk
2025-W45,elasticsearch,8.0,topjobs_lk
2025-W46,elasticsearch,16.4,topjobs_lk
2025-W47,elasticsearch,8.4,topjobs_lk
2025-W48,elasticsearch,21.5,topjobs_lk
2025-W49,elasticsearch,18.4,topjobs_lk
2025-W50,elasticsearch,10.4,topjobs_lk
2025-W51,elasticsearch,8.9,topjobs_lk
2025-W52,elasticsearch,13.7,topjobs_lk
2026-W01,elasticsearch,15.2,topjobs_lk
2026-W02,elasticsearch,28.6,topjobs_lk
2026-W03,elasticsearch,8.0,topjobs_lk
2026-W04,elasticsearch,16.1,topjobs_lk
2026-W05,elasticsearch,11.2,topjobs_lk
2026-W06,elasticsearch,8.0,topjobs_lk
2026-W07,elasticsearch,17.8,topjobs_lk
2026-W08,elasticsearch,15.0,topjobs_lk
2026-W09,elasticsearch,23.2,topjobs_lk
2026-W10,elasticsearch,18.4,topjobs_lk
2026-W11,elasticsearch,21.8,topjobs_lk
2026-W12,elasticsearch,13.5,topjobs_lk
2026-W13,elasticsearch,16.0,topjobs_lk
2026-W14,elasticsearch,7.9,topjobs_lk
2026-W15,elasticsearch,18.2,topjobs_lk
2026-W16,elasticsearch,12.3,topjobs_lk
2026-W17,elasticsearch,14.7,topjobs_lk
2026-W18,elasticsearch,8.7,topjobs_lk
2026-W19,elasticsearch,13.7,topjobs_lk
2026-W20,elasticsearch,27.0,topjobs_lk
2026-W21,elasticsearch,21.7,topjobs_lk
2026-W22,elasticsearch,16.8,topjobs_lk
2026-W23,elasticsearch,14.5,topjobs_lk
2026-W24,elasticsearch,8.9,topjobs_lk
2026-W25,elasticsearch,12.3,topjobs_lk
2024-W01,machine learning,20.9,topjobs_lk
2024-W02,machine learning,24.5,topjobs_lk
2024-W03,machine learning,18.9,topjobs_lk
2024-W04,machine learning,18.1,topjobs_lk
2024-W05,machine learning,22.4,topjobs_lk
2024-W06,machine learning,29.1,topjobs_lk
2024-W07,machine learning,23.6,topjobs_lk
2024-W08,machine learning,21.8,topjobs_lk
2024-W09,machine learning,20.7,topjobs_lk
2024-W10,machine learning,21.1,topjobs_lk
2024-W11,machine learning,20.5,topjobs_lk
2024-W12,machine learning,20.4,topjobs_lk
2024-W13,machine learning,24.8,topjobs_lk
2024-W14,machine learning,10.2,topjobs_lk
2024-W15,machine learning,24.4,topjobs_lk
2024-W16,machine learning,18.3,topjobs_lk
2024-W17,machine learning,19.3,topjobs_lk
2024-W18,machine learning,19.8,topjobs_lk
2024-W19,machine learning,23.8,topjobs_lk
2024-W20,machine learning,9.6,topjobs_lk
2024-W21,machine learning,23.1,topjobs_lk
2024-W22,machine learning,15.3,topjobs_lk
2024-W23,machine learning,17.7,topjobs_lk
2024-W24,machine learning,19.7,topjobs_lk
2024-W25,machine learning,26.9,topjobs_lk
2024-W26,machine learning,33.1,topjobs_lk
2024-W27,machine learning,26.3,topjobs_lk
2024-W28,machine learning,34.2,topjobs_lk
2024-W29,machine learning,27.1,topjobs_lk
2024-W30,machine learning,19.2,topjobs_lk
2024-W31,machine learning,25.4,topjobs_lk
2024-W32,machine learning,13.8,topjobs_lk
2024-W33,machine learning,25.0,topjobs_lk
2024-W34,machine learning,20.8,topjobs_lk
2024-W35,machine learning,22.1,topjobs_lk
2024-W36,machine learning,29.6,topjobs_lk
2024-W37,machine learning,26.5,topjobs_lk
2024-W38,machine learning,25.6,topjobs_lk
2024-W39,machine learning,20.9,topjobs_lk
2024-W40,machine learning,31.9,topjobs_lk
2024-W41,machine learning,22.2,topjobs_lk
2024-W42,machine learning,26.1,topjobs_lk
2024-W43,machine learning,27.6,topjobs_lk
2024-W44,machine learning,24.1,topjobs_lk
2024-W45,machine learning,32.3,topjobs_lk
2024-W46,machine learning,22.6,topjobs_lk
2024-W47,machine learning,23.3,topjobs_lk
2024-W48,machine learning,27.0,topjobs_lk
2024-W49,machine learning,20.0,topjobs_lk
2024-W50,machine learning,29.5,topjobs_lk
2024-W51,machine learning,31.9,topjobs_lk
2024-W52,machine learning,14.0,topjobs_lk
2024-W53,machine learning,22.5,topjobs_lk
2025-W01,machine learning,23.2,topjobs_lk
2025-W02,machine learning,28.2,topjobs_lk
2025-W03,machine learning,31.7,topjobs_lk
2025-W04,machine learning,30.7,topjobs_lk
2025-W05,machine learning,21.0,topjobs_lk
2025-W06,machine learning,22.9,topjobs_lk
2025-W07,machine learning,28.6,topjobs_lk
2025-W08,machine learning,30.6,topjobs_lk
2025-W09,machine learning,29.9,topjobs_lk
2025-W10,machine learning,29.9,topjobs_lk
2025-W11,machine learning,30.1,topjobs_lk
2025-W12,machine learning,21.9,topjobs_lk
2025-W13,machine learning,27.9,topjobs_lk
2025-W14,machine learning,27.1,topjobs_lk
2025-W15,machine learning,31.5,topjobs_lk
2025-W16,machine learning,39.3,topjobs_lk
2025-W17,machine learning,33.2,topjobs_lk
2025-W18,machine learning,26.4,topjobs_lk
2025-W19,machine learning,31.1,topjobs_lk
2025-W20,machine learning,29.5,topjobs_lk
2025-W21,machine learning,36.9,topjobs_lk
2025-W22,machine learning,28.6,topjobs_lk
2025-W23,machine learning,21.1,topjobs_lk
2025-W24,machine learning,26.1,topjobs_lk
2025-W25,machine learning,26.5,topjobs_lk
2025-W26,machine learning,34.8,topjobs_lk
2025-W27,machine learning,24.8,topjobs_lk
2025-W28,machine learning,24.6,topjobs_lk
2025-W29,machine learning,31.0,topjobs_lk
2025-W30,machine learning,32.9,topjobs_lk
2025-W31,machine learning,30.9,topjobs_lk
2025-W32,machine learning,32.2,topjobs_lk
2025-W33,machine learning,25.2,topjobs_lk
2025-W34,machine learning,32.4,topjobs_lk
2025-W35,machine learning,38.8,topjobs_lk
2025-W36,machine learning,31.7,topjobs_lk
2025-W37,machine learning,28.9,topjobs_lk
2025-W38,machine learning,46.5,topjobs_lk
2025-W39,machine learning,33.3,topjobs_lk
2025-W40,machine learning,36.0,topjobs_lk
2025-W41,machine learning,28.1,topjobs_lk
2025-W42,machine learning,40.5,topjobs_lk
2025-W43,machine learning,30.1,topjobs_lk
2025-W44,machine learning,20.2,topjobs_lk
2025-W45,machine learning,32.2,topjobs_lk
2025-W46,machine learning,43.5,topjobs_lk
2025-W47,machine learning,32.0,topjobs_lk
2025-W48,machine learning,37.7,topjobs_lk
2025-W49,machine learning,31.1,topjobs_lk
2025-W50,machine learning,40.8,topjobs_lk
2025-W51,machine learning,33.6,topjobs_lk
2025-W52,machine learning,28.8,topjobs_lk
2026-W01,machine learning,27.9,topjobs_lk
2026-W02,machine learning,24.5,topjobs_lk
2026-W03,machine learning,41.8,topjobs_lk
2026-W04,machine learning,35.9,topjobs_lk
2026-W05,machine learning,34.8,topjobs_lk
2026-W06,machine learning,29.8,topjobs_lk
2026-W07,machine learning,39.1,topjobs_lk
2026-W08,machine learning,39.0,topjobs_lk
2026-W09,machine learning,36.6,topjobs_lk
2026-W10,machine learning,39.9,topjobs_lk
2026-W11,machine learning,29.4,topjobs_lk
2026-W12,machine learning,36.5,topjobs_lk
2026-W13,machine learning,43.1,topjobs_lk
2026-W14,machine learning,34.7,topjobs_lk
2026-W15,machine learning,30.7,topjobs_lk
2026-W16,machine learning,43.4,topjobs_lk
2026-W17,machine learning,34.2,topjobs_lk
2026-W18,machine learning,37.8,topjobs_lk
2026-W19,machine learning,28.1,topjobs_lk
2026-W20,machine learning,41.4,topjobs_lk
2026-W21,machine learning,34.3,topjobs_lk
2026-W22,machine learning,36.9,topjobs_lk
2026-W23,machine learning,34.3,topjobs_lk
2026-W24,machine learning,37.1,topjobs_lk
2026-W25,machine learning,33.1,topjobs_lk
2024-W01,deep learning,8.0,topjobs_lk
2024-W02,deep learning,13.4,topjobs_lk
2024-W03,deep learning,10.5,topjobs_lk
2024-W04,deep learning,9.0,topjobs_lk
2024-W05,deep learning,23.3,topjobs_lk
2024-W06,deep learning,9.5,topjobs_lk
2024-W07,deep learning,8.8,topjobs_lk
2024-W08,deep learning,6.8,topjobs_lk
2024-W09,deep learning,19.2,topjobs_lk
2024-W10,deep learning,10.2,topjobs_lk
2024-W11,deep learning,9.2,topjobs_lk
2024-W12,deep learning,11.7,topjobs_lk
2024-W13,deep learning,7.2,topjobs_lk
2024-W14,deep learning,13.5,topjobs_lk
2024-W15,deep learning,6.6,topjobs_lk
2024-W16,deep learning,19.8,topjobs_lk
2024-W17,deep learning,12.3,topjobs_lk
2024-W18,deep learning,17.8,topjobs_lk
2024-W19,deep learning,13.3,topjobs_lk
2024-W20,deep learning,11.8,topjobs_lk
2024-W21,deep learning,17.6,topjobs_lk
2024-W22,deep learning,14.9,topjobs_lk
2024-W23,deep learning,13.3,topjobs_lk
2024-W24,deep learning,12.8,topjobs_lk
2024-W25,deep learning,12.5,topjobs_lk
2024-W26,deep learning,12.4,topjobs_lk
2024-W27,deep learning,15.3,topjobs_lk
2024-W28,deep learning,17.5,topjobs_lk
2024-W29,deep learning,11.5,topjobs_lk
2024-W30,deep learning,11.9,topjobs_lk
2024-W31,deep learning,13.4,topjobs_lk
2024-W32,deep learning,17.4,topjobs_lk
2024-W33,deep learning,25.9,topjobs_lk
2024-W34,deep learning,14.3,topjobs_lk
2024-W35,deep learning,19.8,topjobs_lk
2024-W36,deep learning,22.0,topjobs_lk
2024-W37,deep learning,18.3,topjobs_lk
2024-W38,deep learning,17.5,topjobs_lk
2024-W39,deep learning,9.4,topjobs_lk
2024-W40,deep learning,20.1,topjobs_lk
2024-W41,deep learning,10.4,topjobs_lk
2024-W42,deep learning,14.1,topjobs_lk
2024-W43,deep learning,17.1,topjobs_lk
2024-W44,deep learning,12.8,topjobs_lk
2024-W45,deep learning,17.2,topjobs_lk
2024-W46,deep learning,16.4,topjobs_lk
2024-W47,deep learning,9.3,topjobs_lk
2024-W48,deep learning,11.8,topjobs_lk
2024-W49,deep learning,18.7,topjobs_lk
2024-W50,deep learning,18.7,topjobs_lk
2024-W51,deep learning,18.7,topjobs_lk
2024-W52,deep learning,21.3,topjobs_lk
2024-W53,deep learning,13.3,topjobs_lk
2025-W01,deep learning,16.8,topjobs_lk
2025-W02,deep learning,19.3,topjobs_lk
2025-W03,deep learning,16.5,topjobs_lk
2025-W04,deep learning,22.5,topjobs_lk
2025-W05,deep learning,15.8,topjobs_lk
2025-W06,deep learning,21.2,topjobs_lk
2025-W07,deep learning,14.0,topjobs_lk
2025-W08,deep learning,17.5,topjobs_lk
2025-W09,deep learning,25.0,topjobs_lk
2025-W10,deep learning,29.9,topjobs_lk
2025-W11,deep learning,23.5,topjobs_lk
2025-W12,deep learning,12.3,topjobs_lk
2025-W13,deep learning,16.6,topjobs_lk
2025-W14,deep learning,20.7,topjobs_lk
2025-W15,deep learning,25.7,topjobs_lk
2025-W16,deep learning,22.7,topjobs_lk
2025-W17,deep learning,17.9,topjobs_lk
2025-W18,deep learning,11.6,topjobs_lk
2025-W19,deep learning,24.2,topjobs_lk
2025-W20,deep learning,20.7,topjobs_lk
2025-W21,deep learning,25.1,topjobs_lk
2025-W22,deep learning,17.8,topjobs_lk
2025-W23,deep learning,19.7,topjobs_lk
2025-W24,deep learning,18.6,topjobs_lk
2025-W25,deep learning,17.8,topjobs_lk
2025-W26,deep learning,17.9,topjobs_lk
2025-W27,deep learning,24.9,topjobs_lk
2025-W28,deep learning,19.3,topjobs_lk
2025-W29,deep learning,13.3,topjobs_lk
2025-W30,deep learning,15.5,topjobs_lk
2025-W31,deep learning,15.1,topjobs_lk
2025-W32,deep learning,25.6,topjobs_lk
2025-W33,deep learning,10.8,topjobs_lk
2025-W34,deep learning,25.7,topjobs_lk
2025-W35,deep learning,25.8,topjobs_lk
2025-W36,deep learning,30.0,topjobs_lk
2025-W37,deep learning,23.7,topjobs_lk
2025-W38,deep learning,22.7,topjobs_lk
2025-W39,deep learning,15.0,topjobs_lk
2025-W40,deep learning,16.9,topjobs_lk
2025-W41,deep learning,21.3,topjobs_lk
2025-W42,deep learning,23.2,topjobs_lk
2025-W43,deep learning,14.7,topjobs_lk
2025-W44,deep learning,28.3,topjobs_lk
2025-W45,deep learning,13.1,topjobs_lk
2025-W46,deep learning,18.8,topjobs_lk
2025-W47,deep learning,22.2,topjobs_lk
2025-W48,deep learning,24.9,topjobs_lk
2025-W49,deep learning,20.4,topjobs_lk
2025-W50,deep learning,24.0,topjobs_lk
2025-W51,deep learning,16.2,topjobs_lk
2025-W52,deep learning,26.6,topjobs_lk
2026-W01,deep learning,16.5,topjobs_lk
2026-W02,deep learning,20.6,topjobs_lk
2026-W03,deep learning,25.1,topjobs_lk
2026-W04,deep learning,12.3,topjobs_lk
2026-W05,deep learning,19.5,topjobs_lk
2026-W06,deep learning,25.8,topjobs_lk
2026-W07,deep learning,34.6,topjobs_lk
2026-W08,deep learning,13.9,topjobs_lk
2026-W09,deep learning,24.9,topjobs_lk
2026-W10,deep learning,31.8,topjobs_lk
2026-W11,deep learning,19.7,topjobs_lk
2026-W12,deep learning,21.2,topjobs_lk
2026-W13,deep learning,14.6,topjobs_lk
2026-W14,deep learning,30.2,topjobs_lk
2026-W15,deep learning,18.5,topjobs_lk
2026-W16,deep learning,15.7,topjobs_lk
2026-W17,deep learning,30.9,topjobs_lk
2026-W18,deep learning,24.6,topjobs_lk
2026-W19,deep learning,25.0,topjobs_lk
2026-W20,deep learning,23.5,topjobs_lk
2026-W21,deep learning,24.0,topjobs_lk
2026-W22,deep learning,20.0,topjobs_lk
2026-W23,deep learning,18.1,topjobs_lk
2026-W24,deep learning,22.7,topjobs_lk
2026-W25,deep learning,28.9,topjobs_lk
2024-W01,data science,25.0,topjobs_lk
2024-W02,data science,22.5,topjobs_lk
2024-W03,data science,18.8,topjobs_lk
2024-W04,data science,25.4,topjobs_lk
2024-W05,data science,34.3,topjobs_lk
2024-W06,data science,19.8,topjobs_lk
2024-W07,data science,16.6,topjobs_lk
2024-W08,data science,18.5,topjobs_lk
2024-W09,data science,23.1,topjobs_lk
2024-W10,data science,21.2,topjobs_lk
2024-W11,data science,22.6,topjobs_lk
2024-W12,data science,13.5,topjobs_lk
2024-W13,data science,20.2,topjobs_lk
2024-W14,data science,23.4,topjobs_lk
2024-W15,data science,19.9,topjobs_lk
2024-W16,data science,17.6,topjobs_lk
2024-W17,data science,22.4,topjobs_lk
2024-W18,data science,25.6,topjobs_lk
2024-W19,data science,21.4,topjobs_lk
2024-W20,data science,29.0,topjobs_lk
2024-W21,data science,26.0,topjobs_lk
2024-W22,data science,22.2,topjobs_lk
2024-W23,data science,19.8,topjobs_lk
2024-W24,data science,34.8,topjobs_lk
2024-W25,data science,24.4,topjobs_lk
2024-W26,data science,29.4,topjobs_lk
2024-W27,data science,20.3,topjobs_lk
2024-W28,data science,23.2,topjobs_lk
2024-W29,data science,27.3,topjobs_lk
2024-W30,data science,32.4,topjobs_lk
2024-W31,data science,22.8,topjobs_lk
2024-W32,data science,20.9,topjobs_lk
2024-W33,data science,31.3,topjobs_lk
2024-W34,data science,27.2,topjobs_lk
2024-W35,data science,21.9,topjobs_lk
2024-W36,data science,14.1,topjobs_lk
2024-W37,data science,24.7,topjobs_lk
2024-W38,data science,26.5,topjobs_lk
2024-W39,data science,18.2,topjobs_lk
2024-W40,data science,22.0,topjobs_lk
2024-W41,data science,20.5,topjobs_lk
2024-W42,data science,32.3,topjobs_lk
2024-W43,data science,26.7,topjobs_lk
2024-W44,data science,32.6,topjobs_lk
2024-W45,data science,19.9,topjobs_lk
2024-W46,data science,23.2,topjobs_lk
2024-W47,data science,25.3,topjobs_lk
2024-W48,data science,18.7,topjobs_lk
2024-W49,data science,27.3,topjobs_lk
2024-W50,data science,18.4,topjobs_lk
2024-W51,data science,33.9,topjobs_lk
2024-W52,data science,30.7,topjobs_lk
2024-W53,data science,18.5,topjobs_lk
2025-W01,data science,27.0,topjobs_lk
2025-W02,data science,30.2,topjobs_lk
2025-W03,data science,33.0,topjobs_lk
2025-W04,data science,41.4,topjobs_lk
2025-W05,data science,21.7,topjobs_lk
2025-W06,data science,20.4,topjobs_lk
2025-W07,data science,26.4,topjobs_lk
2025-W08,data science,26.8,topjobs_lk
2025-W09,data science,31.3,topjobs_lk
2025-W10,data science,28.7,topjobs_lk
2025-W11,data science,29.6,topjobs_lk
2025-W12,data science,25.1,topjobs_lk
2025-W13,data science,36.0,topjobs_lk
2025-W14,data science,30.2,topjobs_lk
2025-W15,data science,25.0,topjobs_lk
2025-W16,data science,27.8,topjobs_lk
2025-W17,data science,22.7,topjobs_lk
2025-W18,data science,26.3,topjobs_lk
2025-W19,data science,29.6,topjobs_lk
2025-W20,data science,26.9,topjobs_lk
2025-W21,data science,29.8,topjobs_lk
2025-W22,data science,25.6,topjobs_lk
2025-W23,data science,23.4,topjobs_lk
2025-W24,data science,26.7,topjobs_lk
2025-W25,data science,32.6,topjobs_lk
2025-W26,data science,29.9,topjobs_lk
2025-W27,data science,27.6,topjobs_lk
2025-W28,data science,31.2,topjobs_lk
2025-W29,data science,28.2,topjobs_lk
2025-W30,data science,24.2,topjobs_lk
2025-W31,data science,23.9,topjobs_lk
2025-W32,data science,31.3,topjobs_lk
2025-W33,data science,25.4,topjobs_lk
2025-W34,data science,28.5,topjobs_lk
2025-W35,data science,34.7,topjobs_lk
2025-W36,data science,30.6,topjobs_lk
2025-W37,data science,25.5,topjobs_lk
2025-W38,data science,21.8,topjobs_lk
2025-W39,data science,34.9,topjobs_lk
2025-W40,data science,33.3,topjobs_lk
2025-W41,data science,26.8,topjobs_lk
2025-W42,data science,23.9,topjobs_lk
2025-W43,data science,32.8,topjobs_lk
2025-W44,data science,34.3,topjobs_lk
2025-W45,data science,21.9,topjobs_lk
2025-W46,data science,38.9,topjobs_lk
2025-W47,data science,31.2,topjobs_lk
2025-W48,data science,29.4,topjobs_lk
2025-W49,data science,19.4,topjobs_lk
2025-W50,data science,27.4,topjobs_lk
2025-W51,data science,39.4,topjobs_lk
2025-W52,data science,32.1,topjobs_lk
2026-W01,data science,32.3,topjobs_lk
2026-W02,data science,29.8,topjobs_lk
2026-W03,data science,24.4,topjobs_lk
2026-W04,data science,39.4,topjobs_lk
2026-W05,data science,33.4,topjobs_lk
2026-W06,data science,36.1,topjobs_lk
2026-W07,data science,42.5,topjobs_lk
2026-W08,data science,33.4,topjobs_lk
2026-W09,data science,42.6,topjobs_lk
2026-W10,data science,19.2,topjobs_lk
2026-W11,data science,39.3,topjobs_lk
2026-W12,data science,28.6,topjobs_lk
2026-W13,data science,28.0,topjobs_lk
2026-W14,data science,30.7,topjobs_lk
2026-W15,data science,27.3,topjobs_lk
2026-W16,data science,34.1,topjobs_lk
2026-W17,data science,28.4,topjobs_lk
2026-W18,data science,29.9,topjobs_lk
2026-W19,data science,27.5,topjobs_lk
2026-W20,data science,30.8,topjobs_lk
2026-W21,data science,31.1,topjobs_lk
2026-W22,data science,39.0,topjobs_lk
2026-W23,data science,31.4,topjobs_lk
2026-W24,data science,34.0,topjobs_lk
2026-W25,data science,32.4,topjobs_lk
2024-W01,data engineering,8.4,topjobs_lk
2024-W02,data engineering,10.3,topjobs_lk
2024-W03,data engineering,16.9,topjobs_lk
2024-W04,data engineering,9.1,topjobs_lk
2024-W05,data engineering,15.9,topjobs_lk
2024-W06,data engineering,10.3,topjobs_lk
2024-W07,data engineering,11.7,topjobs_lk
2024-W08,data engineering,15.4,topjobs_lk
2024-W09,data engineering,14.5,topjobs_lk
2024-W10,data engineering,13.5,topjobs_lk
2024-W11,data engineering,15.1,topjobs_lk
2024-W12,data engineering,19.5,topjobs_lk
2024-W13,data engineering,2.6,topjobs_lk
2024-W14,data engineering,12.0,topjobs_lk
2024-W15,data engineering,20.4,topjobs_lk
2024-W16,data engineering,18.6,topjobs_lk
2024-W17,data engineering,15.7,topjobs_lk
2024-W18,data engineering,14.4,topjobs_lk
2024-W19,data engineering,12.8,topjobs_lk
2024-W20,data engineering,12.6,topjobs_lk
2024-W21,data engineering,16.3,topjobs_lk
2024-W22,data engineering,16.8,topjobs_lk
2024-W23,data engineering,14.8,topjobs_lk
2024-W24,data engineering,17.3,topjobs_lk
2024-W25,data engineering,16.0,topjobs_lk
2024-W26,data engineering,14.2,topjobs_lk
2024-W27,data engineering,25.3,topjobs_lk
2024-W28,data engineering,13.3,topjobs_lk
2024-W29,data engineering,9.2,topjobs_lk
2024-W30,data engineering,15.8,topjobs_lk
2024-W31,data engineering,21.9,topjobs_lk
2024-W32,data engineering,12.5,topjobs_lk
2024-W33,data engineering,26.0,topjobs_lk
2024-W34,data engineering,20.5,topjobs_lk
2024-W35,data engineering,20.5,topjobs_lk
2024-W36,data engineering,17.7,topjobs_lk
2024-W37,data engineering,22.2,topjobs_lk
2024-W38,data engineering,27.3,topjobs_lk
2024-W39,data engineering,14.7,topjobs_lk
2024-W40,data engineering,18.0,topjobs_lk
2024-W41,data engineering,17.3,topjobs_lk
2024-W42,data engineering,18.4,topjobs_lk
2024-W43,data engineering,17.5,topjobs_lk
2024-W44,data engineering,28.7,topjobs_lk
2024-W45,data engineering,17.7,topjobs_lk
2024-W46,data engineering,17.1,topjobs_lk
2024-W47,data engineering,25.4,topjobs_lk
2024-W48,data engineering,8.8,topjobs_lk
2024-W49,data engineering,13.2,topjobs_lk
2024-W50,data engineering,25.5,topjobs_lk
2024-W51,data engineering,27.9,topjobs_lk
2024-W52,data engineering,11.0,topjobs_lk
2024-W53,data engineering,9.0,topjobs_lk
2025-W01,data engineering,14.8,topjobs_lk
2025-W02,data engineering,15.8,topjobs_lk
2025-W03,data engineering,19.0,topjobs_lk
2025-W04,data engineering,26.6,topjobs_lk
2025-W05,data engineering,19.4,topjobs_lk
2025-W06,data engineering,21.2,topjobs_lk
2025-W07,data engineering,21.0,topjobs_lk
2025-W08,data engineering,18.6,topjobs_lk
2025-W09,data engineering,23.7,topjobs_lk
2025-W10,data engineering,15.8,topjobs_lk
2025-W11,data engineering,13.0,topjobs_lk
2025-W12,data engineering,23.1,topjobs_lk
2025-W13,data engineering,16.8,topjobs_lk
2025-W14,data engineering,16.7,topjobs_lk
2025-W15,data engineering,20.0,topjobs_lk
2025-W16,data engineering,18.0,topjobs_lk
2025-W17,data engineering,23.0,topjobs_lk
2025-W18,data engineering,17.8,topjobs_lk
2025-W19,data engineering,19.4,topjobs_lk
2025-W20,data engineering,22.0,topjobs_lk
2025-W21,data engineering,18.1,topjobs_lk
2025-W22,data engineering,9.4,topjobs_lk
2025-W23,data engineering,23.9,topjobs_lk
2025-W24,data engineering,20.3,topjobs_lk
2025-W25,data engineering,22.2,topjobs_lk
2025-W26,data engineering,24.8,topjobs_lk
2025-W27,data engineering,15.0,topjobs_lk
2025-W28,data engineering,19.7,topjobs_lk
2025-W29,data engineering,20.3,topjobs_lk
2025-W30,data engineering,18.2,topjobs_lk
2025-W31,data engineering,20.4,topjobs_lk
2025-W32,data engineering,14.7,topjobs_lk
2025-W33,data engineering,19.1,topjobs_lk
2025-W34,data engineering,25.3,topjobs_lk
2025-W35,data engineering,25.6,topjobs_lk
2025-W36,data engineering,13.9,topjobs_lk
2025-W37,data engineering,22.7,topjobs_lk
2025-W38,data engineering,17.8,topjobs_lk
2025-W39,data engineering,12.3,topjobs_lk
2025-W40,data engineering,16.4,topjobs_lk
2025-W41,data engineering,20.6,topjobs_lk
2025-W42,data engineering,22.0,topjobs_lk
2025-W43,data engineering,31.4,topjobs_lk
2025-W44,data engineering,23.5,topjobs_lk
2025-W45,data engineering,23.4,topjobs_lk
2025-W46,data engineering,20.0,topjobs_lk
2025-W47,data engineering,21.6,topjobs_lk
2025-W48,data engineering,18.9,topjobs_lk
2025-W49,data engineering,18.9,topjobs_lk
2025-W50,data engineering,18.4,topjobs_lk
2025-W51,data engineering,23.0,topjobs_lk
2025-W52,data engineering,23.0,topjobs_lk
2026-W01,data engineering,15.8,topjobs_lk
2026-W02,data engineering,26.7,topjobs_lk
2026-W03,data engineering,24.9,topjobs_lk
2026-W04,data engineering,12.3,topjobs_lk
2026-W05,data engineering,30.0,topjobs_lk
2026-W06,data engineering,26.9,topjobs_lk
2026-W07,data engineering,23.4,topjobs_lk
2026-W08,data engineering,18.4,topjobs_lk
2026-W09,data engineering,23.9,topjobs_lk
2026-W10,data engineering,19.5,topjobs_lk
2026-W11,data engineering,31.7,topjobs_lk
2026-W12,data engineering,31.6,topjobs_lk
2026-W13,data engineering,21.5,topjobs_lk
2026-W14,data engineering,16.8,topjobs_lk
2026-W15,data engineering,31.1,topjobs_lk
2026-W16,data engineering,19.5,topjobs_lk
2026-W17,data engineering,26.0,topjobs_lk
2026-W18,data engineering,24.2,topjobs_lk
2026-W19,data engineering,22.2,topjobs_lk
2026-W20,data engineering,26.5,topjobs_lk
2026-W21,data engineering,15.8,topjobs_lk
2026-W22,data engineering,22.7,topjobs_lk
2026-W23,data engineering,27.7,topjobs_lk
2026-W24,data engineering,26.6,topjobs_lk
2026-W25,data engineering,25.8,topjobs_lk
2024-W01,tensorflow,9.9,topjobs_lk
2024-W02,tensorflow,9.1,topjobs_lk
2024-W03,tensorflow,17.5,topjobs_lk
2024-W04,tensorflow,20.5,topjobs_lk
2024-W05,tensorflow,18.9,topjobs_lk
2024-W06,tensorflow,15.1,topjobs_lk
2024-W07,tensorflow,23.3,topjobs_lk
2024-W08,tensorflow,13.2,topjobs_lk
2024-W09,tensorflow,20.5,topjobs_lk
2024-W10,tensorflow,21.2,topjobs_lk
2024-W11,tensorflow,6.5,topjobs_lk
2024-W12,tensorflow,22.6,topjobs_lk
2024-W13,tensorflow,23.4,topjobs_lk
2024-W14,tensorflow,26.1,topjobs_lk
2024-W15,tensorflow,19.0,topjobs_lk
2024-W16,tensorflow,16.2,topjobs_lk
2024-W17,tensorflow,28.6,topjobs_lk
2024-W18,tensorflow,11.2,topjobs_lk
2024-W19,tensorflow,20.6,topjobs_lk
2024-W20,tensorflow,26.6,topjobs_lk
2024-W21,tensorflow,21.0,topjobs_lk
2024-W22,tensorflow,16.0,topjobs_lk
2024-W23,tensorflow,21.1,topjobs_lk
2024-W24,tensorflow,11.6,topjobs_lk
2024-W25,tensorflow,18.5,topjobs_lk
2024-W26,tensorflow,20.9,topjobs_lk
2024-W27,tensorflow,10.2,topjobs_lk
2024-W28,tensorflow,15.9,topjobs_lk
2024-W29,tensorflow,26.8,topjobs_lk
2024-W30,tensorflow,25.0,topjobs_lk
2024-W31,tensorflow,23.3,topjobs_lk
2024-W32,tensorflow,19.2,topjobs_lk
2024-W33,tensorflow,16.9,topjobs_lk
2024-W34,tensorflow,22.2,topjobs_lk
2024-W35,tensorflow,25.3,topjobs_lk
2024-W36,tensorflow,20.6,topjobs_lk
2024-W37,tensorflow,22.7,topjobs_lk
2024-W38,tensorflow,19.1,topjobs_lk
2024-W39,tensorflow,23.2,topjobs_lk
2024-W40,tensorflow,24.2,topjobs_lk
2024-W41,tensorflow,18.5,topjobs_lk
2024-W42,tensorflow,24.3,topjobs_lk
2024-W43,tensorflow,16.9,topjobs_lk
2024-W44,tensorflow,22.7,topjobs_lk
2024-W45,tensorflow,18.2,topjobs_lk
2024-W46,tensorflow,11.5,topjobs_lk
2024-W47,tensorflow,22.3,topjobs_lk
2024-W48,tensorflow,22.0,topjobs_lk
2024-W49,tensorflow,20.3,topjobs_lk
2024-W50,tensorflow,15.6,topjobs_lk
2024-W51,tensorflow,15.0,topjobs_lk
2024-W52,tensorflow,18.9,topjobs_lk
2024-W53,tensorflow,18.4,topjobs_lk
2025-W01,tensorflow,14.1,topjobs_lk
2025-W02,tensorflow,18.3,topjobs_lk
2025-W03,tensorflow,21.5,topjobs_lk
2025-W04,tensorflow,21.1,topjobs_lk
2025-W05,tensorflow,16.6,topjobs_lk
2025-W06,tensorflow,21.3,topjobs_lk
2025-W07,tensorflow,15.5,topjobs_lk
2025-W08,tensorflow,18.3,topjobs_lk
2025-W09,tensorflow,14.1,topjobs_lk
2025-W10,tensorflow,11.3,topjobs_lk
2025-W11,tensorflow,23.3,topjobs_lk
2025-W12,tensorflow,13.5,topjobs_lk
2025-W13,tensorflow,20.3,topjobs_lk
2025-W14,tensorflow,12.4,topjobs_lk
2025-W15,tensorflow,8.2,topjobs_lk
2025-W16,tensorflow,24.0,topjobs_lk
2025-W17,tensorflow,28.7,topjobs_lk
2025-W18,tensorflow,26.3,topjobs_lk
2025-W19,tensorflow,19.0,topjobs_lk
2025-W20,tensorflow,16.3,topjobs_lk
2025-W21,tensorflow,18.7,topjobs_lk
2025-W22,tensorflow,16.4,topjobs_lk
2025-W23,tensorflow,18.4,topjobs_lk
2025-W24,tensorflow,21.5,topjobs_lk
2025-W25,tensorflow,24.8,topjobs_lk
2025-W26,tensorflow,13.8,topjobs_lk
2025-W27,tensorflow,22.6,topjobs_lk
2025-W28,tensorflow,14.5,topjobs_lk
2025-W29,tensorflow,13.6,topjobs_lk
2025-W30,tensorflow,23.1,topjobs_lk
2025-W31,tensorflow,19.7,topjobs_lk
2025-W32,tensorflow,15.7,topjobs_lk
2025-W33,tensorflow,20.5,topjobs_lk
2025-W34,tensorflow,22.0,topjobs_lk
2025-W35,tensorflow,16.3,topjobs_lk
2025-W36,tensorflow,21.3,topjobs_lk
2025-W37,tensorflow,18.4,topjobs_lk
2025-W38,tensorflow,20.0,topjobs_lk
2025-W39,tensorflow,11.6,topjobs_lk
2025-W40,tensorflow,12.8,topjobs_lk
2025-W41,tensorflow,10.1,topjobs_lk
2025-W42,tensorflow,14.5,topjobs_lk
2025-W43,tensorflow,21.9,topjobs_lk
2025-W44,tensorflow,17.5,topjobs_lk
2025-W45,tensorflow,15.3,topjobs_lk
2025-W46,tensorflow,13.3,topjobs_lk
2025-W47,tensorflow,23.7,topjobs_lk
2025-W48,tensorflow,19.7,topjobs_lk
2025-W49,tensorflow,20.6,topjobs_lk
2025-W50,tensorflow,14.2,topjobs_lk
2025-W51,tensorflow,9.7,topjobs_lk
2025-W52,tensorflow,14.0,topjobs_lk
2026-W01,tensorflow,14.3,topjobs_lk
2026-W02,tensorflow,12.2,topjobs_lk
2026-W03,tensorflow,18.9,topjobs_lk
2026-W04,tensorflow,20.8,topjobs_lk
2026-W05,tensorflow,16.1,topjobs_lk
2026-W06,tensorflow,18.8,topjobs_lk
2026-W07,tensorflow,17.8,topjobs_lk
2026-W08,tensorflow,11.2,topjobs_lk
2026-W09,tensorflow,18.7,topjobs_lk
2026-W10,tensorflow,10.8,topjobs_lk
2026-W11,tensorflow,23.9,topjobs_lk
2026-W12,tensorflow,13.3,topjobs_lk
2026-W13,tensorflow,19.1,topjobs_lk
2026-W14,tensorflow,11.0,topjobs_lk
2026-W15,tensorflow,26.0,topjobs_lk
2026-W16,tensorflow,14.8,topjobs_lk
2026-W17,tensorflow,11.1,topjobs_lk
2026-W18,tensorflow,8.3,topjobs_lk
2026-W19,tensorflow,10.3,topjobs_lk
2026-W20,tensorflow,17.5,topjobs_lk
2026-W21,tensorflow,15.7,topjobs_lk
2026-W22,tensorflow,15.6,topjobs_lk
2026-W23,tensorflow,15.1,topjobs_lk
2026-W24,tensorflow,13.8,topjobs_lk
2026-W25,tensorflow,18.7,topjobs_lk
2024-W01,pytorch,10.0,topjobs_lk
2024-W02,pytorch,13.5,topjobs_lk
2024-W03,pytorch,5.2,topjobs_lk
2024-W04,pytorch,8.5,topjobs_lk
2024-W05,pytorch,8.9,topjobs_lk
2024-W06,pytorch,12.6,topjobs_lk
2024-W07,pytorch,4.8,topjobs_lk
2024-W08,pytorch,15.8,topjobs_lk
2024-W09,pytorch,12.0,topjobs_lk
2024-W10,pytorch,13.2,topjobs_lk
2024-W11,pytorch,9.8,topjobs_lk
2024-W12,pytorch,11.2,topjobs_lk
2024-W13,pytorch,10.0,topjobs_lk
2024-W14,pytorch,14.5,topjobs_lk
2024-W15,pytorch,21.2,topjobs_lk
2024-W16,pytorch,11.0,topjobs_lk
2024-W17,pytorch,13.7,topjobs_lk
2024-W18,pytorch,16.4,topjobs_lk
2024-W19,pytorch,12.8,topjobs_lk
2024-W20,pytorch,17.8,topjobs_lk
2024-W21,pytorch,4.4,topjobs_lk
2024-W22,pytorch,10.3,topjobs_lk
2024-W23,pytorch,12.3,topjobs_lk
2024-W24,pytorch,19.1,topjobs_lk
2024-W25,pytorch,21.3,topjobs_lk
2024-W26,pytorch,17.4,topjobs_lk
2024-W27,pytorch,9.5,topjobs_lk
2024-W28,pytorch,8.0,topjobs_lk
2024-W29,pytorch,11.4,topjobs_lk
2024-W30,pytorch,15.8,topjobs_lk
2024-W31,pytorch,4.4,topjobs_lk
2024-W32,pytorch,20.3,topjobs_lk
2024-W33,pytorch,21.5,topjobs_lk
2024-W34,pytorch,20.6,topjobs_lk
2024-W35,pytorch,25.9,topjobs_lk
2024-W36,pytorch,13.1,topjobs_lk
2024-W37,pytorch,21.4,topjobs_lk
2024-W38,pytorch,14.5,topjobs_lk
2024-W39,pytorch,19.1,topjobs_lk
2024-W40,pytorch,18.5,topjobs_lk
2024-W41,pytorch,16.1,topjobs_lk
2024-W42,pytorch,19.5,topjobs_lk
2024-W43,pytorch,17.1,topjobs_lk
2024-W44,pytorch,18.4,topjobs_lk
2024-W45,pytorch,13.9,topjobs_lk
2024-W46,pytorch,19.0,topjobs_lk
2024-W47,pytorch,8.4,topjobs_lk
2024-W48,pytorch,16.6,topjobs_lk
2024-W49,pytorch,10.7,topjobs_lk
2024-W50,pytorch,15.9,topjobs_lk
2024-W51,pytorch,20.4,topjobs_lk
2024-W52,pytorch,15.4,topjobs_lk
2024-W53,pytorch,16.6,topjobs_lk
2025-W01,pytorch,19.6,topjobs_lk
2025-W02,pytorch,28.0,topjobs_lk
2025-W03,pytorch,20.2,topjobs_lk
2025-W04,pytorch,11.8,topjobs_lk
2025-W05,pytorch,10.0,topjobs_lk
2025-W06,pytorch,15.5,topjobs_lk
2025-W07,pytorch,11.2,topjobs_lk
2025-W08,pytorch,18.8,topjobs_lk
2025-W09,pytorch,17.8,topjobs_lk
2025-W10,pytorch,10.3,topjobs_lk
2025-W11,pytorch,17.9,topjobs_lk
2025-W12,pytorch,15.7,topjobs_lk
2025-W13,pytorch,24.5,topjobs_lk
2025-W14,pytorch,20.1,topjobs_lk
2025-W15,pytorch,20.1,topjobs_lk
2025-W16,pytorch,18.3,topjobs_lk
2025-W17,pytorch,21.7,topjobs_lk
2025-W18,pytorch,26.7,topjobs_lk
2025-W19,pytorch,11.9,topjobs_lk
2025-W20,pytorch,17.9,topjobs_lk
2025-W21,pytorch,19.7,topjobs_lk
2025-W22,pytorch,20.1,topjobs_lk
2025-W23,pytorch,25.5,topjobs_lk
2025-W24,pytorch,20.3,topjobs_lk
2025-W25,pytorch,20.6,topjobs_lk
2025-W26,pytorch,33.6,topjobs_lk
2025-W27,pytorch,17.8,topjobs_lk
2025-W28,pytorch,16.7,topjobs_lk
2025-W29,pytorch,16.7,topjobs_lk
2025-W30,pytorch,21.2,topjobs_lk
2025-W31,pytorch,17.7,topjobs_lk
2025-W32,pytorch,24.8,topjobs_lk
2025-W33,pytorch,18.7,topjobs_lk
2025-W34,pytorch,22.7,topjobs_lk
2025-W35,pytorch,25.2,topjobs_lk
2025-W36,pytorch,17.1,topjobs_lk
2025-W37,pytorch,29.2,topjobs_lk
2025-W38,pytorch,19.9,topjobs_lk
2025-W39,pytorch,25.0,topjobs_lk
2025-W40,pytorch,21.4,topjobs_lk
2025-W41,pytorch,19.4,topjobs_lk
2025-W42,pytorch,22.5,topjobs_lk
2025-W43,pytorch,18.8,topjobs_lk
2025-W44,pytorch,19.0,topjobs_lk
2025-W45,pytorch,24.2,topjobs_lk
2025-W46,pytorch,9.7,topjobs_lk
2025-W47,pytorch,22.3,topjobs_lk
2025-W48,pytorch,18.7,topjobs_lk
2025-W49,pytorch,16.4,topjobs_lk
2025-W50,pytorch,23.9,topjobs_lk
2025-W51,pytorch,30.4,topjobs_lk
2025-W52,pytorch,26.8,topjobs_lk
2026-W01,pytorch,28.9,topjobs_lk
2026-W02,pytorch,29.7,topjobs_lk
2026-W03,pytorch,30.3,topjobs_lk
2026-W04,pytorch,30.0,topjobs_lk
2026-W05,pytorch,19.7,topjobs_lk
2026-W06,pytorch,16.4,topjobs_lk
2026-W07,pytorch,20.9,topjobs_lk
2026-W08,pytorch,21.1,topjobs_lk
2026-W09,pytorch,17.0,topjobs_lk
2026-W10,pytorch,23.8,topjobs_lk
2026-W11,pytorch,26.5,topjobs_lk
2026-W12,pytorch,25.7,topjobs_lk
2026-W13,pytorch,27.9,topjobs_lk
2026-W14,pytorch,37.1,topjobs_lk
2026-W15,pytorch,29.0,topjobs_lk
2026-W16,pytorch,16.7,topjobs_lk
2026-W17,pytorch,13.5,topjobs_lk
2026-W18,pytorch,17.8,topjobs_lk
2026-W19,pytorch,21.8,topjobs_lk
2026-W20,pytorch,18.9,topjobs_lk
2026-W21,pytorch,26.1,topjobs_lk
2026-W22,pytorch,19.1,topjobs_lk
2026-W23,pytorch,16.1,topjobs_lk
2026-W24,pytorch,28.9,topjobs_lk
2026-W25,pytorch,16.8,topjobs_lk
2024-W01,scikit-learn,10.8,topjobs_lk
2024-W02,scikit-learn,2.0,topjobs_lk
2024-W03,scikit-learn,7.8,topjobs_lk
2024-W04,scikit-learn,16.6,topjobs_lk
2024-W05,scikit-learn,5.0,topjobs_lk
2024-W06,scikit-learn,7.3,topjobs_lk
2024-W07,scikit-learn,5.7,topjobs_lk
2024-W08,scikit-learn,10.6,topjobs_lk
2024-W09,scikit-learn,25.1,topjobs_lk
2024-W10,scikit-learn,13.0,topjobs_lk
2024-W11,scikit-learn,7.7,topjobs_lk
2024-W12,scikit-learn,7.6,topjobs_lk
2024-W13,scikit-learn,8.9,topjobs_lk
2024-W14,scikit-learn,6.5,topjobs_lk
2024-W15,scikit-learn,22.3,topjobs_lk
2024-W16,scikit-learn,13.3,topjobs_lk
2024-W17,scikit-learn,4.1,topjobs_lk
2024-W18,scikit-learn,10.2,topjobs_lk
2024-W19,scikit-learn,16.8,topjobs_lk
2024-W20,scikit-learn,16.5,topjobs_lk
2024-W21,scikit-learn,21.3,topjobs_lk
2024-W22,scikit-learn,16.0,topjobs_lk
2024-W23,scikit-learn,9.9,topjobs_lk
2024-W24,scikit-learn,9.1,topjobs_lk
2024-W25,scikit-learn,8.8,topjobs_lk
2024-W26,scikit-learn,15.8,topjobs_lk
2024-W27,scikit-learn,10.5,topjobs_lk
2024-W28,scikit-learn,16.0,topjobs_lk
2024-W29,scikit-learn,16.2,topjobs_lk
2024-W30,scikit-learn,9.1,topjobs_lk
2024-W31,scikit-learn,8.6,topjobs_lk
2024-W32,scikit-learn,7.4,topjobs_lk
2024-W33,scikit-learn,8.0,topjobs_lk
2024-W34,scikit-learn,14.9,topjobs_lk
2024-W35,scikit-learn,11.4,topjobs_lk
2024-W36,scikit-learn,11.8,topjobs_lk
2024-W37,scikit-learn,10.4,topjobs_lk
2024-W38,scikit-learn,15.9,topjobs_lk
2024-W39,scikit-learn,6.3,topjobs_lk
2024-W40,scikit-learn,12.8,topjobs_lk
2024-W41,scikit-learn,13.1,topjobs_lk
2024-W42,scikit-learn,10.9,topjobs_lk
2024-W43,scikit-learn,7.9,topjobs_lk
2024-W44,scikit-learn,9.8,topjobs_lk
2024-W45,scikit-learn,13.1,topjobs_lk
2024-W46,scikit-learn,11.0,topjobs_lk
2024-W47,scikit-learn,18.6,topjobs_lk
2024-W48,scikit-learn,11.7,topjobs_lk
2024-W49,scikit-learn,11.8,topjobs_lk
2024-W50,scikit-learn,6.7,topjobs_lk
2024-W51,scikit-learn,3.4,topjobs_lk
2024-W52,scikit-learn,13.8,topjobs_lk
2024-W53,scikit-learn,6.2,topjobs_lk
2025-W01,scikit-learn,14.1,topjobs_lk
2025-W02,scikit-learn,5.0,topjobs_lk
2025-W03,scikit-learn,13.4,topjobs_lk
2025-W04,scikit-learn,10.6,topjobs_lk
2025-W05,scikit-learn,13.5,topjobs_lk
2025-W06,scikit-learn,14.7,topjobs_lk
2025-W07,scikit-learn,13.0,topjobs_lk
2025-W08,scikit-learn,8.4,topjobs_lk
2025-W09,scikit-learn,13.6,topjobs_lk
2025-W10,scikit-learn,8.1,topjobs_lk
2025-W11,scikit-learn,16.8,topjobs_lk
2025-W12,scikit-learn,8.7,topjobs_lk
2025-W13,scikit-learn,7.4,topjobs_lk
2025-W14,scikit-learn,17.1,topjobs_lk
2025-W15,scikit-learn,17.0,topjobs_lk
2025-W16,scikit-learn,2.4,topjobs_lk
2025-W17,scikit-learn,7.4,topjobs_lk
2025-W18,scikit-learn,17.4,topjobs_lk
2025-W19,scikit-learn,7.3,topjobs_lk
2025-W20,scikit-learn,18.5,topjobs_lk
2025-W21,scikit-learn,12.3,topjobs_lk
2025-W22,scikit-learn,12.3,topjobs_lk
2025-W23,scikit-learn,6.7,topjobs_lk
2025-W24,scikit-learn,8.8,topjobs_lk
2025-W25,scikit-learn,11.0,topjobs_lk
2025-W26,scikit-learn,21.3,topjobs_lk
2025-W27,scikit-learn,15.2,topjobs_lk
2025-W28,scikit-learn,10.2,topjobs_lk
2025-W29,scikit-learn,2.2,topjobs_lk
2025-W30,scikit-learn,20.5,topjobs_lk
2025-W31,scikit-learn,13.1,topjobs_lk
2025-W32,scikit-learn,9.9,topjobs_lk
2025-W33,scikit-learn,2.9,topjobs_lk
2025-W34,scikit-learn,10.4,topjobs_lk
2025-W35,scikit-learn,15.9,topjobs_lk
2025-W36,scikit-learn,16.0,topjobs_lk
2025-W37,scikit-learn,11.3,topjobs_lk
2025-W38,scikit-learn,11.7,topjobs_lk
2025-W39,scikit-learn,12.3,topjobs_lk
2025-W40,scikit-learn,12.5,topjobs_lk
2025-W41,scikit-learn,24.0,topjobs_lk
2025-W42,scikit-learn,16.8,topjobs_lk
2025-W43,scikit-learn,17.6,topjobs_lk
2025-W44,scikit-learn,11.3,topjobs_lk
2025-W45,scikit-learn,9.1,topjobs_lk
2025-W46,scikit-learn,9.9,topjobs_lk
2025-W47,scikit-learn,19.6,topjobs_lk
2025-W48,scikit-learn,8.6,topjobs_lk
2025-W49,scikit-learn,16.4,topjobs_lk
2025-W50,scikit-learn,19.8,topjobs_lk
2025-W51,scikit-learn,23.4,topjobs_lk
2025-W52,scikit-learn,10.0,topjobs_lk
2026-W01,scikit-learn,5.2,topjobs_lk
2026-W02,scikit-learn,12.5,topjobs_lk
2026-W03,scikit-learn,10.0,topjobs_lk
2026-W04,scikit-learn,22.9,topjobs_lk
2026-W05,scikit-learn,16.3,topjobs_lk
2026-W06,scikit-learn,17.2,topjobs_lk
2026-W07,scikit-learn,14.9,topjobs_lk
2026-W08,scikit-learn,11.6,topjobs_lk
2026-W09,scikit-learn,10.9,topjobs_lk
2026-W10,scikit-learn,18.8,topjobs_lk
2026-W11,scikit-learn,11.3,topjobs_lk
2026-W12,scikit-learn,9.7,topjobs_lk
2026-W13,scikit-learn,14.7,topjobs_lk
2026-W14,scikit-learn,13.1,topjobs_lk
2026-W15,scikit-learn,15.4,topjobs_lk
2026-W16,scikit-learn,9.5,topjobs_lk
2026-W17,scikit-learn,3.5,topjobs_lk
2026-W18,scikit-learn,10.0,topjobs_lk
2026-W19,scikit-learn,14.4,topjobs_lk
2026-W20,scikit-learn,12.9,topjobs_lk
2026-W21,scikit-learn,9.6,topjobs_lk
2026-W22,scikit-learn,22.8,topjobs_lk
2026-W23,scikit-learn,7.8,topjobs_lk
2026-W24,scikit-learn,15.7,topjobs_lk
2026-W25,scikit-learn,9.1,topjobs_lk
2024-W01,llm,5.8,topjobs_lk
2024-W02,llm,2.0,topjobs_lk
2024-W03,llm,7.7,topjobs_lk
2024-W04,llm,2.0,topjobs_lk
2024-W05,llm,4.2,topjobs_lk
2024-W06,llm,2.1,topjobs_lk
2024-W07,llm,8.5,topjobs_lk
2024-W08,llm,7.7,topjobs_lk
2024-W09,llm,11.1,topjobs_lk
2024-W10,llm,6.4,topjobs_lk
2024-W11,llm,5.2,topjobs_lk
2024-W12,llm,9.8,topjobs_lk
2024-W13,llm,2.0,topjobs_lk
2024-W14,llm,3.4,topjobs_lk
2024-W15,llm,5.4,topjobs_lk
2024-W16,llm,2.0,topjobs_lk
2024-W17,llm,4.1,topjobs_lk
2024-W18,llm,5.0,topjobs_lk
2024-W19,llm,4.1,topjobs_lk
2024-W20,llm,11.5,topjobs_lk
2024-W21,llm,6.1,topjobs_lk
2024-W22,llm,3.9,topjobs_lk
2024-W23,llm,9.1,topjobs_lk
2024-W24,llm,10.0,topjobs_lk
2024-W25,llm,6.1,topjobs_lk
2024-W26,llm,2.0,topjobs_lk
2024-W27,llm,8.4,topjobs_lk
2024-W28,llm,3.5,topjobs_lk
2024-W29,llm,5.3,topjobs_lk
2024-W30,llm,13.2,topjobs_lk
2024-W31,llm,5.8,topjobs_lk
2024-W32,llm,2.0,topjobs_lk
2024-W33,llm,6.7,topjobs_lk
2024-W34,llm,2.0,topjobs_lk
2024-W35,llm,2.0,topjobs_lk
2024-W36,llm,3.5,topjobs_lk
2024-W37,llm,6.3,topjobs_lk
2024-W38,llm,4.3,topjobs_lk
2024-W39,llm,4.8,topjobs_lk
2024-W40,llm,10.2,topjobs_lk
2024-W41,llm,9.8,topjobs_lk
2024-W42,llm,13.1,topjobs_lk
2024-W43,llm,8.0,topjobs_lk
2024-W44,llm,13.6,topjobs_lk
2024-W45,llm,7.4,topjobs_lk
2024-W46,llm,13.8,topjobs_lk
2024-W47,llm,3.4,topjobs_lk
2024-W48,llm,5.8,topjobs_lk
2024-W49,llm,6.8,topjobs_lk
2024-W50,llm,8.5,topjobs_lk
2024-W51,llm,11.6,topjobs_lk
2024-W52,llm,23.6,topjobs_lk
2024-W53,llm,15.2,topjobs_lk
2025-W01,llm,19.9,topjobs_lk
2025-W02,llm,12.7,topjobs_lk
2025-W03,llm,10.9,topjobs_lk
2025-W04,llm,14.7,topjobs_lk
2025-W05,llm,23.9,topjobs_lk
2025-W06,llm,17.4,topjobs_lk
2025-W07,llm,13.8,topjobs_lk
2025-W08,llm,17.8,topjobs_lk
2025-W09,llm,20.5,topjobs_lk
2025-W10,llm,20.7,topjobs_lk
2025-W11,llm,19.4,topjobs_lk
2025-W12,llm,27.1,topjobs_lk
2025-W13,llm,19.3,topjobs_lk
2025-W14,llm,19.2,topjobs_lk
2025-W15,llm,21.4,topjobs_lk
2025-W16,llm,25.1,topjobs_lk
2025-W17,llm,23.9,topjobs_lk
2025-W18,llm,33.3,topjobs_lk
2025-W19,llm,26.7,topjobs_lk
2025-W20,llm,29.9,topjobs_lk
2025-W21,llm,36.1,topjobs_lk
2025-W22,llm,33.5,topjobs_lk
2025-W23,llm,30.2,topjobs_lk
2025-W24,llm,30.8,topjobs_lk
2025-W25,llm,23.7,topjobs_lk
2025-W26,llm,31.8,topjobs_lk
2025-W27,llm,33.1,topjobs_lk
2025-W28,llm,29.7,topjobs_lk
2025-W29,llm,33.5,topjobs_lk
2025-W30,llm,30.6,topjobs_lk
2025-W31,llm,36.6,topjobs_lk
2025-W32,llm,33.1,topjobs_lk
2025-W33,llm,34.7,topjobs_lk
2025-W34,llm,23.7,topjobs_lk
2025-W35,llm,28.8,topjobs_lk
2025-W36,llm,27.8,topjobs_lk
2025-W37,llm,24.7,topjobs_lk
2025-W38,llm,24.0,topjobs_lk
2025-W39,llm,42.3,topjobs_lk
2025-W40,llm,33.5,topjobs_lk
2025-W41,llm,31.6,topjobs_lk
2025-W42,llm,33.9,topjobs_lk
2025-W43,llm,30.6,topjobs_lk
2025-W44,llm,37.2,topjobs_lk
2025-W45,llm,32.8,topjobs_lk
2025-W46,llm,29.6,topjobs_lk
2025-W47,llm,30.3,topjobs_lk
2025-W48,llm,29.7,topjobs_lk
2025-W49,llm,30.7,topjobs_lk
2025-W50,llm,36.7,topjobs_lk
2025-W51,llm,29.4,topjobs_lk
2025-W52,llm,25.5,topjobs_lk
2026-W01,llm,38.4,topjobs_lk
2026-W02,llm,39.8,topjobs_lk
2026-W03,llm,35.4,topjobs_lk
2026-W04,llm,32.4,topjobs_lk
2026-W05,llm,41.2,topjobs_lk
2026-W06,llm,37.4,topjobs_lk
2026-W07,llm,29.5,topjobs_lk
2026-W08,llm,33.6,topjobs_lk
2026-W09,llm,36.4,topjobs_lk
2026-W10,llm,28.4,topjobs_lk
2026-W11,llm,45.5,topjobs_lk
2026-W12,llm,27.3,topjobs_lk
2026-W13,llm,38.5,topjobs_lk
2026-W14,llm,36.5,topjobs_lk
2026-W15,llm,28.4,topjobs_lk
2026-W16,llm,28.1,topjobs_lk
2026-W17,llm,30.3,topjobs_lk
2026-W18,llm,34.8,topjobs_lk
2026-W19,llm,28.7,topjobs_lk
2026-W20,llm,36.5,topjobs_lk
2026-W21,llm,35.8,topjobs_lk
2026-W22,llm,35.1,topjobs_lk
2026-W23,llm,31.1,topjobs_lk
2026-W24,llm,29.9,topjobs_lk
2026-W25,llm,27.4,topjobs_lk
2024-W01,langchain,7.2,topjobs_lk
2024-W02,langchain,6.6,topjobs_lk
2024-W03,langchain,2.0,topjobs_lk
2024-W04,langchain,4.0,topjobs_lk
2024-W05,langchain,10.5,topjobs_lk
2024-W06,langchain,5.9,topjobs_lk
2024-W07,langchain,2.8,topjobs_lk
2024-W08,langchain,10.0,topjobs_lk
2024-W09,langchain,3.6,topjobs_lk
2024-W10,langchain,9.1,topjobs_lk
2024-W11,langchain,2.0,topjobs_lk
2024-W12,langchain,2.0,topjobs_lk
2024-W13,langchain,4.9,topjobs_lk
2024-W14,langchain,2.0,topjobs_lk
2024-W15,langchain,2.0,topjobs_lk
2024-W16,langchain,7.3,topjobs_lk
2024-W17,langchain,6.7,topjobs_lk
2024-W18,langchain,7.4,topjobs_lk
2024-W19,langchain,2.0,topjobs_lk
2024-W20,langchain,5.5,topjobs_lk
2024-W21,langchain,2.0,topjobs_lk
2024-W22,langchain,2.0,topjobs_lk
2024-W23,langchain,3.2,topjobs_lk
2024-W24,langchain,3.8,topjobs_lk
2024-W25,langchain,7.4,topjobs_lk
2024-W26,langchain,4.5,topjobs_lk
2024-W27,langchain,2.0,topjobs_lk
2024-W28,langchain,8.4,topjobs_lk
2024-W29,langchain,5.6,topjobs_lk
2024-W30,langchain,2.0,topjobs_lk
2024-W31,langchain,2.0,topjobs_lk
2024-W32,langchain,3.8,topjobs_lk
2024-W33,langchain,6.8,topjobs_lk
2024-W34,langchain,6.8,topjobs_lk
2024-W35,langchain,6.3,topjobs_lk
2024-W36,langchain,2.0,topjobs_lk
2024-W37,langchain,7.5,topjobs_lk
2024-W38,langchain,2.0,topjobs_lk
2024-W39,langchain,4.4,topjobs_lk
2024-W40,langchain,6.7,topjobs_lk
2024-W41,langchain,6.2,topjobs_lk
2024-W42,langchain,9.5,topjobs_lk
2024-W43,langchain,8.7,topjobs_lk
2024-W44,langchain,7.6,topjobs_lk
2024-W45,langchain,3.6,topjobs_lk
2024-W46,langchain,6.9,topjobs_lk
2024-W47,langchain,2.0,topjobs_lk
2024-W48,langchain,6.9,topjobs_lk
2024-W49,langchain,2.0,topjobs_lk
2024-W50,langchain,3.3,topjobs_lk
2024-W51,langchain,10.6,topjobs_lk
2024-W52,langchain,9.5,topjobs_lk
2024-W53,langchain,14.3,topjobs_lk
2025-W01,langchain,7.6,topjobs_lk
2025-W02,langchain,6.0,topjobs_lk
2025-W03,langchain,3.6,topjobs_lk
2025-W04,langchain,10.6,topjobs_lk
2025-W05,langchain,14.3,topjobs_lk
2025-W06,langchain,15.9,topjobs_lk
2025-W07,langchain,16.0,topjobs_lk
2025-W08,langchain,8.2,topjobs_lk
2025-W09,langchain,10.6,topjobs_lk
2025-W10,langchain,2.6,topjobs_lk
2025-W11,langchain,14.7,topjobs_lk
2025-W12,langchain,7.9,topjobs_lk
2025-W13,langchain,16.9,topjobs_lk
2025-W14,langchain,21.2,topjobs_lk
2025-W15,langchain,16.8,topjobs_lk
2025-W16,langchain,14.0,topjobs_lk
2025-W17,langchain,11.9,topjobs_lk
2025-W18,langchain,20.5,topjobs_lk
2025-W19,langchain,14.3,topjobs_lk
2025-W20,langchain,14.4,topjobs_lk
2025-W21,langchain,19.6,topjobs_lk
2025-W22,langchain,22.4,topjobs_lk
2025-W23,langchain,19.4,topjobs_lk
2025-W24,langchain,20.0,topjobs_lk
2025-W25,langchain,24.8,topjobs_lk
2025-W26,langchain,18.8,topjobs_lk
2025-W27,langchain,15.4,topjobs_lk
2025-W28,langchain,26.0,topjobs_lk
2025-W29,langchain,25.2,topjobs_lk
2025-W30,langchain,20.3,topjobs_lk
2025-W31,langchain,26.9,topjobs_lk
2025-W32,langchain,13.0,topjobs_lk
2025-W33,langchain,19.1,topjobs_lk
2025-W34,langchain,20.7,topjobs_lk
2025-W35,langchain,21.0,topjobs_lk
2025-W36,langchain,19.4,topjobs_lk
2025-W37,langchain,23.9,topjobs_lk
2025-W38,langchain,18.6,topjobs_lk
2025-W39,langchain,26.7,topjobs_lk
2025-W40,langchain,23.0,topjobs_lk
2025-W41,langchain,20.7,topjobs_lk
2025-W42,langchain,22.9,topjobs_lk
2025-W43,langchain,28.3,topjobs_lk
2025-W44,langchain,14.5,topjobs_lk
2025-W45,langchain,23.9,topjobs_lk
2025-W46,langchain,22.1,topjobs_lk
2025-W47,langchain,17.5,topjobs_lk
2025-W48,langchain,18.8,topjobs_lk
2025-W49,langchain,23.7,topjobs_lk
2025-W50,langchain,25.2,topjobs_lk
2025-W51,langchain,24.4,topjobs_lk
2025-W52,langchain,21.3,topjobs_lk
2026-W01,langchain,26.9,topjobs_lk
2026-W02,langchain,24.7,topjobs_lk
2026-W03,langchain,19.0,topjobs_lk
2026-W04,langchain,21.8,topjobs_lk
2026-W05,langchain,18.7,topjobs_lk
2026-W06,langchain,25.6,topjobs_lk
2026-W07,langchain,19.4,topjobs_lk
2026-W08,langchain,18.7,topjobs_lk
2026-W09,langchain,16.2,topjobs_lk
2026-W10,langchain,23.4,topjobs_lk
2026-W11,langchain,31.0,topjobs_lk
2026-W12,langchain,19.6,topjobs_lk
2026-W13,langchain,17.9,topjobs_lk
2026-W14,langchain,26.7,topjobs_lk
2026-W15,langchain,31.6,topjobs_lk
2026-W16,langchain,22.9,topjobs_lk
2026-W17,langchain,22.2,topjobs_lk
2026-W18,langchain,24.3,topjobs_lk
2026-W19,langchain,19.8,topjobs_lk
2026-W20,langchain,25.6,topjobs_lk
2026-W21,langchain,17.6,topjobs_lk
2026-W22,langchain,25.8,topjobs_lk
2026-W23,langchain,20.0,topjobs_lk
2026-W24,langchain,20.1,topjobs_lk
2026-W25,langchain,34.9,topjobs_lk
2024-W01,flutter,34.8,topjobs_lk
2024-W02,flutter,40.3,topjobs_lk
2024-W03,flutter,40.7,topjobs_lk
2024-W04,flutter,33.3,topjobs_lk
2024-W05,flutter,43.5,topjobs_lk
2024-W06,flutter,36.6,topjobs_lk
2024-W07,flutter,33.0,topjobs_lk
2024-W08,flutter,42.0,topjobs_lk
2024-W09,flutter,34.6,topjobs_lk
2024-W10,flutter,38.5,topjobs_lk
2024-W11,flutter,37.7,topjobs_lk
2024-W12,flutter,46.4,topjobs_lk
2024-W13,flutter,30.9,topjobs_lk
2024-W14,flutter,34.8,topjobs_lk
2024-W15,flutter,38.8,topjobs_lk
2024-W16,flutter,41.0,topjobs_lk
2024-W17,flutter,43.5,topjobs_lk
2024-W18,flutter,36.7,topjobs_lk
2024-W19,flutter,40.3,topjobs_lk
2024-W20,flutter,41.5,topjobs_lk
2024-W21,flutter,22.2,topjobs_lk
2024-W22,flutter,46.9,topjobs_lk
2024-W23,flutter,35.5,topjobs_lk
2024-W24,flutter,38.3,topjobs_lk
2024-W25,flutter,43.1,topjobs_lk
2024-W26,flutter,38.1,topjobs_lk
2024-W27,flutter,31.3,topjobs_lk
2024-W28,flutter,37.7,topjobs_lk
2024-W29,flutter,35.6,topjobs_lk
2024-W30,flutter,43.1,topjobs_lk
2024-W31,flutter,40.0,topjobs_lk
2024-W32,flutter,36.5,topjobs_lk
2024-W33,flutter,38.3,topjobs_lk
2024-W34,flutter,40.7,topjobs_lk
2024-W35,flutter,43.0,topjobs_lk
2024-W36,flutter,35.1,topjobs_lk
2024-W37,flutter,40.4,topjobs_lk
2024-W38,flutter,40.5,topjobs_lk
2024-W39,flutter,36.8,topjobs_lk
2024-W40,flutter,38.1,topjobs_lk
2024-W41,flutter,42.0,topjobs_lk
2024-W42,flutter,35.8,topjobs_lk
2024-W43,flutter,36.7,topjobs_lk
2024-W44,flutter,28.2,topjobs_lk
2024-W45,flutter,39.4,topjobs_lk
2024-W46,flutter,35.1,topjobs_lk
2024-W47,flutter,43.7,topjobs_lk
2024-W48,flutter,48.9,topjobs_lk
2024-W49,flutter,41.8,topjobs_lk
2024-W50,flutter,44.0,topjobs_lk
2024-W51,flutter,41.5,topjobs_lk
2024-W52,flutter,41.8,topjobs_lk
2024-W53,flutter,44.4,topjobs_lk
2025-W01,flutter,46.4,topjobs_lk
2025-W02,flutter,35.0,topjobs_lk
2025-W03,flutter,35.2,topjobs_lk
2025-W04,flutter,45.8,topjobs_lk
2025-W05,flutter,37.4,topjobs_lk
2025-W06,flutter,47.6,topjobs_lk
2025-W07,flutter,49.0,topjobs_lk
2025-W08,flutter,42.5,topjobs_lk
2025-W09,flutter,34.1,topjobs_lk
2025-W10,flutter,38.1,topjobs_lk
2025-W11,flutter,37.7,topjobs_lk
2025-W12,flutter,43.9,topjobs_lk
2025-W13,flutter,47.1,topjobs_lk
2025-W14,flutter,47.8,topjobs_lk
2025-W15,flutter,39.6,topjobs_lk
2025-W16,flutter,52.2,topjobs_lk
2025-W17,flutter,46.1,topjobs_lk
2025-W18,flutter,39.8,topjobs_lk
2025-W19,flutter,39.2,topjobs_lk
2025-W20,flutter,41.5,topjobs_lk
2025-W21,flutter,37.7,topjobs_lk
2025-W22,flutter,49.9,topjobs_lk
2025-W23,flutter,41.6,topjobs_lk
2025-W24,flutter,44.1,topjobs_lk
2025-W25,flutter,39.4,topjobs_lk
2025-W26,flutter,44.5,topjobs_lk
2025-W27,flutter,34.7,topjobs_lk
2025-W28,flutter,40.7,topjobs_lk
2025-W29,flutter,42.8,topjobs_lk
2025-W30,flutter,45.5,topjobs_lk
2025-W31,flutter,44.0,topjobs_lk
2025-W32,flutter,40.4,topjobs_lk
2025-W33,flutter,43.9,topjobs_lk
2025-W34,flutter,42.9,topjobs_lk
2025-W35,flutter,47.1,topjobs_lk
2025-W36,flutter,36.8,topjobs_lk
2025-W37,flutter,39.4,topjobs_lk
2025-W38,flutter,43.3,topjobs_lk
2025-W39,flutter,41.0,topjobs_lk
2025-W40,flutter,42.4,topjobs_lk
2025-W41,flutter,43.0,topjobs_lk
2025-W42,flutter,48.1,topjobs_lk
2025-W43,flutter,43.6,topjobs_lk
2025-W44,flutter,43.0,topjobs_lk
2025-W45,flutter,47.2,topjobs_lk
2025-W46,flutter,47.0,topjobs_lk
2025-W47,flutter,42.6,topjobs_lk
2025-W48,flutter,51.6,topjobs_lk
2025-W49,flutter,49.4,topjobs_lk
2025-W50,flutter,54.7,topjobs_lk
2025-W51,flutter,48.8,topjobs_lk
2025-W52,flutter,43.2,topjobs_lk
2026-W01,flutter,51.7,topjobs_lk
2026-W02,flutter,45.0,topjobs_lk
2026-W03,flutter,43.8,topjobs_lk
2026-W04,flutter,50.2,topjobs_lk
2026-W05,flutter,49.2,topjobs_lk
2026-W06,flutter,40.5,topjobs_lk
2026-W07,flutter,49.7,topjobs_lk
2026-W08,flutter,48.1,topjobs_lk
2026-W09,flutter,38.6,topjobs_lk
2026-W10,flutter,41.1,topjobs_lk
2026-W11,flutter,52.0,topjobs_lk
2026-W12,flutter,47.4,topjobs_lk
2026-W13,flutter,42.6,topjobs_lk
2026-W14,flutter,47.4,topjobs_lk
2026-W15,flutter,43.9,topjobs_lk
2026-W16,flutter,46.7,topjobs_lk
2026-W17,flutter,49.3,topjobs_lk
2026-W18,flutter,43.2,topjobs_lk
2026-W19,flutter,46.9,topjobs_lk
2026-W20,flutter,43.2,topjobs_lk
2026-W21,flutter,49.5,topjobs_lk
2026-W22,flutter,49.7,topjobs_lk
2026-W23,flutter,50.6,topjobs_lk
2026-W24,flutter,51.3,topjobs_lk
2026-W25,flutter,44.6,topjobs_lk
2024-W01,react native,28.9,topjobs_lk
2024-W02,react native,22.2,topjobs_lk
2024-W03,react native,24.3,topjobs_lk
2024-W04,react native,26.2,topjobs_lk
2024-W05,react native,30.9,topjobs_lk
2024-W06,react native,29.8,topjobs_lk
2024-W07,react native,29.8,topjobs_lk
2024-W08,react native,34.6,topjobs_lk
2024-W09,react native,22.4,topjobs_lk
2024-W10,react native,21.8,topjobs_lk
2024-W11,react native,25.5,topjobs_lk
2024-W12,react native,26.7,topjobs_lk
2024-W13,react native,30.6,topjobs_lk
2024-W14,react native,22.0,topjobs_lk
2024-W15,react native,29.0,topjobs_lk
2024-W16,react native,23.9,topjobs_lk
2024-W17,react native,23.0,topjobs_lk
2024-W18,react native,26.8,topjobs_lk
2024-W19,react native,26.9,topjobs_lk
2024-W20,react native,25.7,topjobs_lk
2024-W21,react native,29.4,topjobs_lk
2024-W22,react native,29.8,topjobs_lk
2024-W23,react native,28.1,topjobs_lk
2024-W24,react native,30.4,topjobs_lk
2024-W25,react native,28.8,topjobs_lk
2024-W26,react native,27.9,topjobs_lk
2024-W27,react native,23.3,topjobs_lk
2024-W28,react native,29.8,topjobs_lk
2024-W29,react native,26.1,topjobs_lk
2024-W30,react native,23.1,topjobs_lk
2024-W31,react native,30.8,topjobs_lk
2024-W32,react native,25.5,topjobs_lk
2024-W33,react native,20.7,topjobs_lk
2024-W34,react native,20.9,topjobs_lk
2024-W35,react native,27.3,topjobs_lk
2024-W36,react native,31.5,topjobs_lk
2024-W37,react native,29.0,topjobs_lk
2024-W38,react native,32.8,topjobs_lk
2024-W39,react native,35.6,topjobs_lk
2024-W40,react native,22.1,topjobs_lk
2024-W41,react native,26.0,topjobs_lk
2024-W42,react native,28.1,topjobs_lk
2024-W43,react native,21.1,topjobs_lk
2024-W44,react native,25.4,topjobs_lk
2024-W45,react native,26.0,topjobs_lk
2024-W46,react native,28.4,topjobs_lk
2024-W47,react native,29.6,topjobs_lk
2024-W48,react native,23.1,topjobs_lk
2024-W49,react native,28.0,topjobs_lk
2024-W50,react native,25.6,topjobs_lk
2024-W51,react native,20.5,topjobs_lk
2024-W52,react native,23.7,topjobs_lk
2024-W53,react native,23.7,topjobs_lk
2025-W01,react native,32.3,topjobs_lk
2025-W02,react native,24.7,topjobs_lk
2025-W03,react native,23.6,topjobs_lk
2025-W04,react native,24.2,topjobs_lk
2025-W05,react native,25.4,topjobs_lk
2025-W06,react native,20.9,topjobs_lk
2025-W07,react native,26.0,topjobs_lk
2025-W08,react native,24.5,topjobs_lk
2025-W09,react native,21.3,topjobs_lk
2025-W10,react native,22.8,topjobs_lk
2025-W11,react native,31.4,topjobs_lk
2025-W12,react native,18.5,topjobs_lk
2025-W13,react native,21.4,topjobs_lk
2025-W14,react native,32.2,topjobs_lk
2025-W15,react native,28.4,topjobs_lk
2025-W16,react native,30.8,topjobs_lk
2025-W17,react native,25.0,topjobs_lk
2025-W18,react native,31.5,topjobs_lk
2025-W19,react native,20.4,topjobs_lk
2025-W20,react native,14.5,topjobs_lk
2025-W21,react native,20.3,topjobs_lk
2025-W22,react native,33.4,topjobs_lk
2025-W23,react native,30.0,topjobs_lk
2025-W24,react native,24.5,topjobs_lk
2025-W25,react native,25.1,topjobs_lk
2025-W26,react native,20.9,topjobs_lk
2025-W27,react native,22.9,topjobs_lk
2025-W28,react native,26.9,topjobs_lk
2025-W29,react native,24.3,topjobs_lk
2025-W30,react native,23.9,topjobs_lk
2025-W31,react native,30.9,topjobs_lk
2025-W32,react native,22.3,topjobs_lk
2025-W33,react native,22.1,topjobs_lk
2025-W34,react native,22.7,topjobs_lk
2025-W35,react native,26.4,topjobs_lk
2025-W36,react native,23.0,topjobs_lk
2025-W37,react native,26.8,topjobs_lk
2025-W38,react native,18.0,topjobs_lk
2025-W39,react native,25.2,topjobs_lk
2025-W40,react native,15.7,topjobs_lk
2025-W41,react native,30.3,topjobs_lk
2025-W42,react native,24.1,topjobs_lk
2025-W43,react native,19.0,topjobs_lk
2025-W44,react native,29.0,topjobs_lk
2025-W45,react native,20.1,topjobs_lk
2025-W46,react native,28.4,topjobs_lk
2025-W47,react native,25.3,topjobs_lk
2025-W48,react native,27.8,topjobs_lk
2025-W49,react native,23.7,topjobs_lk
2025-W50,react native,17.7,topjobs_lk
2025-W51,react native,23.9,topjobs_lk
2025-W52,react native,23.9,topjobs_lk
2026-W01,react native,10.9,topjobs_lk
2026-W02,react native,22.6,topjobs_lk
2026-W03,react native,18.4,topjobs_lk
2026-W04,react native,22.0,topjobs_lk
2026-W05,react native,21.6,topjobs_lk
2026-W06,react native,25.5,topjobs_lk
2026-W07,react native,23.7,topjobs_lk
2026-W08,react native,27.2,topjobs_lk
2026-W09,react native,19.8,topjobs_lk
2026-W10,react native,18.0,topjobs_lk
2026-W11,react native,23.9,topjobs_lk
2026-W12,react native,22.3,topjobs_lk
2026-W13,react native,25.2,topjobs_lk
2026-W14,react native,21.5,topjobs_lk
2026-W15,react native,22.7,topjobs_lk
2026-W16,react native,17.5,topjobs_lk
2026-W17,react native,12.0,topjobs_lk
2026-W18,react native,21.6,topjobs_lk
2026-W19,react native,20.9,topjobs_lk
2026-W20,react native,25.0,topjobs_lk
2026-W21,react native,20.4,topjobs_lk
2026-W22,react native,28.5,topjobs_lk
2026-W23,react native,13.3,topjobs_lk
2026-W24,react native,17.6,topjobs_lk
2026-W25,react native,32.7,topjobs_lk
2024-W01,android,41.2,topjobs_lk
2024-W02,android,36.1,topjobs_lk
2024-W03,android,34.2,topjobs_lk
2024-W04,android,28.2,topjobs_lk
2024-W05,android,38.3,topjobs_lk
2024-W06,android,39.3,topjobs_lk
2024-W07,android,39.5,topjobs_lk
2024-W08,android,37.4,topjobs_lk
2024-W09,android,43.0,topjobs_lk
2024-W10,android,35.3,topjobs_lk
2024-W11,android,30.6,topjobs_lk
2024-W12,android,33.9,topjobs_lk
2024-W13,android,37.0,topjobs_lk
2024-W14,android,28.7,topjobs_lk
2024-W15,android,35.3,topjobs_lk
2024-W16,android,26.0,topjobs_lk
2024-W17,android,33.8,topjobs_lk
2024-W18,android,42.8,topjobs_lk
2024-W19,android,35.3,topjobs_lk
2024-W20,android,31.0,topjobs_lk
2024-W21,android,33.4,topjobs_lk
2024-W22,android,32.2,topjobs_lk
2024-W23,android,34.8,topjobs_lk
2024-W24,android,35.3,topjobs_lk
2024-W25,android,26.8,topjobs_lk
2024-W26,android,36.2,topjobs_lk
2024-W27,android,29.5,topjobs_lk
2024-W28,android,37.6,topjobs_lk
2024-W29,android,32.9,topjobs_lk
2024-W30,android,33.0,topjobs_lk
2024-W31,android,35.0,topjobs_lk
2024-W32,android,36.5,topjobs_lk
2024-W33,android,36.7,topjobs_lk
2024-W34,android,31.8,topjobs_lk
2024-W35,android,41.3,topjobs_lk
2024-W36,android,34.9,topjobs_lk
2024-W37,android,45.3,topjobs_lk
2024-W38,android,29.0,topjobs_lk
2024-W39,android,29.9,topjobs_lk
2024-W40,android,36.9,topjobs_lk
2024-W41,android,35.0,topjobs_lk
2024-W42,android,30.4,topjobs_lk
2024-W43,android,33.2,topjobs_lk
2024-W44,android,40.6,topjobs_lk
2024-W45,android,29.8,topjobs_lk
2024-W46,android,28.7,topjobs_lk
2024-W47,android,26.7,topjobs_lk
2024-W48,android,31.8,topjobs_lk
2024-W49,android,37.8,topjobs_lk
2024-W50,android,36.6,topjobs_lk
2024-W51,android,34.1,topjobs_lk
2024-W52,android,39.5,topjobs_lk
2024-W53,android,30.1,topjobs_lk
2025-W01,android,35.4,topjobs_lk
2025-W02,android,28.2,topjobs_lk
2025-W03,android,38.5,topjobs_lk
2025-W04,android,30.5,topjobs_lk
2025-W05,android,33.5,topjobs_lk
2025-W06,android,35.7,topjobs_lk
2025-W07,android,36.9,topjobs_lk
2025-W08,android,36.8,topjobs_lk
2025-W09,android,40.8,topjobs_lk
2025-W10,android,29.6,topjobs_lk
2025-W11,android,34.0,topjobs_lk
2025-W12,android,39.4,topjobs_lk
2025-W13,android,31.7,topjobs_lk
2025-W14,android,38.1,topjobs_lk
2025-W15,android,33.9,topjobs_lk
2025-W16,android,36.9,topjobs_lk
2025-W17,android,44.0,topjobs_lk
2025-W18,android,29.7,topjobs_lk
2025-W19,android,32.9,topjobs_lk
2025-W20,android,39.2,topjobs_lk
2025-W21,android,36.0,topjobs_lk
2025-W22,android,33.0,topjobs_lk
2025-W23,android,41.1,topjobs_lk
2025-W24,android,33.1,topjobs_lk
2025-W25,android,34.0,topjobs_lk
2025-W26,android,35.0,topjobs_lk
2025-W27,android,27.5,topjobs_lk
2025-W28,android,25.4,topjobs_lk
2025-W29,android,33.0,topjobs_lk
2025-W30,android,31.4,topjobs_lk
2025-W31,android,28.0,topjobs_lk
2025-W32,android,32.5,topjobs_lk
2025-W33,android,24.9,topjobs_lk
2025-W34,android,29.0,topjobs_lk
2025-W35,android,30.2,topjobs_lk
2025-W36,android,43.6,topjobs_lk
2025-W37,android,32.0,topjobs_lk
2025-W38,android,38.4,topjobs_lk
2025-W39,android,40.2,topjobs_lk
2025-W40,android,29.3,topjobs_lk
2025-W41,android,34.8,topjobs_lk
2025-W42,android,35.0,topjobs_lk
2025-W43,android,35.6,topjobs_lk
2025-W44,android,33.7,topjobs_lk
2025-W45,android,39.6,topjobs_lk
2025-W46,android,31.2,topjobs_lk
2025-W47,android,33.5,topjobs_lk
2025-W48,android,29.2,topjobs_lk
2025-W49,android,45.3,topjobs_lk
2025-W50,android,26.6,topjobs_lk
2025-W51,android,31.9,topjobs_lk
2025-W52,android,31.2,topjobs_lk
2026-W01,android,30.2,topjobs_lk
2026-W02,android,30.1,topjobs_lk
2026-W03,android,42.4,topjobs_lk
2026-W04,android,33.7,topjobs_lk
2026-W05,android,31.9,topjobs_lk
2026-W06,android,36.8,topjobs_lk
2026-W07,android,31.8,topjobs_lk
2026-W08,android,40.9,topjobs_lk
2026-W09,android,36.9,topjobs_lk
2026-W10,android,26.9,topjobs_lk
2026-W11,android,32.5,topjobs_lk
2026-W12,android,37.1,topjobs_lk
2026-W13,android,33.6,topjobs_lk
2026-W14,android,31.9,topjobs_lk
2026-W15,android,36.8,topjobs_lk
2026-W16,android,26.0,topjobs_lk
2026-W17,android,29.6,topjobs_lk
2026-W18,android,33.9,topjobs_lk
2026-W19,android,26.1,topjobs_lk
2026-W20,android,35.2,topjobs_lk
2026-W21,android,39.4,topjobs_lk
2026-W22,android,25.5,topjobs_lk
2026-W23,android,28.1,topjobs_lk
2026-W24,android,27.3,topjobs_lk
2026-W25,android,37.1,topjobs_lk
2024-W01,ios,18.8,topjobs_lk
2024-W02,ios,15.3,topjobs_lk
2024-W03,ios,10.4,topjobs_lk
2024-W04,ios,15.8,topjobs_lk
2024-W05,ios,9.9,topjobs_lk
2024-W06,ios,14.2,topjobs_lk
2024-W07,ios,16.1,topjobs_lk
2024-W08,ios,25.8,topjobs_lk
2024-W09,ios,12.9,topjobs_lk
2024-W10,ios,19.5,topjobs_lk
2024-W11,ios,17.9,topjobs_lk
2024-W12,ios,15.2,topjobs_lk
2024-W13,ios,20.2,topjobs_lk
2024-W14,ios,15.1,topjobs_lk
2024-W15,ios,16.2,topjobs_lk
2024-W16,ios,10.0,topjobs_lk
2024-W17,ios,16.7,topjobs_lk
2024-W18,ios,22.5,topjobs_lk
2024-W19,ios,19.1,topjobs_lk
2024-W20,ios,21.9,topjobs_lk
2024-W21,ios,23.5,topjobs_lk
2024-W22,ios,8.7,topjobs_lk
2024-W23,ios,22.6,topjobs_lk
2024-W24,ios,13.0,topjobs_lk
2024-W25,ios,19.9,topjobs_lk
2024-W26,ios,20.2,topjobs_lk
2024-W27,ios,20.4,topjobs_lk
2024-W28,ios,15.5,topjobs_lk
2024-W29,ios,12.1,topjobs_lk
2024-W30,ios,19.9,topjobs_lk
2024-W31,ios,19.6,topjobs_lk
2024-W32,ios,22.0,topjobs_lk
2024-W33,ios,22.3,topjobs_lk
2024-W34,ios,22.6,topjobs_lk
2024-W35,ios,6.3,topjobs_lk
2024-W36,ios,16.7,topjobs_lk
2024-W37,ios,17.5,topjobs_lk
2024-W38,ios,27.5,topjobs_lk
2024-W39,ios,16.9,topjobs_lk
2024-W40,ios,7.6,topjobs_lk
2024-W41,ios,21.8,topjobs_lk
2024-W42,ios,10.9,topjobs_lk
2024-W43,ios,10.1,topjobs_lk
2024-W44,ios,24.7,topjobs_lk
2024-W45,ios,19.9,topjobs_lk
2024-W46,ios,18.1,topjobs_lk
2024-W47,ios,19.5,topjobs_lk
2024-W48,ios,14.8,topjobs_lk
2024-W49,ios,17.5,topjobs_lk
2024-W50,ios,16.6,topjobs_lk
2024-W51,ios,22.2,topjobs_lk
2024-W52,ios,26.2,topjobs_lk
2024-W53,ios,20.1,topjobs_lk
2025-W01,ios,17.9,topjobs_lk
2025-W02,ios,21.5,topjobs_lk
2025-W03,ios,8.0,topjobs_lk
2025-W04,ios,17.6,topjobs_lk
2025-W05,ios,10.8,topjobs_lk
2025-W06,ios,11.8,topjobs_lk
2025-W07,ios,15.3,topjobs_lk
2025-W08,ios,16.7,topjobs_lk
2025-W09,ios,23.9,topjobs_lk
2025-W10,ios,16.0,topjobs_lk
2025-W11,ios,14.5,topjobs_lk
2025-W12,ios,19.4,topjobs_lk
2025-W13,ios,17.6,topjobs_lk
2025-W14,ios,14.9,topjobs_lk
2025-W15,ios,24.2,topjobs_lk
2025-W16,ios,17.6,topjobs_lk
2025-W17,ios,10.9,topjobs_lk
2025-W18,ios,6.2,topjobs_lk
2025-W19,ios,10.4,topjobs_lk
2025-W20,ios,17.0,topjobs_lk
2025-W21,ios,17.7,topjobs_lk
2025-W22,ios,12.7,topjobs_lk
2025-W23,ios,22.2,topjobs_lk
2025-W24,ios,17.0,topjobs_lk
2025-W25,ios,11.0,topjobs_lk
2025-W26,ios,24.4,topjobs_lk
2025-W27,ios,10.8,topjobs_lk
2025-W28,ios,15.4,topjobs_lk
2025-W29,ios,17.4,topjobs_lk
2025-W30,ios,11.8,topjobs_lk
2025-W31,ios,9.1,topjobs_lk
2025-W32,ios,20.7,topjobs_lk
2025-W33,ios,17.2,topjobs_lk
2025-W34,ios,17.3,topjobs_lk
2025-W35,ios,9.9,topjobs_lk
2025-W36,ios,8.7,topjobs_lk
2025-W37,ios,16.3,topjobs_lk
2025-W38,ios,21.0,topjobs_lk
2025-W39,ios,14.4,topjobs_lk
2025-W40,ios,10.7,topjobs_lk
2025-W41,ios,19.0,topjobs_lk
2025-W42,ios,17.0,topjobs_lk
2025-W43,ios,15.3,topjobs_lk
2025-W44,ios,17.4,topjobs_lk
2025-W45,ios,22.5,topjobs_lk
2025-W46,ios,15.1,topjobs_lk
2025-W47,ios,20.8,topjobs_lk
2025-W48,ios,15.2,topjobs_lk
2025-W49,ios,22.3,topjobs_lk
2025-W50,ios,20.7,topjobs_lk
2025-W51,ios,19.7,topjobs_lk
2025-W52,ios,19.1,topjobs_lk
2026-W01,ios,15.9,topjobs_lk
2026-W02,ios,13.1,topjobs_lk
2026-W03,ios,7.9,topjobs_lk
2026-W04,ios,15.7,topjobs_lk
2026-W05,ios,7.5,topjobs_lk
2026-W06,ios,18.1,topjobs_lk
2026-W07,ios,18.3,topjobs_lk
2026-W08,ios,14.0,topjobs_lk
2026-W09,ios,14.1,topjobs_lk
2026-W10,ios,19.6,topjobs_lk
2026-W11,ios,14.4,topjobs_lk
2026-W12,ios,15.7,topjobs_lk
2026-W13,ios,9.3,topjobs_lk
2026-W14,ios,9.1,topjobs_lk
2026-W15,ios,11.4,topjobs_lk
2026-W16,ios,14.2,topjobs_lk
2026-W17,ios,7.2,topjobs_lk
2026-W18,ios,13.8,topjobs_lk
2026-W19,ios,13.8,topjobs_lk
2026-W20,ios,8.5,topjobs_lk
2026-W21,ios,19.4,topjobs_lk
2026-W22,ios,8.2,topjobs_lk
2026-W23,ios,17.1,topjobs_lk
2026-W24,ios,5.8,topjobs_lk
2026-W25,ios,21.0,topjobs_lk
2024-W01,devops,33.5,topjobs_lk
2024-W02,devops,33.5,topjobs_lk
2024-W03,devops,31.6,topjobs_lk
2024-W04,devops,34.8,topjobs_lk
2024-W05,devops,33.1,topjobs_lk
2024-W06,devops,23.6,topjobs_lk
2024-W07,devops,35.0,topjobs_lk
2024-W08,devops,29.8,topjobs_lk
2024-W09,devops,33.4,topjobs_lk
2024-W10,devops,20.5,topjobs_lk
2024-W11,devops,26.1,topjobs_lk
2024-W12,devops,24.3,topjobs_lk
2024-W13,devops,29.3,topjobs_lk
2024-W14,devops,22.6,topjobs_lk
2024-W15,devops,28.4,topjobs_lk
2024-W16,devops,18.8,topjobs_lk
2024-W17,devops,31.0,topjobs_lk
2024-W18,devops,26.9,topjobs_lk
2024-W19,devops,29.3,topjobs_lk
2024-W20,devops,39.4,topjobs_lk
2024-W21,devops,28.8,topjobs_lk
2024-W22,devops,25.4,topjobs_lk
2024-W23,devops,31.4,topjobs_lk
2024-W24,devops,29.8,topjobs_lk
2024-W25,devops,25.7,topjobs_lk
2024-W26,devops,29.0,topjobs_lk
2024-W27,devops,27.4,topjobs_lk
2024-W28,devops,29.3,topjobs_lk
2024-W29,devops,33.2,topjobs_lk
2024-W30,devops,30.4,topjobs_lk
2024-W31,devops,33.7,topjobs_lk
2024-W32,devops,27.6,topjobs_lk
2024-W33,devops,29.2,topjobs_lk
2024-W34,devops,37.5,topjobs_lk
2024-W35,devops,21.7,topjobs_lk
2024-W36,devops,21.1,topjobs_lk
2024-W37,devops,26.1,topjobs_lk
2024-W38,devops,20.3,topjobs_lk
2024-W39,devops,20.7,topjobs_lk
2024-W40,devops,33.4,topjobs_lk
2024-W41,devops,29.3,topjobs_lk
2024-W42,devops,30.0,topjobs_lk
2024-W43,devops,23.3,topjobs_lk
2024-W44,devops,26.8,topjobs_lk
2024-W45,devops,26.1,topjobs_lk
2024-W46,devops,38.2,topjobs_lk
2024-W47,devops,30.5,topjobs_lk
2024-W48,devops,21.5,topjobs_lk
2024-W49,devops,34.8,topjobs_lk
2024-W50,devops,36.9,topjobs_lk
2024-W51,devops,28.1,topjobs_lk
2024-W52,devops,34.9,topjobs_lk
2024-W53,devops,37.1,topjobs_lk
2025-W01,devops,23.0,topjobs_lk
2025-W02,devops,26.8,topjobs_lk
2025-W03,devops,33.1,topjobs_lk
2025-W04,devops,26.4,topjobs_lk
2025-W05,devops,30.1,topjobs_lk
2025-W06,devops,29.6,topjobs_lk
2025-W07,devops,32.5,topjobs_lk
2025-W08,devops,28.8,topjobs_lk
2025-W09,devops,31.3,topjobs_lk
2025-W10,devops,31.5,topjobs_lk
2025-W11,devops,26.3,topjobs_lk
2025-W12,devops,20.5,topjobs_lk
2025-W13,devops,34.4,topjobs_lk
2025-W14,devops,26.9,topjobs_lk
2025-W15,devops,26.7,topjobs_lk
2025-W16,devops,31.0,topjobs_lk
2025-W17,devops,30.1,topjobs_lk
2025-W18,devops,34.7,topjobs_lk
2025-W19,devops,31.7,topjobs_lk
2025-W20,devops,33.9,topjobs_lk
2025-W21,devops,30.1,topjobs_lk
2025-W22,devops,35.5,topjobs_lk
2025-W23,devops,32.6,topjobs_lk
2025-W24,devops,31.6,topjobs_lk
2025-W25,devops,38.8,topjobs_lk
2025-W26,devops,28.0,topjobs_lk
2025-W27,devops,24.7,topjobs_lk
2025-W28,devops,25.9,topjobs_lk
2025-W29,devops,32.1,topjobs_lk
2025-W30,devops,41.7,topjobs_lk
2025-W31,devops,35.8,topjobs_lk
2025-W32,devops,35.1,topjobs_lk
2025-W33,devops,36.3,topjobs_lk
2025-W34,devops,30.0,topjobs_lk
2025-W35,devops,26.6,topjobs_lk
2025-W36,devops,37.5,topjobs_lk
2025-W37,devops,28.3,topjobs_lk
2025-W38,devops,34.3,topjobs_lk
2025-W39,devops,30.4,topjobs_lk
2025-W40,devops,33.9,topjobs_lk
2025-W41,devops,27.7,topjobs_lk
2025-W42,devops,31.9,topjobs_lk
2025-W43,devops,32.0,topjobs_lk
2025-W44,devops,37.5,topjobs_lk
2025-W45,devops,27.9,topjobs_lk
2025-W46,devops,27.6,topjobs_lk
2025-W47,devops,34.2,topjobs_lk
2025-W48,devops,35.7,topjobs_lk
2025-W49,devops,33.6,topjobs_lk
2025-W50,devops,36.7,topjobs_lk
2025-W51,devops,31.3,topjobs_lk
2025-W52,devops,25.3,topjobs_lk
2026-W01,devops,37.6,topjobs_lk
2026-W02,devops,30.4,topjobs_lk
2026-W03,devops,31.1,topjobs_lk
2026-W04,devops,36.9,topjobs_lk
2026-W05,devops,35.0,topjobs_lk
2026-W06,devops,35.2,topjobs_lk
2026-W07,devops,31.6,topjobs_lk
2026-W08,devops,30.1,topjobs_lk
2026-W09,devops,32.1,topjobs_lk
2026-W10,devops,33.9,topjobs_lk
2026-W11,devops,31.6,topjobs_lk
2026-W12,devops,37.4,topjobs_lk
2026-W13,devops,43.3,topjobs_lk
2026-W14,devops,29.5,topjobs_lk
2026-W15,devops,24.7,topjobs_lk
2026-W16,devops,30.4,topjobs_lk
2026-W17,devops,36.6,topjobs_lk
2026-W18,devops,26.4,topjobs_lk
2026-W19,devops,32.2,topjobs_lk
2026-W20,devops,30.8,topjobs_lk
2026-W21,devops,34.7,topjobs_lk
2026-W22,devops,33.0,topjobs_lk
2026-W23,devops,41.8,topjobs_lk
2026-W24,devops,29.0,topjobs_lk
2026-W25,devops,39.2,topjobs_lk
2024-W01,cybersecurity,16.0,topjobs_lk
2024-W02,cybersecurity,16.1,topjobs_lk
2024-W03,cybersecurity,18.3,topjobs_lk
2024-W04,cybersecurity,20.3,topjobs_lk
2024-W05,cybersecurity,22.1,topjobs_lk
2024-W06,cybersecurity,29.4,topjobs_lk
2024-W07,cybersecurity,22.1,topjobs_lk
2024-W08,cybersecurity,27.8,topjobs_lk
2024-W09,cybersecurity,24.3,topjobs_lk
2024-W10,cybersecurity,29.7,topjobs_lk
2024-W11,cybersecurity,26.0,topjobs_lk
2024-W12,cybersecurity,23.5,topjobs_lk
2024-W13,cybersecurity,31.1,topjobs_lk
2024-W14,cybersecurity,23.0,topjobs_lk
2024-W15,cybersecurity,28.8,topjobs_lk
2024-W16,cybersecurity,18.6,topjobs_lk
2024-W17,cybersecurity,18.8,topjobs_lk
2024-W18,cybersecurity,22.9,topjobs_lk
2024-W19,cybersecurity,25.8,topjobs_lk
2024-W20,cybersecurity,10.3,topjobs_lk
2024-W21,cybersecurity,27.1,topjobs_lk
2024-W22,cybersecurity,26.7,topjobs_lk
2024-W23,cybersecurity,17.3,topjobs_lk
2024-W24,cybersecurity,27.1,topjobs_lk
2024-W25,cybersecurity,23.3,topjobs_lk
2024-W26,cybersecurity,22.6,topjobs_lk
2024-W27,cybersecurity,26.7,topjobs_lk
2024-W28,cybersecurity,14.5,topjobs_lk
2024-W29,cybersecurity,24.3,topjobs_lk
2024-W30,cybersecurity,26.8,topjobs_lk
2024-W31,cybersecurity,20.7,topjobs_lk
2024-W32,cybersecurity,23.4,topjobs_lk
2024-W33,cybersecurity,27.1,topjobs_lk
2024-W34,cybersecurity,22.1,topjobs_lk
2024-W35,cybersecurity,28.9,topjobs_lk
2024-W36,cybersecurity,24.7,topjobs_lk
2024-W37,cybersecurity,22.9,topjobs_lk
2024-W38,cybersecurity,28.5,topjobs_lk
2024-W39,cybersecurity,15.5,topjobs_lk
2024-W40,cybersecurity,22.8,topjobs_lk
2024-W41,cybersecurity,30.5,topjobs_lk
2024-W42,cybersecurity,27.7,topjobs_lk
2024-W43,cybersecurity,22.5,topjobs_lk
2024-W44,cybersecurity,34.1,topjobs_lk
2024-W45,cybersecurity,25.9,topjobs_lk
2024-W46,cybersecurity,27.1,topjobs_lk
2024-W47,cybersecurity,28.9,topjobs_lk
2024-W48,cybersecurity,24.3,topjobs_lk
2024-W49,cybersecurity,24.4,topjobs_lk
2024-W50,cybersecurity,26.8,topjobs_lk
2024-W51,cybersecurity,29.4,topjobs_lk
2024-W52,cybersecurity,28.0,topjobs_lk
2024-W53,cybersecurity,25.9,topjobs_lk
2025-W01,cybersecurity,27.3,topjobs_lk
2025-W02,cybersecurity,25.4,topjobs_lk
2025-W03,cybersecurity,33.5,topjobs_lk
2025-W04,cybersecurity,26.0,topjobs_lk
2025-W05,cybersecurity,26.8,topjobs_lk
2025-W06,cybersecurity,19.6,topjobs_lk
2025-W07,cybersecurity,27.0,topjobs_lk
2025-W08,cybersecurity,29.2,topjobs_lk
2025-W09,cybersecurity,23.4,topjobs_lk
2025-W10,cybersecurity,21.5,topjobs_lk
2025-W11,cybersecurity,23.0,topjobs_lk
2025-W12,cybersecurity,33.1,topjobs_lk
2025-W13,cybersecurity,32.9,topjobs_lk
2025-W14,cybersecurity,26.1,topjobs_lk
2025-W15,cybersecurity,30.4,topjobs_lk
2025-W16,cybersecurity,31.1,topjobs_lk
2025-W17,cybersecurity,24.0,topjobs_lk
2025-W18,cybersecurity,30.2,topjobs_lk
2025-W19,cybersecurity,34.4,topjobs_lk
2025-W20,cybersecurity,35.8,topjobs_lk
2025-W21,cybersecurity,29.6,topjobs_lk
2025-W22,cybersecurity,33.3,topjobs_lk
2025-W23,cybersecurity,25.4,topjobs_lk
2025-W24,cybersecurity,30.4,topjobs_lk
2025-W25,cybersecurity,25.3,topjobs_lk
2025-W26,cybersecurity,23.3,topjobs_lk
2025-W27,cybersecurity,25.7,topjobs_lk
2025-W28,cybersecurity,23.6,topjobs_lk
2025-W29,cybersecurity,30.2,topjobs_lk
2025-W30,cybersecurity,31.3,topjobs_lk
2025-W31,cybersecurity,29.2,topjobs_lk
2025-W32,cybersecurity,28.9,topjobs_lk
2025-W33,cybersecurity,19.7,topjobs_lk
2025-W34,cybersecurity,32.9,topjobs_lk
2025-W35,cybersecurity,30.8,topjobs_lk
2025-W36,cybersecurity,23.7,topjobs_lk
2025-W37,cybersecurity,30.3,topjobs_lk
2025-W38,cybersecurity,30.5,topjobs_lk
2025-W39,cybersecurity,31.0,topjobs_lk
2025-W40,cybersecurity,32.0,topjobs_lk
2025-W41,cybersecurity,28.1,topjobs_lk
2025-W42,cybersecurity,29.9,topjobs_lk
2025-W43,cybersecurity,28.2,topjobs_lk
2025-W44,cybersecurity,32.9,topjobs_lk
2025-W45,cybersecurity,23.6,topjobs_lk
2025-W46,cybersecurity,33.7,topjobs_lk
2025-W47,cybersecurity,24.1,topjobs_lk
2025-W48,cybersecurity,29.4,topjobs_lk
2025-W49,cybersecurity,32.1,topjobs_lk
2025-W50,cybersecurity,32.0,topjobs_lk
2025-W51,cybersecurity,36.1,topjobs_lk
2025-W52,cybersecurity,33.0,topjobs_lk
2026-W01,cybersecurity,17.8,topjobs_lk
2026-W02,cybersecurity,28.6,topjobs_lk
2026-W03,cybersecurity,23.4,topjobs_lk
2026-W04,cybersecurity,30.0,topjobs_lk
2026-W05,cybersecurity,28.6,topjobs_lk
2026-W06,cybersecurity,22.5,topjobs_lk
2026-W07,cybersecurity,31.6,topjobs_lk
2026-W08,cybersecurity,30.4,topjobs_lk
2026-W09,cybersecurity,26.4,topjobs_lk
2026-W10,cybersecurity,29.8,topjobs_lk
2026-W11,cybersecurity,30.6,topjobs_lk
2026-W12,cybersecurity,21.1,topjobs_lk
2026-W13,cybersecurity,36.8,topjobs_lk
2026-W14,cybersecurity,36.7,topjobs_lk
2026-W15,cybersecurity,38.0,topjobs_lk
2026-W16,cybersecurity,24.4,topjobs_lk
2026-W17,cybersecurity,28.4,topjobs_lk
2026-W18,cybersecurity,32.2,topjobs_lk
2026-W19,cybersecurity,31.0,topjobs_lk
2026-W20,cybersecurity,36.9,topjobs_lk
2026-W21,cybersecurity,33.3,topjobs_lk
2026-W22,cybersecurity,41.3,topjobs_lk
2026-W23,cybersecurity,31.3,topjobs_lk
2026-W24,cybersecurity,26.6,topjobs_lk
2026-W25,cybersecurity,37.1,topjobs_lk
2024-W01,blockchain,20.2,topjobs_lk
2024-W02,blockchain,17.3,topjobs_lk
2024-W03,blockchain,25.1,topjobs_lk
2024-W04,blockchain,20.1,topjobs_lk
2024-W05,blockchain,24.6,topjobs_lk
2024-W06,blockchain,19.3,topjobs_lk
2024-W07,blockchain,25.2,topjobs_lk
2024-W08,blockchain,18.2,topjobs_lk
2024-W09,blockchain,21.5,topjobs_lk
2024-W10,blockchain,21.8,topjobs_lk
2024-W11,blockchain,23.8,topjobs_lk
2024-W12,blockchain,30.0,topjobs_lk
2024-W13,blockchain,15.9,topjobs_lk
2024-W14,blockchain,23.2,topjobs_lk
2024-W15,blockchain,18.3,topjobs_lk
2024-W16,blockchain,35.6,topjobs_lk
2024-W17,blockchain,20.8,topjobs_lk
2024-W18,blockchain,12.1,topjobs_lk
2024-W19,blockchain,27.6,topjobs_lk
2024-W20,blockchain,22.9,topjobs_lk
2024-W21,blockchain,24.4,topjobs_lk
2024-W22,blockchain,24.9,topjobs_lk
2024-W23,blockchain,25.3,topjobs_lk
2024-W24,blockchain,26.6,topjobs_lk
2024-W25,blockchain,22.9,topjobs_lk
2024-W26,blockchain,25.2,topjobs_lk
2024-W27,blockchain,25.2,topjobs_lk
2024-W28,blockchain,33.7,topjobs_lk
2024-W29,blockchain,28.4,topjobs_lk
2024-W30,blockchain,25.9,topjobs_lk
2024-W31,blockchain,32.7,topjobs_lk
2024-W32,blockchain,23.3,topjobs_lk
2024-W33,blockchain,28.7,topjobs_lk
2024-W34,blockchain,18.9,topjobs_lk
2024-W35,blockchain,24.2,topjobs_lk
2024-W36,blockchain,26.2,topjobs_lk
2024-W37,blockchain,29.8,topjobs_lk
2024-W38,blockchain,24.3,topjobs_lk
2024-W39,blockchain,32.5,topjobs_lk
2024-W40,blockchain,30.3,topjobs_lk
2024-W41,blockchain,26.1,topjobs_lk
2024-W42,blockchain,32.8,topjobs_lk
2024-W43,blockchain,31.0,topjobs_lk
2024-W44,blockchain,31.9,topjobs_lk
2024-W45,blockchain,25.1,topjobs_lk
2024-W46,blockchain,30.0,topjobs_lk
2024-W47,blockchain,36.1,topjobs_lk
2024-W48,blockchain,29.6,topjobs_lk
2024-W49,blockchain,24.1,topjobs_lk
2024-W50,blockchain,31.0,topjobs_lk
2024-W51,blockchain,38.5,topjobs_lk
2024-W52,blockchain,35.2,topjobs_lk
2024-W53,blockchain,35.9,topjobs_lk
2025-W01,blockchain,30.1,topjobs_lk
2025-W02,blockchain,32.0,topjobs_lk
2025-W03,blockchain,35.5,topjobs_lk
2025-W04,blockchain,28.8,topjobs_lk
2025-W05,blockchain,30.6,topjobs_lk
2025-W06,blockchain,37.4,topjobs_lk
2025-W07,blockchain,32.0,topjobs_lk
2025-W08,blockchain,33.6,topjobs_lk
2025-W09,blockchain,19.3,topjobs_lk
2025-W10,blockchain,32.6,topjobs_lk
2025-W11,blockchain,24.6,topjobs_lk
2025-W12,blockchain,31.1,topjobs_lk
2025-W13,blockchain,36.8,topjobs_lk
2025-W14,blockchain,26.5,topjobs_lk
2025-W15,blockchain,26.4,topjobs_lk
2025-W16,blockchain,24.2,topjobs_lk
2025-W17,blockchain,30.1,topjobs_lk
2025-W18,blockchain,37.8,topjobs_lk
2025-W19,blockchain,26.9,topjobs_lk
2025-W20,blockchain,28.0,topjobs_lk
2025-W21,blockchain,27.9,topjobs_lk
2025-W22,blockchain,29.4,topjobs_lk
2025-W23,blockchain,27.6,topjobs_lk
2025-W24,blockchain,20.1,topjobs_lk
2025-W25,blockchain,29.3,topjobs_lk
2025-W26,blockchain,11.9,topjobs_lk
2025-W27,blockchain,22.0,topjobs_lk
2025-W28,blockchain,30.3,topjobs_lk
2025-W29,blockchain,23.9,topjobs_lk
2025-W30,blockchain,25.0,topjobs_lk
2025-W31,blockchain,22.1,topjobs_lk
2025-W32,blockchain,28.9,topjobs_lk
2025-W33,blockchain,29.4,topjobs_lk
2025-W34,blockchain,20.2,topjobs_lk
2025-W35,blockchain,4.1,topjobs_lk
2025-W36,blockchain,24.5,topjobs_lk
2025-W37,blockchain,29.5,topjobs_lk
2025-W38,blockchain,16.8,topjobs_lk
2025-W39,blockchain,26.3,topjobs_lk
2025-W40,blockchain,19.7,topjobs_lk
2025-W41,blockchain,22.7,topjobs_lk
2025-W42,blockchain,28.6,topjobs_lk
2025-W43,blockchain,24.2,topjobs_lk
2025-W44,blockchain,21.0,topjobs_lk
2025-W45,blockchain,24.1,topjobs_lk
2025-W46,blockchain,25.5,topjobs_lk
2025-W47,blockchain,22.9,topjobs_lk
2025-W48,blockchain,14.5,topjobs_lk
2025-W49,blockchain,21.6,topjobs_lk
2025-W50,blockchain,12.5,topjobs_lk
2025-W51,blockchain,24.7,topjobs_lk
2025-W52,blockchain,16.5,topjobs_lk
2026-W01,blockchain,16.9,topjobs_lk
2026-W02,blockchain,15.5,topjobs_lk
2026-W03,blockchain,14.7,topjobs_lk
2026-W04,blockchain,13.1,topjobs_lk
2026-W05,blockchain,16.7,topjobs_lk
2026-W06,blockchain,21.7,topjobs_lk
2026-W07,blockchain,19.3,topjobs_lk
2026-W08,blockchain,9.2,topjobs_lk
2026-W09,blockchain,11.1,topjobs_lk
2026-W10,blockchain,17.9,topjobs_lk
2026-W11,blockchain,17.6,topjobs_lk
2026-W12,blockchain,11.8,topjobs_lk
2026-W13,blockchain,23.5,topjobs_lk
2026-W14,blockchain,17.3,topjobs_lk
2026-W15,blockchain,20.2,topjobs_lk
2026-W16,blockchain,13.6,topjobs_lk
2026-W17,blockchain,16.1,topjobs_lk
2026-W18,blockchain,19.8,topjobs_lk
2026-W19,blockchain,14.3,topjobs_lk
2026-W20,blockchain,10.2,topjobs_lk
2026-W21,blockchain,8.1,topjobs_lk
2026-W22,blockchain,17.6,topjobs_lk
2026-W23,blockchain,8.8,topjobs_lk
2026-W24,blockchain,20.6,topjobs_lk
2026-W25,blockchain,15.0,topjobs_lk
2024-W01,microservices,18.5,topjobs_lk
2024-W02,microservices,28.1,topjobs_lk
2024-W03,microservices,16.8,topjobs_lk
2024-W04,microservices,16.8,topjobs_lk
2024-W05,microservices,15.0,topjobs_lk
2024-W06,microservices,22.1,topjobs_lk
2024-W07,microservices,8.5,topjobs_lk
2024-W08,microservices,18.0,topjobs_lk
2024-W09,microservices,15.3,topjobs_lk
2024-W10,microservices,10.4,topjobs_lk
2024-W11,microservices,15.3,topjobs_lk
2024-W12,microservices,19.4,topjobs_lk
2024-W13,microservices,22.7,topjobs_lk
2024-W14,microservices,27.0,topjobs_lk
2024-W15,microservices,10.3,topjobs_lk
2024-W16,microservices,16.1,topjobs_lk
2024-W17,microservices,23.0,topjobs_lk
2024-W18,microservices,20.6,topjobs_lk
2024-W19,microservices,19.3,topjobs_lk
2024-W20,microservices,21.5,topjobs_lk
2024-W21,microservices,18.9,topjobs_lk
2024-W22,microservices,18.8,topjobs_lk
2024-W23,microservices,12.5,topjobs_lk
2024-W24,microservices,15.7,topjobs_lk
2024-W25,microservices,17.2,topjobs_lk
2024-W26,microservices,15.8,topjobs_lk
2024-W27,microservices,11.7,topjobs_lk
2024-W28,microservices,24.2,topjobs_lk
2024-W29,microservices,23.3,topjobs_lk
2024-W30,microservices,22.3,topjobs_lk
2024-W31,microservices,24.0,topjobs_lk
2024-W32,microservices,15.2,topjobs_lk
2024-W33,microservices,17.1,topjobs_lk
2024-W34,microservices,18.5,topjobs_lk
2024-W35,microservices,18.1,topjobs_lk
2024-W36,microservices,20.4,topjobs_lk
2024-W37,microservices,13.5,topjobs_lk
2024-W38,microservices,22.0,topjobs_lk
2024-W39,microservices,17.8,topjobs_lk
2024-W40,microservices,16.5,topjobs_lk
2024-W41,microservices,11.7,topjobs_lk
2024-W42,microservices,16.4,topjobs_lk
2024-W43,microservices,24.7,topjobs_lk
2024-W44,microservices,21.4,topjobs_lk
2024-W45,microservices,25.9,topjobs_lk
2024-W46,microservices,12.3,topjobs_lk
2024-W47,microservices,19.0,topjobs_lk
2024-W48,microservices,23.3,topjobs_lk
2024-W49,microservices,11.8,topjobs_lk
2024-W50,microservices,25.2,topjobs_lk
2024-W51,microservices,26.4,topjobs_lk
2024-W52,microservices,15.7,topjobs_lk
2024-W53,microservices,18.1,topjobs_lk
2025-W01,microservices,24.3,topjobs_lk
2025-W02,microservices,18.2,topjobs_lk
2025-W03,microservices,11.3,topjobs_lk
2025-W04,microservices,15.7,topjobs_lk
2025-W05,microservices,22.9,topjobs_lk
2025-W06,microservices,22.2,topjobs_lk
2025-W07,microservices,15.4,topjobs_lk
2025-W08,microservices,15.8,topjobs_lk
2025-W09,microservices,14.7,topjobs_lk
2025-W10,microservices,13.7,topjobs_lk
2025-W11,microservices,14.3,topjobs_lk
2025-W12,microservices,13.9,topjobs_lk
2025-W13,microservices,13.8,topjobs_lk
2025-W14,microservices,18.1,topjobs_lk
2025-W15,microservices,17.3,topjobs_lk
2025-W16,microservices,18.8,topjobs_lk
2025-W17,microservices,12.9,topjobs_lk
2025-W18,microservices,18.6,topjobs_lk
2025-W19,microservices,26.0,topjobs_lk
2025-W20,microservices,15.2,topjobs_lk
2025-W21,microservices,23.0,topjobs_lk
2025-W22,microservices,21.3,topjobs_lk
2025-W23,microservices,23.3,topjobs_lk
2025-W24,microservices,19.9,topjobs_lk
2025-W25,microservices,19.8,topjobs_lk
2025-W26,microservices,11.5,topjobs_lk
2025-W27,microservices,21.5,topjobs_lk
2025-W28,microservices,17.2,topjobs_lk
2025-W29,microservices,22.5,topjobs_lk
2025-W30,microservices,15.6,topjobs_lk
2025-W31,microservices,20.9,topjobs_lk
2025-W32,microservices,17.7,topjobs_lk
2025-W33,microservices,12.6,topjobs_lk
2025-W34,microservices,15.1,topjobs_lk
2025-W35,microservices,21.7,topjobs_lk
2025-W36,microservices,17.3,topjobs_lk
2025-W37,microservices,20.7,topjobs_lk
2025-W38,microservices,29.7,topjobs_lk
2025-W39,microservices,12.0,topjobs_lk
2025-W40,microservices,17.4,topjobs_lk
2025-W41,microservices,19.7,topjobs_lk
2025-W42,microservices,22.3,topjobs_lk
2025-W43,microservices,31.2,topjobs_lk
2025-W44,microservices,22.3,topjobs_lk
2025-W45,microservices,26.4,topjobs_lk
2025-W46,microservices,25.4,topjobs_lk
2025-W47,microservices,18.9,topjobs_lk
2025-W48,microservices,17.7,topjobs_lk
2025-W49,microservices,23.5,topjobs_lk
2025-W50,microservices,14.4,topjobs_lk
2025-W51,microservices,13.0,topjobs_lk
2025-W52,microservices,14.8,topjobs_lk
2026-W01,microservices,18.8,topjobs_lk
2026-W02,microservices,23.9,topjobs_lk
2026-W03,microservices,14.7,topjobs_lk
2026-W04,microservices,19.9,topjobs_lk
2026-W05,microservices,24.7,topjobs_lk
2026-W06,microservices,30.9,topjobs_lk
2026-W07,microservices,14.2,topjobs_lk
2026-W08,microservices,14.4,topjobs_lk
2026-W09,microservices,32.3,topjobs_lk
2026-W10,microservices,16.5,topjobs_lk
2026-W11,microservices,25.2,topjobs_lk
2026-W12,microservices,18.9,topjobs_lk
2026-W13,microservices,20.9,topjobs_lk
2026-W14,microservices,19.2,topjobs_lk
2026-W15,microservices,23.4,topjobs_lk
2026-W16,microservices,12.5,topjobs_lk
2026-W17,microservices,24.4,topjobs_lk
2026-W18,microservices,20.6,topjobs_lk
2026-W19,microservices,21.5,topjobs_lk
2026-W20,microservices,27.6,topjobs_lk
2026-W21,microservices,24.4,topjobs_lk
2026-W22,microservices,23.3,topjobs_lk
2026-W23,microservices,20.5,topjobs_lk
2026-W24,microservices,26.6,topjobs_lk
2026-W25,microservices,15.8,topjobs_lk
2024-W01,agile,35.0,topjobs_lk
2024-W02,agile,34.7,topjobs_lk
2024-W03,agile,30.5,topjobs_lk
2024-W04,agile,31.8,topjobs_lk
2024-W05,agile,33.0,topjobs_lk
2024-W06,agile,29.3,topjobs_lk
2024-W07,agile,32.3,topjobs_lk
2024-W08,agile,37.6,topjobs_lk
2024-W09,agile,31.8,topjobs_lk
2024-W10,agile,37.0,topjobs_lk
2024-W11,agile,35.1,topjobs_lk
2024-W12,agile,35.2,topjobs_lk
2024-W13,agile,44.1,topjobs_lk
2024-W14,agile,33.8,topjobs_lk
2024-W15,agile,37.5,topjobs_lk
2024-W16,agile,35.6,topjobs_lk
2024-W17,agile,38.3,topjobs_lk
2024-W18,agile,38.0,topjobs_lk
2024-W19,agile,32.0,topjobs_lk
2024-W20,agile,35.0,topjobs_lk
2024-W21,agile,37.7,topjobs_lk
2024-W22,agile,34.8,topjobs_lk
2024-W23,agile,40.0,topjobs_lk
2024-W24,agile,36.4,topjobs_lk
2024-W25,agile,31.8,topjobs_lk
2024-W26,agile,36.4,topjobs_lk
2024-W27,agile,32.0,topjobs_lk
2024-W28,agile,37.0,topjobs_lk
2024-W29,agile,35.8,topjobs_lk
2024-W30,agile,34.0,topjobs_lk
2024-W31,agile,33.3,topjobs_lk
2024-W32,agile,31.7,topjobs_lk
2024-W33,agile,25.6,topjobs_lk
2024-W34,agile,36.8,topjobs_lk
2024-W35,agile,40.1,topjobs_lk
2024-W36,agile,33.6,topjobs_lk
2024-W37,agile,41.3,topjobs_lk
2024-W38,agile,30.1,topjobs_lk
2024-W39,agile,38.2,topjobs_lk
2024-W40,agile,40.6,topjobs_lk
2024-W41,agile,33.7,topjobs_lk
2024-W42,agile,39.4,topjobs_lk
2024-W43,agile,33.2,topjobs_lk
2024-W44,agile,41.3,topjobs_lk
2024-W45,agile,34.9,topjobs_lk
2024-W46,agile,34.6,topjobs_lk
2024-W47,agile,35.9,topjobs_lk
2024-W48,agile,34.2,topjobs_lk
2024-W49,agile,32.3,topjobs_lk
2024-W50,agile,41.0,topjobs_lk
2024-W51,agile,36.9,topjobs_lk
2024-W52,agile,37.5,topjobs_lk
2024-W53,agile,35.8,topjobs_lk
2025-W01,agile,35.2,topjobs_lk
2025-W02,agile,29.9,topjobs_lk
2025-W03,agile,33.1,topjobs_lk
2025-W04,agile,35.7,topjobs_lk
2025-W05,agile,27.8,topjobs_lk
2025-W06,agile,37.3,topjobs_lk
2025-W07,agile,37.1,topjobs_lk
2025-W08,agile,29.0,topjobs_lk
2025-W09,agile,38.0,topjobs_lk
2025-W10,agile,39.6,topjobs_lk
2025-W11,agile,31.9,topjobs_lk
2025-W12,agile,36.3,topjobs_lk
2025-W13,agile,33.8,topjobs_lk
2025-W14,agile,31.5,topjobs_lk
2025-W15,agile,21.8,topjobs_lk
2025-W16,agile,33.0,topjobs_lk
2025-W17,agile,38.8,topjobs_lk
2025-W18,agile,33.2,topjobs_lk
2025-W19,agile,39.7,topjobs_lk
2025-W20,agile,29.8,topjobs_lk
2025-W21,agile,36.5,topjobs_lk
2025-W22,agile,37.4,topjobs_lk
2025-W23,agile,39.5,topjobs_lk
2025-W24,agile,36.3,topjobs_lk
2025-W25,agile,35.3,topjobs_lk
2025-W26,agile,34.0,topjobs_lk
2025-W27,agile,30.5,topjobs_lk
2025-W28,agile,38.6,topjobs_lk
2025-W29,agile,29.4,topjobs_lk
2025-W30,agile,32.6,topjobs_lk
2025-W31,agile,35.5,topjobs_lk
2025-W32,agile,33.4,topjobs_lk
2025-W33,agile,38.3,topjobs_lk
2025-W34,agile,34.0,topjobs_lk
2025-W35,agile,30.1,topjobs_lk
2025-W36,agile,39.2,topjobs_lk
2025-W37,agile,40.3,topjobs_lk
2025-W38,agile,36.0,topjobs_lk
2025-W39,agile,41.5,topjobs_lk
2025-W40,agile,28.0,topjobs_lk
2025-W41,agile,37.2,topjobs_lk
2025-W42,agile,29.3,topjobs_lk
2025-W43,agile,34.1,topjobs_lk
2025-W44,agile,27.0,topjobs_lk
2025-W45,agile,34.0,topjobs_lk
2025-W46,agile,32.6,topjobs_lk
2025-W47,agile,42.3,topjobs_lk
2025-W48,agile,20.5,topjobs_lk
2025-W49,agile,30.4,topjobs_lk
2025-W50,agile,41.1,topjobs_lk
2025-W51,agile,27.9,topjobs_lk
2025-W52,agile,33.6,topjobs_lk
2026-W01,agile,29.2,topjobs_lk
2026-W02,agile,31.5,topjobs_lk
2026-W03,agile,29.8,topjobs_lk
2026-W04,agile,27.1,topjobs_lk
2026-W05,agile,33.0,topjobs_lk
2026-W06,agile,30.9,topjobs_lk
2026-W07,agile,36.2,topjobs_lk
2026-W08,agile,25.9,topjobs_lk
2026-W09,agile,34.5,topjobs_lk
2026-W10,agile,35.8,topjobs_lk
2026-W11,agile,28.8,topjobs_lk
2026-W12,agile,33.3,topjobs_lk
2026-W13,agile,36.5,topjobs_lk
2026-W14,agile,34.4,topjobs_lk
2026-W15,agile,31.2,topjobs_lk
2026-W16,agile,32.4,topjobs_lk
2026-W17,agile,32.3,topjobs_lk
2026-W18,agile,32.9,topjobs_lk
2026-W19,agile,25.7,topjobs_lk
2026-W20,agile,43.0,topjobs_lk
2026-W21,agile,39.8,topjobs_lk
2026-W22,agile,38.5,topjobs_lk
2026-W23,agile,35.7,topjobs_lk
2026-W24,agile,30.0,topjobs_lk
2026-W25,agile,38.6,topjobs_lk
2026-W26,python,55.9,topjobs_lk
2026-W26,java,66.6,topjobs_lk
2026-W26,javascript,48.7,topjobs_lk
2026-W26,typescript,39.6,topjobs_lk
2026-W26,go,24.3,topjobs_lk
2026-W26,rust,15.8,topjobs_lk
2026-W26,php,30.2,topjobs_lk
2026-W26,csharp,60.4,topjobs_lk
2026-W26,cpp,15.3,topjobs_lk
2026-W26,kotlin,15.7,topjobs_lk
2026-W26,swift,2.0,topjobs_lk
2026-W26,ruby,11.7,topjobs_lk
2026-W26,scala,6.4,topjobs_lk
2026-W26,dart,17.3,topjobs_lk
2026-W26,react,45.1,topjobs_lk
2026-W26,angular,38.8,topjobs_lk
2026-W26,vue,5.9,topjobs_lk
2026-W26,next.js,37.9,topjobs_lk
2026-W26,svelte,7.9,topjobs_lk
2026-W26,tailwind,35.1,topjobs_lk
2026-W26,graphql,14.7,topjobs_lk
2026-W26,nodejs,48.1,topjobs_lk
2026-W26,django,11.4,topjobs_lk
2026-W26,flask,21.1,topjobs_lk
2026-W26,fastapi,21.7,topjobs_lk
2026-W26,spring,39.0,topjobs_lk
2026-W26,dotnet,45.4,topjobs_lk
2026-W26,laravel,27.7,topjobs_lk
2026-W26,aws,28.1,topjobs_lk
2026-W26,azure,36.6,topjobs_lk
2026-W26,google cloud,17.2,topjobs_lk
2026-W26,docker,25.0,topjobs_lk
2026-W26,kubernetes,20.9,topjobs_lk
2026-W26,terraform,18.5,topjobs_lk
2026-W26,postgresql,39.5,topjobs_lk
2026-W26,mysql,54.3,topjobs_lk
2026-W26,mongodb,30.7,topjobs_lk
2026-W26,redis,13.8,topjobs_lk
2026-W26,elasticsearch,10.2,topjobs_lk
2026-W26,machine learning,35.5,topjobs_lk
2026-W26,deep learning,25.1,topjobs_lk
2026-W26,data science,29.9,topjobs_lk
2026-W26,data engineering,27.3,topjobs_lk
2026-W26,tensorflow,22.1,topjobs_lk
2026-W26,pytorch,17.4,topjobs_lk
2026-W26,scikit-learn,5.4,topjobs_lk
2026-W26,llm,25.2,topjobs_lk
2026-W26,langchain,42.4,topjobs_lk
2026-W26,flutter,48.4,topjobs_lk
2026-W26,react native,27.4,topjobs_lk
2026-W26,android,37.9,topjobs_lk
2026-W26,ios,23.7,topjobs_lk
2026-W26,devops,40.8,topjobs_lk
2026-W26,cybersecurity,40.9,topjobs_lk
2026-W26,blockchain,14.0,topjobs_lk
2026-W26,microservices,15.7,topjobs_lk
2026-W26,agile,33.7,topjobs_lk
2026-W27,python,56.7,topjobs_lk
2026-W27,java,65.9,topjobs_lk
2026-W27,javascript,40.9,topjobs_lk
2026-W27,typescript,43.9,topjobs_lk
2026-W27,go,24.5,topjobs_lk
2026-W27,rust,18.4,topjobs_lk
2026-W27,php,30.1,topjobs_lk
2026-W27,csharp,62.5,topjobs_lk
2026-W27,cpp,13.6,topjobs_lk
2026-W27,kotlin,14.1,topjobs_lk
2026-W27,swift,1.2,topjobs_lk
2026-W27,ruby,10.4,topjobs_lk
2026-W27,scala,6.6,topjobs_lk
2026-W27,dart,18.9,topjobs_lk
2026-W27,react,41.3,topjobs_lk
2026-W27,angular,36.2,topjobs_lk
2026-W27,vue,5.5,topjobs_lk
2026-W27,next.js,37.3,topjobs_lk
2026-W27,svelte,9.1,topjobs_lk
2026-W27,tailwind,35.4,topjobs_lk
2026-W27,graphql,15.9,topjobs_lk
2026-W27,nodejs,52.5,topjobs_lk
2026-W27,django,9.8,topjobs_lk
2026-W27,flask,21.3,topjobs_lk
2026-W27,fastapi,20.6,topjobs_lk
2026-W27,spring,31.5,topjobs_lk
2026-W27,dotnet,51.2,topjobs_lk
2026-W27,laravel,29.1,topjobs_lk
2026-W27,aws,22.1,topjobs_lk
2026-W27,azure,30.8,topjobs_lk
2026-W27,google cloud,18.1,topjobs_lk
2026-W27,docker,21.1,topjobs_lk
2026-W27,kubernetes,22.6,topjobs_lk
2026-W27,terraform,14.8,topjobs_lk
2026-W27,postgresql,39.9,topjobs_lk
2026-W27,mysql,52.1,topjobs_lk
2026-W27,mongodb,36.5,topjobs_lk
2026-W27,redis,12.0,topjobs_lk
2026-W27,elasticsearch,9.7,topjobs_lk
2026-W27,machine learning,29.0,topjobs_lk
2026-W27,deep learning,27.5,topjobs_lk
2026-W27,data science,31.1,topjobs_lk
2026-W27,data engineering,30.1,topjobs_lk
2026-W27,tensorflow,22.7,topjobs_lk
2026-W27,pytorch,17.0,topjobs_lk
2026-W27,scikit-learn,1.5,topjobs_lk
2026-W27,llm,25.9,topjobs_lk
2026-W27,langchain,44.6,topjobs_lk
2026-W27,flutter,50.5,topjobs_lk
2026-W27,react native,35.0,topjobs_lk
2026-W27,android,38.6,topjobs_lk
2026-W27,ios,27.6,topjobs_lk
2026-W27,devops,35.4,topjobs_lk
2026-W27,cybersecurity,46.9,topjobs_lk
2026-W27,blockchain,14.9,topjobs_lk
2026-W27,microservices,16.9,topjobs_lk
2026-W27,agile,36.3,topjobs_lk
