week,skill,trend_index,source
2024-W01,python,36.6,google_trends_lk
2024-W02,python,42.5,google_trends_lk
2024-W03,python,38.7,google_trends_lk
2024-W04,python,44.4,google_trends_lk
2024-W05,python,39.7,google_trends_lk
2024-W06,python,48.6,google_trends_lk
2024-W07,python,40.7,google_trends_lk
2024-W08,python,42.5,google_trends_lk
2024-W09,python,46.7,google_trends_lk
2024-W10,python,39.8,google_trends_lk
2024-W11,python,45.1,google_trends_lk
2024-W12,python,49.1,google_trends_lk
2024-W13,python,39.2,google_trends_lk
2024-W14,python,45.7,google_trends_lk
2024-W15,python,46.2,google_trends_lk
2024-W16,python,48.2,google_trends_lk
2024-W17,python,41.4,google_trends_lk
2024-W18,python,41.3,google_trends_lk
2024-W19,python,48.0,google_trends_lk
2024-W20,python,47.5,google_trends_lk
2024-W21,python,47.5,google_trends_lk
2024-W22,python,48.1,google_trends_lk
2024-W23,python,44.7,google_trends_lk
2024-W24,python,48.2,google_trends_lk
2024-W25,python,48.6,google_trends_lk
2024-W26,python,45.3,google_trends_lk
2024-W27,python,54.6,google_trends_lk
2024-W28,python,49.9,google_trends_lk
2024-W29,python,44.3,google_trends_lk
2024-W30,python,51.0,google_trends_lk
2024-W31,python,45.6,google_trends_lk
2024-W32,python,52.0,google_trends_lk
2024-W33,python,53.5,google_trends_lk
2024-W34,python,46.8,google_trends_lk
2024-W35,python,53.3,google_trends_lk
2024-W36,python,51.6,google_trends_lk
2024-W37,python,53.2,google_trends_lk
2024-W38,python,57.2,google_trends_lk
2024-W39,python,50.0,google_trends_lk
2024-W40,python,48.4,google_trends_lk
2024-W41,python,48.2,google_trends_lk
2024-W42,python,48.7,google_trends_lk
2024-W43,python,51.5,google_trends_lk
2024-W44,python,53.2,google_trends_lk
2024-W45,python,53.2,google_trends_lk
2024-W46,python,55.4,google_trends_lk
2024-W47,python,52.7,google_trends_lk
2024-W48,python,58.0,google_trends_lk
2024-W49,python,52.2,google_trends_lk
2024-W50,python,62.9,google_trends_lk
2024-W51,python,55.8,google_trends_lk
2024-W52,python,50.9,google_trends_lk
2024-W53,python,50.3,google_trends_lk
2025-W01,python,56.0,google_trends_lk
2025-W02,python,53.8,google_trends_lk
2025-W03,python,57.3,google_trends_lk
2025-W04,python,56.7,google_trends_lk
2025-W05,python,55.0,google_trends_lk
2025-W06,python,52.5,google_trends_lk
2025-W07,python,50.4,google_trends_lk
2025-W08,python,54.4,google_trends_lk
2025-W09,python,59.2,google_trends_lk
2025-W10,python,57.2,google_trends_lk
2025-W11,python,52.3,google_trends_lk
2025-W12,python,57.5,google_trends_lk
2025-W13,python,58.5,google_trends_lk
2025-W14,python,54.3,google_trends_lk
2025-W15,python,58.1,google_trends_lk
2025-W16,python,58.0,google_trends_lk
2025-W17,python,54.0,google_trends_lk
2025-W18,python,59.5,google_trends_lk
2025-W19,python,60.5,google_trends_lk
2025-W20,python,62.5,google_trends_lk
2025-W21,python,62.7,google_trends_lk
2025-W22,python,54.4,google_trends_lk
2025-W23,python,56.2,google_trends_lk
2025-W24,python,61.5,google_trends_lk
2025-W25,python,61.7,google_trends_lk
2025-W26,python,61.9,google_trends_lk
2025-W27,python,73.9,google_trends_lk
2025-W28,python,62.6,google_trends_lk
2025-W29,python,64.8,google_trends_lk
2025-W30,python,64.4,google_trends_lk
2025-W31,python,63.6,google_trends_lk
2025-W32,python,60.4,google_trends_lk
2025-W33,python,64.4,google_trends_lk
2025-W34,python,59.3,google_trends_lk
2025-W35,python,61.4,google_trends_lk
2025-W36,python,60.8,google_trends_lk
2025-W37,python,63.0,google_trends_lk
2025-W38,python,71.0,google_trends_lk
2025-W39,python,56.6,google_trends_lk
2025-W40,python,65.8,google_trends_lk
2025-W41,python,58.0,google_trends_lk
2025-W42,python,62.2,google_trends_lk
2025-W43,python,67.9,google_trends_lk
2025-W44,python,64.6,google_trends_lk
2025-W45,python,60.8,google_trends_lk
2025-W46,python,62.3,google_trends_lk
2025-W47,python,67.4,google_trends_lk
2025-W48,python,62.7,google_trends_lk
2025-W49,python,66.2,google_trends_lk
2025-W50,python,65.9,google_trends_lk
2025-W51,python,63.7,google_trends_lk
2025-W52,python,73.7,google_trends_lk
2026-W01,python,68.6,google_trends_lk
2026-W02,python,59.6,google_trends_lk
2026-W03,python,67.5,google_trends_lk
2026-W04,python,64.8,google_trends_lk
2026-W05,python,70.3,google_trends_lk
2026-W06,python,64.8,google_trends_lk
2026-W07,python,67.4,google_trends_lk
2026-W08,python,69.8,google_trends_lk
2026-W09,python,71.3,google_trends_lk
2026-W10,python,64.3,google_trends_lk
2026-W11,python,67.6,google_trends_lk
2026-W12,python,67.3,google_trends_lk
2026-W13,python,66.9,google_trends_lk
2026-W14,python,75.6,google_trends_lk
2026-W15,python,71.1,google_trends_lk
2026-W16,python,65.5,google_trends_lk
2026-W17,python,73.4,google_trends_lk
2026-W18,python,77.8,google_trends_lk
2026-W19,python,74.2,google_trends_lk
2026-W20,python,65.5,google_trends_lk
2026-W21,python,69.4,google_trends_lk
2026-W22,python,75.7,google_trends_lk
2026-W23,python,69.1,google_trends_lk
2026-W24,python,73.3,google_trends_lk
2026-W25,python,74.7,google_trends_lk
2024-W01,java,68.9,google_trends_lk
2024-W02,java,73.7,google_trends_lk
2024-W03,java,67.3,google_trends_lk
2024-W04,java,78.3,google_trends_lk
2024-W05,java,76.0,google_trends_lk
2024-W06,java,70.2,google_trends_lk
2024-W07,java,65.8,google_trends_lk
2024-W08,java,76.5,google_trends_lk
2024-W09,java,71.4,google_trends_lk
2024-W10,java,76.1,google_trends_lk
2024-W11,java,66.1,google_trends_lk
2024-W12,java,69.6,google_trends_lk
2024-W13,java,71.6,google_trends_lk
2024-W14,java,71.8,google_trends_lk
2024-W15,java,70.0,google_trends_lk
2024-W16,java,73.7,google_trends_lk
2024-W17,java,67.8,google_trends_lk
2024-W18,java,71.0,google_trends_lk
2024-W19,java,71.9,google_trends_lk
2024-W20,java,73.2,google_trends_lk
2024-W21,java,73.9,google_trends_lk
2024-W22,java,67.4,google_trends_lk
2024-W23,java,65.9,google_trends_lk
2024-W24,java,75.8,google_trends_lk
2024-W25,java,72.4,google_trends_lk
2024-W26,java,68.6,google_trends_lk
2024-W27,java,76.6,google_trends_lk
2024-W28,java,71.6,google_trends_lk
2024-W29,java,75.3,google_trends_lk
2024-W30,java,71.3,google_trends_lk
2024-W31,java,78.3,google_trends_lk
2024-W32,java,77.2,google_trends_lk
2024-W33,java,70.1,google_trends_lk
2024-W34,java,74.4,google_trends_lk
2024-W35,java,73.2,google_trends_lk
2024-W36,java,75.7,google_trends_lk
2024-W37,java,67.5,google_trends_lk
2024-W38,java,73.3,google_trends_lk
2024-W39,java,74.5,google_trends_lk
2024-W40,java,64.6,google_trends_lk
2024-W41,java,66.6,google_trends_lk
2024-W42,java,63.6,google_trends_lk
2024-W43,java,69.8,google_trends_lk
2024-W44,java,73.2,google_trends_lk
2024-W45,java,75.9,google_trends_lk
2024-W46,java,70.9,google_trends_lk
2024-W47,java,76.3,google_trends_lk
2024-W48,java,65.7,google_trends_lk
2024-W49,java,64.5,google_trends_lk
2024-W50,java,70.3,google_trends_lk
2024-W51,java,71.8,google_trends_lk
2024-W52,java,70.3,google_trends_lk
2024-W53,java,63.2,google_trends_lk
2025-W01,java,70.0,google_trends_lk
2025-W02,java,65.8,google_trends_lk
2025-W03,java,72.6,google_trends_lk
2025-W04,java,71.5,google_trends_lk
2025-W05,java,66.9,google_trends_lk
2025-W06,java,68.4,google_trends_lk
2025-W07,java,66.5,google_trends_lk
2025-W08,java,69.9,google_trends_lk
2025-W09,java,73.5,google_trends_lk
2025-W10,java,66.6,google_trends_lk
2025-W11,java,71.8,google_trends_lk
2025-W12,java,68.2,google_trends_lk
2025-W13,java,67.2,google_trends_lk
2025-W14,java,69.6,google_trends_lk
2025-W15,java,66.3,google_trends_lk
2025-W16,java,68.0,google_trends_lk
2025-W17,java,65.7,google_trends_lk
2025-W18,java,76.7,google_trends_lk
2025-W19,java,69.9,google_trends_lk
2025-W20,java,67.3,google_trends_lk
2025-W21,java,70.5,google_trends_lk
2025-W22,java,69.3,google_trends_lk
2025-W23,java,68.9,google_trends_lk
2025-W24,java,71.8,google_trends_lk
2025-W25,java,72.3,google_trends_lk
2025-W26,java,67.7,google_trends_lk
2025-W27,java,67.5,google_trends_lk
2025-W28,java,68.6,google_trends_lk
2025-W29,java,61.4,google_trends_lk
2025-W30,java,64.2,google_trends_lk
2025-W31,java,74.2,google_trends_lk
2025-W32,java,75.2,google_trends_lk
2025-W33,java,68.5,google_trends_lk
2025-W34,java,71.4,google_trends_lk
2025-W35,java,70.4,google_trends_lk
2025-W36,java,80.0,google_trends_lk
2025-W37,java,73.2,google_trends_lk
2025-W38,java,68.8,google_trends_lk
2025-W39,java,65.8,google_trends_lk
2025-W40,java,63.5,google_trends_lk
2025-W41,java,69.8,google_trends_lk
2025-W42,java,66.4,google_trends_lk
2025-W43,java,64.1,google_trends_lk
2025-W44,java,66.8,google_trends_lk
2025-W45,java,65.2,google_trends_lk
2025-W46,java,74.9,google_trends_lk
2025-W47,java,72.0,google_trends_lk
2025-W48,java,68.9,google_trends_lk
2025-W49,java,74.0,google_trends_lk
2025-W50,java,69.1,google_trends_lk
2025-W51,java,65.8,google_trends_lk
2025-W52,java,74.1,google_trends_lk
2026-W01,java,70.6,google_trends_lk
2026-W02,java,65.1,google_trends_lk
2026-W03,java,68.0,google_trends_lk
2026-W04,java,65.6,google_trends_lk
2026-W05,java,63.8,google_trends_lk
2026-W06,java,71.8,google_trends_lk
2026-W07,java,75.2,google_trends_lk
2026-W08,java,63.6,google_trends_lk
2026-W09,java,70.5,google_trends_lk
2026-W10,java,66.2,google_trends_lk
2026-W11,java,66.7,google_trends_lk
2026-W12,java,66.3,google_trends_lk
2026-W13,java,65.3,google_trends_lk
2026-W14,java,68.5,google_trends_lk
2026-W15,java,65.4,google_trends_lk
2026-W16,java,69.2,google_trends_lk
2026-W17,java,68.1,google_trends_lk
2026-W18,java,67.4,google_trends_lk
2026-W19,java,65.0,google_trends_lk
2026-W20,java,66.1,google_trends_lk
2026-W21,java,70.8,google_trends_lk
2026-W22,java,69.8,google_trends_lk
2026-W23,java,64.6,google_trends_lk
2026-W24,java,68.4,google_trends_lk
2026-W25,java,70.6,google_trends_lk
2024-W01,javascript,66.5,google_trends_lk
2024-W02,javascript,63.9,google_trends_lk
2024-W03,javascript,59.0,google_trends_lk
2024-W04,javascript,56.1,google_trends_lk
2024-W05,javascript,68.9,google_trends_lk
2024-W06,javascript,60.1,google_trends_lk
2024-W07,javascript,59.9,google_trends_lk
2024-W08,javascript,59.8,google_trends_lk
2024-W09,javascript,60.5,google_trends_lk
2024-W10,javascript,59.3,google_trends_lk
2024-W11,javascript,57.8,google_trends_lk
2024-W12,javascript,57.8,google_trends_lk
2024-W13,javascript,59.6,google_trends_lk
2024-W14,javascript,57.8,google_trends_lk
2024-W15,javascript,57.2,google_trends_lk
2024-W16,javascript,60.0,google_trends_lk
2024-W17,javascript,58.7,google_trends_lk
2024-W18,javascript,64.9,google_trends_lk
2024-W19,javascript,50.3,google_trends_lk
2024-W20,javascript,63.4,google_trends_lk
2024-W21,javascript,63.9,google_trends_lk
2024-W22,javascript,52.3,google_trends_lk
2024-W23,javascript,58.3,google_trends_lk
2024-W24,javascript,58.2,google_trends_lk
2024-W25,javascript,54.5,google_trends_lk
2024-W26,javascript,56.7,google_trends_lk
2024-W27,javascript,55.5,google_trends_lk
2024-W28,javascript,65.5,google_trends_lk
2024-W29,javascript,62.6,google_trends_lk
2024-W30,javascript,63.8,google_trends_lk
2024-W31,javascript,61.8,google_trends_lk
2024-W32,javascript,55.3,google_trends_lk
2024-W33,javascript,57.4,google_trends_lk
2024-W34,javascript,60.9,google_trends_lk
2024-W35,javascript,54.9,google_trends_lk
2024-W36,javascript,61.7,google_trends_lk
2024-W37,javascript,58.3,google_trends_lk
2024-W38,javascript,57.8,google_trends_lk
2024-W39,javascript,61.6,google_trends_lk
2024-W40,javascript,60.6,google_trends_lk
2024-W41,javascript,57.8,google_trends_lk
2024-W42,javascript,63.1,google_trends_lk
2024-W43,javascript,55.2,google_trends_lk
2024-W44,javascript,61.2,google_trends_lk
2024-W45,javascript,61.1,google_trends_lk
2024-W46,javascript,57.9,google_trends_lk
2024-W47,javascript,60.1,google_trends_lk
2024-W48,javascript,54.5,google_trends_lk
2024-W49,javascript,62.1,google_trends_lk
2024-W50,javascript,58.2,google_trends_lk
2024-W51,javascript,57.0,google_trends_lk
2024-W52,javascript,62.5,google_trends_lk
2024-W53,javascript,56.3,google_trends_lk
2025-W01,javascript,53.8,google_trends_lk
2025-W02,javascript,53.3,google_trends_lk
2025-W03,javascript,60.8,google_trends_lk
2025-W04,javascript,54.2,google_trends_lk
2025-W05,javascript,64.8,google_trends_lk
2025-W06,javascript,51.4,google_trends_lk
2025-W07,javascript,64.6,google_trends_lk
2025-W08,javascript,59.3,google_trends_lk
2025-W09,javascript,58.2,google_trends_lk
2025-W10,javascript,56.7,google_trends_lk
2025-W11,javascript,59.9,google_trends_lk
2025-W12,javascript,58.4,google_trends_lk
2025-W13,javascript,62.3,google_trends_lk
2025-W14,javascript,58.9,google_trends_lk
2025-W15,javascript,59.0,google_trends_lk
2025-W16,javascript,57.1,google_trends_lk
2025-W17,javascript,58.2,google_trends_lk
2025-W18,javascript,59.4,google_trends_lk
2025-W19,javascript,52.4,google_trends_lk
2025-W20,javascript,53.6,google_trends_lk
2025-W21,javascript,60.9,google_trends_lk
2025-W22,javascript,58.9,google_trends_lk
2025-W23,javascript,57.6,google_trends_lk
2025-W24,javascript,58.3,google_trends_lk
2025-W25,javascript,59.4,google_trends_lk
2025-W26,javascript,56.3,google_trends_lk
2025-W27,javascript,55.4,google_trends_lk
2025-W28,javascript,58.8,google_trends_lk
2025-W29,javascript,54.7,google_trends_lk
2025-W30,javascript,59.5,google_trends_lk
2025-W31,javascript,52.1,google_trends_lk
2025-W32,javascript,61.6,google_trends_lk
2025-W33,javascript,59.7,google_trends_lk
2025-W34,javascript,58.9,google_trends_lk
2025-W35,javascript,61.4,google_trends_lk
2025-W36,javascript,63.8,google_trends_lk
2025-W37,javascript,61.5,google_trends_lk
2025-W38,javascript,51.5,google_trends_lk
2025-W39,javascript,53.4,google_trends_lk
2025-W40,javascript,55.7,google_trends_lk
2025-W41,javascript,57.9,google_trends_lk
2025-W42,javascript,59.6,google_trends_lk
2025-W43,javascript,55.3,google_trends_lk
2025-W44,javascript,58.4,google_trends_lk
2025-W45,javascript,55.1,google_trends_lk
2025-W46,javascript,55.6,google_trends_lk
2025-W47,javascript,52.8,google_trends_lk
2025-W48,javascript,54.4,google_trends_lk
2025-W49,javascript,52.9,google_trends_lk
2025-W50,javascript,54.2,google_trends_lk
2025-W51,javascript,61.3,google_trends_lk
2025-W52,javascript,54.3,google_trends_lk
2026-W01,javascript,66.8,google_trends_lk
2026-W02,javascript,59.3,google_trends_lk
2026-W03,javascript,58.2,google_trends_lk
2026-W04,javascript,54.5,google_trends_lk
2026-W05,javascript,59.9,google_trends_lk
2026-W06,javascript,55.4,google_trends_lk
2026-W07,javascript,57.8,google_trends_lk
2026-W08,javascript,66.4,google_trends_lk
2026-W09,javascript,57.0,google_trends_lk
2026-W10,javascript,61.4,google_trends_lk
2026-W11,javascript,54.9,google_trends_lk
2026-W12,javascript,57.2,google_trends_lk
2026-W13,javascript,63.5,google_trends_lk
2026-W14,javascript,55.1,google_trends_lk
2026-W15,javascript,63.6,google_trends_lk
2026-W16,javascript,59.7,google_trends_lk
2026-W17,javascript,55.2,google_trends_lk
2026-W18,javascript,59.4,google_trends_lk
2026-W19,javascript,60.5,google_trends_lk
2026-W20,javascript,59.3,google_trends_lk
2026-W21,javascript,51.6,google_trends_lk
2026-W22,javascript,54.5,google_trends_lk
2026-W23,javascript,56.2,google_trends_lk
2026-W24,javascript,56.8,google_trends_lk
2026-W25,javascript,59.2,google_trends_lk
2024-W01,typescript,16.9,google_trends_lk
2024-W02,typescript,18.9,google_trends_lk
2024-W03,typescript,19.2,google_trends_lk
2024-W04,typescript,24.0,google_trends_lk
2024-W05,typescript,18.3,google_trends_lk
2024-W06,typescript,19.8,google_trends_lk
2024-W07,typescript,21.1,google_trends_lk
2024-W08,typescript,19.7,google_trends_lk
2024-W09,typescript,17.7,google_trends_lk
2024-W10,typescript,20.1,google_trends_lk
2024-W11,typescript,23.3,google_trends_lk
2024-W12,typescript,16.1,google_trends_lk
2024-W13,typescript,20.3,google_trends_lk
2024-W14,typescript,17.6,google_trends_lk
2024-W15,typescript,24.4,google_trends_lk
2024-W16,typescript,15.0,google_trends_lk
2024-W17,typescript,18.5,google_trends_lk
2024-W18,typescript,22.0,google_trends_lk
2024-W19,typescript,26.3,google_trends_lk
2024-W20,typescript,20.7,google_trends_lk
2024-W21,typescript,19.2,google_trends_lk
2024-W22,typescript,27.8,google_trends_lk
2024-W23,typescript,16.3,google_trends_lk
2024-W24,typescript,13.9,google_trends_lk
2024-W25,typescript,23.3,google_trends_lk
2024-W26,typescript,20.1,google_trends_lk
2024-W27,typescript,18.5,google_trends_lk
2024-W28,typescript,24.7,google_trends_lk
2024-W29,typescript,23.2,google_trends_lk
2024-W30,typescript,20.5,google_trends_lk
2024-W31,typescript,18.2,google_trends_lk
2024-W32,typescript,25.9,google_trends_lk
2024-W33,typescript,25.2,google_trends_lk
2024-W34,typescript,22.8,google_trends_lk
2024-W35,typescript,29.7,google_trends_lk
2024-W36,typescript,19.7,google_trends_lk
2024-W37,typescript,18.2,google_trends_lk
2024-W38,typescript,21.3,google_trends_lk
2024-W39,typescript,23.7,google_trends_lk
2024-W40,typescript,24.9,google_trends_lk
2024-W41,typescript,23.4,google_trends_lk
2024-W42,typescript,25.6,google_trends_lk
2024-W43,typescript,20.1,google_trends_lk
2024-W44,typescript,29.7,google_trends_lk
2024-W45,typescript,24.5,google_trends_lk
2024-W46,typescript,28.9,google_trends_lk
2024-W47,typescript,26.3,google_trends_lk
2024-W48,typescript,26.9,google_trends_lk
2024-W49,typescript,27.4,google_trends_lk
2024-W50,typescript,27.2,google_trends_lk
2024-W51,typescript,28.0,google_trends_lk
2024-W52,typescript,30.6,google_trends_lk
2024-W53,typescript,26.7,google_trends_lk
2025-W01,typescript,28.7,google_trends_lk
2025-W02,typescript,26.1,google_trends_lk
2025-W03,typescript,31.6,google_trends_lk
2025-W04,typescript,24.3,google_trends_lk
2025-W05,typescript,33.1,google_trends_lk
2025-W06,typescript,26.9,google_trends_lk
2025-W07,typescript,22.1,google_trends_lk
2025-W08,typescript,27.8,google_trends_lk
2025-W09,typescript,25.1,google_trends_lk
2025-W10,typescript,30.6,google_trends_lk
2025-W11,typescript,25.5,google_trends_lk
2025-W12,typescript,26.4,google_trends_lk
2025-W13,typescript,21.5,google_trends_lk
2025-W14,typescript,26.6,google_trends_lk
2025-W15,typescript,19.9,google_trends_lk
2025-W16,typescript,23.0,google_trends_lk
2025-W17,typescript,31.4,google_trends_lk
2025-W18,typescript,31.6,google_trends_lk
2025-W19,typescript,30.5,google_trends_lk
2025-W20,typescript,25.8,google_trends_lk
2025-W21,typescript,29.2,google_trends_lk
2025-W22,typescript,29.5,google_trends_lk
2025-W23,typescript,25.6,google_trends_lk
2025-W24,typescript,35.0,google_trends_lk
2025-W25,typescript,33.0,google_trends_lk
2025-W26,typescript,29.3,google_trends_lk
2025-W27,typescript,30.3,google_trends_lk
2025-W28,typescript,31.1,google_trends_lk
2025-W29,typescript,23.4,google_trends_lk
2025-W30,typescript,29.8,google_trends_lk
2025-W31,typescript,28.5,google_trends_lk
2025-W32,typescript,27.5,google_trends_lk
2025-W33,typescript,30.2,google_trends_lk
2025-W34,typescript,37.6,google_trends_lk
2025-W35,typescript,33.7,google_trends_lk
2025-W36,typescript,29.6,google_trends_lk
2025-W37,typescript,33.8,google_trends_lk
2025-W38,typescript,36.9,google_trends_lk
2025-W39,typescript,35.3,google_trends_lk
2025-W40,typescript,32.5,google_trends_lk
2025-W41,typescript,30.2,google_trends_lk
2025-W42,typescript,35.0,google_trends_lk
2025-W43,typescript,34.1,google_trends_lk
2025-W44,typescript,36.0,google_trends_lk
2025-W45,typescript,35.3,google_trends_lk
2025-W46,typescript,36.9,google_trends_lk
2025-W47,typescript,31.5,google_trends_lk
2025-W48,typescript,38.1,google_trends_lk
2025-W49,typescript,34.4,google_trends_lk
2025-W50,typescript,41.1,google_trends_lk
2025-W51,typescript,31.6,google_trends_lk
2025-W52,typescript,40.2,google_trends_lk
2026-W01,typescript,35.0,google_trends_lk
2026-W02,typescript,32.2,google_trends_lk
2026-W03,typescript,32.9,google_trends_lk
2026-W04,typescript,33.6,google_trends_lk
2026-W05,typescript,36.4,google_trends_lk
2026-W06,typescript,36.9,google_trends_lk
2026-W07,typescript,33.2,google_trends_lk
2026-W08,typescript,35.3,google_trends_lk
2026-W09,typescript,43.0,google_trends_lk
2026-W10,typescript,41.7,google_trends_lk
2026-W11,typescript,37.4,google_trends_lk
2026-W12,typescript,36.1,google_trends_lk
2026-W13,typescript,36.6,google_trends_lk
2026-W14,typescript,38.4,google_trends_lk
2026-W15,typescript,32.9,google_trends_lk
2026-W16,typescript,35.7,google_trends_lk
2026-W17,typescript,30.9,google_trends_lk
2026-W18,typescript,38.3,google_trends_lk
2026-W19,typescript,39.3,google_trends_lk
2026-W20,typescript,35.5,google_trends_lk
2026-W21,typescript,42.9,google_trends_lk
2026-W22,typescript,33.2,google_trends_lk
2026-W23,typescript,32.6,google_trends_lk
2026-W24,typescript,38.6,google_trends_lk
2026-W25,typescript,41.7,google_trends_lk
2024-W01,go,10.7,google_trends_lk
2024-W02,go,9.0,google_trends_lk
2024-W03,go,8.5,google_trends_lk
2024-W04,go,8.0,google_trends_lk
2024-W05,go,5.6,google_trends_lk
2024-W06,go,7.3,google_trends_lk
2024-W07,go,2.4,google_trends_lk
2024-W08,go,8.1,google_trends_lk
2024-W09,go,5.0,google_trends_lk
2024-W10,go,4.7,google_trends_lk
2024-W11,go,9.2,google_trends_lk
2024-W12,go,13.6,google_trends_lk
2024-W13,go,12.0,google_trends_lk
2024-W14,go,3.3,google_trends_lk
2024-W15,go,5.4,google_trends_lk
2024-W16,go,12.2,google_trends_lk
2024-W17,go,5.6,google_trends_lk
2024-W18,go,8.3,google_trends_lk
2024-W19,go,11.0,google_trends_lk
2024-W20,go,5.8,google_trends_lk
2024-W21,go,9.6,google_trends_lk
2024-W22,go,4.6,google_trends_lk
2024-W23,go,7.3,google_trends_lk
2024-W24,go,10.5,google_trends_lk
2024-W25,go,3.9,google_trends_lk
2024-W26,go,11.1,google_trends_lk
2024-W27,go,9.5,google_trends_lk
2024-W28,go,11.6,google_trends_lk
2024-W29,go,10.5,google_trends_lk
2024-W30,go,14.6,google_trends_lk
2024-W31,go,10.3,google_trends_lk
2024-W32,go,8.4,google_trends_lk
2024-W33,go,10.4,google_trends_lk
2024-W34,go,11.9,google_trends_lk
2024-W35,go,10.3,google_trends_lk
2024-W36,go,10.3,google_trends_lk
2024-W37,go,7.8,google_trends_lk
2024-W38,go,8.0,google_trends_lk
2024-W39,go,5.4,google_trends_lk
2024-W40,go,16.5,google_trends_lk
2024-W41,go,6.1,google_trends_lk
2024-W42,go,8.1,google_trends_lk
2024-W43,go,8.1,google_trends_lk
2024-W44,go,13.8,google_trends_lk
2024-W45,go,9.7,google_trends_lk
2024-W46,go,15.2,google_trends_lk
2024-W47,go,8.5,google_trends_lk
2024-W48,go,11.9,google_trends_lk
2024-W49,go,8.1,google_trends_lk
2024-W50,go,18.5,google_trends_lk
2024-W51,go,6.9,google_trends_lk
2024-W52,go,12.2,google_trends_lk
2024-W53,go,13.4,google_trends_lk
2025-W01,go,12.7,google_trends_lk
2025-W02,go,10.7,google_trends_lk
2025-W03,go,11.0,google_trends_lk
2025-W04,go,11.6,google_trends_lk
2025-W05,go,11.0,google_trends_lk
2025-W06,go,15.0,google_trends_lk
2025-W07,go,19.4,google_trends_lk
2025-W08,go,9.8,google_trends_lk
2025-W09,go,7.0,google_trends_lk
2025-W10,go,11.5,google_trends_lk
2025-W11,go,20.9,google_trends_lk
2025-W12,go,9.2,google_trends_lk
2025-W13,go,17.8,google_trends_lk
2025-W14,go,18.0,google_trends_lk
2025-W15,go,10.2,google_trends_lk
2025-W16,go,14.2,google_trends_lk
2025-W17,go,18.0,google_trends_lk
2025-W18,go,11.0,google_trends_lk
2025-W19,go,11.7,google_trends_lk
2025-W20,go,10.4,google_trends_lk
2025-W21,go,9.0,google_trends_lk
2025-W22,go,10.3,google_trends_lk
2025-W23,go,8.4,google_trends_lk
2025-W24,go,12.8,google_trends_lk
2025-W25,go,10.1,google_trends_lk
2025-W26,go,13.7,google_trends_lk
2025-W27,go,7.5,google_trends_lk
2025-W28,go,14.1,google_trends_lk
2025-W29,go,15.9,google_trends_lk
2025-W30,go,6.1,google_trends_lk
2025-W31,go,14.5,google_trends_lk
2025-W32,go,17.5,google_trends_lk
2025-W33,go,9.0,google_trends_lk
2025-W34,go,19.2,google_trends_lk
2025-W35,go,14.9,google_trends_lk
2025-W36,go,11.0,google_trends_lk
2025-W37,go,13.3,google_trends_lk
2025-W38,go,15.5,google_trends_lk
2025-W39,go,13.9,google_trends_lk
2025-W40,go,15.6,google_trends_lk
2025-W41,go,10.5,google_trends_lk
2025-W42,go,14.4,google_trends_lk
2025-W43,go,8.9,google_trends_lk
2025-W44,go,13.6,google_trends_lk
2025-W45,go,10.9,google_trends_lk
2025-W46,go,11.5,google_trends_lk
2025-W47,go,18.5,google_trends_lk
2025-W48,go,18.0,google_trends_lk
2025-W49,go,16.4,google_trends_lk
2025-W50,go,10.5,google_trends_lk
2025-W51,go,13.3,google_trends_lk
2025-W52,go,18.7,google_trends_lk
2026-W01,go,15.0,google_trends_lk
2026-W02,go,22.7,google_trends_lk
2026-W03,go,16.0,google_trends_lk
2026-W04,go,15.4,google_trends_lk
2026-W05,go,13.7,google_trends_lk
2026-W06,go,15.3,google_trends_lk
2026-W07,go,14.4,google_trends_lk
2026-W08,go,17.4,google_trends_lk
2026-W09,go,18.4,google_trends_lk
2026-W10,go,12.3,google_trends_lk
2026-W11,go,10.5,google_trends_lk
2026-W12,go,8.8,google_trends_lk
2026-W13,go,17.0,google_trends_lk
2026-W14,go,11.5,google_trends_lk
2026-W15,go,7.8,google_trends_lk
2026-W16,go,16.8,google_trends_lk
2026-W17,go,24.2,google_trends_lk
2026-W18,go,15.5,google_trends_lk
2026-W19,go,18.6,google_trends_lk
2026-W20,go,16.0,google_trends_lk
2026-W21,go,15.4,google_trends_lk
2026-W22,go,19.0,google_trends_lk
2026-W23,go,14.9,google_trends_lk
2026-W24,go,16.9,google_trends_lk
2026-W25,go,17.1,google_trends_lk
2024-W01,rust,5.1,google_trends_lk
2024-W02,rust,6.9,google_trends_lk
2024-W03,rust,7.1,google_trends_lk
2024-W04,rust,2.1,google_trends_lk
2024-W05,rust,3.6,google_trends_lk
2024-W06,rust,5.2,google_trends_lk
2024-W07,rust,3.4,google_trends_lk
2024-W08,rust,9.9,google_trends_lk
2024-W09,rust,6.0,google_trends_lk
2024-W10,rust,6.9,google_trends_lk
2024-W11,rust,6.7,google_trends_lk
2024-W12,rust,8.5,google_trends_lk
2024-W13,rust,5.1,google_trends_lk
2024-W14,rust,2.0,google_trends_lk
2024-W15,rust,5.9,google_trends_lk
2024-W16,rust,2.3,google_trends_lk
2024-W17,rust,2.8,google_trends_lk
2024-W18,rust,6.7,google_trends_lk
2024-W19,rust,9.0,google_trends_lk
2024-W20,rust,4.8,google_trends_lk
2024-W21,rust,5.9,google_trends_lk
2024-W22,rust,10.8,google_trends_lk
2024-W23,rust,5.7,google_trends_lk
2024-W24,rust,14.0,google_trends_lk
2024-W25,rust,6.9,google_trends_lk
2024-W26,rust,2.0,google_trends_lk
2024-W27,rust,7.6,google_trends_lk
2024-W28,rust,6.4,google_trends_lk
2024-W29,rust,9.6,google_trends_lk
2024-W30,rust,7.5,google_trends_lk
2024-W31,rust,4.7,google_trends_lk
2024-W32,rust,2.0,google_trends_lk
2024-W33,rust,4.5,google_trends_lk
2024-W34,rust,2.3,google_trends_lk
2024-W35,rust,3.3,google_trends_lk
2024-W36,rust,7.4,google_trends_lk
2024-W37,rust,11.2,google_trends_lk
2024-W38,rust,6.8,google_trends_lk
2024-W39,rust,2.0,google_trends_lk
2024-W40,rust,7.1,google_trends_lk
2024-W41,rust,9.7,google_trends_lk
2024-W42,rust,3.5,google_trends_lk
2024-W43,rust,5.2,google_trends_lk
2024-W44,rust,5.7,google_trends_lk
2024-W45,rust,3.0,google_trends_lk
2024-W46,rust,8.0,google_trends_lk
2024-W47,rust,5.4,google_trends_lk
2024-W48,rust,7.3,google_trends_lk
2024-W49,rust,2.8,google_trends_lk
2024-W50,rust,4.4,google_trends_lk
2024-W51,rust,8.5,google_trends_lk
2024-W52,rust,4.7,google_trends_lk
2024-W53,rust,12.1,google_trends_lk
2025-W01,rust,4.7,google_trends_lk
2025-W02,rust,6.9,google_trends_lk
2025-W03,rust,9.4,google_trends_lk
2025-W04,rust,2.0,google_trends_lk
2025-W05,rust,2.0,google_trends_lk
2025-W06,rust,2.0,google_trends_lk
2025-W07,rust,10.7,google_trends_lk
2025-W08,rust,4.4,google_trends_lk
2025-W09,rust,15.3,google_trends_lk
2025-W10,rust,4.4,google_trends_lk
2025-W11,rust,7.1,google_trends_lk
2025-W12,rust,11.9,google_trends_lk
2025-W13,rust,13.5,google_trends_lk
2025-W14,rust,13.8,google_trends_lk
2025-W15,rust,10.8,google_trends_lk
2025-W16,rust,10.2,google_trends_lk
2025-W17,rust,8.7,google_trends_lk
2025-W18,rust,9.4,google_trends_lk
2025-W19,rust,4.8,google_trends_lk
2025-W20,rust,3.9,google_trends_lk
2025-W21,rust,6.8,google_trends_lk
2025-W22,rust,6.3,google_trends_lk
2025-W23,rust,5.3,google_trends_lk
2025-W24,rust,9.4,google_trends_lk
2025-W25,rust,10.3,google_trends_lk
2025-W26,rust,7.3,google_trends_lk
2025-W27,rust,12.2,google_trends_lk
2025-W28,rust,3.1,google_trends_lk
2025-W29,rust,6.5,google_trends_lk
2025-W30,rust,4.7,google_trends_lk
2025-W31,rust,2.0,google_trends_lk
2025-W32,rust,7.0,google_trends_lk
2025-W33,rust,6.9,google_trends_lk
2025-W34,rust,12.6,google_trends_lk
2025-W35,rust,9.6,google_trends_lk
2025-W36,rust,3.8,google_trends_lk
2025-W37,rust,13.9,google_trends_lk
2025-W38,rust,11.8,google_trends_lk
2025-W39,rust,9.6,google_trends_lk
2025-W40,rust,6.8,google_trends_lk
2025-W41,rust,4.2,google_trends_lk
2025-W42,rust,6.3,google_trends_lk
2025-W43,rust,11.5,google_trends_lk
2025-W44,rust,14.3,google_trends_lk
2025-W45,rust,13.2,google_trends_lk
2025-W46,rust,6.1,google_trends_lk
2025-W47,rust,3.9,google_trends_lk
2025-W48,rust,8.4,google_trends_lk
2025-W49,rust,2.0,google_trends_lk
2025-W50,rust,9.1,google_trends_lk
2025-W51,rust,7.5,google_trends_lk
2025-W52,rust,6.4,google_trends_lk
2026-W01,rust,2.5,google_trends_lk
2026-W02,rust,9.9,google_trends_lk
2026-W03,rust,6.3,google_trends_lk
2026-W04,rust,4.1,google_trends_lk
2026-W05,rust,2.0,google_trends_lk
2026-W06,rust,8.2,google_trends_lk
2026-W07,rust,14.5,google_trends_lk
2026-W08,rust,14.2,google_trends_lk
2026-W09,rust,6.8,google_trends_lk
2026-W10,rust,6.3,google_trends_lk
2026-W11,rust,10.1,google_trends_lk
2026-W12,rust,5.0,google_trends_lk
2026-W13,rust,9.6,google_trends_lk
2026-W14,rust,11.3,google_trends_lk
2026-W15,rust,12.9,google_trends_lk
2026-W16,rust,8.3,google_trends_lk
2026-W17,rust,8.0,google_trends_lk
2026-W18,rust,5.7,google_trends_lk
2026-W19,rust,5.9,google_trends_lk
2026-W20,rust,8.0,google_trends_lk
2026-W21,rust,10.1,google_trends_lk
2026-W22,rust,12.1,google_trends_lk
2026-W23,rust,6.1,google_trends_lk
2026-W24,rust,14.2,google_trends_lk
2026-W25,rust,8.1,google_trends_lk
2024-W01,php,42.1,google_trends_lk
2024-W02,php,38.2,google_trends_lk
2024-W03,php,42.9,google_trends_lk
2024-W04,php,35.0,google_trends_lk
2024-W05,php,40.1,google_trends_lk
2024-W06,php,46.3,google_trends_lk
2024-W07,php,35.9,google_trends_lk
2024-W08,php,37.0,google_trends_lk
2024-W09,php,41.1,google_trends_lk
2024-W10,php,39.8,google_trends_lk
2024-W11,php,40.3,google_trends_lk
2024-W12,php,40.7,google_trends_lk
2024-W13,php,41.1,google_trends_lk
2024-W14,php,42.7,google_trends_lk
2024-W15,php,40.1,google_trends_lk
2024-W16,php,37.8,google_trends_lk
2024-W17,php,40.9,google_trends_lk
2024-W18,php,45.1,google_trends_lk
2024-W19,php,37.9,google_trends_lk
2024-W20,php,34.8,google_trends_lk
2024-W21,php,42.0,google_trends_lk
2024-W22,php,37.6,google_trends_lk
2024-W23,php,30.3,google_trends_lk
2024-W24,php,40.8,google_trends_lk
2024-W25,php,35.9,google_trends_lk
2024-W26,php,37.4,google_trends_lk
2024-W27,php,38.7,google_trends_lk
2024-W28,php,38.2,google_trends_lk
2024-W29,php,39.9,google_trends_lk
2024-W30,php,35.8,google_trends_lk
2024-W31,php,39.0,google_trends_lk
2024-W32,php,36.2,google_trends_lk
2024-W33,php,39.6,google_trends_lk
2024-W34,php,39.1,google_trends_lk
2024-W35,php,33.6,google_trends_lk
2024-W36,php,40.5,google_trends_lk
2024-W37,php,34.8,google_trends_lk
2024-W38,php,39.4,google_trends_lk
2024-W39,php,37.8,google_trends_lk
2024-W40,php,42.8,google_trends_lk
2024-W41,php,35.5,google_trends_lk
2024-W42,php,35.0,google_trends_lk
2024-W43,php,36.0,google_trends_lk
2024-W44,php,34.9,google_trends_lk
2024-W45,php,38.7,google_trends_lk
2024-W46,php,30.2,google_trends_lk
2024-W47,php,32.0,google_trends_lk
2024-W48,php,31.9,google_trends_lk
2024-W49,php,38.9,google_trends_lk
2024-W50,php,41.4,google_trends_lk
2024-W51,php,35.0,google_trends_lk
2024-W52,php,34.7,google_trends_lk
2024-W53,php,35.4,google_trends_lk
2025-W01,php,39.1,google_trends_lk
2025-W02,php,31.7,google_trends_lk
2025-W03,php,35.7,google_trends_lk
2025-W04,php,38.2,google_trends_lk
2025-W05,php,36.5,google_trends_lk
2025-W06,php,35.3,google_trends_lk
2025-W07,php,38.0,google_trends_lk
2025-W08,php,25.0,google_trends_lk
2025-W09,php,36.7,google_trends_lk
2025-W10,php,31.9,google_trends_lk
2025-W11,php,27.7,google_trends_lk
2025-W12,php,35.8,google_trends_lk
2025-W13,php,38.8,google_trends_lk
2025-W14,php,33.4,google_trends_lk
2025-W15,php,37.1,google_trends_lk
2025-W16,php,39.3,google_trends_lk
2025-W17,php,38.2,google_trends_lk
2025-W18,php,39.2,google_trends_lk
2025-W19,php,36.0,google_trends_lk
2025-W20,php,33.6,google_trends_lk
2025-W21,php,27.6,google_trends_lk
2025-W22,php,32.3,google_trends_lk
2025-W23,php,30.1,google_trends_lk
2025-W24,php,40.5,google_trends_lk
2025-W25,php,32.2,google_trends_lk
2025-W26,php,33.2,google_trends_lk
2025-W27,php,34.6,google_trends_lk
2025-W28,php,32.7,google_trends_lk
2025-W29,php,38.4,google_trends_lk
2025-W30,php,30.2,google_trends_lk
2025-W31,php,33.0,google_trends_lk
2025-W32,php,29.6,google_trends_lk
2025-W33,php,27.5,google_trends_lk
2025-W34,php,29.9,google_trends_lk
2025-W35,php,31.8,google_trends_lk
2025-W36,php,30.3,google_trends_lk
2025-W37,php,29.3,google_trends_lk
2025-W38,php,26.7,google_trends_lk
2025-W39,php,31.2,google_trends_lk
2025-W40,php,26.2,google_trends_lk
2025-W41,php,34.0,google_trends_lk
2025-W42,php,31.5,google_trends_lk
2025-W43,php,26.1,google_trends_lk
2025-W44,php,30.0,google_trends_lk
2025-W45,php,28.3,google_trends_lk
2025-W46,php,32.0,google_trends_lk
2025-W47,php,35.5,google_trends_lk
2025-W48,php,24.1,google_trends_lk
2025-W49,php,31.0,google_trends_lk
2025-W50,php,30.0,google_trends_lk
2025-W51,php,32.8,google_trends_lk
2025-W52,php,31.1,google_trends_lk
2026-W01,php,27.6,google_trends_lk
2026-W02,php,29.0,google_trends_lk
2026-W03,php,27.3,google_trends_lk
2026-W04,php,33.7,google_trends_lk
2026-W05,php,29.9,google_trends_lk
2026-W06,php,36.4,google_trends_lk
2026-W07,php,29.5,google_trends_lk
2026-W08,php,27.1,google_trends_lk
2026-W09,php,24.2,google_trends_lk
2026-W10,php,23.1,google_trends_lk
2026-W11,php,23.8,google_trends_lk
2026-W12,php,30.1,google_trends_lk
2026-W13,php,30.9,google_trends_lk
2026-W14,php,23.5,google_trends_lk
2026-W15,php,32.1,google_trends_lk
2026-W16,php,27.1,google_trends_lk
2026-W17,php,29.3,google_trends_lk
2026-W18,php,34.3,google_trends_lk
2026-W19,php,31.7,google_trends_lk
2026-W20,php,27.5,google_trends_lk
2026-W21,php,25.3,google_trends_lk
2026-W22,php,20.7,google_trends_lk
2026-W23,php,25.7,google_trends_lk
2026-W24,php,27.4,google_trends_lk
2026-W25,php,24.5,google_trends_lk
2024-W01,csharp,43.8,google_trends_lk
2024-W02,csharp,54.4,google_trends_lk
2024-W03,csharp,46.8,google_trends_lk
2024-W04,csharp,47.6,google_trends_lk
2024-W05,csharp,47.8,google_trends_lk
2024-W06,csharp,54.7,google_trends_lk
2024-W07,csharp,42.3,google_trends_lk
2024-W08,csharp,60.8,google_trends_lk
2024-W09,csharp,53.4,google_trends_lk
2024-W10,csharp,50.5,google_trends_lk
2024-W11,csharp,49.5,google_trends_lk
2024-W12,csharp,50.7,google_trends_lk
2024-W13,csharp,51.5,google_trends_lk
2024-W14,csharp,51.9,google_trends_lk
2024-W15,csharp,51.5,google_trends_lk
2024-W16,csharp,49.8,google_trends_lk
2024-W17,csharp,48.8,google_trends_lk
2024-W18,csharp,48.9,google_trends_lk
2024-W19,csharp,48.8,google_trends_lk
2024-W20,csharp,53.4,google_trends_lk
2024-W21,csharp,51.5,google_trends_lk
2024-W22,csharp,39.1,google_trends_lk
2024-W23,csharp,51.6,google_trends_lk
2024-W24,csharp,50.0,google_trends_lk
2024-W25,csharp,49.2,google_trends_lk
2024-W26,csharp,47.9,google_trends_lk
2024-W27,csharp,53.1,google_trends_lk
2024-W28,csharp,52.5,google_trends_lk
2024-W29,csharp,46.4,google_trends_lk
2024-W30,csharp,50.5,google_trends_lk
2024-W31,csharp,45.7,google_trends_lk
2024-W32,csharp,44.2,google_trends_lk
2024-W33,csharp,46.8,google_trends_lk
2024-W34,csharp,52.0,google_trends_lk
2024-W35,csharp,52.3,google_trends_lk
2024-W36,csharp,50.7,google_trends_lk
2024-W37,csharp,51.4,google_trends_lk
2024-W38,csharp,50.7,google_trends_lk
2024-W39,csharp,46.6,google_trends_lk
2024-W40,csharp,50.3,google_trends_lk
2024-W41,csharp,51.6,google_trends_lk
2024-W42,csharp,51.4,google_trends_lk
2024-W43,csharp,52.9,google_trends_lk
2024-W44,csharp,51.1,google_trends_lk
2024-W45,csharp,49.9,google_trends_lk
2024-W46,csharp,52.4,google_trends_lk
2024-W47,csharp,48.5,google_trends_lk
2024-W48,csharp,45.5,google_trends_lk
2024-W49,csharp,47.9,google_trends_lk
2024-W50,csharp,45.9,google_trends_lk
2024-W51,csharp,46.1,google_trends_lk
2024-W52,csharp,47.9,google_trends_lk
2024-W53,csharp,45.6,google_trends_lk
2025-W01,csharp,47.3,google_trends_lk
2025-W02,csharp,41.7,google_trends_lk
2025-W03,csharp,49.0,google_trends_lk
2025-W04,csharp,48.3,google_trends_lk
2025-W05,csharp,45.4,google_trends_lk
2025-W06,csharp,50.5,google_trends_lk
2025-W07,csharp,51.5,google_trends_lk
2025-W08,csharp,42.5,google_trends_lk
2025-W09,csharp,45.4,google_trends_lk
2025-W10,csharp,45.4,google_trends_lk
2025-W11,csharp,44.8,google_trends_lk
2025-W12,csharp,50.9,google_trends_lk
2025-W13,csharp,47.3,google_trends_lk
2025-W14,csharp,47.0,google_trends_lk
2025-W15,csharp,40.9,google_trends_lk
2025-W16,csharp,50.1,google_trends_lk
2025-W17,csharp,43.5,google_trends_lk
2025-W18,csharp,48.0,google_trends_lk
2025-W19,csharp,48.8,google_trends_lk
2025-W20,csharp,52.5,google_trends_lk
2025-W21,csharp,43.2,google_trends_lk
2025-W22,csharp,37.1,google_trends_lk
2025-W23,csharp,48.3,google_trends_lk
2025-W24,csharp,53.9,google_trends_lk
2025-W25,csharp,51.9,google_trends_lk
2025-W26,csharp,48.3,google_trends_lk
2025-W27,csharp,45.8,google_trends_lk
2025-W28,csharp,50.3,google_trends_lk
2025-W29,csharp,44.1,google_trends_lk
2025-W30,csharp,49.1,google_trends_lk
2025-W31,csharp,49.2,google_trends_lk
2025-W32,csharp,51.1,google_trends_lk
2025-W33,csharp,57.0,google_trends_lk
2025-W34,csharp,48.7,google_trends_lk
2025-W35,csharp,45.5,google_trends_lk
2025-W36,csharp,47.2,google_trends_lk
2025-W37,csharp,41.0,google_trends_lk
2025-W38,csharp,44.8,google_trends_lk
2025-W39,csharp,45.7,google_trends_lk
2025-W40,csharp,45.3,google_trends_lk
2025-W41,csharp,47.6,google_trends_lk
2025-W42,csharp,44.2,google_trends_lk
2025-W43,csharp,51.0,google_trends_lk
2025-W44,csharp,47.0,google_trends_lk
2025-W45,csharp,47.0,google_trends_lk
2025-W46,csharp,45.8,google_trends_lk
2025-W47,csharp,47.5,google_trends_lk
2025-W48,csharp,49.8,google_trends_lk
2025-W49,csharp,43.8,google_trends_lk
2025-W50,csharp,44.5,google_trends_lk
2025-W51,csharp,45.7,google_trends_lk
2025-W52,csharp,42.1,google_trends_lk
2026-W01,csharp,43.9,google_trends_lk
2026-W02,csharp,45.0,google_trends_lk
2026-W03,csharp,49.7,google_trends_lk
2026-W04,csharp,47.6,google_trends_lk
2026-W05,csharp,47.3,google_trends_lk
2026-W06,csharp,49.6,google_trends_lk
2026-W07,csharp,46.1,google_trends_lk
2026-W08,csharp,47.9,google_trends_lk
2026-W09,csharp,46.1,google_trends_lk
2026-W10,csharp,47.4,google_trends_lk
2026-W11,csharp,44.4,google_trends_lk
2026-W12,csharp,37.9,google_trends_lk
2026-W13,csharp,45.9,google_trends_lk
2026-W14,csharp,51.3,google_trends_lk
2026-W15,csharp,49.6,google_trends_lk
2026-W16,csharp,49.7,google_trends_lk
2026-W17,csharp,50.6,google_trends_lk
2026-W18,csharp,46.5,google_trends_lk
2026-W19,csharp,46.9,google_trends_lk
2026-W20,csharp,44.0,google_trends_lk
2026-W21,csharp,45.0,google_trends_lk
2026-W22,csharp,48.2,google_trends_lk
2026-W23,csharp,50.3,google_trends_lk
2026-W24,csharp,45.5,google_trends_lk
2026-W25,csharp,44.4,google_trends_lk
2024-W01,cpp,15.6,google_trends_lk
2024-W02,cpp,22.1,google_trends_lk
2024-W03,cpp,23.0,google_trends_lk
2024-W04,cpp,18.3,google_trends_lk
2024-W05,cpp,18.3,google_trends_lk
2024-W06,cpp,20.8,google_trends_lk
2024-W07,cpp,18.3,google_trends_lk
2024-W08,cpp,19.6,google_trends_lk
2024-W09,cpp,27.2,google_trends_lk
2024-W10,cpp,18.9,google_trends_lk
2024-W11,cpp,18.5,google_trends_lk
2024-W12,cpp,17.5,google_trends_lk
2024-W13,cpp,22.3,google_trends_lk
2024-W14,cpp,19.1,google_trends_lk
2024-W15,cpp,17.4,google_trends_lk
2024-W16,cpp,24.3,google_trends_lk
2024-W17,cpp,24.6,google_trends_lk
2024-W18,cpp,17.5,google_trends_lk
2024-W19,cpp,13.0,google_trends_lk
2024-W20,cpp,23.1,google_trends_lk
2024-W21,cpp,17.1,google_trends_lk
2024-W22,cpp,22.3,google_trends_lk
2024-W23,cpp,12.6,google_trends_lk
2024-W24,cpp,22.6,google_trends_lk
2024-W25,cpp,15.2,google_trends_lk
2024-W26,cpp,22.0,google_trends_lk
2024-W27,cpp,19.4,google_trends_lk
2024-W28,cpp,16.0,google_trends_lk
2024-W29,cpp,17.9,google_trends_lk
2024-W30,cpp,21.7,google_trends_lk
2024-W31,cpp,19.7,google_trends_lk
2024-W32,cpp,21.3,google_trends_lk
2024-W33,cpp,26.2,google_trends_lk
2024-W34,cpp,13.8,google_trends_lk
2024-W35,cpp,24.9,google_trends_lk
2024-W36,cpp,19.6,google_trends_lk
2024-W37,cpp,16.0,google_trends_lk
2024-W38,cpp,14.5,google_trends_lk
2024-W39,cpp,18.5,google_trends_lk
2024-W40,cpp,22.3,google_trends_lk
2024-W41,cpp,18.6,google_trends_lk
2024-W42,cpp,24.3,google_trends_lk
2024-W43,cpp,13.9,google_trends_lk
2024-W44,cpp,19.0,google_trends_lk
2024-W45,cpp,14.6,google_trends_lk
2024-W46,cpp,20.2,google_trends_lk
2024-W47,cpp,22.0,google_trends_lk
2024-W48,cpp,17.4,google_trends_lk
2024-W49,cpp,9.8,google_trends_lk
2024-W50,cpp,19.6,google_trends_lk
2024-W51,cpp,20.4,google_trends_lk
2024-W52,cpp,20.2,google_trends_lk
2024-W53,cpp,23.1,google_trends_lk
2025-W01,cpp,15.0,google_trends_lk
2025-W02,cpp,21.1,google_trends_lk
2025-W03,cpp,22.9,google_trends_lk
2025-W04,cpp,12.5,google_trends_lk
2025-W05,cpp,19.8,google_trends_lk
2025-W06,cpp,16.9,google_trends_lk
2025-W07,cpp,18.3,google_trends_lk
2025-W08,cpp,19.8,google_trends_lk
2025-W09,cpp,16.9,google_trends_lk
2025-W10,cpp,16.2,google_trends_lk
2025-W11,cpp,18.7,google_trends_lk
2025-W12,cpp,14.7,google_trends_lk
2025-W13,cpp,14.7,google_trends_lk
2025-W14,cpp,20.8,google_trends_lk
2025-W15,cpp,14.4,google_trends_lk
2025-W16,cpp,20.8,google_trends_lk
2025-W17,cpp,20.0,google_trends_lk
2025-W18,cpp,12.3,google_trends_lk
2025-W19,cpp,16.0,google_trends_lk
2025-W20,cpp,22.5,google_trends_lk
2025-W21,cpp,14.9,google_trends_lk
2025-W22,cpp,16.7,google_trends_lk
2025-W23,cpp,19.9,google_trends_lk
2025-W24,cpp,21.0,google_trends_lk
2025-W25,cpp,17.3,google_trends_lk
2025-W26,cpp,16.1,google_trends_lk
2025-W27,cpp,23.1,google_trends_lk
2025-W28,cpp,24.2,google_trends_lk
2025-W29,cpp,21.5,google_trends_lk
2025-W30,cpp,18.4,google_trends_lk
2025-W31,cpp,15.2,google_trends_lk
2025-W32,cpp,15.1,google_trends_lk
2025-W33,cpp,19.9,google_trends_lk
2025-W34,cpp,19.5,google_trends_lk
2025-W35,cpp,22.9,google_trends_lk
2025-W36,cpp,20.2,google_trends_lk
2025-W37,cpp,12.7,google_trends_lk
2025-W38,cpp,21.6,google_trends_lk
2025-W39,cpp,14.4,google_trends_lk
2025-W40,cpp,16.5,google_trends_lk
2025-W41,cpp,18.7,google_trends_lk
2025-W42,cpp,24.8,google_trends_lk
2025-W43,cpp,28.7,google_trends_lk
2025-W44,cpp,19.9,google_trends_lk
2025-W45,cpp,17.1,google_trends_lk
2025-W46,cpp,19.6,google_trends_lk
2025-W47,cpp,20.8,google_trends_lk
2025-W48,cpp,16.6,google_trends_lk
2025-W49,cpp,23.9,google_trends_lk
2025-W50,cpp,18.4,google_trends_lk
2025-W51,cpp,19.3,google_trends_lk
2025-W52,cpp,19.9,google_trends_lk
2026-W01,cpp,19.0,google_trends_lk
2026-W02,cpp,20.5,google_trends_lk
2026-W03,cpp,15.4,google_trends_lk
2026-W04,cpp,15.5,google_trends_lk
2026-W05,cpp,13.6,google_trends_lk
2026-W06,cpp,19.0,google_trends_lk
2026-W07,cpp,20.1,google_trends_lk
2026-W08,cpp,19.0,google_trends_lk
2026-W09,cpp,23.2,google_trends_lk
2026-W10,cpp,17.3,google_trends_lk
2026-W11,cpp,19.7,google_trends_lk
2026-W12,cpp,13.5,google_trends_lk
2026-W13,cpp,15.9,google_trends_lk
2026-W14,cpp,19.7,google_trends_lk
2026-W15,cpp,20.2,google_trends_lk
2026-W16,cpp,16.2,google_trends_lk
2026-W17,cpp,16.9,google_trends_lk
2026-W18,cpp,11.9,google_trends_lk
2026-W19,cpp,15.9,google_trends_lk
2026-W20,cpp,20.2,google_trends_lk
2026-W21,cpp,19.1,google_trends_lk
2026-W22,cpp,18.8,google_trends_lk
2026-W23,cpp,17.2,google_trends_lk
2026-W24,cpp,17.0,google_trends_lk
2026-W25,cpp,14.7,google_trends_lk
2024-W01,kotlin,17.8,google_trends_lk
2024-W02,kotlin,22.3,google_trends_lk
2024-W03,kotlin,11.3,google_trends_lk
2024-W04,kotlin,9.3,google_trends_lk
2024-W05,kotlin,15.2,google_trends_lk
2024-W06,kotlin,16.7,google_trends_lk
2024-W07,kotlin,13.4,google_trends_lk
2024-W08,kotlin,19.3,google_trends_lk
2024-W09,kotlin,9.6,google_trends_lk
2024-W10,kotlin,16.7,google_trends_lk
2024-W11,kotlin,12.2,google_trends_lk
2024-W12,kotlin,20.4,google_trends_lk
2024-W13,kotlin,21.3,google_trends_lk
2024-W14,kotlin,11.7,google_trends_lk
2024-W15,kotlin,12.5,google_trends_lk
2024-W16,kotlin,17.5,google_trends_lk
2024-W17,kotlin,13.1,google_trends_lk
2024-W18,kotlin,14.4,google_trends_lk
2024-W19,kotlin,14.6,google_trends_lk
2024-W20,kotlin,7.9,google_trends_lk
2024-W21,kotlin,14.6,google_trends_lk
2024-W22,kotlin,12.2,google_trends_lk
2024-W23,kotlin,13.0,google_trends_lk
2024-W24,kotlin,19.8,google_trends_lk
2024-W25,kotlin,10.3,google_trends_lk
2024-W26,kotlin,17.6,google_trends_lk
2024-W27,kotlin,13.8,google_trends_lk
2024-W28,kotlin,13.9,google_trends_lk
2024-W29,kotlin,17.6,google_trends_lk
2024-W30,kotlin,16.1,google_trends_lk
2024-W31,kotlin,16.9,google_trends_lk
2024-W32,kotlin,18.3,google_trends_lk
2024-W33,kotlin,13.8,google_trends_lk
2024-W34,kotlin,12.9,google_trends_lk
2024-W35,kotlin,11.3,google_trends_lk
2024-W36,kotlin,12.2,google_trends_lk
2024-W37,kotlin,25.4,google_trends_lk
2024-W38,kotlin,19.5,google_trends_lk
2024-W39,kotlin,10.4,google_trends_lk
2024-W40,kotlin,10.6,google_trends_lk
2024-W41,kotlin,16.9,google_trends_lk
2024-W42,kotlin,17.2,google_trends_lk
2024-W43,kotlin,17.2,google_trends_lk
2024-W44,kotlin,14.4,google_trends_lk
2024-W45,kotlin,14.9,google_trends_lk
2024-W46,kotlin,16.5,google_trends_lk
2024-W47,kotlin,15.7,google_trends_lk
2024-W48,kotlin,7.7,google_trends_lk
2024-W49,kotlin,14.7,google_trends_lk
2024-W50,kotlin,12.5,google_trends_lk
2024-W51,kotlin,16.2,google_trends_lk
2024-W52,kotlin,26.0,google_trends_lk
2024-W53,kotlin,16.9,google_trends_lk
2025-W01,kotlin,14.5,google_trends_lk
2025-W02,kotlin,18.9,google_trends_lk
2025-W03,kotlin,17.4,google_trends_lk
2025-W04,kotlin,17.2,google_trends_lk
2025-W05,kotlin,17.9,google_trends_lk
2025-W06,kotlin,23.0,google_trends_lk
2025-W07,kotlin,11.9,google_trends_lk
2025-W08,kotlin,17.5,google_trends_lk
2025-W09,kotlin,12.6,google_trends_lk
2025-W10,kotlin,17.9,google_trends_lk
2025-W11,kotlin,12.7,google_trends_lk
2025-W12,kotlin,14.5,google_trends_lk
2025-W13,kotlin,15.0,google_trends_lk
2025-W14,kotlin,19.5,google_trends_lk
2025-W15,kotlin,19.3,google_trends_lk
2025-W16,kotlin,11.7,google_trends_lk
2025-W17,kotlin,16.3,google_trends_lk
2025-W18,kotlin,13.7,google_trends_lk
2025-W19,kotlin,11.8,google_trends_lk
2025-W20,kotlin,15.5,google_trends_lk
2025-W21,kotlin,15.2,google_trends_lk
2025-W22,kotlin,24.8,google_trends_lk
2025-W23,kotlin,17.8,google_trends_lk
2025-W24,kotlin,11.5,google_trends_lk
2025-W25,kotlin,14.4,google_trends_lk
2025-W26,kotlin,20.0,google_trends_lk
2025-W27,kotlin,23.8,google_trends_lk
2025-W28,kotlin,10.9,google_trends_lk
2025-W29,kotlin,9.9,google_trends_lk
2025-W30,kotlin,23.1,google_trends_lk
2025-W31,kotlin,17.9,google_trends_lk
2025-W32,kotlin,13.6,google_trends_lk
2025-W33,kotlin,18.5,google_trends_lk
2025-W34,kotlin,7.4,google_trends_lk
2025-W35,kotlin,16.7,google_trends_lk
2025-W36,kotlin,17.9,google_trends_lk
2025-W37,kotlin,20.0,google_trends_lk
2025-W38,kotlin,13.2,google_trends_lk
2025-W39,kotlin,17.1,google_trends_lk
2025-W40,kotlin,13.6,google_trends_lk
2025-W41,kotlin,17.8,google_trends_lk
2025-W42,kotlin,13.8,google_trends_lk
2025-W43,kotlin,15.5,google_trends_lk
2025-W44,kotlin,13.5,google_trends_lk
2025-W45,kotlin,19.3,google_trends_lk
2025-W46,kotlin,20.0,google_trends_lk
2025-W47,kotlin,16.2,google_trends_lk
2025-W48,kotlin,17.2,google_trends_lk
2025-W49,kotlin,12.1,google_trends_lk
2025-W50,kotlin,16.1,google_trends_lk
2025-W51,kotlin,17.0,google_trends_lk
2025-W52,kotlin,26.4,google_trends_lk
2026-W01,kotlin,13.4,google_trends_lk
2026-W02,kotlin,22.4,google_trends_lk
2026-W03,kotlin,20.8,google_trends_lk
2026-W04,kotlin,18.3,google_trends_lk
2026-W05,kotlin,23.5,google_trends_lk
2026-W06,kotlin,18.7,google_trends_lk
2026-W07,kotlin,18.8,google_trends_lk
2026-W08,kotlin,17.3,google_trends_lk
2026-W09,kotlin,21.8,google_trends_lk
2026-W10,kotlin,21.4,google_trends_lk
2026-W11,kotlin,15.4,google_trends_lk
2026-W12,kotlin,13.0,google_trends_lk
2026-W13,kotlin,16.9,google_trends_lk
2026-W14,kotlin,14.9,google_trends_lk
2026-W15,kotlin,17.5,google_trends_lk
2026-W16,kotlin,22.1,google_trends_lk
2026-W17,kotlin,16.2,google_trends_lk
2026-W18,kotlin,17.6,google_trends_lk
2026-W19,kotlin,18.0,google_trends_lk
2026-W20,kotlin,20.8,google_trends_lk
2026-W21,kotlin,10.0,google_trends_lk
2026-W22,kotlin,15.8,google_trends_lk
2026-W23,kotlin,18.7,google_trends_lk
2026-W24,kotlin,22.2,google_trends_lk
2026-W25,kotlin,16.3,google_trends_lk
2024-W01,swift,12.3,google_trends_lk
2024-W02,swift,13.9,google_trends_lk
2024-W03,swift,10.0,google_trends_lk
2024-W04,swift,4.9,google_trends_lk
2024-W05,swift,14.9,google_trends_lk
2024-W06,swift,6.1,google_trends_lk
2024-W07,swift,6.8,google_trends_lk
2024-W08,swift,9.1,google_trends_lk
2024-W09,swift,13.4,google_trends_lk
2024-W10,swift,10.9,google_trends_lk
2024-W11,swift,9.4,google_trends_lk
2024-W12,swift,9.5,google_trends_lk
2024-W13,swift,8.1,google_trends_lk
2024-W14,swift,9.9,google_trends_lk
2024-W15,swift,2.0,google_trends_lk
2024-W16,swift,6.8,google_trends_lk
2024-W17,swift,8.7,google_trends_lk
2024-W18,swift,3.8,google_trends_lk
2024-W19,swift,9.2,google_trends_lk
2024-W20,swift,7.1,google_trends_lk
2024-W21,swift,14.0,google_trends_lk
2024-W22,swift,13.3,google_trends_lk
2024-W23,swift,6.2,google_trends_lk
2024-W24,swift,7.3,google_trends_lk
2024-W25,swift,7.6,google_trends_lk
2024-W26,swift,6.2,google_trends_lk
2024-W27,swift,8.5,google_trends_lk
2024-W28,swift,5.1,google_trends_lk
2024-W29,swift,3.8,google_trends_lk
2024-W30,swift,10.0,google_trends_lk
2024-W31,swift,10.0,google_trends_lk
2024-W32,swift,4.9,google_trends_lk
2024-W33,swift,10.9,google_trends_lk
2024-W34,swift,5.5,google_trends_lk
2024-W35,swift,8.6,google_trends_lk
2024-W36,swift,10.6,google_trends_lk
2024-W37,swift,7.6,google_trends_lk
2024-W38,swift,9.3,google_trends_lk
2024-W39,swift,5.9,google_trends_lk
2024-W40,swift,7.0,google_trends_lk
2024-W41,swift,7.0,google_trends_lk
2024-W42,swift,5.1,google_trends_lk
2024-W43,swift,7.1,google_trends_lk
2024-W44,swift,2.2,google_trends_lk
2024-W45,swift,5.9,google_trends_lk
2024-W46,swift,6.7,google_trends_lk
2024-W47,swift,6.7,google_trends_lk
2024-W48,swift,6.8,google_trends_lk
2024-W49,swift,7.4,google_trends_lk
2024-W50,swift,9.3,google_trends_lk
2024-W51,swift,10.7,google_trends_lk
2024-W52,swift,5.3,google_trends_lk
2024-W53,swift,3.4,google_trends_lk
2025-W01,swift,3.9,google_trends_lk
2025-W02,swift,5.9,google_trends_lk
2025-W03,swift,6.3,google_trends_lk
2025-W04,swift,4.9,google_trends_lk
2025-W05,swift,3.0,google_trends_lk
2025-W06,swift,6.0,google_trends_lk
2025-W07,swift,8.2,google_trends_lk
2025-W08,swift,9.6,google_trends_lk
2025-W09,swift,5.6,google_trends_lk
2025-W10,swift,6.1,google_trends_lk
2025-W11,swift,4.3,google_trends_lk
2025-W12,swift,7.4,google_trends_lk
2025-W13,swift,4.5,google_trends_lk
2025-W14,swift,9.5,google_trends_lk
2025-W15,swift,2.0,google_trends_lk
2025-W16,swift,6.2,google_trends_lk
2025-W17,swift,8.5,google_trends_lk
2025-W18,swift,8.1,google_trends_lk
2025-W19,swift,16.9,google_trends_lk
2025-W20,swift,8.7,google_trends_lk
2025-W21,swift,3.9,google_trends_lk
2025-W22,swift,7.1,google_trends_lk
2025-W23,swift,2.0,google_trends_lk
2025-W24,swift,7.1,google_trends_lk
2025-W25,swift,4.5,google_trends_lk
2025-W26,swift,10.6,google_trends_lk
2025-W27,swift,5.5,google_trends_lk
2025-W28,swift,7.0,google_trends_lk
2025-W29,swift,5.1,google_trends_lk
2025-W30,swift,13.5,google_trends_lk
2025-W31,swift,6.2,google_trends_lk
2025-W32,swift,13.8,google_trends_lk
2025-W33,swift,10.2,google_trends_lk
2025-W34,swift,9.0,google_trends_lk
2025-W35,swift,8.6,google_trends_lk
2025-W36,swift,8.7,google_trends_lk
2025-W37,swift,2.0,google_trends_lk
2025-W38,swift,6.3,google_trends_lk
2025-W39,swift,10.3,google_trends_lk
2025-W40,swift,7.1,google_trends_lk
2025-W41,swift,2.4,google_trends_lk
2025-W42,swift,7.1,google_trends_lk
2025-W43,swift,13.2,google_trends_lk
2025-W44,swift,11.6,google_trends_lk
2025-W45,swift,7.0,google_trends_lk
2025-W46,swift,10.6,google_trends_lk
2025-W47,swift,5.9,google_trends_lk
2025-W48,swift,2.0,google_trends_lk
2025-W49,swift,4.0,google_trends_lk
2025-W50,swift,12.7,google_trends_lk
2025-W51,swift,6.2,google_trends_lk
2025-W52,swift,6.3,google_trends_lk
2026-W01,swift,6.1,google_trends_lk
2026-W02,swift,13.8,google_trends_lk
2026-W03,swift,12.9,google_trends_lk
2026-W04,swift,14.9,google_trends_lk
2026-W05,swift,6.6,google_trends_lk
2026-W06,swift,8.2,google_trends_lk
2026-W07,swift,2.0,google_trends_lk
2026-W08,swift,12.3,google_trends_lk
2026-W09,swift,3.0,google_trends_lk
2026-W10,swift,7.9,google_trends_lk
2026-W11,swift,3.3,google_trends_lk
2026-W12,swift,5.0,google_trends_lk
2026-W13,swift,4.2,google_trends_lk
2026-W14,swift,5.0,google_trends_lk
2026-W15,swift,5.2,google_trends_lk
2026-W16,swift,5.2,google_trends_lk
2026-W17,swift,10.0,google_trends_lk
2026-W18,swift,3.2,google_trends_lk
2026-W19,swift,7.8,google_trends_lk
2026-W20,swift,11.3,google_trends_lk
2026-W21,swift,5.2,google_trends_lk
2026-W22,swift,4.5,google_trends_lk
2026-W23,swift,6.2,google_trends_lk
2026-W24,swift,11.1,google_trends_lk
2026-W25,swift,7.7,google_trends_lk
2024-W01,ruby,12.3,google_trends_lk
2024-W02,ruby,9.1,google_trends_lk
2024-W03,ruby,7.2,google_trends_lk
2024-W04,ruby,6.2,google_trends_lk
2024-W05,ruby,3.6,google_trends_lk
2024-W06,ruby,7.2,google_trends_lk
2024-W07,ruby,7.8,google_trends_lk
2024-W08,ruby,2.5,google_trends_lk
2024-W09,ruby,8.0,google_trends_lk
2024-W10,ruby,6.3,google_trends_lk
2024-W11,ruby,2.0,google_trends_lk
2024-W12,ruby,3.8,google_trends_lk
2024-W13,ruby,5.4,google_trends_lk
2024-W14,ruby,13.4,google_trends_lk
2024-W15,ruby,8.7,google_trends_lk
2024-W16,ruby,2.1,google_trends_lk
2024-W17,ruby,8.5,google_trends_lk
2024-W18,ruby,2.0,google_trends_lk
2024-W19,ruby,10.5,google_trends_lk
2024-W20,ruby,5.1,google_trends_lk
2024-W21,ruby,6.4,google_trends_lk
2024-W22,ruby,11.3,google_trends_lk
2024-W23,ruby,2.2,google_trends_lk
2024-W24,ruby,2.0,google_trends_lk
2024-W25,ruby,4.6,google_trends_lk
2024-W26,ruby,10.2,google_trends_lk
2024-W27,ruby,2.0,google_trends_lk
2024-W28,ruby,2.0,google_trends_lk
2024-W29,ruby,5.0,google_trends_lk
2024-W30,ruby,8.5,google_trends_lk
2024-W31,ruby,10.7,google_trends_lk
2024-W32,ruby,4.9,google_trends_lk
2024-W33,ruby,5.1,google_trends_lk
2024-W34,ruby,10.5,google_trends_lk
2024-W35,ruby,2.0,google_trends_lk
2024-W36,ruby,5.1,google_trends_lk
2024-W37,ruby,7.1,google_trends_lk
2024-W38,ruby,8.0,google_trends_lk
2024-W39,ruby,4.6,google_trends_lk
2024-W40,ruby,6.5,google_trends_lk
2024-W41,ruby,2.0,google_trends_lk
2024-W42,ruby,4.1,google_trends_lk
2024-W43,ruby,7.9,google_trends_lk
2024-W44,ruby,2.9,google_trends_lk
2024-W45,ruby,6.5,google_trends_lk
2024-W46,ruby,7.9,google_trends_lk
2024-W47,ruby,5.1,google_trends_lk
2024-W48,ruby,6.9,google_trends_lk
2024-W49,ruby,2.9,google_trends_lk
2024-W50,ruby,5.5,google_trends_lk
2024-W51,ruby,8.4,google_trends_lk
2024-W52,ruby,6.8,google_trends_lk
2024-W53,ruby,4.1,google_trends_lk
2025-W01,ruby,7.0,google_trends_lk
2025-W02,ruby,8.7,google_trends_lk
2025-W03,ruby,2.0,google_trends_lk
2025-W04,ruby,10.2,google_trends_lk
2025-W05,ruby,4.9,google_trends_lk
2025-W06,ruby,7.6,google_trends_lk
2025-W07,ruby,10.3,google_trends_lk
2025-W08,ruby,2.0,google_trends_lk
2025-W09,ruby,3.6,google_trends_lk
2025-W10,ruby,5.0,google_trends_lk
2025-W11,ruby,3.3,google_trends_lk
2025-W12,ruby,12.1,google_trends_lk
2025-W13,ruby,3.0,google_trends_lk
2025-W14,ruby,4.0,google_trends_lk
2025-W15,ruby,6.7,google_trends_lk
2025-W16,ruby,2.0,google_trends_lk
2025-W17,ruby,4.5,google_trends_lk
2025-W18,ruby,7.0,google_trends_lk
2025-W19,ruby,4.7,google_trends_lk
2025-W20,ruby,5.6,google_trends_lk
2025-W21,ruby,4.0,google_trends_lk
2025-W22,ruby,2.0,google_trends_lk
2025-W23,ruby,7.0,google_trends_lk
2025-W24,ruby,12.0,google_trends_lk
2025-W25,ruby,5.9,google_trends_lk
2025-W26,ruby,6.6,google_trends_lk
2025-W27,ruby,8.2,google_trends_lk
2025-W28,ruby,2.0,google_trends_lk
2025-W29,ruby,11.7,google_trends_lk
2025-W30,ruby,6.4,google_trends_lk
2025-W31,ruby,11.4,google_trends_lk
2025-W32,ruby,3.1,google_trends_lk
2025-W33,ruby,12.0,google_trends_lk
2025-W34,ruby,8.4,google_trends_lk
2025-W35,ruby,7.6,google_trends_lk
2025-W36,ruby,6.5,google_trends_lk
2025-W37,ruby,4.8,google_trends_lk
2025-W38,ruby,9.8,google_trends_lk
2025-W39,ruby,6.1,google_trends_lk
2025-W40,ruby,2.0,google_trends_lk
2025-W41,ruby,2.0,google_trends_lk
2025-W42,ruby,4.9,google_trends_lk
2025-W43,ruby,6.6,google_trends_lk
2025-W44,ruby,5.3,google_trends_lk
2025-W45,ruby,9.8,google_trends_lk
2025-W46,ruby,2.0,google_trends_lk
2025-W47,ruby,6.0,google_trends_lk
2025-W48,ruby,2.0,google_trends_lk
2025-W49,ruby,8.1,google_trends_lk
2025-W50,ruby,5.1,google_trends_lk
2025-W51,ruby,6.9,google_trends_lk
2025-W52,ruby,2.4,google_trends_lk
2026-W01,ruby,9.9,google_trends_lk
2026-W02,ruby,9.0,google_trends_lk
2026-W03,ruby,7.4,google_trends_lk
2026-W04,ruby,4.9,google_trends_lk
2026-W05,ruby,7.3,google_trends_lk
2026-W06,ruby,2.8,google_trends_lk
2026-W07,ruby,8.3,google_trends_lk
2026-W08,ruby,11.0,google_trends_lk
2026-W09,ruby,9.0,google_trends_lk
2026-W10,ruby,2.7,google_trends_lk
2026-W11,ruby,6.5,google_trends_lk
2026-W12,ruby,2.0,google_trends_lk
2026-W13,ruby,7.2,google_trends_lk
2026-W14,ruby,6.7,google_trends_lk
2026-W15,ruby,2.0,google_trends_lk
2026-W16,ruby,2.0,google_trends_lk
2026-W17,ruby,4.1,google_trends_lk
2026-W18,ruby,4.1,google_trends_lk
2026-W19,ruby,2.0,google_trends_lk
2026-W20,ruby,6.4,google_trends_lk
2026-W21,ruby,5.9,google_trends_lk
2026-W22,ruby,4.4,google_trends_lk
2026-W23,ruby,2.4,google_trends_lk
2026-W24,ruby,8.7,google_trends_lk
2026-W25,ruby,10.8,google_trends_lk
2024-W01,scala,8.1,google_trends_lk
2024-W02,scala,7.0,google_trends_lk
2024-W03,scala,8.2,google_trends_lk
2024-W04,scala,9.7,google_trends_lk
2024-W05,scala,7.3,google_trends_lk
2024-W06,scala,6.5,google_trends_lk
2024-W07,scala,2.9,google_trends_lk
2024-W08,scala,3.5,google_trends_lk
2024-W09,scala,10.1,google_trends_lk
2024-W10,scala,11.0,google_trends_lk
2024-W11,scala,5.1,google_trends_lk
2024-W12,scala,6.1,google_trends_lk
2024-W13,scala,2.7,google_trends_lk
2024-W14,scala,10.0,google_trends_lk
2024-W15,scala,8.2,google_trends_lk
2024-W16,scala,12.7,google_trends_lk
2024-W17,scala,2.8,google_trends_lk
2024-W18,scala,4.5,google_trends_lk
2024-W19,scala,6.7,google_trends_lk
2024-W20,scala,8.1,google_trends_lk
2024-W21,scala,5.1,google_trends_lk
2024-W22,scala,2.8,google_trends_lk
2024-W23,scala,8.9,google_trends_lk
2024-W24,scala,8.3,google_trends_lk
2024-W25,scala,2.6,google_trends_lk
2024-W26,scala,10.6,google_trends_lk
2024-W27,scala,9.9,google_trends_lk
2024-W28,scala,6.3,google_trends_lk
2024-W29,scala,6.1,google_trends_lk
2024-W30,scala,7.7,google_trends_lk
2024-W31,scala,2.8,google_trends_lk
2024-W32,scala,5.9,google_trends_lk
2024-W33,scala,2.0,google_trends_lk
2024-W34,scala,8.8,google_trends_lk
2024-W35,scala,2.0,google_trends_lk
2024-W36,scala,11.0,google_trends_lk
2024-W37,scala,4.6,google_trends_lk
2024-W38,scala,5.0,google_trends_lk
2024-W39,scala,3.5,google_trends_lk
2024-W40,scala,4.7,google_trends_lk
2024-W41,scala,10.7,google_trends_lk
2024-W42,scala,2.0,google_trends_lk
2024-W43,scala,10.1,google_trends_lk
2024-W44,scala,6.8,google_trends_lk
2024-W45,scala,2.0,google_trends_lk
2024-W46,scala,2.0,google_trends_lk
2024-W47,scala,11.5,google_trends_lk
2024-W48,scala,2.3,google_trends_lk
2024-W49,scala,2.0,google_trends_lk
2024-W50,scala,9.6,google_trends_lk
2024-W51,scala,6.8,google_trends_lk
2024-W52,scala,2.3,google_trends_lk
2024-W53,scala,6.4,google_trends_lk
2025-W01,scala,2.0,google_trends_lk
2025-W02,scala,9.4,google_trends_lk
2025-W03,scala,9.3,google_trends_lk
2025-W04,scala,7.4,google_trends_lk
2025-W05,scala,6.8,google_trends_lk
2025-W06,scala,11.7,google_trends_lk
2025-W07,scala,5.5,google_trends_lk
2025-W08,scala,2.0,google_trends_lk
2025-W09,scala,7.1,google_trends_lk
2025-W10,scala,12.8,google_trends_lk
2025-W11,scala,2.0,google_trends_lk
2025-W12,scala,4.2,google_trends_lk
2025-W13,scala,7.0,google_trends_lk
2025-W14,scala,5.3,google_trends_lk
2025-W15,scala,2.0,google_trends_lk
2025-W16,scala,9.4,google_trends_lk
2025-W17,scala,13.6,google_trends_lk
2025-W18,scala,6.1,google_trends_lk
2025-W19,scala,2.3,google_trends_lk
2025-W20,scala,2.0,google_trends_lk
2025-W21,scala,6.3,google_trends_lk
2025-W22,scala,9.3,google_trends_lk
2025-W23,scala,7.1,google_trends_lk
2025-W24,scala,5.4,google_trends_lk
2025-W25,scala,3.3,google_trends_lk
2025-W26,scala,2.0,google_trends_lk
2025-W27,scala,8.3,google_trends_lk
2025-W28,scala,8.6,google_trends_lk
2025-W29,scala,2.0,google_trends_lk
2025-W30,scala,10.9,google_trends_lk
2025-W31,scala,7.4,google_trends_lk
2025-W32,scala,10.2,google_trends_lk
2025-W33,scala,2.0,google_trends_lk
2025-W34,scala,2.0,google_trends_lk
2025-W35,scala,4.8,google_trends_lk
2025-W36,scala,7.1,google_trends_lk
2025-W37,scala,11.6,google_trends_lk
2025-W38,scala,7.8,google_trends_lk
2025-W39,scala,4.4,google_trends_lk
2025-W40,scala,2.0,google_trends_lk
2025-W41,scala,9.6,google_trends_lk
2025-W42,scala,2.0,google_trends_lk
2025-W43,scala,11.0,google_trends_lk
2025-W44,scala,4.3,google_trends_lk
2025-W45,scala,10.8,google_trends_lk
2025-W46,scala,7.6,google_trends_lk
2025-W47,scala,4.8,google_trends_lk
2025-W48,scala,3.4,google_trends_lk
2025-W49,scala,4.0,google_trends_lk
2025-W50,scala,6.7,google_trends_lk
2025-W51,scala,5.5,google_trends_lk
2025-W52,scala,3.1,google_trends_lk
2026-W01,scala,4.6,google_trends_lk
2026-W02,scala,5.5,google_trends_lk
2026-W03,scala,2.0,google_trends_lk
2026-W04,scala,6.8,google_trends_lk
2026-W05,scala,2.0,google_trends_lk
2026-W06,scala,2.0,google_trends_lk
2026-W07,scala,2.0,google_trends_lk
2026-W08,scala,2.0,google_trends_lk
2026-W09,scala,2.0,google_trends_lk
2026-W10,scala,2.6,google_trends_lk
2026-W11,scala,11.9,google_trends_lk
2026-W12,scala,3.3,google_trends_lk
2026-W13,scala,5.7,google_trends_lk
2026-W14,scala,6.5,google_trends_lk
2026-W15,scala,5.5,google_trends_lk
2026-W16,scala,4.8,google_trends_lk
2026-W17,scala,2.0,google_trends_lk
2026-W18,scala,10.1,google_trends_lk
2026-W19,scala,11.4,google_trends_lk
2026-W20,scala,2.0,google_trends_lk
2026-W21,scala,2.0,google_trends_lk
2026-W22,scala,4.0,google_trends_lk
2026-W23,scala,2.0,google_trends_lk
2026-W24,scala,6.8,google_trends_lk
2026-W25,scala,2.5,google_trends_lk
2024-W01,dart,17.3,google_trends_lk
2024-W02,dart,10.0,google_trends_lk
2024-W03,dart,19.1,google_trends_lk
2024-W04,dart,7.0,google_trends_lk
2024-W05,dart,14.7,google_trends_lk
2024-W06,dart,14.9,google_trends_lk
2024-W07,dart,10.5,google_trends_lk
2024-W08,dart,14.8,google_trends_lk
2024-W09,dart,17.9,google_trends_lk
2024-W10,dart,5.7,google_trends_lk
2024-W11,dart,15.2,google_trends_lk
2024-W12,dart,4.8,google_trends_lk
2024-W13,dart,10.2,google_trends_lk
2024-W14,dart,19.3,google_trends_lk
2024-W15,dart,11.6,google_trends_lk
2024-W16,dart,9.6,google_trends_lk
2024-W17,dart,13.1,google_trends_lk
2024-W18,dart,21.0,google_trends_lk
2024-W19,dart,7.4,google_trends_lk
2024-W20,dart,10.2,google_trends_lk
2024-W21,dart,19.2,google_trends_lk
2024-W22,dart,20.5,google_trends_lk
2024-W23,dart,13.7,google_trends_lk
2024-W24,dart,9.7,google_trends_lk
2024-W25,dart,21.5,google_trends_lk
2024-W26,dart,19.7,google_trends_lk
2024-W27,dart,16.6,google_trends_lk
2024-W28,dart,11.4,google_trends_lk
2024-W29,dart,14.1,google_trends_lk
2024-W30,dart,13.8,google_trends_lk
2024-W31,dart,15.6,google_trends_lk
2024-W32,dart,19.5,google_trends_lk
2024-W33,dart,17.6,google_trends_lk
2024-W34,dart,10.8,google_trends_lk
2024-W35,dart,19.4,google_trends_lk
2024-W36,dart,15.7,google_trends_lk
2024-W37,dart,17.1,google_trends_lk
2024-W38,dart,19.9,google_trends_lk
2024-W39,dart,10.9,google_trends_lk
2024-W40,dart,14.7,google_trends_lk
2024-W41,dart,13.0,google_trends_lk
2024-W42,dart,9.4,google_trends_lk
2024-W43,dart,16.2,google_trends_lk
2024-W44,dart,23.8,google_trends_lk
2024-W45,dart,8.6,google_trends_lk
2024-W46,dart,15.0,google_trends_lk
2024-W47,dart,17.4,google_trends_lk
2024-W48,dart,15.6,google_trends_lk
2024-W49,dart,14.8,google_trends_lk
2024-W50,dart,10.7,google_trends_lk
2024-W51,dart,16.1,google_trends_lk
2024-W52,dart,12.7,google_trends_lk
2024-W53,dart,7.8,google_trends_lk
2025-W01,dart,19.6,google_trends_lk
2025-W02,dart,18.9,google_trends_lk
2025-W03,dart,15.7,google_trends_lk
2025-W04,dart,16.4,google_trends_lk
2025-W05,dart,19.4,google_trends_lk
2025-W06,dart,16.5,google_trends_lk
2025-W07,dart,18.9,google_trends_lk
2025-W08,dart,14.7,google_trends_lk
2025-W09,dart,20.4,google_trends_lk
2025-W10,dart,17.0,google_trends_lk
2025-W11,dart,16.6,google_trends_lk
2025-W12,dart,11.5,google_trends_lk
2025-W13,dart,17.0,google_trends_lk
2025-W14,dart,13.2,google_trends_lk
2025-W15,dart,13.9,google_trends_lk
2025-W16,dart,13.3,google_trends_lk
2025-W17,dart,12.5,google_trends_lk
2025-W18,dart,23.7,google_trends_lk
2025-W19,dart,21.0,google_trends_lk
2025-W20,dart,23.1,google_trends_lk
2025-W21,dart,12.1,google_trends_lk
2025-W22,dart,16.7,google_trends_lk
2025-W23,dart,12.0,google_trends_lk
2025-W24,dart,14.1,google_trends_lk
2025-W25,dart,13.4,google_trends_lk
2025-W26,dart,21.0,google_trends_lk
2025-W27,dart,15.3,google_trends_lk
2025-W28,dart,20.5,google_trends_lk
2025-W29,dart,18.9,google_trends_lk
2025-W30,dart,24.9,google_trends_lk
2025-W31,dart,11.7,google_trends_lk
2025-W32,dart,21.3,google_trends_lk
2025-W33,dart,21.0,google_trends_lk
2025-W34,dart,13.6,google_trends_lk
2025-W35,dart,20.6,google_trends_lk
2025-W36,dart,18.3,google_trends_lk
2025-W37,dart,16.3,google_trends_lk
2025-W38,dart,14.3,google_trends_lk
2025-W39,dart,14.7,google_trends_lk
2025-W40,dart,24.5,google_trends_lk
2025-W41,dart,17.3,google_trends_lk
2025-W42,dart,20.1,google_trends_lk
2025-W43,dart,14.7,google_trends_lk
2025-W44,dart,14.7,google_trends_lk
2025-W45,dart,21.3,google_trends_lk
2025-W46,dart,12.8,google_trends_lk
2025-W47,dart,16.2,google_trends_lk
2025-W48,dart,17.8,google_trends_lk
2025-W49,dart,18.1,google_trends_lk
2025-W50,dart,17.1,google_trends_lk
2025-W51,dart,19.2,google_trends_lk
2025-W52,dart,20.3,google_trends_lk
2026-W01,dart,20.5,google_trends_lk
2026-W02,dart,14.5,google_trends_lk
2026-W03,dart,17.0,google_trends_lk
2026-W04,dart,22.2,google_trends_lk
2026-W05,dart,21.2,google_trends_lk
2026-W06,dart,13.3,google_trends_lk
2026-W07,dart,19.4,google_trends_lk
2026-W08,dart,11.3,google_trends_lk
2026-W09,dart,18.4,google_trends_lk
2026-W10,dart,24.9,google_trends_lk
2026-W11,dart,15.0,google_trends_lk
2026-W12,dart,15.5,google_trends_lk
2026-W13,dart,21.1,google_trends_lk
2026-W14,dart,13.1,google_trends_lk
2026-W15,dart,16.3,google_trends_lk
2026-W16,dart,20.7,google_trends_lk
2026-W17,dart,16.4,google_trends_lk
2026-W18,dart,17.8,google_trends_lk
2026-W19,dart,21.3,google_trends_lk
2026-W20,dart,20.2,google_trends_lk
2026-W21,dart,19.7,google_trends_lk
2026-W22,dart,17.7,google_trends_lk
2026-W23,dart,20.2,google_trends_lk
2026-W24,dart,18.5,google_trends_lk
2026-W25,dart,20.6,google_trends_lk
2024-W01,react,58.5,google_trends_lk
2024-W02,react,53.3,google_trends_lk
2024-W03,react,52.3,google_trends_lk
2024-W04,react,52.4,google_trends_lk
2024-W05,react,48.8,google_trends_lk
2024-W06,react,56.7,google_trends_lk
2024-W07,react,48.6,google_trends_lk
2024-W08,react,50.8,google_trends_lk
2024-W09,react,47.8,google_trends_lk
2024-W10,react,54.8,google_trends_lk
2024-W11,react,54.6,google_trends_lk
2024-W12,react,53.9,google_trends_lk
2024-W13,react,51.4,google_trends_lk
2024-W14,react,51.0,google_trends_lk
2024-W15,react,56.7,google_trends_lk
2024-W16,react,53.2,google_trends_lk
2024-W17,react,56.2,google_trends_lk
2024-W18,react,52.0,google_trends_lk
2024-W19,react,55.8,google_trends_lk
2024-W20,react,59.7,google_trends_lk
2024-W21,react,57.2,google_trends_lk
2024-W22,react,53.7,google_trends_lk
2024-W23,react,56.1,google_trends_lk
2024-W24,react,54.3,google_trends_lk
2024-W25,react,55.2,google_trends_lk
2024-W26,react,54.1,google_trends_lk
2024-W27,react,54.6,google_trends_lk
2024-W28,react,56.0,google_trends_lk
2024-W29,react,51.7,google_trends_lk
2024-W30,react,51.7,google_trends_lk
2024-W31,react,50.4,google_trends_lk
2024-W32,react,49.6,google_trends_lk
2024-W33,react,51.0,google_trends_lk
2024-W34,react,55.8,google_trends_lk
2024-W35,react,52.1,google_trends_lk
2024-W36,react,57.1,google_trends_lk
2024-W37,react,55.4,google_trends_lk
2024-W38,react,48.4,google_trends_lk
2024-W39,react,57.6,google_trends_lk
2024-W40,react,58.1,google_trends_lk
2024-W41,react,51.8,google_trends_lk
2024-W42,react,56.8,google_trends_lk
2024-W43,react,52.3,google_trends_lk
2024-W44,react,55.7,google_trends_lk
2024-W45,react,50.9,google_trends_lk
2024-W46,react,49.1,google_trends_lk
2024-W47,react,54.0,google_trends_lk
2024-W48,react,54.9,google_trends_lk
2024-W49,react,54.0,google_trends_lk
2024-W50,react,51.2,google_trends_lk
2024-W51,react,54.0,google_trends_lk
2024-W52,react,56.3,google_trends_lk
2024-W53,react,55.2,google_trends_lk
2025-W01,react,56.0,google_trends_lk
2025-W02,react,53.1,google_trends_lk
2025-W03,react,59.5,google_trends_lk
2025-W04,react,51.3,google_trends_lk
2025-W05,react,57.1,google_trends_lk
2025-W06,react,59.6,google_trends_lk
2025-W07,react,57.1,google_trends_lk
2025-W08,react,54.8,google_trends_lk
2025-W09,react,53.6,google_trends_lk
2025-W10,react,59.1,google_trends_lk
2025-W11,react,50.5,google_trends_lk
2025-W12,react,52.1,google_trends_lk
2025-W13,react,54.1,google_trends_lk
2025-W14,react,59.8,google_trends_lk
2025-W15,react,56.8,google_trends_lk
2025-W16,react,52.1,google_trends_lk
2025-W17,react,54.4,google_trends_lk
2025-W18,react,53.4,google_trends_lk
2025-W19,react,53.1,google_trends_lk
2025-W20,react,59.0,google_trends_lk
2025-W21,react,50.8,google_trends_lk
2025-W22,react,61.2,google_trends_lk
2025-W23,react,58.5,google_trends_lk
2025-W24,react,59.4,google_trends_lk
2025-W25,react,54.0,google_trends_lk
2025-W26,react,55.1,google_trends_lk
2025-W27,react,50.6,google_trends_lk
2025-W28,react,53.8,google_trends_lk
2025-W29,react,57.4,google_trends_lk
2025-W30,react,60.2,google_trends_lk
2025-W31,react,51.8,google_trends_lk
2025-W32,react,54.4,google_trends_lk
2025-W33,react,55.1,google_trends_lk
2025-W34,react,50.8,google_trends_lk
2025-W35,react,57.7,google_trends_lk
2025-W36,react,53.1,google_trends_lk
2025-W37,react,55.0,google_trends_lk
2025-W38,react,54.1,google_trends_lk
2025-W39,react,52.9,google_trends_lk
2025-W40,react,55.7,google_trends_lk
2025-W41,react,55.0,google_trends_lk
2025-W42,react,54.4,google_trends_lk
2025-W43,react,53.2,google_trends_lk
2025-W44,react,56.9,google_trends_lk
2025-W45,react,61.5,google_trends_lk
2025-W46,react,56.2,google_trends_lk
2025-W47,react,59.3,google_trends_lk
2025-W48,react,50.9,google_trends_lk
2025-W49,react,56.3,google_trends_lk
2025-W50,react,51.9,google_trends_lk
2025-W51,react,50.6,google_trends_lk
2025-W52,react,53.2,google_trends_lk
2026-W01,react,60.0,google_trends_lk
2026-W02,react,59.1,google_trends_lk
2026-W03,react,56.7,google_trends_lk
2026-W04,react,50.5,google_trends_lk
2026-W05,react,55.2,google_trends_lk
2026-W06,react,56.9,google_trends_lk
2026-W07,react,56.5,google_trends_lk
2026-W08,react,49.4,google_trends_lk
2026-W09,react,52.8,google_trends_lk
2026-W10,react,55.7,google_trends_lk
2026-W11,react,57.8,google_trends_lk
2026-W12,react,48.2,google_trends_lk
2026-W13,react,55.3,google_trends_lk
2026-W14,react,56.4,google_trends_lk
2026-W15,react,58.9,google_trends_lk
2026-W16,react,58.4,google_trends_lk
2026-W17,react,58.0,google_trends_lk
2026-W18,react,53.1,google_trends_lk
2026-W19,react,49.3,google_trends_lk
2026-W20,react,54.6,google_trends_lk
2026-W21,react,59.5,google_trends_lk
2026-W22,react,60.9,google_trends_lk
2026-W23,react,58.5,google_trends_lk
2026-W24,react,57.5,google_trends_lk
2026-W25,react,57.3,google_trends_lk
2024-W01,angular,47.0,google_trends_lk
2024-W02,angular,39.0,google_trends_lk
2024-W03,angular,39.9,google_trends_lk
2024-W04,angular,33.9,google_trends_lk
2024-W05,angular,41.0,google_trends_lk
2024-W06,angular,47.2,google_trends_lk
2024-W07,angular,45.6,google_trends_lk
2024-W08,angular,43.0,google_trends_lk
2024-W09,angular,43.6,google_trends_lk
2024-W10,angular,41.2,google_trends_lk
2024-W11,angular,44.3,google_trends_lk
2024-W12,angular,46.3,google_trends_lk
2024-W13,angular,37.9,google_trends_lk
2024-W14,angular,44.5,google_trends_lk
2024-W15,angular,46.7,google_trends_lk
2024-W16,angular,42.0,google_trends_lk
2024-W17,angular,45.8,google_trends_lk
2024-W18,angular,53.2,google_trends_lk
2024-W19,angular,42.9,google_trends_lk
2024-W20,angular,44.6,google_trends_lk
2024-W21,angular,40.6,google_trends_lk
2024-W22,angular,43.8,google_trends_lk
2024-W23,angular,44.8,google_trends_lk
2024-W24,angular,43.8,google_trends_lk
2024-W25,angular,39.5,google_trends_lk
2024-W26,angular,43.8,google_trends_lk
2024-W27,angular,48.1,google_trends_lk
2024-W28,angular,44.5,google_trends_lk
2024-W29,angular,46.3,google_trends_lk
2024-W30,angular,42.0,google_trends_lk
2024-W31,angular,45.5,google_trends_lk
2024-W32,angular,43.8,google_trends_lk
2024-W33,angular,39.4,google_trends_lk
2024-W34,angular,43.8,google_trends_lk
2024-W35,angular,39.2,google_trends_lk
2024-W36,angular,40.4,google_trends_lk
2024-W37,angular,43.3,google_trends_lk
2024-W38,angular,43.6,google_trends_lk
2024-W39,angular,38.4,google_trends_lk
2024-W40,angular,46.2,google_trends_lk
2024-W41,angular,44.5,google_trends_lk
2024-W42,angular,39.9,google_trends_lk
2024-W43,angular,37.0,google_trends_lk
2024-W44,angular,41.8,google_trends_lk
2024-W45,angular,40.7,google_trends_lk
2024-W46,angular,42.7,google_trends_lk
2024-W47,angular,40.9,google_trends_lk
2024-W48,angular,35.2,google_trends_lk
2024-W49,angular,40.8,google_trends_lk
2024-W50,angular,41.0,google_trends_lk
2024-W51,angular,44.3,google_trends_lk
2024-W52,angular,39.6,google_trends_lk
2024-W53,angular,47.9,google_trends_lk
2025-W01,angular,35.3,google_trends_lk
2025-W02,angular,46.5,google_trends_lk
2025-W03,angular,41.1,google_trends_lk
2025-W04,angular,44.8,google_trends_lk
2025-W05,angular,42.1,google_trends_lk
2025-W06,angular,45.7,google_trends_lk
2025-W07,angular,40.4,google_trends_lk
2025-W08,angular,37.8,google_trends_lk
2025-W09,angular,46.6,google_trends_lk
2025-W10,angular,41.2,google_trends_lk
2025-W11,angular,42.3,google_trends_lk
2025-W12,angular,45.8,google_trends_lk
2025-W13,angular,37.9,google_trends_lk
2025-W14,angular,43.5,google_trends_lk
2025-W15,angular,39.3,google_trends_lk
2025-W16,angular,40.9,google_trends_lk
2025-W17,angular,41.6,google_trends_lk
2025-W18,angular,36.0,google_trends_lk
2025-W19,angular,38.5,google_trends_lk
2025-W20,angular,45.9,google_trends_lk
2025-W21,angular,44.3,google_trends_lk
2025-W22,angular,40.9,google_trends_lk
2025-W23,angular,41.9,google_trends_lk
2025-W24,angular,40.0,google_trends_lk
2025-W25,angular,45.8,google_trends_lk
2025-W26,angular,40.3,google_trends_lk
2025-W27,angular,41.7,google_trends_lk
2025-W28,angular,44.9,google_trends_lk
2025-W29,angular,38.1,google_trends_lk
2025-W30,angular,46.3,google_trends_lk
2025-W31,angular,35.4,google_trends_lk
2025-W32,angular,46.4,google_trends_lk
2025-W33,angular,39.4,google_trends_lk
2025-W34,angular,39.8,google_trends_lk
2025-W35,angular,34.0,google_trends_lk
2025-W36,angular,39.0,google_trends_lk
2025-W37,angular,36.9,google_trends_lk
2025-W38,angular,38.4,google_trends_lk
2025-W39,angular,40.0,google_trends_lk
2025-W40,angular,43.8,google_trends_lk
2025-W41,angular,41.1,google_trends_lk
2025-W42,angular,41.4,google_trends_lk
2025-W43,angular,36.5,google_trends_lk
2025-W44,angular,37.2,google_trends_lk
2025-W45,angular,46.5,google_trends_lk
2025-W46,angular,37.6,google_trends_lk
2025-W47,angular,46.0,google_trends_lk
2025-W48,angular,39.3,google_trends_lk
2025-W49,angular,40.1,google_trends_lk
2025-W50,angular,43.8,google_trends_lk
2025-W51,angular,44.5,google_trends_lk
2025-W52,angular,39.6,google_trends_lk
2026-W01,angular,38.6,google_trends_lk
2026-W02,angular,39.7,google_trends_lk
2026-W03,angular,41.0,google_trends_lk
2026-W04,angular,42.9,google_trends_lk
2026-W05,angular,39.8,google_trends_lk
2026-W06,angular,41.9,google_trends_lk
2026-W07,angular,45.4,google_trends_lk
2026-W08,angular,41.0,google_trends_lk
2026-W09,angular,40.7,google_trends_lk
2026-W10,angular,34.3,google_trends_lk
2026-W11,angular,30.3,google_trends_lk
2026-W12,angular,40.9,google_trends_lk
2026-W13,angular,39.1,google_trends_lk
2026-W14,angular,37.6,google_trends_lk
2026-W15,angular,40.2,google_trends_lk
2026-W16,angular,39.1,google_trends_lk
2026-W17,angular,43.3,google_trends_lk
2026-W18,angular,39.6,google_trends_lk
2026-W19,angular,36.6,google_trends_lk
2026-W20,angular,42.7,google_trends_lk
2026-W21,angular,38.4,google_trends_lk
2026-W22,angular,41.0,google_trends_lk
2026-W23,angular,37.4,google_trends_lk
2026-W24,angular,36.8,google_trends_lk
2026-W25,angular,39.3,google_trends_lk
2024-W01,vue,17.8,google_trends_lk
2024-W02,vue,14.5,google_trends_lk
2024-W03,vue,10.8,google_trends_lk
2024-W04,vue,15.2,google_trends_lk
2024-W05,vue,20.1,google_trends_lk
2024-W06,vue,10.5,google_trends_lk
2024-W07,vue,12.2,google_trends_lk
2024-W08,vue,16.3,google_trends_lk
2024-W09,vue,12.4,google_trends_lk
2024-W10,vue,13.0,google_trends_lk
2024-W11,vue,14.3,google_trends_lk
2024-W12,vue,11.0,google_trends_lk
2024-W13,vue,12.3,google_trends_lk
2024-W14,vue,18.2,google_trends_lk
2024-W15,vue,11.1,google_trends_lk
2024-W16,vue,10.1,google_trends_lk
2024-W17,vue,13.4,google_trends_lk
2024-W18,vue,18.2,google_trends_lk
2024-W19,vue,14.9,google_trends_lk
2024-W20,vue,13.9,google_trends_lk
2024-W21,vue,15.7,google_trends_lk
2024-W22,vue,9.4,google_trends_lk
2024-W23,vue,17.2,google_trends_lk
2024-W24,vue,16.8,google_trends_lk
2024-W25,vue,14.0,google_trends_lk
2024-W26,vue,18.9,google_trends_lk
2024-W27,vue,11.4,google_trends_lk
2024-W28,vue,19.3,google_trends_lk
2024-W29,vue,15.9,google_trends_lk
2024-W30,vue,14.1,google_trends_lk
2024-W31,vue,15.2,google_trends_lk
2024-W32,vue,14.9,google_trends_lk
2024-W33,vue,19.5,google_trends_lk
2024-W34,vue,11.5,google_trends_lk
2024-W35,vue,12.5,google_trends_lk
2024-W36,vue,18.8,google_trends_lk
2024-W37,vue,13.1,google_trends_lk
2024-W38,vue,18.3,google_trends_lk
2024-W39,vue,21.1,google_trends_lk
2024-W40,vue,13.7,google_trends_lk
2024-W41,vue,17.5,google_trends_lk
2024-W42,vue,11.0,google_trends_lk
2024-W43,vue,17.7,google_trends_lk
2024-W44,vue,15.7,google_trends_lk
2024-W45,vue,16.6,google_trends_lk
2024-W46,vue,12.7,google_trends_lk
2024-W47,vue,9.1,google_trends_lk
2024-W48,vue,16.7,google_trends_lk
2024-W49,vue,7.7,google_trends_lk
2024-W50,vue,13.7,google_trends_lk
2024-W51,vue,18.1,google_trends_lk
2024-W52,vue,15.5,google_trends_lk
2024-W53,vue,21.6,google_trends_lk
2025-W01,vue,18.4,google_trends_lk
2025-W02,vue,12.5,google_trends_lk
2025-W03,vue,14.8,google_trends_lk
2025-W04,vue,14.5,google_trends_lk
2025-W05,vue,9.1,google_trends_lk
2025-W06,vue,11.4,google_trends_lk
2025-W07,vue,12.7,google_trends_lk
2025-W08,vue,7.5,google_trends_lk
2025-W09,vue,14.7,google_trends_lk
2025-W10,vue,13.7,google_trends_lk
2025-W11,vue,8.7,google_trends_lk
2025-W12,vue,15.9,google_trends_lk
2025-W13,vue,17.0,google_trends_lk
2025-W14,vue,15.3,google_trends_lk
2025-W15,vue,13.3,google_trends_lk
2025-W16,vue,16.5,google_trends_lk
2025-W17,vue,16.8,google_trends_lk
2025-W18,vue,15.4,google_trends_lk
2025-W19,vue,11.5,google_trends_lk
2025-W20,vue,15.3,google_trends_lk
2025-W21,vue,18.5,google_trends_lk
2025-W22,vue,12.2,google_trends_lk
2025-W23,vue,21.6,google_trends_lk
2025-W24,vue,12.4,google_trends_lk
2025-W25,vue,14.3,google_trends_lk
2025-W26,vue,11.8,google_trends_lk
2025-W27,vue,14.9,google_trends_lk
2025-W28,vue,8.0,google_trends_lk
2025-W29,vue,12.2,google_trends_lk
2025-W30,vue,10.3,google_trends_lk
2025-W31,vue,14.5,google_trends_lk
2025-W32,vue,17.5,google_trends_lk
2025-W33,vue,16.3,google_trends_lk
2025-W34,vue,5.7,google_trends_lk
2025-W35,vue,21.1,google_trends_lk
2025-W36,vue,15.0,google_trends_lk
2025-W37,vue,11.2,google_trends_lk
2025-W38,vue,14.5,google_trends_lk
2025-W39,vue,14.5,google_trends_lk
2025-W40,vue,11.5,google_trends_lk
2025-W41,vue,14.5,google_trends_lk
2025-W42,vue,11.7,google_trends_lk
2025-W43,vue,12.4,google_trends_lk
2025-W44,vue,11.4,google_trends_lk
2025-W45,vue,8.7,google_trends_lk
2025-W46,vue,14.2,google_trends_lk
2025-W47,vue,15.7,google_trends_lk
2025-W48,vue,15.5,google_trends_lk
2025-W49,vue,16.5,google_trends_lk
2025-W50,vue,14.8,google_trends_lk
2025-W51,vue,11.7,google_trends_lk
2025-W52,vue,16.5,google_trends_lk
2026-W01,vue,8.8,google_trends_lk
2026-W02,vue,10.4,google_trends_lk
2026-W03,vue,10.1,google_trends_lk
2026-W04,vue,17.3,google_trends_lk
2026-W05,vue,16.8,google_trends_lk
2026-W06,vue,15.1,google_trends_lk
2026-W07,vue,17.2,google_trends_lk
2026-W08,vue,10.3,google_trends_lk
2026-W09,vue,14.6,google_trends_lk
2026-W10,vue,12.9,google_trends_lk
2026-W11,vue,16.3,google_trends_lk
2026-W12,vue,12.9,google_trends_lk
2026-W13,vue,11.9,google_trends_lk
2026-W14,vue,15.1,google_trends_lk
2026-W15,vue,16.3,google_trends_lk
2026-W16,vue,10.9,google_trends_lk
2026-W17,vue,13.0,google_trends_lk
2026-W18,vue,9.5,google_trends_lk
2026-W19,vue,4.4,google_trends_lk
2026-W20,vue,13.8,google_trends_lk
2026-W21,vue,15.2,google_trends_lk
2026-W22,vue,14.0,google_trends_lk
2026-W23,vue,6.2,google_trends_lk
2026-W24,vue,11.8,google_trends_lk
2026-W25,vue,5.2,google_trends_lk
2024-W01,next.js,18.9,google_trends_lk
2024-W02,next.js,17.0,google_trends_lk
2024-W03,next.js,17.3,google_trends_lk
2024-W04,next.js,10.9,google_trends_lk
2024-W05,next.js,14.2,google_trends_lk
2024-W06,next.js,13.5,google_trends_lk
2024-W07,next.js,11.1,google_trends_lk
2024-W08,next.js,16.0,google_trends_lk
2024-W09,next.js,13.0,google_trends_lk
2024-W10,next.js,17.3,google_trends_lk
2024-W11,next.js,11.3,google_trends_lk
2024-W12,next.js,21.2,google_trends_lk
2024-W13,next.js,12.2,google_trends_lk
2024-W14,next.js,16.2,google_trends_lk
2024-W15,next.js,18.3,google_trends_lk
2024-W16,next.js,13.6,google_trends_lk
2024-W17,next.js,18.7,google_trends_lk
2024-W18,next.js,11.5,google_trends_lk
2024-W19,next.js,21.0,google_trends_lk
2024-W20,next.js,16.1,google_trends_lk
2024-W21,next.js,14.1,google_trends_lk
2024-W22,next.js,15.2,google_trends_lk
2024-W23,next.js,19.2,google_trends_lk
2024-W24,next.js,14.5,google_trends_lk
2024-W25,next.js,14.0,google_trends_lk
2024-W26,next.js,15.9,google_trends_lk
2024-W27,next.js,12.7,google_trends_lk
2024-W28,next.js,23.3,google_trends_lk
2024-W29,next.js,15.1,google_trends_lk
2024-W30,next.js,20.1,google_trends_lk
2024-W31,next.js,18.0,google_trends_lk
2024-W32,next.js,13.9,google_trends_lk
2024-W33,next.js,17.5,google_trends_lk
2024-W34,next.js,20.3,google_trends_lk
2024-W35,next.js,17.0,google_trends_lk
2024-W36,next.js,22.0,google_trends_lk
2024-W37,next.js,21.5,google_trends_lk
2024-W38,next.js,21.2,google_trends_lk
2024-W39,next.js,16.5,google_trends_lk
2024-W40,next.js,14.5,google_trends_lk
2024-W41,next.js,16.2,google_trends_lk
2024-W42,next.js,19.1,google_trends_lk
2024-W43,next.js,20.5,google_trends_lk
2024-W44,next.js,11.1,google_trends_lk
2024-W45,next.js,18.7,google_trends_lk
2024-W46,next.js,19.4,google_trends_lk
2024-W47,next.js,18.0,google_trends_lk
2024-W48,next.js,23.6,google_trends_lk
2024-W49,next.js,20.7,google_trends_lk
2024-W50,next.js,23.9,google_trends_lk
2024-W51,next.js,18.7,google_trends_lk
2024-W52,next.js,22.8,google_trends_lk
2024-W53,next.js,25.4,google_trends_lk
2025-W01,next.js,24.3,google_trends_lk
2025-W02,next.js,16.0,google_trends_lk
2025-W03,next.js,19.1,google_trends_lk
2025-W04,next.js,18.9,google_trends_lk
2025-W05,next.js,21.9,google_trends_lk
2025-W06,next.js,22.7,google_trends_lk
2025-W07,next.js,17.5,google_trends_lk
2025-W08,next.js,20.7,google_trends_lk
2025-W09,next.js,13.6,google_trends_lk
2025-W10,next.js,25.8,google_trends_lk
2025-W11,next.js,19.0,google_trends_lk
2025-W12,next.js,21.1,google_trends_lk
2025-W13,next.js,20.0,google_trends_lk
2025-W14,next.js,25.2,google_trends_lk
2025-W15,next.js,11.3,google_trends_lk
2025-W16,next.js,21.3,google_trends_lk
2025-W17,next.js,21.1,google_trends_lk
2025-W18,next.js,20.0,google_trends_lk
2025-W19,next.js,27.7,google_trends_lk
2025-W20,next.js,18.7,google_trends_lk
2025-W21,next.js,24.6,google_trends_lk
2025-W22,next.js,23.3,google_trends_lk
2025-W23,next.js,26.6,google_trends_lk
2025-W24,next.js,19.9,google_trends_lk
2025-W25,next.js,19.8,google_trends_lk
2025-W26,next.js,26.3,google_trends_lk
2025-W27,next.js,24.1,google_trends_lk
2025-W28,next.js,17.3,google_trends_lk
2025-W29,next.js,20.9,google_trends_lk
2025-W30,next.js,24.3,google_trends_lk
2025-W31,next.js,25.9,google_trends_lk
2025-W32,next.js,20.7,google_trends_lk
2025-W33,next.js,13.0,google_trends_lk
2025-W34,next.js,25.2,google_trends_lk
2025-W35,next.js,19.2,google_trends_lk
2025-W36,next.js,16.5,google_trends_lk
2025-W37,next.js,13.7,google_trends_lk
2025-W38,next.js,26.6,google_trends_lk
2025-W39,next.js,24.3,google_trends_lk
2025-W40,next.js,23.2,google_trends_lk
2025-W41,next.js,29.0,google_trends_lk
2025-W42,next.js,26.4,google_trends_lk
2025-W43,next.js,30.0,google_trends_lk
2025-W44,next.js,19.5,google_trends_lk
2025-W45,next.js,24.4,google_trends_lk
2025-W46,next.js,19.0,google_trends_lk
2025-W47,next.js,23.9,google_trends_lk
2025-W48,next.js,24.0,google_trends_lk
2025-W49,next.js,27.2,google_trends_lk
2025-W50,next.js,25.2,google_trends_lk
2025-W51,next.js,27.4,google_trends_lk
2025-W52,next.js,27.7,google_trends_lk
2026-W01,next.js,32.9,google_trends_lk
2026-W02,next.js,24.4,google_trends_lk
2026-W03,next.js,22.3,google_trends_lk
2026-W04,next.js,26.6,google_trends_lk
2026-W05,next.js,23.0,google_trends_lk
2026-W06,next.js,31.1,google_trends_lk
2026-W07,next.js,25.1,google_trends_lk
2026-W08,next.js,24.2,google_trends_lk
2026-W09,next.js,24.6,google_trends_lk
2026-W10,next.js,28.9,google_trends_lk
2026-W11,next.js,25.9,google_trends_lk
2026-W12,next.js,24.3,google_trends_lk
2026-W13,next.js,32.5,google_trends_lk
2026-W14,next.js,23.8,google_trends_lk
2026-W15,next.js,27.0,google_trends_lk
2026-W16,next.js,29.3,google_trends_lk
2026-W17,next.js,21.4,google_trends_lk
2026-W18,next.js,28.9,google_trends_lk
2026-W19,next.js,23.7,google_trends_lk
2026-W20,next.js,30.3,google_trends_lk
2026-W21,next.js,24.2,google_trends_lk
2026-W22,next.js,30.1,google_trends_lk
2026-W23,next.js,31.7,google_trends_lk
2026-W24,next.js,30.9,google_trends_lk
2026-W25,next.js,28.9,google_trends_lk
2024-W01,svelte,6.6,google_trends_lk
2024-W02,svelte,2.0,google_trends_lk
2024-W03,svelte,6.4,google_trends_lk
2024-W04,svelte,2.0,google_trends_lk
2024-W05,svelte,5.2,google_trends_lk
2024-W06,svelte,3.2,google_trends_lk
2024-W07,svelte,8.8,google_trends_lk
2024-W08,svelte,2.0,google_trends_lk
2024-W09,svelte,6.4,google_trends_lk
2024-W10,svelte,3.2,google_trends_lk
2024-W11,svelte,3.7,google_trends_lk
2024-W12,svelte,3.6,google_trends_lk
2024-W13,svelte,2.0,google_trends_lk
2024-W14,svelte,4.3,google_trends_lk
2024-W15,svelte,4.1,google_trends_lk
2024-W16,svelte,5.2,google_trends_lk
2024-W17,svelte,4.7,google_trends_lk
2024-W18,svelte,7.2,google_trends_lk
2024-W19,svelte,7.7,google_trends_lk
2024-W20,svelte,2.0,google_trends_lk
2024-W21,svelte,7.5,google_trends_lk
2024-W22,svelte,2.0,google_trends_lk
2024-W23,svelte,6.6,google_trends_lk
2024-W24,svelte,6.7,google_trends_lk
2024-W25,svelte,2.0,google_trends_lk
2024-W26,svelte,4.9,google_trends_lk
2024-W27,svelte,3.0,google_trends_lk
2024-W28,svelte,2.0,google_trends_lk
2024-W29,svelte,9.4,google_trends_lk
2024-W30,svelte,2.4,google_trends_lk
2024-W31,svelte,2.0,google_trends_lk
2024-W32,svelte,5.0,google_trends_lk
2024-W33,svelte,7.1,google_trends_lk
2024-W34,svelte,4.3,google_trends_lk
2024-W35,svelte,8.9,google_trends_lk
2024-W36,svelte,6.7,google_trends_lk
2024-W37,svelte,2.0,google_trends_lk
2024-W38,svelte,3.0,google_trends_lk
2024-W39,svelte,2.9,google_trends_lk
2024-W40,svelte,6.6,google_trends_lk
2024-W41,svelte,2.0,google_trends_lk
2024-W42,svelte,13.9,google_trends_lk
2024-W43,svelte,6.8,google_trends_lk
2024-W44,svelte,5.5,google_trends_lk
2024-W45,svelte,9.2,google_trends_lk
2024-W46,svelte,13.2,google_trends_lk
2024-W47,svelte,8.1,google_trends_lk
2024-W48,svelte,8.4,google_trends_lk
2024-W49,svelte,5.6,google_trends_lk
2024-W50,svelte,4.6,google_trends_lk
2024-W51,svelte,3.5,google_trends_lk
2024-W52,svelte,2.3,google_trends_lk
2024-W53,svelte,2.8,google_trends_lk
2025-W01,svelte,2.0,google_trends_lk
2025-W02,svelte,5.0,google_trends_lk
2025-W03,svelte,2.0,google_trends_lk
2025-W04,svelte,6.0,google_trends_lk
2025-W05,svelte,5.2,google_trends_lk
2025-W06,svelte,5.9,google_trends_lk
2025-W07,svelte,3.5,google_trends_lk
2025-W08,svelte,16.2,google_trends_lk
2025-W09,svelte,10.2,google_trends_lk
2025-W10,svelte,2.0,google_trends_lk
2025-W11,svelte,6.3,google_trends_lk
2025-W12,svelte,3.4,google_trends_lk
2025-W13,svelte,2.0,google_trends_lk
2025-W14,svelte,2.0,google_trends_lk
2025-W15,svelte,7.1,google_trends_lk
2025-W16,svelte,3.2,google_trends_lk
2025-W17,svelte,9.0,google_trends_lk
2025-W18,svelte,9.1,google_trends_lk
2025-W19,svelte,10.5,google_trends_lk
2025-W20,svelte,2.7,google_trends_lk
2025-W21,svelte,7.4,google_trends_lk
2025-W22,svelte,7.9,google_trends_lk
2025-W23,svelte,4.1,google_trends_lk
2025-W24,svelte,3.1,google_trends_lk
2025-W25,svelte,11.4,google_trends_lk
2025-W26,svelte,6.6,google_trends_lk
2025-W27,svelte,8.1,google_trends_lk
2025-W28,svelte,3.0,google_trends_lk
2025-W29,svelte,2.0,google_trends_lk
2025-W30,svelte,3.9,google_trends_lk
2025-W31,svelte,5.5,google_trends_lk
2025-W32,svelte,2.2,google_trends_lk
2025-W33,svelte,5.9,google_trends_lk
2025-W34,svelte,2.0,google_trends_lk
2025-W35,svelte,2.1,google_trends_lk
2025-W36,svelte,8.4,google_trends_lk
2025-W37,svelte,8.2,google_trends_lk
2025-W38,svelte,4.7,google_trends_lk
2025-W39,svelte,2.6,google_trends_lk
2025-W40,svelte,2.5,google_trends_lk
2025-W41,svelte,4.9,google_trends_lk
2025-W42,svelte,8.4,google_trends_lk
2025-W43,svelte,9.5,google_trends_lk
2025-W44,svelte,4.5,google_trends_lk
2025-W45,svelte,2.2,google_trends_lk
2025-W46,svelte,7.2,google_trends_lk
2025-W47,svelte,3.4,google_trends_lk
2025-W48,svelte,4.5,google_trends_lk
2025-W49,svelte,11.0,google_trends_lk
2025-W50,svelte,9.3,google_trends_lk
2025-W51,svelte,6.9,google_trends_lk
2025-W52,svelte,2.0,google_trends_lk
2026-W01,svelte,7.2,google_trends_lk
2026-W02,svelte,10.2,google_trends_lk
2026-W03,svelte,5.2,google_trends_lk
2026-W04,svelte,11.2,google_trends_lk
2026-W05,svelte,11.1,google_trends_lk
2026-W06,svelte,12.4,google_trends_lk
2026-W07,svelte,7.6,google_trends_lk
2026-W08,svelte,8.7,google_trends_lk
2026-W09,svelte,11.6,google_trends_lk
2026-W10,svelte,8.2,google_trends_lk
2026-W11,svelte,4.9,google_trends_lk
2026-W12,svelte,5.1,google_trends_lk
2026-W13,svelte,7.6,google_trends_lk
2026-W14,svelte,2.2,google_trends_lk
2026-W15,svelte,6.3,google_trends_lk
2026-W16,svelte,10.6,google_trends_lk
2026-W17,svelte,2.0,google_trends_lk
2026-W18,svelte,12.2,google_trends_lk
2026-W19,svelte,10.8,google_trends_lk
2026-W20,svelte,5.3,google_trends_lk
2026-W21,svelte,8.8,google_trends_lk
2026-W22,svelte,6.9,google_trends_lk
2026-W23,svelte,11.3,google_trends_lk
2026-W24,svelte,10.4,google_trends_lk
2026-W25,svelte,2.1,google_trends_lk
2024-W01,tailwind,10.9,google_trends_lk
2024-W02,tailwind,14.3,google_trends_lk
2024-W03,tailwind,17.4,google_trends_lk
2024-W04,tailwind,9.9,google_trends_lk
2024-W05,tailwind,16.2,google_trends_lk
2024-W06,tailwind,15.9,google_trends_lk
2024-W07,tailwind,15.8,google_trends_lk
2024-W08,tailwind,19.4,google_trends_lk
2024-W09,tailwind,17.1,google_trends_lk
2024-W10,tailwind,21.2,google_trends_lk
2024-W11,tailwind,12.7,google_trends_lk
2024-W12,tailwind,16.8,google_trends_lk
2024-W13,tailwind,16.7,google_trends_lk
2024-W14,tailwind,12.8,google_trends_lk
2024-W15,tailwind,20.0,google_trends_lk
2024-W16,tailwind,24.9,google_trends_lk
2024-W17,tailwind,16.8,google_trends_lk
2024-W18,tailwind,18.7,google_trends_lk
2024-W19,tailwind,17.4,google_trends_lk
2024-W20,tailwind,14.7,google_trends_lk
2024-W21,tailwind,11.0,google_trends_lk
2024-W22,tailwind,15.0,google_trends_lk
2024-W23,tailwind,12.7,google_trends_lk
2024-W24,tailwind,23.6,google_trends_lk
2024-W25,tailwind,17.4,google_trends_lk
2024-W26,tailwind,16.7,google_trends_lk
2024-W27,tailwind,21.1,google_trends_lk
2024-W28,tailwind,14.2,google_trends_lk
2024-W29,tailwind,15.6,google_trends_lk
2024-W30,tailwind,18.6,google_trends_lk
2024-W31,tailwind,22.1,google_trends_lk
2024-W32,tailwind,20.4,google_trends_lk
2024-W33,tailwind,19.6,google_trends_lk
2024-W34,tailwind,19.1,google_trends_lk
2024-W35,tailwind,20.4,google_trends_lk
2024-W36,tailwind,19.8,google_trends_lk
2024-W37,tailwind,15.6,google_trends_lk
2024-W38,tailwind,19.5,google_trends_lk
2024-W39,tailwind,15.7,google_trends_lk
2024-W40,tailwind,19.8,google_trends_lk
2024-W41,tailwind,18.0,google_trends_lk
2024-W42,tailwind,28.7,google_trends_lk
2024-W43,tailwind,19.7,google_trends_lk
2024-W44,tailwind,15.1,google_trends_lk
2024-W45,tailwind,19.6,google_trends_lk
2024-W46,tailwind,22.1,google_trends_lk
2024-W47,tailwind,26.2,google_trends_lk
2024-W48,tailwind,18.4,google_trends_lk
2024-W49,tailwind,15.0,google_trends_lk
2024-W50,tailwind,23.6,google_trends_lk
2024-W51,tailwind,16.0,google_trends_lk
2024-W52,tailwind,19.4,google_trends_lk
2024-W53,tailwind,20.1,google_trends_lk
2025-W01,tailwind,20.9,google_trends_lk
2025-W02,tailwind,23.7,google_trends_lk
2025-W03,tailwind,19.0,google_trends_lk
2025-W04,tailwind,20.6,google_trends_lk
2025-W05,tailwind,21.6,google_trends_lk
2025-W06,tailwind,22.3,google_trends_lk
2025-W07,tailwind,22.2,google_trends_lk
2025-W08,tailwind,23.5,google_trends_lk
2025-W09,tailwind,25.0,google_trends_lk
2025-W10,tailwind,23.6,google_trends_lk
2025-W11,tailwind,23.9,google_trends_lk
2025-W12,tailwind,16.9,google_trends_lk
2025-W13,tailwind,22.7,google_trends_lk
2025-W14,tailwind,24.4,google_trends_lk
2025-W15,tailwind,25.3,google_trends_lk
2025-W16,tailwind,20.5,google_trends_lk
2025-W17,tailwind,20.7,google_trends_lk
2025-W18,tailwind,21.1,google_trends_lk
2025-W19,tailwind,25.1,google_trends_lk
2025-W20,tailwind,27.0,google_trends_lk
2025-W21,tailwind,22.1,google_trends_lk
2025-W22,tailwind,26.8,google_trends_lk
2025-W23,tailwind,24.2,google_trends_lk
2025-W24,tailwind,23.4,google_trends_lk
2025-W25,tailwind,23.2,google_trends_lk
2025-W26,tailwind,26.7,google_trends_lk
2025-W27,tailwind,25.3,google_trends_lk
2025-W28,tailwind,32.3,google_trends_lk
2025-W29,tailwind,21.4,google_trends_lk
2025-W30,tailwind,26.3,google_trends_lk
2025-W31,tailwind,22.8,google_trends_lk
2025-W32,tailwind,21.7,google_trends_lk
2025-W33,tailwind,24.8,google_trends_lk
2025-W34,tailwind,25.5,google_trends_lk
2025-W35,tailwind,35.3,google_trends_lk
2025-W36,tailwind,24.6,google_trends_lk
2025-W37,tailwind,21.4,google_trends_lk
2025-W38,tailwind,26.4,google_trends_lk
2025-W39,tailwind,18.3,google_trends_lk
2025-W40,tailwind,25.4,google_trends_lk
2025-W41,tailwind,25.9,google_trends_lk
2025-W42,tailwind,28.7,google_trends_lk
2025-W43,tailwind,29.5,google_trends_lk
2025-W44,tailwind,24.4,google_trends_lk
2025-W45,tailwind,25.8,google_trends_lk
2025-W46,tailwind,23.7,google_trends_lk
2025-W47,tailwind,22.6,google_trends_lk
2025-W48,tailwind,27.7,google_trends_lk
2025-W49,tailwind,22.3,google_trends_lk
2025-W50,tailwind,25.4,google_trends_lk
2025-W51,tailwind,23.5,google_trends_lk
2025-W52,tailwind,29.0,google_trends_lk
2026-W01,tailwind,33.5,google_trends_lk
2026-W02,tailwind,22.8,google_trends_lk
2026-W03,tailwind,21.0,google_trends_lk
2026-W04,tailwind,27.1,google_trends_lk
2026-W05,tailwind,27.7,google_trends_lk
2026-W06,tailwind,28.6,google_trends_lk
2026-W07,tailwind,26.3,google_trends_lk
2026-W08,tailwind,27.3,google_trends_lk
2026-W09,tailwind,29.4,google_trends_lk
2026-W10,tailwind,31.9,google_trends_lk
2026-W11,tailwind,21.5,google_trends_lk
2026-W12,tailwind,27.2,google_trends_lk
2026-W13,tailwind,29.4,google_trends_lk
2026-W14,tailwind,25.5,google_trends_lk
2026-W15,tailwind,34.9,google_trends_lk
2026-W16,tailwind,26.7,google_trends_lk
2026-W17,tailwind,28.9,google_trends_lk
2026-W18,tailwind,31.1,google_trends_lk
2026-W19,tailwind,27.2,google_trends_lk
2026-W20,tailwind,23.0,google_trends_lk
2026-W21,tailwind,28.0,google_trends_lk
2026-W22,tailwind,33.3,google_trends_lk
2026-W23,tailwind,28.6,google_trends_lk
2026-W24,tailwind,26.9,google_trends_lk
2026-W25,tailwind,33.2,google_trends_lk
2024-W01,graphql,11.1,google_trends_lk
2024-W02,graphql,12.1,google_trends_lk
2024-W03,graphql,14.0,google_trends_lk
2024-W04,graphql,17.3,google_trends_lk
2024-W05,graphql,10.5,google_trends_lk
2024-W06,graphql,11.5,google_trends_lk
2024-W07,graphql,11.4,google_trends_lk
2024-W08,graphql,10.5,google_trends_lk
2024-W09,graphql,12.1,google_trends_lk
2024-W10,graphql,16.0,google_trends_lk
2024-W11,graphql,9.7,google_trends_lk
2024-W12,graphql,14.9,google_trends_lk
2024-W13,graphql,7.5,google_trends_lk
2024-W14,graphql,11.5,google_trends_lk
2024-W15,graphql,12.4,google_trends_lk
2024-W16,graphql,19.4,google_trends_lk
2024-W17,graphql,12.7,google_trends_lk
2024-W18,graphql,6.0,google_trends_lk
2024-W19,graphql,6.7,google_trends_lk
2024-W20,graphql,13.9,google_trends_lk
2024-W21,graphql,15.9,google_trends_lk
2024-W22,graphql,15.1,google_trends_lk
2024-W23,graphql,14.4,google_trends_lk
2024-W24,graphql,18.0,google_trends_lk
2024-W25,graphql,12.0,google_trends_lk
2024-W26,graphql,17.1,google_trends_lk
2024-W27,graphql,8.3,google_trends_lk
2024-W28,graphql,10.9,google_trends_lk
2024-W29,graphql,7.8,google_trends_lk
2024-W30,graphql,13.2,google_trends_lk
2024-W31,graphql,14.0,google_trends_lk
2024-W32,graphql,14.6,google_trends_lk
2024-W33,graphql,14.5,google_trends_lk
2024-W34,graphql,11.0,google_trends_lk
2024-W35,graphql,13.7,google_trends_lk
2024-W36,graphql,9.1,google_trends_lk
2024-W37,graphql,19.2,google_trends_lk
2024-W38,graphql,13.4,google_trends_lk
2024-W39,graphql,12.8,google_trends_lk
2024-W40,graphql,20.1,google_trends_lk
2024-W41,graphql,10.2,google_trends_lk
2024-W42,graphql,10.6,google_trends_lk
2024-W43,graphql,10.8,google_trends_lk
2024-W44,graphql,14.4,google_trends_lk
2024-W45,graphql,16.2,google_trends_lk
2024-W46,graphql,17.3,google_trends_lk
2024-W47,graphql,23.8,google_trends_lk
2024-W48,graphql,6.9,google_trends_lk
2024-W49,graphql,17.0,google_trends_lk
2024-W50,graphql,12.9,google_trends_lk
2024-W51,graphql,12.9,google_trends_lk
2024-W52,graphql,12.8,google_trends_lk
2024-W53,graphql,11.8,google_trends_lk
2025-W01,graphql,21.0,google_trends_lk
2025-W02,graphql,18.0,google_trends_lk
2025-W03,graphql,15.2,google_trends_lk
2025-W04,graphql,19.9,google_trends_lk
2025-W05,graphql,9.9,google_trends_lk
2025-W06,graphql,10.6,google_trends_lk
2025-W07,graphql,7.7,google_trends_lk
2025-W08,graphql,12.9,google_trends_lk
2025-W09,graphql,15.9,google_trends_lk
2025-W10,graphql,15.8,google_trends_lk
2025-W11,graphql,16.0,google_trends_lk
2025-W12,graphql,10.5,google_trends_lk
2025-W13,graphql,18.3,google_trends_lk
2025-W14,graphql,16.4,google_trends_lk
2025-W15,graphql,18.2,google_trends_lk
2025-W16,graphql,9.0,google_trends_lk
2025-W17,graphql,16.8,google_trends_lk
2025-W18,graphql,11.6,google_trends_lk
2025-W19,graphql,14.4,google_trends_lk
2025-W20,graphql,17.7,google_trends_lk
2025-W21,graphql,16.1,google_trends_lk
2025-W22,graphql,12.9,google_trends_lk
2025-W23,graphql,15.9,google_trends_lk
2025-W24,graphql,10.6,google_trends_lk
2025-W25,graphql,20.0,google_trends_lk
2025-W26,graphql,15.3,google_trends_lk
2025-W27,graphql,20.0,google_trends_lk
2025-W28,graphql,14.3,google_trends_lk
2025-W29,graphql,14.3,google_trends_lk
2025-W30,graphql,13.5,google_trends_lk
2025-W31,graphql,19.3,google_trends_lk
2025-W32,graphql,13.8,google_trends_lk
2025-W33,graphql,18.6,google_trends_lk
2025-W34,graphql,15.0,google_trends_lk
2025-W35,graphql,9.5,google_trends_lk
2025-W36,graphql,14.4,google_trends_lk
2025-W37,graphql,12.3,google_trends_lk
2025-W38,graphql,16.6,google_trends_lk
2025-W39,graphql,12.4,google_trends_lk
2025-W40,graphql,19.8,google_trends_lk
2025-W41,graphql,16.3,google_trends_lk
2025-W42,graphql,16.0,google_trends_lk
2025-W43,graphql,19.0,google_trends_lk
2025-W44,graphql,20.1,google_trends_lk
2025-W45,graphql,16.7,google_trends_lk
2025-W46,graphql,14.1,google_trends_lk
2025-W47,graphql,10.6,google_trends_lk
2025-W48,graphql,14.5,google_trends_lk
2025-W49,graphql,14.8,google_trends_lk
2025-W50,graphql,17.3,google_trends_lk
2025-W51,graphql,15.8,google_trends_lk
2025-W52,graphql,19.4,google_trends_lk
2026-W01,graphql,14.9,google_trends_lk
2026-W02,graphql,16.9,google_trends_lk
2026-W03,graphql,21.3,google_trends_lk
2026-W04,graphql,18.4,google_trends_lk
2026-W05,graphql,17.0,google_trends_lk
2026-W06,graphql,15.2,google_trends_lk
2026-W07,graphql,15.1,google_trends_lk
2026-W08,graphql,14.4,google_trends_lk
2026-W09,graphql,15.5,google_trends_lk
2026-W10,graphql,20.1,google_trends_lk
2026-W11,graphql,16.7,google_trends_lk
2026-W12,graphql,12.8,google_trends_lk
2026-W13,graphql,23.7,google_trends_lk
2026-W14,graphql,18.7,google_trends_lk
2026-W15,graphql,12.7,google_trends_lk
2026-W16,graphql,16.1,google_trends_lk
2026-W17,graphql,18.1,google_trends_lk
2026-W18,graphql,23.7,google_trends_lk
2026-W19,graphql,13.9,google_trends_lk
2026-W20,graphql,21.2,google_trends_lk
2026-W21,graphql,22.7,google_trends_lk
2026-W22,graphql,15.7,google_trends_lk
2026-W23,graphql,17.0,google_trends_lk
2026-W24,graphql,14.3,google_trends_lk
2026-W25,graphql,17.3,google_trends_lk
2024-W01,nodejs,42.1,google_trends_lk
2024-W02,nodejs,43.1,google_trends_lk
2024-W03,nodejs,41.3,google_trends_lk
2024-W04,nodejs,45.3,google_trends_lk
2024-W05,nodejs,47.8,google_trends_lk
2024-W06,nodejs,37.8,google_trends_lk
2024-W07,nodejs,45.3,google_trends_lk
2024-W08,nodejs,42.9,google_trends_lk
2024-W09,nodejs,44.2,google_trends_lk
2024-W10,nodejs,45.4,google_trends_lk
2024-W11,nodejs,43.1,google_trends_lk
2024-W12,nodejs,43.4,google_trends_lk
2024-W13,nodejs,43.0,google_trends_lk
2024-W14,nodejs,47.1,google_trends_lk
2024-W15,nodejs,45.1,google_trends_lk
2024-W16,nodejs,44.4,google_trends_lk
2024-W17,nodejs,39.2,google_trends_lk
2024-W18,nodejs,42.3,google_trends_lk
2024-W19,nodejs,46.7,google_trends_lk
2024-W20,nodejs,43.7,google_trends_lk
2024-W21,nodejs,45.8,google_trends_lk
2024-W22,nodejs,49.7,google_trends_lk
2024-W23,nodejs,47.1,google_trends_lk
2024-W24,nodejs,43.8,google_trends_lk
2024-W25,nodejs,41.7,google_trends_lk
2024-W26,nodejs,34.5,google_trends_lk
2024-W27,nodejs,42.8,google_trends_lk
2024-W28,nodejs,42.2,google_trends_lk
2024-W29,nodejs,44.7,google_trends_lk
2024-W30,nodejs,42.8,google_trends_lk
2024-W31,nodejs,42.2,google_trends_lk
2024-W32,nodejs,37.1,google_trends_lk
2024-W33,nodejs,40.0,google_trends_lk
2024-W34,nodejs,44.9,google_trends_lk
2024-W35,nodejs,49.2,google_trends_lk
2024-W36,nodejs,42.8,google_trends_lk
2024-W37,nodejs,44.3,google_trends_lk
2024-W38,nodejs,46.5,google_trends_lk
2024-W39,nodejs,40.3,google_trends_lk
2024-W40,nodejs,44.4,google_trends_lk
2024-W41,nodejs,40.5,google_trends_lk
2024-W42,nodejs,46.1,google_trends_lk
2024-W43,nodejs,43.6,google_trends_lk
2024-W44,nodejs,44.0,google_trends_lk
2024-W45,nodejs,40.2,google_trends_lk
2024-W46,nodejs,45.4,google_trends_lk
2024-W47,nodejs,50.2,google_trends_lk
2024-W48,nodejs,39.4,google_trends_lk
2024-W49,nodejs,41.7,google_trends_lk
2024-W50,nodejs,43.7,google_trends_lk
2024-W51,nodejs,45.6,google_trends_lk
2024-W52,nodejs,40.9,google_trends_lk
2024-W53,nodejs,32.9,google_trends_lk
2025-W01,nodejs,47.5,google_trends_lk
2025-W02,nodejs,45.4,google_trends_lk
2025-W03,nodejs,36.6,google_trends_lk
2025-W04,nodejs,40.6,google_trends_lk
2025-W05,nodejs,48.2,google_trends_lk
2025-W06,nodejs,47.7,google_trends_lk
2025-W07,nodejs,45.9,google_trends_lk
2025-W08,nodejs,42.0,google_trends_lk
2025-W09,nodejs,42.9,google_trends_lk
2025-W10,nodejs,42.1,google_trends_lk
2025-W11,nodejs,46.5,google_trends_lk
2025-W12,nodejs,39.4,google_trends_lk
2025-W13,nodejs,39.7,google_trends_lk
2025-W14,nodejs,46.0,google_trends_lk
2025-W15,nodejs,42.3,google_trends_lk
2025-W16,nodejs,47.2,google_trends_lk
2025-W17,nodejs,40.0,google_trends_lk
2025-W18,nodejs,42.2,google_trends_lk
2025-W19,nodejs,39.1,google_trends_lk
2025-W20,nodejs,42.4,google_trends_lk
2025-W21,nodejs,37.1,google_trends_lk
2025-W22,nodejs,40.6,google_trends_lk
2025-W23,nodejs,37.2,google_trends_lk
2025-W24,nodejs,44.7,google_trends_lk
2025-W25,nodejs,44.7,google_trends_lk
2025-W26,nodejs,36.1,google_trends_lk
2025-W27,nodejs,46.8,google_trends_lk
2025-W28,nodejs,50.9,google_trends_lk
2025-W29,nodejs,42.3,google_trends_lk
2025-W30,nodejs,39.8,google_trends_lk
2025-W31,nodejs,52.0,google_trends_lk
2025-W32,nodejs,37.4,google_trends_lk
2025-W33,nodejs,42.1,google_trends_lk
2025-W34,nodejs,42.6,google_trends_lk
2025-W35,nodejs,46.7,google_trends_lk
2025-W36,nodejs,43.2,google_trends_lk
2025-W37,nodejs,40.2,google_trends_lk
2025-W38,nodejs,38.6,google_trends_lk
2025-W39,nodejs,40.7,google_trends_lk
2025-W40,nodejs,38.3,google_trends_lk
2025-W41,nodejs,42.0,google_trends_lk
2025-W42,nodejs,39.8,google_trends_lk
2025-W43,nodejs,36.6,google_trends_lk
2025-W44,nodejs,46.2,google_trends_lk
2025-W45,nodejs,40.0,google_trends_lk
2025-W46,nodejs,37.3,google_trends_lk
2025-W47,nodejs,41.1,google_trends_lk
2025-W48,nodejs,41.9,google_trends_lk
2025-W49,nodejs,35.5,google_trends_lk
2025-W50,nodejs,42.8,google_trends_lk
2025-W51,nodejs,37.9,google_trends_lk
2025-W52,nodejs,47.6,google_trends_lk
2026-W01,nodejs,43.4,google_trends_lk
2026-W02,nodejs,40.1,google_trends_lk
2026-W03,nodejs,38.9,google_trends_lk
2026-W04,nodejs,41.1,google_trends_lk
2026-W05,nodejs,43.6,google_trends_lk
2026-W06,nodejs,41.4,google_trends_lk
2026-W07,nodejs,40.7,google_trends_lk
2026-W08,nodejs,41.6,google_trends_lk
2026-W09,nodejs,39.3,google_trends_lk
2026-W10,nodejs,40.1,google_trends_lk
2026-W11,nodejs,34.0,google_trends_lk
2026-W12,nodejs,44.7,google_trends_lk
2026-W13,nodejs,42.3,google_trends_lk
2026-W14,nodejs,38.5,google_trends_lk
2026-W15,nodejs,47.9,google_trends_lk
2026-W16,nodejs,41.5,google_trends_lk
2026-W17,nodejs,37.6,google_trends_lk
2026-W18,nodejs,44.2,google_trends_lk
2026-W19,nodejs,42.5,google_trends_lk
2026-W20,nodejs,42.5,google_trends_lk
2026-W21,nodejs,39.6,google_trends_lk
2026-W22,nodejs,42.6,google_trends_lk
2026-W23,nodejs,40.1,google_trends_lk
2026-W24,nodejs,43.0,google_trends_lk
2026-W25,nodejs,34.3,google_trends_lk
2024-W01,django,19.9,google_trends_lk
2024-W02,django,17.4,google_trends_lk
2024-W03,django,21.2,google_trends_lk
2024-W04,django,15.6,google_trends_lk
2024-W05,django,14.2,google_trends_lk
2024-W06,django,12.8,google_trends_lk
2024-W07,django,11.3,google_trends_lk
2024-W08,django,17.3,google_trends_lk
2024-W09,django,18.1,google_trends_lk
2024-W10,django,16.9,google_trends_lk
2024-W11,django,23.5,google_trends_lk
2024-W12,django,23.5,google_trends_lk
2024-W13,django,18.0,google_trends_lk
2024-W14,django,12.9,google_trends_lk
2024-W15,django,17.2,google_trends_lk
2024-W16,django,17.1,google_trends_lk
2024-W17,django,16.9,google_trends_lk
2024-W18,django,16.8,google_trends_lk
2024-W19,django,17.0,google_trends_lk
2024-W20,django,17.9,google_trends_lk
2024-W21,django,17.1,google_trends_lk
2024-W22,django,20.1,google_trends_lk
2024-W23,django,20.6,google_trends_lk
2024-W24,django,16.2,google_trends_lk
2024-W25,django,23.8,google_trends_lk
2024-W26,django,16.0,google_trends_lk
2024-W27,django,13.7,google_trends_lk
2024-W28,django,20.8,google_trends_lk
2024-W29,django,16.6,google_trends_lk
2024-W30,django,20.6,google_trends_lk
2024-W31,django,11.1,google_trends_lk
2024-W32,django,24.4,google_trends_lk
2024-W33,django,21.8,google_trends_lk
2024-W34,django,14.3,google_trends_lk
2024-W35,django,14.4,google_trends_lk
2024-W36,django,25.4,google_trends_lk
2024-W37,django,17.0,google_trends_lk
2024-W38,django,16.7,google_trends_lk
2024-W39,django,11.7,google_trends_lk
2024-W40,django,18.4,google_trends_lk
2024-W41,django,18.8,google_trends_lk
2024-W42,django,22.1,google_trends_lk
2024-W43,django,14.8,google_trends_lk
2024-W44,django,14.3,google_trends_lk
2024-W45,django,21.3,google_trends_lk
2024-W46,django,23.2,google_trends_lk
2024-W47,django,14.2,google_trends_lk
2024-W48,django,23.5,google_trends_lk
2024-W49,django,19.9,google_trends_lk
2024-W50,django,23.6,google_trends_lk
2024-W51,django,19.5,google_trends_lk
2024-W52,django,11.0,google_trends_lk
2024-W53,django,19.3,google_trends_lk
2025-W01,django,23.5,google_trends_lk
2025-W02,django,16.7,google_trends_lk
2025-W03,django,18.5,google_trends_lk
2025-W04,django,19.3,google_trends_lk
2025-W05,django,9.7,google_trends_lk
2025-W06,django,25.7,google_trends_lk
2025-W07,django,16.8,google_trends_lk
2025-W08,django,21.7,google_trends_lk
2025-W09,django,19.6,google_trends_lk
2025-W10,django,24.4,google_trends_lk
2025-W11,django,21.4,google_trends_lk
2025-W12,django,19.2,google_trends_lk
2025-W13,django,16.9,google_trends_lk
2025-W14,django,22.8,google_trends_lk
2025-W15,django,13.5,google_trends_lk
2025-W16,django,22.3,google_trends_lk
2025-W17,django,16.2,google_trends_lk
2025-W18,django,24.5,google_trends_lk
2025-W19,django,20.7,google_trends_lk
2025-W20,django,22.4,google_trends_lk
2025-W21,django,20.4,google_trends_lk
2025-W22,django,14.0,google_trends_lk
2025-W23,django,17.2,google_trends_lk
2025-W24,django,22.5,google_trends_lk
2025-W25,django,20.8,google_trends_lk
2025-W26,django,24.3,google_trends_lk
2025-W27,django,21.6,google_trends_lk
2025-W28,django,16.9,google_trends_lk
2025-W29,django,17.5,google_trends_lk
2025-W30,django,20.6,google_trends_lk
2025-W31,django,12.2,google_trends_lk
2025-W32,django,26.2,google_trends_lk
2025-W33,django,21.9,google_trends_lk
2025-W34,django,24.6,google_trends_lk
2025-W35,django,14.8,google_trends_lk
2025-W36,django,24.7,google_trends_lk
2025-W37,django,28.2,google_trends_lk
2025-W38,django,15.8,google_trends_lk
2025-W39,django,23.1,google_trends_lk
2025-W40,django,20.4,google_trends_lk
2025-W41,django,15.0,google_trends_lk
2025-W42,django,22.2,google_trends_lk
2025-W43,django,23.4,google_trends_lk
2025-W44,django,18.4,google_trends_lk
2025-W45,django,24.6,google_trends_lk
2025-W46,django,14.7,google_trends_lk
2025-W47,django,15.3,google_trends_lk
2025-W48,django,21.0,google_trends_lk
2025-W49,django,20.7,google_trends_lk
2025-W50,django,18.1,google_trends_lk
2025-W51,django,23.4,google_trends_lk
2025-W52,django,22.5,google_trends_lk
2026-W01,django,23.6,google_trends_lk
2026-W02,django,20.2,google_trends_lk
2026-W03,django,22.8,google_trends_lk
2026-W04,django,19.1,google_trends_lk
2026-W05,django,27.9,google_trends_lk
2026-W06,django,17.9,google_trends_lk
2026-W07,django,28.1,google_trends_lk
2026-W08,django,20.9,google_trends_lk
2026-W09,django,15.9,google_trends_lk
2026-W10,django,25.6,google_trends_lk
2026-W11,django,21.2,google_trends_lk
2026-W12,django,23.8,google_trends_lk
2026-W13,django,25.1,google_trends_lk
2026-W14,django,22.0,google_trends_lk
2026-W15,django,18.8,google_trends_lk
2026-W16,django,24.3,google_trends_lk
2026-W17,django,20.9,google_trends_lk
2026-W18,django,23.3,google_trends_lk
2026-W19,django,13.4,google_trends_lk
2026-W20,django,22.5,google_trends_lk
2026-W21,django,18.7,google_trends_lk
2026-W22,django,26.7,google_trends_lk
2026-W23,django,23.1,google_trends_lk
2026-W24,django,21.8,google_trends_lk
2026-W25,django,22.7,google_trends_lk
2024-W01,flask,17.6,google_trends_lk
2024-W02,flask,9.6,google_trends_lk
2024-W03,flask,15.7,google_trends_lk
2024-W04,flask,10.9,google_trends_lk
2024-W05,flask,13.2,google_trends_lk
2024-W06,flask,10.4,google_trends_lk
2024-W07,flask,16.8,google_trends_lk
2024-W08,flask,11.0,google_trends_lk
2024-W09,flask,15.9,google_trends_lk
2024-W10,flask,12.7,google_trends_lk
2024-W11,flask,13.5,google_trends_lk
2024-W12,flask,14.4,google_trends_lk
2024-W13,flask,11.2,google_trends_lk
2024-W14,flask,14.6,google_trends_lk
2024-W15,flask,19.2,google_trends_lk
2024-W16,flask,11.2,google_trends_lk
2024-W17,flask,18.0,google_trends_lk
2024-W18,flask,19.1,google_trends_lk
2024-W19,flask,11.0,google_trends_lk
2024-W20,flask,8.8,google_trends_lk
2024-W21,flask,14.9,google_trends_lk
2024-W22,flask,11.9,google_trends_lk
2024-W23,flask,20.4,google_trends_lk
2024-W24,flask,13.9,google_trends_lk
2024-W25,flask,11.0,google_trends_lk
2024-W26,flask,9.8,google_trends_lk
2024-W27,flask,17.6,google_trends_lk
2024-W28,flask,11.8,google_trends_lk
2024-W29,flask,13.9,google_trends_lk
2024-W30,flask,17.1,google_trends_lk
2024-W31,flask,12.1,google_trends_lk
2024-W32,flask,13.6,google_trends_lk
2024-W33,flask,13.7,google_trends_lk
2024-W34,flask,16.1,google_trends_lk
2024-W35,flask,15.8,google_trends_lk
2024-W36,flask,13.0,google_trends_lk
2024-W37,flask,13.9,google_trends_lk
2024-W38,flask,12.4,google_trends_lk
2024-W39,flask,8.5,google_trends_lk
2024-W40,flask,14.6,google_trends_lk
2024-W41,flask,20.3,google_trends_lk
2024-W42,flask,10.6,google_trends_lk
2024-W43,flask,11.0,google_trends_lk
2024-W44,flask,10.6,google_trends_lk
2024-W45,flask,16.2,google_trends_lk
2024-W46,flask,15.2,google_trends_lk
2024-W47,flask,13.1,google_trends_lk
2024-W48,flask,10.4,google_trends_lk
2024-W49,flask,14.0,google_trends_lk
2024-W50,flask,8.1,google_trends_lk
2024-W51,flask,14.1,google_trends_lk
2024-W52,flask,16.7,google_trends_lk
2024-W53,flask,9.2,google_trends_lk
2025-W01,flask,8.2,google_trends_lk
2025-W02,flask,19.1,google_trends_lk
2025-W03,flask,11.4,google_trends_lk
2025-W04,flask,17.5,google_trends_lk
2025-W05,flask,13.0,google_trends_lk
2025-W06,flask,13.0,google_trends_lk
2025-W07,flask,15.1,google_trends_lk
2025-W08,flask,10.4,google_trends_lk
2025-W09,flask,14.0,google_trends_lk
2025-W10,flask,12.2,google_trends_lk
2025-W11,flask,8.9,google_trends_lk
2025-W12,flask,14.7,google_trends_lk
2025-W13,flask,12.6,google_trends_lk
2025-W14,flask,12.9,google_trends_lk
2025-W15,flask,9.2,google_trends_lk
2025-W16,flask,19.0,google_trends_lk
2025-W17,flask,16.5,google_trends_lk
2025-W18,flask,16.8,google_trends_lk
2025-W19,flask,12.4,google_trends_lk
2025-W20,flask,7.4,google_trends_lk
2025-W21,flask,20.3,google_trends_lk
2025-W22,flask,13.2,google_trends_lk
2025-W23,flask,10.8,google_trends_lk
2025-W24,flask,14.9,google_trends_lk
2025-W25,flask,17.5,google_trends_lk
2025-W26,flask,13.3,google_trends_lk
2025-W27,flask,17.9,google_trends_lk
2025-W28,flask,17.2,google_trends_lk
2025-W29,flask,9.6,google_trends_lk
2025-W30,flask,11.0,google_trends_lk
2025-W31,flask,16.7,google_trends_lk
2025-W32,flask,3.9,google_trends_lk
2025-W33,flask,12.8,google_trends_lk
2025-W34,flask,8.3,google_trends_lk
2025-W35,flask,11.7,google_trends_lk
2025-W36,flask,12.3,google_trends_lk
2025-W37,flask,12.1,google_trends_lk
2025-W38,flask,11.4,google_trends_lk
2025-W39,flask,9.5,google_trends_lk
2025-W40,flask,21.3,google_trends_lk
2025-W41,flask,19.8,google_trends_lk
2025-W42,flask,9.2,google_trends_lk
2025-W43,flask,18.8,google_trends_lk
2025-W44,flask,11.9,google_trends_lk
2025-W45,flask,13.7,google_trends_lk
2025-W46,flask,13.0,google_trends_lk
2025-W47,flask,10.9,google_trends_lk
2025-W48,flask,16.7,google_trends_lk
2025-W49,flask,13.7,google_trends_lk
2025-W50,flask,11.5,google_trends_lk
2025-W51,flask,8.6,google_trends_lk
2025-W52,flask,10.1,google_trends_lk
2026-W01,flask,7.4,google_trends_lk
2026-W02,flask,13.2,google_trends_lk
2026-W03,flask,9.0,google_trends_lk
2026-W04,flask,12.2,google_trends_lk
2026-W05,flask,18.0,google_trends_lk
2026-W06,flask,17.3,google_trends_lk
2026-W07,flask,13.0,google_trends_lk
2026-W08,flask,12.8,google_trends_lk
2026-W09,flask,19.7,google_trends_lk
2026-W10,flask,14.9,google_trends_lk
2026-W11,flask,12.0,google_trends_lk
2026-W12,flask,8.1,google_trends_lk
2026-W13,flask,14.5,google_trends_lk
2026-W14,flask,16.0,google_trends_lk
2026-W15,flask,10.9,google_trends_lk
2026-W16,flask,14.1,google_trends_lk
2026-W17,flask,11.8,google_trends_lk
2026-W18,flask,12.4,google_trends_lk
2026-W19,flask,4.3,google_trends_lk
2026-W20,flask,12.3,google_trends_lk
2026-W21,flask,16.4,google_trends_lk
2026-W22,flask,10.8,google_trends_lk
2026-W23,flask,13.2,google_trends_lk
2026-W24,flask,10.4,google_trends_lk
2026-W25,flask,14.3,google_trends_lk
2024-W01,fastapi,7.1,google_trends_lk
2024-W02,fastapi,7.5,google_trends_lk
2024-W03,fastapi,12.2,google_trends_lk
2024-W04,fastapi,12.8,google_trends_lk
2024-W05,fastapi,7.9,google_trends_lk
2024-W06,fastapi,12.5,google_trends_lk
2024-W07,fastapi,10.0,google_trends_lk
2024-W08,fastapi,9.1,google_trends_lk
2024-W09,fastapi,12.2,google_trends_lk
2024-W10,fastapi,9.4,google_trends_lk
2024-W11,fastapi,16.4,google_trends_lk
2024-W12,fastapi,4.3,google_trends_lk
2024-W13,fastapi,7.7,google_trends_lk
2024-W14,fastapi,9.2,google_trends_lk
2024-W15,fastapi,11.3,google_trends_lk
2024-W16,fastapi,14.3,google_trends_lk
2024-W17,fastapi,9.9,google_trends_lk
2024-W18,fastapi,5.1,google_trends_lk
2024-W19,fastapi,13.2,google_trends_lk
2024-W20,fastapi,13.0,google_trends_lk
2024-W21,fastapi,3.7,google_trends_lk
2024-W22,fastapi,10.6,google_trends_lk
2024-W23,fastapi,5.2,google_trends_lk
2024-W24,fastapi,8.5,google_trends_lk
2024-W25,fastapi,7.8,google_trends_lk
2024-W26,fastapi,13.9,google_trends_lk
2024-W27,fastapi,11.6,google_trends_lk
2024-W28,fastapi,6.8,google_trends_lk
2024-W29,fastapi,14.6,google_trends_lk
2024-W30,fastapi,6.6,google_trends_lk
2024-W31,fastapi,12.9,google_trends_lk
2024-W32,fastapi,9.0,google_trends_lk
2024-W33,fastapi,10.7,google_trends_lk
2024-W34,fastapi,13.9,google_trends_lk
2024-W35,fastapi,14.0,google_trends_lk
2024-W36,fastapi,17.0,google_trends_lk
2024-W37,fastapi,12.2,google_trends_lk
2024-W38,fastapi,13.7,google_trends_lk
2024-W39,fastapi,11.2,google_trends_lk
2024-W40,fastapi,13.5,google_trends_lk
2024-W41,fastapi,14.5,google_trends_lk
2024-W42,fastapi,12.7,google_trends_lk
2024-W43,fastapi,6.9,google_trends_lk
2024-W44,fastapi,14.5,google_trends_lk
2024-W45,fastapi,14.7,google_trends_lk
2024-W46,fastapi,11.2,google_trends_lk
2024-W47,fastapi,9.2,google_trends_lk
2024-W48,fastapi,19.0,google_trends_lk
2024-W49,fastapi,15.7,google_trends_lk
2024-W50,fastapi,13.3,google_trends_lk
2024-W51,fastapi,10.2,google_trends_lk
2024-W52,fastapi,11.4,google_trends_lk
2024-W53,fastapi,19.0,google_trends_lk
2025-W01,fastapi,15.1,google_trends_lk
2025-W02,fastapi,12.8,google_trends_lk
2025-W03,fastapi,16.6,google_trends_lk
2025-W04,fastapi,12.1,google_trends_lk
2025-W05,fastapi,20.3,google_trends_lk
2025-W06,fastapi,19.9,google_trends_lk
2025-W07,fastapi,13.7,google_trends_lk
2025-W08,fastapi,13.2,google_trends_lk
2025-W09,fastapi,6.4,google_trends_lk
2025-W10,fastapi,10.5,google_trends_lk
2025-W11,fastapi,11.1,google_trends_lk
2025-W12,fastapi,16.4,google_trends_lk
2025-W13,fastapi,14.9,google_trends_lk
2025-W14,fastapi,11.5,google_trends_lk
2025-W15,fastapi,15.3,google_trends_lk
2025-W16,fastapi,18.2,google_trends_lk
2025-W17,fastapi,18.4,google_trends_lk
2025-W18,fastapi,10.0,google_trends_lk
2025-W19,fastapi,16.4,google_trends_lk
2025-W20,fastapi,12.1,google_trends_lk
2025-W21,fastapi,20.2,google_trends_lk
2025-W22,fastapi,19.9,google_trends_lk
2025-W23,fastapi,14.2,google_trends_lk
2025-W24,fastapi,14.7,google_trends_lk
2025-W25,fastapi,15.9,google_trends_lk
2025-W26,fastapi,9.8,google_trends_lk
2025-W27,fastapi,19.0,google_trends_lk
2025-W28,fastapi,17.0,google_trends_lk
2025-W29,fastapi,21.4,google_trends_lk
2025-W30,fastapi,14.3,google_trends_lk
2025-W31,fastapi,16.1,google_trends_lk
2025-W32,fastapi,13.1,google_trends_lk
2025-W33,fastapi,15.0,google_trends_lk
2025-W34,fastapi,14.5,google_trends_lk
2025-W35,fastapi,22.3,google_trends_lk
2025-W36,fastapi,16.5,google_trends_lk
2025-W37,fastapi,19.5,google_trends_lk
2025-W38,fastapi,17.8,google_trends_lk
2025-W39,fastapi,14.8,google_trends_lk
2025-W40,fastapi,18.8,google_trends_lk
2025-W41,fastapi,21.6,google_trends_lk
2025-W42,fastapi,15.4,google_trends_lk
2025-W43,fastapi,22.6,google_trends_lk
2025-W44,fastapi,16.9,google_trends_lk
2025-W45,fastapi,18.3,google_trends_lk
2025-W46,fastapi,22.0,google_trends_lk
2025-W47,fastapi,18.0,google_trends_lk
2025-W48,fastapi,20.5,google_trends_lk
2025-W49,fastapi,19.4,google_trends_lk
2025-W50,fastapi,21.1,google_trends_lk
2025-W51,fastapi,12.4,google_trends_lk
2025-W52,fastapi,14.5,google_trends_lk
2026-W01,fastapi,23.2,google_trends_lk
2026-W02,fastapi,24.8,google_trends_lk
2026-W03,fastapi,18.1,google_trends_lk
2026-W04,fastapi,20.5,google_trends_lk
2026-W05,fastapi,22.6,google_trends_lk
2026-W06,fastapi,24.1,google_trends_lk
2026-W07,fastapi,14.7,google_trends_lk
2026-W08,fastapi,18.8,google_trends_lk
2026-W09,fastapi,20.9,google_trends_lk
2026-W10,fastapi,24.6,google_trends_lk
2026-W11,fastapi,31.0,google_trends_lk
2026-W12,fastapi,21.6,google_trends_lk
2026-W13,fastapi,17.6,google_trends_lk
2026-W14,fastapi,24.0,google_trends_lk
2026-W15,fastapi,27.4,google_trends_lk
2026-W16,fastapi,23.3,google_trends_lk
2026-W17,fastapi,19.8,google_trends_lk
2026-W18,fastapi,26.5,google_trends_lk
2026-W19,fastapi,25.6,google_trends_lk
2026-W20,fastapi,19.8,google_trends_lk
2026-W21,fastapi,24.8,google_trends_lk
2026-W22,fastapi,27.1,google_trends_lk
2026-W23,fastapi,27.9,google_trends_lk
2026-W24,fastapi,23.6,google_trends_lk
2026-W25,fastapi,22.7,google_trends_lk
2024-W01,spring,32.5,google_trends_lk
2024-W02,spring,39.6,google_trends_lk
2024-W03,spring,36.6,google_trends_lk
2024-W04,spring,35.2,google_trends_lk
2024-W05,spring,35.2,google_trends_lk
2024-W06,spring,36.5,google_trends_lk
2024-W07,spring,39.2,google_trends_lk
2024-W08,spring,33.2,google_trends_lk
2024-W09,spring,36.4,google_trends_lk
2024-W10,spring,37.6,google_trends_lk
2024-W11,spring,33.8,google_trends_lk
2024-W12,spring,43.9,google_trends_lk
2024-W13,spring,34.6,google_trends_lk
2024-W14,spring,35.3,google_trends_lk
2024-W15,spring,34.1,google_trends_lk
2024-W16,spring,43.8,google_trends_lk
2024-W17,spring,39.4,google_trends_lk
2024-W18,spring,34.2,google_trends_lk
2024-W19,spring,41.3,google_trends_lk
2024-W20,spring,38.1,google_trends_lk
2024-W21,spring,38.3,google_trends_lk
2024-W22,spring,36.1,google_trends_lk
2024-W23,spring,34.7,google_trends_lk
2024-W24,spring,38.5,google_trends_lk
2024-W25,spring,35.3,google_trends_lk
2024-W26,spring,43.6,google_trends_lk
2024-W27,spring,32.8,google_trends_lk
2024-W28,spring,42.5,google_trends_lk
2024-W29,spring,36.7,google_trends_lk
2024-W30,spring,38.1,google_trends_lk
2024-W31,spring,40.0,google_trends_lk
2024-W32,spring,34.8,google_trends_lk
2024-W33,spring,40.0,google_trends_lk
2024-W34,spring,27.5,google_trends_lk
2024-W35,spring,34.4,google_trends_lk
2024-W36,spring,33.7,google_trends_lk
2024-W37,spring,32.5,google_trends_lk
2024-W38,spring,36.1,google_trends_lk
2024-W39,spring,38.2,google_trends_lk
2024-W40,spring,39.3,google_trends_lk
2024-W41,spring,37.6,google_trends_lk
2024-W42,spring,34.4,google_trends_lk
2024-W43,spring,38.0,google_trends_lk
2024-W44,spring,37.1,google_trends_lk
2024-W45,spring,39.9,google_trends_lk
2024-W46,spring,39.3,google_trends_lk
2024-W47,spring,36.7,google_trends_lk
2024-W48,spring,33.4,google_trends_lk
2024-W49,spring,34.2,google_trends_lk
2024-W50,spring,34.6,google_trends_lk
2024-W51,spring,35.3,google_trends_lk
2024-W52,spring,37.4,google_trends_lk
2024-W53,spring,38.9,google_trends_lk
2025-W01,spring,36.2,google_trends_lk
2025-W02,spring,36.4,google_trends_lk
2025-W03,spring,36.8,google_trends_lk
2025-W04,spring,34.5,google_trends_lk
2025-W05,spring,33.0,google_trends_lk
2025-W06,spring,30.1,google_trends_lk
2025-W07,spring,33.7,google_trends_lk
2025-W08,spring,37.8,google_trends_lk
2025-W09,spring,33.6,google_trends_lk
2025-W10,spring,35.2,google_trends_lk
2025-W11,spring,37.7,google_trends_lk
2025-W12,spring,37.8,google_trends_lk
2025-W13,spring,32.2,google_trends_lk
2025-W14,spring,39.4,google_trends_lk
2025-W15,spring,39.9,google_trends_lk
2025-W16,spring,31.9,google_trends_lk
2025-W17,spring,33.0,google_trends_lk
2025-W18,spring,40.0,google_trends_lk
2025-W19,spring,35.3,google_trends_lk
2025-W20,spring,28.0,google_trends_lk
2025-W21,spring,30.8,google_trends_lk
2025-W22,spring,34.8,google_trends_lk
2025-W23,spring,31.6,google_trends_lk
2025-W24,spring,34.2,google_trends_lk
2025-W25,spring,35.7,google_trends_lk
2025-W26,spring,40.7,google_trends_lk
2025-W27,spring,34.5,google_trends_lk
2025-W28,spring,39.3,google_trends_lk
2025-W29,spring,40.5,google_trends_lk
2025-W30,spring,40.5,google_trends_lk
2025-W31,spring,36.4,google_trends_lk
2025-W32,spring,28.5,google_trends_lk
2025-W33,spring,37.0,google_trends_lk
2025-W34,spring,39.0,google_trends_lk
2025-W35,spring,35.0,google_trends_lk
2025-W36,spring,41.4,google_trends_lk
2025-W37,spring,38.2,google_trends_lk
2025-W38,spring,37.2,google_trends_lk
2025-W39,spring,39.0,google_trends_lk
2025-W40,spring,36.3,google_trends_lk
2025-W41,spring,26.4,google_trends_lk
2025-W42,spring,33.3,google_trends_lk
2025-W43,spring,39.2,google_trends_lk
2025-W44,spring,32.2,google_trends_lk
2025-W45,spring,34.2,google_trends_lk
2025-W46,spring,31.3,google_trends_lk
2025-W47,spring,41.2,google_trends_lk
2025-W48,spring,40.8,google_trends_lk
2025-W49,spring,31.8,google_trends_lk
2025-W50,spring,35.4,google_trends_lk
2025-W51,spring,32.4,google_trends_lk
2025-W52,spring,36.9,google_trends_lk
2026-W01,spring,36.5,google_trends_lk
2026-W02,spring,37.6,google_trends_lk
2026-W03,spring,35.8,google_trends_lk
2026-W04,spring,44.9,google_trends_lk
2026-W05,spring,31.0,google_trends_lk
2026-W06,spring,28.6,google_trends_lk
2026-W07,spring,33.2,google_trends_lk
2026-W08,spring,29.0,google_trends_lk
2026-W09,spring,29.3,google_trends_lk
2026-W10,spring,31.0,google_trends_lk
2026-W11,spring,31.2,google_trends_lk
2026-W12,spring,31.1,google_trends_lk
2026-W13,spring,36.2,google_trends_lk
2026-W14,spring,32.6,google_trends_lk
2026-W15,spring,33.7,google_trends_lk
2026-W16,spring,37.4,google_trends_lk
2026-W17,spring,31.6,google_trends_lk
2026-W18,spring,33.3,google_trends_lk
2026-W19,spring,35.5,google_trends_lk
2026-W20,spring,27.4,google_trends_lk
2026-W21,spring,25.8,google_trends_lk
2026-W22,spring,35.3,google_trends_lk
2026-W23,spring,35.8,google_trends_lk
2026-W24,spring,41.3,google_trends_lk
2026-W25,spring,34.6,google_trends_lk
2024-W01,dotnet,49.5,google_trends_lk
2024-W02,dotnet,58.3,google_trends_lk
2024-W03,dotnet,41.6,google_trends_lk
2024-W04,dotnet,47.5,google_trends_lk
2024-W05,dotnet,43.4,google_trends_lk
2024-W06,dotnet,44.0,google_trends_lk
2024-W07,dotnet,43.3,google_trends_lk
2024-W08,dotnet,41.9,google_trends_lk
2024-W09,dotnet,45.7,google_trends_lk
2024-W10,dotnet,40.6,google_trends_lk
2024-W11,dotnet,49.1,google_trends_lk
2024-W12,dotnet,45.9,google_trends_lk
2024-W13,dotnet,47.2,google_trends_lk
2024-W14,dotnet,44.1,google_trends_lk
2024-W15,dotnet,44.4,google_trends_lk
2024-W16,dotnet,46.7,google_trends_lk
2024-W17,dotnet,41.6,google_trends_lk
2024-W18,dotnet,44.4,google_trends_lk
2024-W19,dotnet,42.6,google_trends_lk
2024-W20,dotnet,42.4,google_trends_lk
2024-W21,dotnet,38.2,google_trends_lk
2024-W22,dotnet,50.2,google_trends_lk
2024-W23,dotnet,43.1,google_trends_lk
2024-W24,dotnet,49.5,google_trends_lk
2024-W25,dotnet,49.2,google_trends_lk
2024-W26,dotnet,40.9,google_trends_lk
2024-W27,dotnet,41.6,google_trends_lk
2024-W28,dotnet,54.3,google_trends_lk
2024-W29,dotnet,51.5,google_trends_lk
2024-W30,dotnet,45.2,google_trends_lk
2024-W31,dotnet,46.2,google_trends_lk
2024-W32,dotnet,43.1,google_trends_lk
2024-W33,dotnet,46.8,google_trends_lk
2024-W34,dotnet,42.7,google_trends_lk
2024-W35,dotnet,38.1,google_trends_lk
2024-W36,dotnet,40.6,google_trends_lk
2024-W37,dotnet,45.2,google_trends_lk
2024-W38,dotnet,41.2,google_trends_lk
2024-W39,dotnet,44.9,google_trends_lk
2024-W40,dotnet,41.3,google_trends_lk
2024-W41,dotnet,42.3,google_trends_lk
2024-W42,dotnet,48.0,google_trends_lk
2024-W43,dotnet,45.9,google_trends_lk
2024-W44,dotnet,45.0,google_trends_lk
2024-W45,dotnet,48.1,google_trends_lk
2024-W46,dotnet,46.6,google_trends_lk
2024-W47,dotnet,50.0,google_trends_lk
2024-W48,dotnet,43.3,google_trends_lk
2024-W49,dotnet,43.4,google_trends_lk
2024-W50,dotnet,40.3,google_trends_lk
2024-W51,dotnet,43.3,google_trends_lk
2024-W52,dotnet,48.2,google_trends_lk
2024-W53,dotnet,49.3,google_trends_lk
2025-W01,dotnet,48.1,google_trends_lk
2025-W02,dotnet,38.5,google_trends_lk
2025-W03,dotnet,48.5,google_trends_lk
2025-W04,dotnet,38.3,google_trends_lk
2025-W05,dotnet,47.8,google_trends_lk
2025-W06,dotnet,43.4,google_trends_lk
2025-W07,dotnet,47.1,google_trends_lk
2025-W08,dotnet,39.9,google_trends_lk
2025-W09,dotnet,48.7,google_trends_lk
2025-W10,dotnet,39.4,google_trends_lk
2025-W11,dotnet,42.2,google_trends_lk
2025-W12,dotnet,41.0,google_trends_lk
2025-W13,dotnet,38.3,google_trends_lk
2025-W14,dotnet,44.8,google_trends_lk
2025-W15,dotnet,50.8,google_trends_lk
2025-W16,dotnet,53.8,google_trends_lk
2025-W17,dotnet,44.7,google_trends_lk
2025-W18,dotnet,48.3,google_trends_lk
2025-W19,dotnet,45.2,google_trends_lk
2025-W20,dotnet,46.1,google_trends_lk
2025-W21,dotnet,43.1,google_trends_lk
2025-W22,dotnet,45.0,google_trends_lk
2025-W23,dotnet,46.1,google_trends_lk
2025-W24,dotnet,42.2,google_trends_lk
2025-W25,dotnet,43.9,google_trends_lk
2025-W26,dotnet,44.0,google_trends_lk
2025-W27,dotnet,47.1,google_trends_lk
2025-W28,dotnet,40.4,google_trends_lk
2025-W29,dotnet,43.9,google_trends_lk
2025-W30,dotnet,50.8,google_trends_lk
2025-W31,dotnet,48.1,google_trends_lk
2025-W32,dotnet,48.8,google_trends_lk
2025-W33,dotnet,44.1,google_trends_lk
2025-W34,dotnet,45.1,google_trends_lk
2025-W35,dotnet,47.5,google_trends_lk
2025-W36,dotnet,49.4,google_trends_lk
2025-W37,dotnet,37.1,google_trends_lk
2025-W38,dotnet,39.3,google_trends_lk
2025-W39,dotnet,48.5,google_trends_lk
2025-W40,dotnet,42.9,google_trends_lk
2025-W41,dotnet,41.5,google_trends_lk
2025-W42,dotnet,39.4,google_trends_lk
2025-W43,dotnet,41.8,google_trends_lk
2025-W44,dotnet,38.9,google_trends_lk
2025-W45,dotnet,51.1,google_trends_lk
2025-W46,dotnet,43.6,google_trends_lk
2025-W47,dotnet,43.5,google_trends_lk
2025-W48,dotnet,45.7,google_trends_lk
2025-W49,dotnet,47.0,google_trends_lk
2025-W50,dotnet,46.9,google_trends_lk
2025-W51,dotnet,47.4,google_trends_lk
2025-W52,dotnet,41.4,google_trends_lk
2026-W01,dotnet,42.5,google_trends_lk
2026-W02,dotnet,46.2,google_trends_lk
2026-W03,dotnet,41.7,google_trends_lk
2026-W04,dotnet,43.5,google_trends_lk
2026-W05,dotnet,44.9,google_trends_lk
2026-W06,dotnet,46.2,google_trends_lk
2026-W07,dotnet,37.2,google_trends_lk
2026-W08,dotnet,45.9,google_trends_lk
2026-W09,dotnet,42.6,google_trends_lk
2026-W10,dotnet,45.8,google_trends_lk
2026-W11,dotnet,46.0,google_trends_lk
2026-W12,dotnet,48.9,google_trends_lk
2026-W13,dotnet,48.0,google_trends_lk
2026-W14,dotnet,48.0,google_trends_lk
2026-W15,dotnet,48.3,google_trends_lk
2026-W16,dotnet,44.2,google_trends_lk
2026-W17,dotnet,43.3,google_trends_lk
2026-W18,dotnet,46.2,google_trends_lk
2026-W19,dotnet,45.7,google_trends_lk
2026-W20,dotnet,42.0,google_trends_lk
2026-W21,dotnet,44.5,google_trends_lk
2026-W22,dotnet,42.9,google_trends_lk
2026-W23,dotnet,40.1,google_trends_lk
2026-W24,dotnet,47.5,google_trends_lk
2026-W25,dotnet,43.2,google_trends_lk
2024-W01,laravel,28.4,google_trends_lk
2024-W02,laravel,28.5,google_trends_lk
2024-W03,laravel,22.8,google_trends_lk
2024-W04,laravel,28.2,google_trends_lk
2024-W05,laravel,24.5,google_trends_lk
2024-W06,laravel,18.5,google_trends_lk
2024-W07,laravel,29.8,google_trends_lk
2024-W08,laravel,23.0,google_trends_lk
2024-W09,laravel,22.6,google_trends_lk
2024-W10,laravel,24.2,google_trends_lk
2024-W11,laravel,26.5,google_trends_lk
2024-W12,laravel,25.3,google_trends_lk
2024-W13,laravel,27.4,google_trends_lk
2024-W14,laravel,20.7,google_trends_lk
2024-W15,laravel,22.8,google_trends_lk
2024-W16,laravel,24.9,google_trends_lk
2024-W17,laravel,31.9,google_trends_lk
2024-W18,laravel,24.8,google_trends_lk
2024-W19,laravel,29.0,google_trends_lk
2024-W20,laravel,25.3,google_trends_lk
2024-W21,laravel,23.4,google_trends_lk
2024-W22,laravel,24.2,google_trends_lk
2024-W23,laravel,24.4,google_trends_lk
2024-W24,laravel,27.0,google_trends_lk
2024-W25,laravel,29.7,google_trends_lk
2024-W26,laravel,26.1,google_trends_lk
2024-W27,laravel,28.9,google_trends_lk
2024-W28,laravel,21.4,google_trends_lk
2024-W29,laravel,23.2,google_trends_lk
2024-W30,laravel,22.1,google_trends_lk
2024-W31,laravel,25.7,google_trends_lk
2024-W32,laravel,23.3,google_trends_lk
2024-W33,laravel,27.1,google_trends_lk
2024-W34,laravel,21.2,google_trends_lk
2024-W35,laravel,24.6,google_trends_lk
2024-W36,laravel,26.8,google_trends_lk
2024-W37,laravel,17.1,google_trends_lk
2024-W38,laravel,31.7,google_trends_lk
2024-W39,laravel,23.2,google_trends_lk
2024-W40,laravel,17.1,google_trends_lk
2024-W41,laravel,24.7,google_trends_lk
2024-W42,laravel,24.2,google_trends_lk
2024-W43,laravel,23.8,google_trends_lk
2024-W44,laravel,27.5,google_trends_lk
2024-W45,laravel,26.6,google_trends_lk
2024-W46,laravel,24.9,google_trends_lk
2024-W47,laravel,25.4,google_trends_lk
2024-W48,laravel,23.4,google_trends_lk
2024-W49,laravel,30.0,google_trends_lk
2024-W50,laravel,18.5,google_trends_lk
2024-W51,laravel,24.2,google_trends_lk
2024-W52,laravel,23.9,google_trends_lk
2024-W53,laravel,26.4,google_trends_lk
2025-W01,laravel,20.6,google_trends_lk
2025-W02,laravel,17.4,google_trends_lk
2025-W03,laravel,24.0,google_trends_lk
2025-W04,laravel,24.4,google_trends_lk
2025-W05,laravel,28.6,google_trends_lk
2025-W06,laravel,18.9,google_trends_lk
2025-W07,laravel,27.3,google_trends_lk
2025-W08,laravel,31.5,google_trends_lk
2025-W09,laravel,21.8,google_trends_lk
2025-W10,laravel,18.6,google_trends_lk
2025-W11,laravel,21.6,google_trends_lk
2025-W12,laravel,23.1,google_trends_lk
2025-W13,laravel,25.0,google_trends_lk
2025-W14,laravel,20.9,google_trends_lk
2025-W15,laravel,28.3,google_trends_lk
2025-W16,laravel,18.9,google_trends_lk
2025-W17,laravel,16.7,google_trends_lk
2025-W18,laravel,26.6,google_trends_lk
2025-W19,laravel,14.7,google_trends_lk
2025-W20,laravel,21.9,google_trends_lk
2025-W21,laravel,33.5,google_trends_lk
2025-W22,laravel,22.5,google_trends_lk
2025-W23,laravel,18.6,google_trends_lk
2025-W24,laravel,22.3,google_trends_lk
2025-W25,laravel,22.2,google_trends_lk
2025-W26,laravel,22.9,google_trends_lk
2025-W27,laravel,24.6,google_trends_lk
2025-W28,laravel,18.6,google_trends_lk
2025-W29,laravel,28.1,google_trends_lk
2025-W30,laravel,23.0,google_trends_lk
2025-W31,laravel,24.7,google_trends_lk
2025-W32,laravel,19.9,google_trends_lk
2025-W33,laravel,26.5,google_trends_lk
2025-W34,laravel,21.1,google_trends_lk
2025-W35,laravel,22.9,google_trends_lk
2025-W36,laravel,18.6,google_trends_lk
2025-W37,laravel,18.4,google_trends_lk
2025-W38,laravel,24.2,google_trends_lk
2025-W39,laravel,20.2,google_trends_lk
2025-W40,laravel,18.7,google_trends_lk
2025-W41,laravel,19.4,google_trends_lk
2025-W42,laravel,24.1,google_trends_lk
2025-W43,laravel,19.4,google_trends_lk
2025-W44,laravel,21.1,google_trends_lk
2025-W45,laravel,21.5,google_trends_lk
2025-W46,laravel,14.7,google_trends_lk
2025-W47,laravel,16.2,google_trends_lk
2025-W48,laravel,22.5,google_trends_lk
2025-W49,laravel,18.7,google_trends_lk
2025-W50,laravel,25.0,google_trends_lk
2025-W51,laravel,24.6,google_trends_lk
2025-W52,laravel,23.7,google_trends_lk
2026-W01,laravel,27.5,google_trends_lk
2026-W02,laravel,20.8,google_trends_lk
2026-W03,laravel,23.3,google_trends_lk
2026-W04,laravel,18.9,google_trends_lk
2026-W05,laravel,29.5,google_trends_lk
2026-W06,laravel,27.8,google_trends_lk
2026-W07,laravel,20.9,google_trends_lk
2026-W08,laravel,22.1,google_trends_lk
2026-W09,laravel,25.5,google_trends_lk
2026-W10,laravel,20.2,google_trends_lk
2026-W11,laravel,18.4,google_trends_lk
2026-W12,laravel,23.7,google_trends_lk
2026-W13,laravel,20.8,google_trends_lk
2026-W14,laravel,21.2,google_trends_lk
2026-W15,laravel,17.5,google_trends_lk
2026-W16,laravel,14.4,google_trends_lk
2026-W17,laravel,21.2,google_trends_lk
2026-W18,laravel,23.5,google_trends_lk
2026-W19,laravel,19.5,google_trends_lk
2026-W20,laravel,25.3,google_trends_lk
2026-W21,laravel,17.7,google_trends_lk
2026-W22,laravel,16.4,google_trends_lk
2026-W23,laravel,19.9,google_trends_lk
2026-W24,laravel,19.8,google_trends_lk
2026-W25,laravel,22.7,google_trends_lk
2024-W01,aws,31.7,google_trends_lk
2024-W02,aws,28.4,google_trends_lk
2024-W03,aws,27.4,google_trends_lk
2024-W04,aws,29.7,google_trends_lk
2024-W05,aws,36.4,google_trends_lk
2024-W06,aws,22.4,google_trends_lk
2024-W07,aws,31.4,google_trends_lk
2024-W08,aws,25.6,google_trends_lk
2024-W09,aws,28.8,google_trends_lk
2024-W10,aws,28.1,google_trends_lk
2024-W11,aws,27.6,google_trends_lk
2024-W12,aws,29.2,google_trends_lk
2024-W13,aws,25.3,google_trends_lk
2024-W14,aws,33.0,google_trends_lk
2024-W15,aws,23.2,google_trends_lk
2024-W16,aws,31.5,google_trends_lk
2024-W17,aws,28.6,google_trends_lk
2024-W18,aws,25.7,google_trends_lk
2024-W19,aws,30.7,google_trends_lk
2024-W20,aws,24.6,google_trends_lk
2024-W21,aws,30.3,google_trends_lk
2024-W22,aws,25.3,google_trends_lk
2024-W23,aws,32.0,google_trends_lk
2024-W24,aws,27.3,google_trends_lk
2024-W25,aws,29.0,google_trends_lk
2024-W26,aws,31.7,google_trends_lk
2024-W27,aws,28.1,google_trends_lk
2024-W28,aws,30.7,google_trends_lk
2024-W29,aws,25.7,google_trends_lk
2024-W30,aws,33.4,google_trends_lk
2024-W31,aws,37.4,google_trends_lk
2024-W32,aws,41.1,google_trends_lk
2024-W33,aws,31.8,google_trends_lk
2024-W34,aws,34.3,google_trends_lk
2024-W35,aws,25.5,google_trends_lk
2024-W36,aws,37.1,google_trends_lk
2024-W37,aws,34.6,google_trends_lk
2024-W38,aws,30.3,google_trends_lk
2024-W39,aws,36.5,google_trends_lk
2024-W40,aws,31.3,google_trends_lk
2024-W41,aws,30.7,google_trends_lk
2024-W42,aws,34.1,google_trends_lk
2024-W43,aws,28.8,google_trends_lk
2024-W44,aws,36.2,google_trends_lk
2024-W45,aws,29.1,google_trends_lk
2024-W46,aws,29.2,google_trends_lk
2024-W47,aws,29.8,google_trends_lk
2024-W48,aws,35.8,google_trends_lk
2024-W49,aws,31.1,google_trends_lk
2024-W50,aws,28.6,google_trends_lk
2024-W51,aws,31.3,google_trends_lk
2024-W52,aws,33.4,google_trends_lk
2024-W53,aws,29.5,google_trends_lk
2025-W01,aws,29.7,google_trends_lk
2025-W02,aws,41.3,google_trends_lk
2025-W03,aws,31.0,google_trends_lk
2025-W04,aws,32.9,google_trends_lk
2025-W05,aws,32.9,google_trends_lk
2025-W06,aws,32.8,google_trends_lk
2025-W07,aws,36.6,google_trends_lk
2025-W08,aws,37.8,google_trends_lk
2025-W09,aws,33.5,google_trends_lk
2025-W10,aws,30.4,google_trends_lk
2025-W11,aws,39.3,google_trends_lk
2025-W12,aws,34.6,google_trends_lk
2025-W13,aws,41.1,google_trends_lk
2025-W14,aws,27.3,google_trends_lk
2025-W15,aws,36.0,google_trends_lk
2025-W16,aws,42.1,google_trends_lk
2025-W17,aws,34.3,google_trends_lk
2025-W18,aws,34.8,google_trends_lk
2025-W19,aws,36.7,google_trends_lk
2025-W20,aws,33.9,google_trends_lk
2025-W21,aws,34.8,google_trends_lk
2025-W22,aws,34.8,google_trends_lk
2025-W23,aws,33.9,google_trends_lk
2025-W24,aws,40.5,google_trends_lk
2025-W25,aws,38.0,google_trends_lk
2025-W26,aws,37.3,google_trends_lk
2025-W27,aws,39.4,google_trends_lk
2025-W28,aws,35.8,google_trends_lk
2025-W29,aws,34.1,google_trends_lk
2025-W30,aws,34.8,google_trends_lk
2025-W31,aws,37.0,google_trends_lk
2025-W32,aws,33.4,google_trends_lk
2025-W33,aws,35.5,google_trends_lk
2025-W34,aws,35.5,google_trends_lk
2025-W35,aws,44.9,google_trends_lk
2025-W36,aws,27.8,google_trends_lk
2025-W37,aws,37.0,google_trends_lk
2025-W38,aws,43.8,google_trends_lk
2025-W39,aws,38.3,google_trends_lk
2025-W40,aws,40.6,google_trends_lk
2025-W41,aws,38.4,google_trends_lk
2025-W42,aws,35.9,google_trends_lk
2025-W43,aws,30.5,google_trends_lk
2025-W44,aws,39.1,google_trends_lk
2025-W45,aws,35.8,google_trends_lk
2025-W46,aws,35.8,google_trends_lk
2025-W47,aws,37.0,google_trends_lk
2025-W48,aws,45.0,google_trends_lk
2025-W49,aws,47.4,google_trends_lk
2025-W50,aws,39.8,google_trends_lk
2025-W51,aws,37.6,google_trends_lk
2025-W52,aws,35.2,google_trends_lk
2026-W01,aws,41.0,google_trends_lk
2026-W02,aws,45.7,google_trends_lk
2026-W03,aws,38.7,google_trends_lk
2026-W04,aws,31.4,google_trends_lk
2026-W05,aws,42.2,google_trends_lk
2026-W06,aws,43.4,google_trends_lk
2026-W07,aws,34.5,google_trends_lk
2026-W08,aws,40.8,google_trends_lk
2026-W09,aws,41.8,google_trends_lk
2026-W10,aws,40.1,google_trends_lk
2026-W11,aws,37.7,google_trends_lk
2026-W12,aws,44.1,google_trends_lk
2026-W13,aws,39.3,google_trends_lk
2026-W14,aws,35.6,google_trends_lk
2026-W15,aws,33.7,google_trends_lk
2026-W16,aws,45.4,google_trends_lk
2026-W17,aws,43.3,google_trends_lk
2026-W18,aws,41.5,google_trends_lk
2026-W19,aws,39.8,google_trends_lk
2026-W20,aws,39.6,google_trends_lk
2026-W21,aws,37.8,google_trends_lk
2026-W22,aws,40.2,google_trends_lk
2026-W23,aws,34.4,google_trends_lk
2026-W24,aws,39.3,google_trends_lk
2026-W25,aws,40.9,google_trends_lk
2024-W01,azure,28.6,google_trends_lk
2024-W02,azure,19.0,google_trends_lk
2024-W03,azure,27.3,google_trends_lk
2024-W04,azure,25.2,google_trends_lk
2024-W05,azure,23.4,google_trends_lk
2024-W06,azure,23.8,google_trends_lk
2024-W07,azure,25.7,google_trends_lk
2024-W08,azure,13.9,google_trends_lk
2024-W09,azure,24.2,google_trends_lk
2024-W10,azure,23.6,google_trends_lk
2024-W11,azure,28.6,google_trends_lk
2024-W12,azure,24.0,google_trends_lk
2024-W13,azure,26.2,google_trends_lk
2024-W14,azure,32.4,google_trends_lk
2024-W15,azure,30.6,google_trends_lk
2024-W16,azure,30.3,google_trends_lk
2024-W17,azure,25.5,google_trends_lk
2024-W18,azure,29.2,google_trends_lk
2024-W19,azure,26.6,google_trends_lk
2024-W20,azure,26.8,google_trends_lk
2024-W21,azure,29.0,google_trends_lk
2024-W22,azure,25.5,google_trends_lk
2024-W23,azure,32.9,google_trends_lk
2024-W24,azure,27.2,google_trends_lk
2024-W25,azure,30.0,google_trends_lk
2024-W26,azure,33.0,google_trends_lk
2024-W27,azure,31.6,google_trends_lk
2024-W28,azure,23.2,google_trends_lk
2024-W29,azure,29.7,google_trends_lk
2024-W30,azure,31.2,google_trends_lk
2024-W31,azure,31.4,google_trends_lk
2024-W32,azure,24.5,google_trends_lk
2024-W33,azure,26.2,google_trends_lk
2024-W34,azure,32.0,google_trends_lk
2024-W35,azure,26.0,google_trends_lk
2024-W36,azure,27.7,google_trends_lk
2024-W37,azure,34.3,google_trends_lk
2024-W38,azure,28.7,google_trends_lk
2024-W39,azure,26.4,google_trends_lk
2024-W40,azure,26.0,google_trends_lk
2024-W41,azure,30.3,google_trends_lk
2024-W42,azure,24.5,google_trends_lk
2024-W43,azure,28.4,google_trends_lk
2024-W44,azure,30.5,google_trends_lk
2024-W45,azure,34.0,google_trends_lk
2024-W46,azure,31.8,google_trends_lk
2024-W47,azure,27.1,google_trends_lk
2024-W48,azure,33.8,google_trends_lk
2024-W49,azure,28.7,google_trends_lk
2024-W50,azure,25.5,google_trends_lk
2024-W51,azure,29.3,google_trends_lk
2024-W52,azure,35.0,google_trends_lk
2024-W53,azure,30.6,google_trends_lk
2025-W01,azure,30.2,google_trends_lk
2025-W02,azure,35.9,google_trends_lk
2025-W03,azure,25.3,google_trends_lk
2025-W04,azure,25.8,google_trends_lk
2025-W05,azure,24.8,google_trends_lk
2025-W06,azure,31.8,google_trends_lk
2025-W07,azure,31.2,google_trends_lk
2025-W08,azure,36.1,google_trends_lk
2025-W09,azure,31.6,google_trends_lk
2025-W10,azure,29.4,google_trends_lk
2025-W11,azure,30.9,google_trends_lk
2025-W12,azure,31.4,google_trends_lk
2025-W13,azure,25.2,google_trends_lk
2025-W14,azure,40.6,google_trends_lk
2025-W15,azure,33.0,google_trends_lk
2025-W16,azure,32.0,google_trends_lk
2025-W17,azure,33.5,google_trends_lk
2025-W18,azure,33.9,google_trends_lk
2025-W19,azure,31.0,google_trends_lk
2025-W20,azure,29.4,google_trends_lk
2025-W21,azure,33.8,google_trends_lk
2025-W22,azure,33.1,google_trends_lk
2025-W23,azure,29.0,google_trends_lk
2025-W24,azure,36.9,google_trends_lk
2025-W25,azure,33.0,google_trends_lk
2025-W26,azure,34.6,google_trends_lk
2025-W27,azure,37.0,google_trends_lk
2025-W28,azure,32.3,google_trends_lk
2025-W29,azure,33.4,google_trends_lk
2025-W30,azure,35.2,google_trends_lk
2025-W31,azure,29.9,google_trends_lk
2025-W32,azure,32.7,google_trends_lk
2025-W33,azure,33.0,google_trends_lk
2025-W34,azure,29.3,google_trends_lk
2025-W35,azure,40.9,google_trends_lk
2025-W36,azure,27.9,google_trends_lk
2025-W37,azure,28.4,google_trends_lk
2025-W38,azure,37.6,google_trends_lk
2025-W39,azure,35.6,google_trends_lk
2025-W40,azure,29.5,google_trends_lk
2025-W41,azure,35.3,google_trends_lk
2025-W42,azure,38.4,google_trends_lk
2025-W43,azure,33.3,google_trends_lk
2025-W44,azure,42.5,google_trends_lk
2025-W45,azure,27.5,google_trends_lk
2025-W46,azure,36.0,google_trends_lk
2025-W47,azure,37.8,google_trends_lk
2025-W48,azure,36.9,google_trends_lk
2025-W49,azure,33.1,google_trends_lk
2025-W50,azure,32.9,google_trends_lk
2025-W51,azure,35.5,google_trends_lk
2025-W52,azure,36.9,google_trends_lk
2026-W01,azure,36.2,google_trends_lk
2026-W02,azure,37.9,google_trends_lk
2026-W03,azure,30.7,google_trends_lk
2026-W04,azure,33.6,google_trends_lk
2026-W05,azure,31.2,google_trends_lk
2026-W06,azure,33.2,google_trends_lk
2026-W07,azure,38.2,google_trends_lk
2026-W08,azure,35.1,google_trends_lk
2026-W09,azure,43.9,google_trends_lk
2026-W10,azure,35.5,google_trends_lk
2026-W11,azure,35.1,google_trends_lk
2026-W12,azure,35.4,google_trends_lk
2026-W13,azure,32.8,google_trends_lk
2026-W14,azure,34.9,google_trends_lk
2026-W15,azure,39.2,google_trends_lk
2026-W16,azure,35.7,google_trends_lk
2026-W17,azure,32.6,google_trends_lk
2026-W18,azure,32.2,google_trends_lk
2026-W19,azure,34.0,google_trends_lk
2026-W20,azure,35.9,google_trends_lk
2026-W21,azure,39.9,google_trends_lk
2026-W22,azure,31.1,google_trends_lk
2026-W23,azure,34.7,google_trends_lk
2026-W24,azure,36.4,google_trends_lk
2026-W25,azure,29.6,google_trends_lk
2024-W01,google cloud,18.1,google_trends_lk
2024-W02,google cloud,20.8,google_trends_lk
2024-W03,google cloud,15.5,google_trends_lk
2024-W04,google cloud,20.9,google_trends_lk
2024-W05,google cloud,15.5,google_trends_lk
2024-W06,google cloud,19.2,google_trends_lk
2024-W07,google cloud,8.5,google_trends_lk
2024-W08,google cloud,24.8,google_trends_lk
2024-W09,google cloud,21.6,google_trends_lk
2024-W10,google cloud,15.4,google_trends_lk
2024-W11,google cloud,9.6,google_trends_lk
2024-W12,google cloud,17.5,google_trends_lk
2024-W13,google cloud,11.5,google_trends_lk
2024-W14,google cloud,18.2,google_trends_lk
2024-W15,google cloud,18.1,google_trends_lk
2024-W16,google cloud,13.4,google_trends_lk
2024-W17,google cloud,20.7,google_trends_lk
2024-W18,google cloud,19.6,google_trends_lk
2024-W19,google cloud,20.3,google_trends_lk
2024-W20,google cloud,16.9,google_trends_lk
2024-W21,google cloud,12.0,google_trends_lk
2024-W22,google cloud,20.4,google_trends_lk
2024-W23,google cloud,16.1,google_trends_lk
2024-W24,google cloud,12.2,google_trends_lk
2024-W25,google cloud,21.8,google_trends_lk
2024-W26,google cloud,24.5,google_trends_lk
2024-W27,google cloud,17.1,google_trends_lk
2024-W28,google cloud,24.8,google_trends_lk
2024-W29,google cloud,17.6,google_trends_lk
2024-W30,google cloud,16.0,google_trends_lk
2024-W31,google cloud,15.2,google_trends_lk
2024-W32,google cloud,23.2,google_trends_lk
2024-W33,google cloud,14.8,google_trends_lk
2024-W34,google cloud,20.1,google_trends_lk
2024-W35,google cloud,15.6,google_trends_lk
2024-W36,google cloud,16.0,google_trends_lk
2024-W37,google cloud,21.3,google_trends_lk
2024-W38,google cloud,16.4,google_trends_lk
2024-W39,google cloud,16.4,google_trends_lk
2024-W40,google cloud,21.8,google_trends_lk
2024-W41,google cloud,23.5,google_trends_lk
2024-W42,google cloud,20.2,google_trends_lk
2024-W43,google cloud,15.7,google_trends_lk
2024-W44,google cloud,16.2,google_trends_lk
2024-W45,google cloud,18.3,google_trends_lk
2024-W46,google cloud,19.2,google_trends_lk
2024-W47,google cloud,14.7,google_trends_lk
2024-W48,google cloud,20.7,google_trends_lk
2024-W49,google cloud,18.5,google_trends_lk
2024-W50,google cloud,12.3,google_trends_lk
2024-W51,google cloud,15.1,google_trends_lk
2024-W52,google cloud,16.6,google_trends_lk
2024-W53,google cloud,18.2,google_trends_lk
2025-W01,google cloud,25.1,google_trends_lk
2025-W02,google cloud,19.3,google_trends_lk
2025-W03,google cloud,15.6,google_trends_lk
2025-W04,google cloud,19.4,google_trends_lk
2025-W05,google cloud,17.4,google_trends_lk
2025-W06,google cloud,19.8,google_trends_lk
2025-W07,google cloud,20.8,google_trends_lk
2025-W08,google cloud,23.0,google_trends_lk
2025-W09,google cloud,18.8,google_trends_lk
2025-W10,google cloud,24.6,google_trends_lk
2025-W11,google cloud,22.1,google_trends_lk
2025-W12,google cloud,16.5,google_trends_lk
2025-W13,google cloud,26.8,google_trends_lk
2025-W14,google cloud,20.2,google_trends_lk
2025-W15,google cloud,16.2,google_trends_lk
2025-W16,google cloud,24.9,google_trends_lk
2025-W17,google cloud,26.5,google_trends_lk
2025-W18,google cloud,19.1,google_trends_lk
2025-W19,google cloud,17.5,google_trends_lk
2025-W20,google cloud,18.7,google_trends_lk
2025-W21,google cloud,21.9,google_trends_lk
2025-W22,google cloud,23.9,google_trends_lk
2025-W23,google cloud,21.5,google_trends_lk
2025-W24,google cloud,19.9,google_trends_lk
2025-W25,google cloud,24.8,google_trends_lk
2025-W26,google cloud,18.5,google_trends_lk
2025-W27,google cloud,23.3,google_trends_lk
2025-W28,google cloud,18.7,google_trends_lk
2025-W29,google cloud,21.3,google_trends_lk
2025-W30,google cloud,19.4,google_trends_lk
2025-W31,google cloud,19.7,google_trends_lk
2025-W32,google cloud,18.6,google_trends_lk
2025-W33,google cloud,24.7,google_trends_lk
2025-W34,google cloud,17.4,google_trends_lk
2025-W35,google cloud,17.5,google_trends_lk
2025-W36,google cloud,27.5,google_trends_lk
2025-W37,google cloud,23.6,google_trends_lk
2025-W38,google cloud,11.8,google_trends_lk
2025-W39,google cloud,18.3,google_trends_lk
2025-W40,google cloud,13.9,google_trends_lk
2025-W41,google cloud,17.0,google_trends_lk
2025-W42,google cloud,9.4,google_trends_lk
2025-W43,google cloud,19.9,google_trends_lk
2025-W44,google cloud,16.5,google_trends_lk
2025-W45,google cloud,20.7,google_trends_lk
2025-W46,google cloud,14.9,google_trends_lk
2025-W47,google cloud,20.9,google_trends_lk
2025-W48,google cloud,19.2,google_trends_lk
2025-W49,google cloud,26.0,google_trends_lk
2025-W50,google cloud,25.7,google_trends_lk
2025-W51,google cloud,23.5,google_trends_lk
2025-W52,google cloud,19.7,google_trends_lk
2026-W01,google cloud,27.8,google_trends_lk
2026-W02,google cloud,15.5,google_trends_lk
2026-W03,google cloud,16.1,google_trends_lk
2026-W04,google cloud,20.7,google_trends_lk
2026-W05,google cloud,29.0,google_trends_lk
2026-W06,google cloud,20.4,google_trends_lk
2026-W07,google cloud,20.5,google_trends_lk
2026-W08,google cloud,16.2,google_trends_lk
2026-W09,google cloud,24.6,google_trends_lk
2026-W10,google cloud,24.6,google_trends_lk
2026-W11,google cloud,24.1,google_trends_lk
2026-W12,google cloud,19.2,google_trends_lk
2026-W13,google cloud,19.0,google_trends_lk
2026-W14,google cloud,17.0,google_trends_lk
2026-W15,google cloud,21.8,google_trends_lk
2026-W16,google cloud,17.8,google_trends_lk
2026-W17,google cloud,17.5,google_trends_lk
2026-W18,google cloud,20.2,google_trends_lk
2026-W19,google cloud,20.0,google_trends_lk
2026-W20,google cloud,19.9,google_trends_lk
2026-W21,google cloud,23.4,google_trends_lk
2026-W22,google cloud,22.1,google_trends_lk
2026-W23,google cloud,20.9,google_trends_lk
2026-W24,google cloud,22.6,google_trends_lk
2026-W25,google cloud,18.5,google_trends_lk
2024-W01,docker,30.1,google_trends_lk
2024-W02,docker,26.7,google_trends_lk
2024-W03,docker,27.9,google_trends_lk
2024-W04,docker,28.6,google_trends_lk
2024-W05,docker,28.7,google_trends_lk
2024-W06,docker,32.0,google_trends_lk
2024-W07,docker,30.8,google_trends_lk
2024-W08,docker,35.9,google_trends_lk
2024-W09,docker,36.5,google_trends_lk
2024-W10,docker,29.1,google_trends_lk
2024-W11,docker,15.5,google_trends_lk
2024-W12,docker,33.4,google_trends_lk
2024-W13,docker,27.2,google_trends_lk
2024-W14,docker,26.4,google_trends_lk
2024-W15,docker,27.9,google_trends_lk
2024-W16,docker,27.8,google_trends_lk
2024-W17,docker,31.6,google_trends_lk
2024-W18,docker,24.1,google_trends_lk
2024-W19,docker,25.9,google_trends_lk
2024-W20,docker,31.0,google_trends_lk
2024-W21,docker,32.0,google_trends_lk
2024-W22,docker,32.2,google_trends_lk
2024-W23,docker,27.3,google_trends_lk
2024-W24,docker,26.7,google_trends_lk
2024-W25,docker,28.5,google_trends_lk
2024-W26,docker,31.2,google_trends_lk
2024-W27,docker,35.6,google_trends_lk
2024-W28,docker,23.3,google_trends_lk
2024-W29,docker,29.8,google_trends_lk
2024-W30,docker,26.0,google_trends_lk
2024-W31,docker,25.0,google_trends_lk
2024-W32,docker,34.3,google_trends_lk
2024-W33,docker,32.9,google_trends_lk
2024-W34,docker,32.6,google_trends_lk
2024-W35,docker,34.4,google_trends_lk
2024-W36,docker,29.6,google_trends_lk
2024-W37,docker,29.8,google_trends_lk
2024-W38,docker,39.1,google_trends_lk
2024-W39,docker,30.7,google_trends_lk
2024-W40,docker,34.2,google_trends_lk
2024-W41,docker,31.7,google_trends_lk
2024-W42,docker,25.3,google_trends_lk
2024-W43,docker,24.8,google_trends_lk
2024-W44,docker,30.0,google_trends_lk
2024-W45,docker,35.8,google_trends_lk
2024-W46,docker,34.9,google_trends_lk
2024-W47,docker,35.5,google_trends_lk
2024-W48,docker,28.9,google_trends_lk
2024-W49,docker,38.1,google_trends_lk
2024-W50,docker,29.2,google_trends_lk
2024-W51,docker,33.4,google_trends_lk
2024-W52,docker,32.7,google_trends_lk
2024-W53,docker,32.2,google_trends_lk
2025-W01,docker,37.6,google_trends_lk
2025-W02,docker,30.6,google_trends_lk
2025-W03,docker,28.4,google_trends_lk
2025-W04,docker,33.3,google_trends_lk
2025-W05,docker,31.9,google_trends_lk
2025-W06,docker,45.2,google_trends_lk
2025-W07,docker,35.9,google_trends_lk
2025-W08,docker,32.1,google_trends_lk
2025-W09,docker,30.0,google_trends_lk
2025-W10,docker,27.2,google_trends_lk
2025-W11,docker,30.3,google_trends_lk
2025-W12,docker,34.4,google_trends_lk
2025-W13,docker,39.0,google_trends_lk
2025-W14,docker,38.1,google_trends_lk
2025-W15,docker,35.0,google_trends_lk
2025-W16,docker,33.2,google_trends_lk
2025-W17,docker,35.4,google_trends_lk
2025-W18,docker,32.7,google_trends_lk
2025-W19,docker,40.6,google_trends_lk
2025-W20,docker,34.0,google_trends_lk
2025-W21,docker,34.5,google_trends_lk
2025-W22,docker,27.1,google_trends_lk
2025-W23,docker,34.3,google_trends_lk
2025-W24,docker,38.0,google_trends_lk
2025-W25,docker,31.4,google_trends_lk
2025-W26,docker,32.6,google_trends_lk
2025-W27,docker,38.1,google_trends_lk
2025-W28,docker,30.3,google_trends_lk
2025-W29,docker,39.2,google_trends_lk
2025-W30,docker,33.8,google_trends_lk
2025-W31,docker,34.4,google_trends_lk
2025-W32,docker,31.9,google_trends_lk
2025-W33,docker,37.2,google_trends_lk
2025-W34,docker,44.6,google_trends_lk
2025-W35,docker,38.8,google_trends_lk
2025-W36,docker,33.2,google_trends_lk
2025-W37,docker,40.3,google_trends_lk
2025-W38,docker,35.3,google_trends_lk
2025-W39,docker,41.3,google_trends_lk
2025-W40,docker,39.4,google_trends_lk
2025-W41,docker,26.4,google_trends_lk
2025-W42,docker,33.2,google_trends_lk
2025-W43,docker,40.1,google_trends_lk
2025-W44,docker,37.5,google_trends_lk
2025-W45,docker,33.4,google_trends_lk
2025-W46,docker,34.9,google_trends_lk
2025-W47,docker,30.5,google_trends_lk
2025-W48,docker,37.0,google_trends_lk
2025-W49,docker,45.1,google_trends_lk
2025-W50,docker,40.3,google_trends_lk
2025-W51,docker,45.2,google_trends_lk
2025-W52,docker,40.8,google_trends_lk
2026-W01,docker,41.4,google_trends_lk
2026-W02,docker,44.8,google_trends_lk
2026-W03,docker,39.3,google_trends_lk
2026-W04,docker,37.4,google_trends_lk
2026-W05,docker,41.8,google_trends_lk
2026-W06,docker,43.3,google_trends_lk
2026-W07,docker,36.6,google_trends_lk
2026-W08,docker,35.9,google_trends_lk
2026-W09,docker,39.0,google_trends_lk
2026-W10,docker,41.5,google_trends_lk
2026-W11,docker,41.5,google_trends_lk
2026-W12,docker,33.8,google_trends_lk
2026-W13,docker,45.6,google_trends_lk
2026-W14,docker,36.7,google_trends_lk
2026-W15,docker,38.1,google_trends_lk
2026-W16,docker,36.0,google_trends_lk
2026-W17,docker,48.7,google_trends_lk
2026-W18,docker,40.2,google_trends_lk
2026-W19,docker,36.5,google_trends_lk
2026-W20,docker,42.6,google_trends_lk
2026-W21,docker,42.3,google_trends_lk
2026-W22,docker,39.1,google_trends_lk
2026-W23,docker,42.8,google_trends_lk
2026-W24,docker,37.0,google_trends_lk
2026-W25,docker,38.3,google_trends_lk
2024-W01,kubernetes,9.9,google_trends_lk
2024-W02,kubernetes,17.7,google_trends_lk
2024-W03,kubernetes,13.0,google_trends_lk
2024-W04,kubernetes,14.0,google_trends_lk
2024-W05,kubernetes,12.4,google_trends_lk
2024-W06,kubernetes,18.9,google_trends_lk
2024-W07,kubernetes,19.9,google_trends_lk
2024-W08,kubernetes,16.5,google_trends_lk
2024-W09,kubernetes,13.5,google_trends_lk
2024-W10,kubernetes,22.1,google_trends_lk
2024-W11,kubernetes,14.0,google_trends_lk
2024-W12,kubernetes,9.1,google_trends_lk
2024-W13,kubernetes,18.3,google_trends_lk
2024-W14,kubernetes,12.9,google_trends_lk
2024-W15,kubernetes,20.3,google_trends_lk
2024-W16,kubernetes,15.6,google_trends_lk
2024-W17,kubernetes,19.1,google_trends_lk
2024-W18,kubernetes,22.0,google_trends_lk
2024-W19,kubernetes,12.9,google_trends_lk
2024-W20,kubernetes,15.2,google_trends_lk
2024-W21,kubernetes,17.0,google_trends_lk
2024-W22,kubernetes,22.7,google_trends_lk
2024-W23,kubernetes,15.1,google_trends_lk
2024-W24,kubernetes,15.3,google_trends_lk
2024-W25,kubernetes,19.2,google_trends_lk
2024-W26,kubernetes,15.5,google_trends_lk
2024-W27,kubernetes,18.1,google_trends_lk
2024-W28,kubernetes,12.2,google_trends_lk
2024-W29,kubernetes,25.5,google_trends_lk
2024-W30,kubernetes,13.1,google_trends_lk
2024-W31,kubernetes,16.7,google_trends_lk
2024-W32,kubernetes,17.8,google_trends_lk
2024-W33,kubernetes,24.7,google_trends_lk
2024-W34,kubernetes,13.4,google_trends_lk
2024-W35,kubernetes,25.1,google_trends_lk
2024-W36,kubernetes,20.8,google_trends_lk
2024-W37,kubernetes,19.7,google_trends_lk
2024-W38,kubernetes,14.8,google_trends_lk
2024-W39,kubernetes,20.4,google_trends_lk
2024-W40,kubernetes,15.9,google_trends_lk
2024-W41,kubernetes,22.9,google_trends_lk
2024-W42,kubernetes,15.1,google_trends_lk
2024-W43,kubernetes,18.2,google_trends_lk
2024-W44,kubernetes,16.7,google_trends_lk
2024-W45,kubernetes,15.3,google_trends_lk
2024-W46,kubernetes,21.4,google_trends_lk
2024-W47,kubernetes,20.7,google_trends_lk
2024-W48,kubernetes,23.1,google_trends_lk
2024-W49,kubernetes,12.7,google_trends_lk
2024-W50,kubernetes,22.8,google_trends_lk
2024-W51,kubernetes,27.9,google_trends_lk
2024-W52,kubernetes,17.6,google_trends_lk
2024-W53,kubernetes,25.9,google_trends_lk
2025-W01,kubernetes,18.4,google_trends_lk
2025-W02,kubernetes,14.5,google_trends_lk
2025-W03,kubernetes,18.3,google_trends_lk
2025-W04,kubernetes,23.1,google_trends_lk
2025-W05,kubernetes,16.6,google_trends_lk
2025-W06,kubernetes,17.5,google_trends_lk
2025-W07,kubernetes,21.7,google_trends_lk
2025-W08,kubernetes,19.7,google_trends_lk
2025-W09,kubernetes,21.8,google_trends_lk
2025-W10,kubernetes,20.7,google_trends_lk
2025-W11,kubernetes,21.6,google_trends_lk
2025-W12,kubernetes,18.5,google_trends_lk
2025-W13,kubernetes,20.8,google_trends_lk
2025-W14,kubernetes,16.8,google_trends_lk
2025-W15,kubernetes,24.7,google_trends_lk
2025-W16,kubernetes,18.0,google_trends_lk
2025-W17,kubernetes,24.2,google_trends_lk
2025-W18,kubernetes,19.5,google_trends_lk
2025-W19,kubernetes,21.1,google_trends_lk
2025-W20,kubernetes,18.7,google_trends_lk
2025-W21,kubernetes,17.0,google_trends_lk
2025-W22,kubernetes,14.5,google_trends_lk
2025-W23,kubernetes,17.0,google_trends_lk
2025-W24,kubernetes,19.6,google_trends_lk
2025-W25,kubernetes,21.5,google_trends_lk
2025-W26,kubernetes,24.4,google_trends_lk
2025-W27,kubernetes,19.3,google_trends_lk
2025-W28,kubernetes,17.9,google_trends_lk
2025-W29,kubernetes,16.0,google_trends_lk
2025-W30,kubernetes,22.8,google_trends_lk
2025-W31,kubernetes,26.0,google_trends_lk
2025-W32,kubernetes,25.6,google_trends_lk
2025-W33,kubernetes,23.8,google_trends_lk
2025-W34,kubernetes,23.6,google_trends_lk
2025-W35,kubernetes,27.3,google_trends_lk
2025-W36,kubernetes,22.6,google_trends_lk
2025-W37,kubernetes,23.8,google_trends_lk
2025-W38,kubernetes,20.5,google_trends_lk
2025-W39,kubernetes,16.9,google_trends_lk
2025-W40,kubernetes,19.3,google_trends_lk
2025-W41,kubernetes,21.7,google_trends_lk
2025-W42,kubernetes,22.0,google_trends_lk
2025-W43,kubernetes,28.6,google_trends_lk
2025-W44,kubernetes,22.2,google_trends_lk
2025-W45,kubernetes,26.1,google_trends_lk
2025-W46,kubernetes,20.6,google_trends_lk
2025-W47,kubernetes,21.0,google_trends_lk
2025-W48,kubernetes,17.6,google_trends_lk
2025-W49,kubernetes,19.7,google_trends_lk
2025-W50,kubernetes,24.2,google_trends_lk
2025-W51,kubernetes,22.4,google_trends_lk
2025-W52,kubernetes,25.7,google_trends_lk
2026-W01,kubernetes,23.1,google_trends_lk
2026-W02,kubernetes,21.3,google_trends_lk
2026-W03,kubernetes,30.2,google_trends_lk
2026-W04,kubernetes,22.4,google_trends_lk
2026-W05,kubernetes,26.8,google_trends_lk
2026-W06,kubernetes,21.4,google_trends_lk
2026-W07,kubernetes,25.4,google_trends_lk
2026-W08,kubernetes,26.2,google_trends_lk
2026-W09,kubernetes,23.7,google_trends_lk
2026-W10,kubernetes,14.8,google_trends_lk
2026-W11,kubernetes,23.2,google_trends_lk
2026-W12,kubernetes,27.5,google_trends_lk
2026-W13,kubernetes,25.1,google_trends_lk
2026-W14,kubernetes,24.9,google_trends_lk
2026-W15,kubernetes,17.4,google_trends_lk
2026-W16,kubernetes,20.9,google_trends_lk
2026-W17,kubernetes,24.9,google_trends_lk
2026-W18,kubernetes,25.0,google_trends_lk
2026-W19,kubernetes,27.9,google_trends_lk
2026-W20,kubernetes,23.2,google_trends_lk
2026-W21,kubernetes,25.2,google_trends_lk
2026-W22,kubernetes,23.9,google_trends_lk
2026-W23,kubernetes,20.4,google_trends_lk
2026-W24,kubernetes,16.0,google_trends_lk
2026-W25,kubernetes,25.5,google_trends_lk
2024-W01,terraform,10.6,google_trends_lk
2024-W02,terraform,9.5,google_trends_lk
2024-W03,terraform,7.0,google_trends_lk
2024-W04,terraform,10.0,google_trends_lk
2024-W05,terraform,15.0,google_trends_lk
2024-W06,terraform,13.2,google_trends_lk
2024-W07,terraform,13.5,google_trends_lk
2024-W08,terraform,11.8,google_trends_lk
2024-W09,terraform,13.1,google_trends_lk
2024-W10,terraform,8.5,google_trends_lk
2024-W11,terraform,10.3,google_trends_lk
2024-W12,terraform,12.1,google_trends_lk
2024-W13,terraform,12.4,google_trends_lk
2024-W14,terraform,12.6,google_trends_lk
2024-W15,terraform,11.1,google_trends_lk
2024-W16,terraform,10.3,google_trends_lk
2024-W17,terraform,22.7,google_trends_lk
2024-W18,terraform,14.8,google_trends_lk
2024-W19,terraform,13.1,google_trends_lk
2024-W20,terraform,10.9,google_trends_lk
2024-W21,terraform,10.2,google_trends_lk
2024-W22,terraform,11.4,google_trends_lk
2024-W23,terraform,12.9,google_trends_lk
2024-W24,terraform,5.3,google_trends_lk
2024-W25,terraform,6.4,google_trends_lk
2024-W26,terraform,9.7,google_trends_lk
2024-W27,terraform,12.7,google_trends_lk
2024-W28,terraform,11.2,google_trends_lk
2024-W29,terraform,17.3,google_trends_lk
2024-W30,terraform,6.9,google_trends_lk
2024-W31,terraform,9.5,google_trends_lk
2024-W32,terraform,17.5,google_trends_lk
2024-W33,terraform,12.7,google_trends_lk
2024-W34,terraform,15.4,google_trends_lk
2024-W35,terraform,19.5,google_trends_lk
2024-W36,terraform,9.9,google_trends_lk
2024-W37,terraform,12.0,google_trends_lk
2024-W38,terraform,11.5,google_trends_lk
2024-W39,terraform,5.6,google_trends_lk
2024-W40,terraform,11.4,google_trends_lk
2024-W41,terraform,15.6,google_trends_lk
2024-W42,terraform,14.5,google_trends_lk
2024-W43,terraform,14.8,google_trends_lk
2024-W44,terraform,11.4,google_trends_lk
2024-W45,terraform,10.4,google_trends_lk
2024-W46,terraform,17.2,google_trends_lk
2024-W47,terraform,11.0,google_trends_lk
2024-W48,terraform,13.9,google_trends_lk
2024-W49,terraform,13.4,google_trends_lk
2024-W50,terraform,18.0,google_trends_lk
2024-W51,terraform,16.3,google_trends_lk
2024-W52,terraform,8.4,google_trends_lk
2024-W53,terraform,8.9,google_trends_lk
2025-W01,terraform,15.1,google_trends_lk
2025-W02,terraform,12.9,google_trends_lk
2025-W03,terraform,11.5,google_trends_lk
2025-W04,terraform,16.7,google_trends_lk
2025-W05,terraform,13.9,google_trends_lk
2025-W06,terraform,13.4,google_trends_lk
2025-W07,terraform,16.0,google_trends_lk
2025-W08,terraform,12.0,google_trends_lk
2025-W09,terraform,18.9,google_trends_lk
2025-W10,terraform,10.6,google_trends_lk
2025-W11,terraform,15.7,google_trends_lk
2025-W12,terraform,18.5,google_trends_lk
2025-W13,terraform,8.7,google_trends_lk
2025-W14,terraform,12.4,google_trends_lk
2025-W15,terraform,17.6,google_trends_lk
2025-W16,terraform,17.7,google_trends_lk
2025-W17,terraform,13.1,google_trends_lk
2025-W18,terraform,11.1,google_trends_lk
2025-W19,terraform,17.1,google_trends_lk
2025-W20,terraform,17.9,google_trends_lk
2025-W21,terraform,9.8,google_trends_lk
2025-W22,terraform,9.7,google_trends_lk
2025-W23,terraform,14.7,google_trends_lk
2025-W24,terraform,16.1,google_trends_lk
2025-W25,terraform,12.9,google_trends_lk
2025-W26,terraform,16.4,google_trends_lk
2025-W27,terraform,11.6,google_trends_lk
2025-W28,terraform,6.7,google_trends_lk
2025-W29,terraform,12.7,google_trends_lk
2025-W30,terraform,14.4,google_trends_lk
2025-W31,terraform,13.3,google_trends_lk
2025-W32,terraform,10.2,google_trends_lk
2025-W33,terraform,7.9,google_trends_lk
2025-W34,terraform,12.5,google_trends_lk
2025-W35,terraform,17.5,google_trends_lk
2025-W36,terraform,18.8,google_trends_lk
2025-W37,terraform,18.6,google_trends_lk
2025-W38,terraform,11.6,google_trends_lk
2025-W39,terraform,10.5,google_trends_lk
2025-W40,terraform,16.3,google_trends_lk
2025-W41,terraform,16.8,google_trends_lk
2025-W42,terraform,16.0,google_trends_lk
2025-W43,terraform,7.6,google_trends_lk
2025-W44,terraform,11.7,google_trends_lk
2025-W45,terraform,14.7,google_trends_lk
2025-W46,terraform,16.5,google_trends_lk
2025-W47,terraform,17.5,google_trends_lk
2025-W48,terraform,15.4,google_trends_lk
2025-W49,terraform,16.1,google_trends_lk
2025-W50,terraform,15.3,google_trends_lk
2025-W51,terraform,17.4,google_trends_lk
2025-W52,terraform,16.1,google_trends_lk
2026-W01,terraform,15.3,google_trends_lk
2026-W02,terraform,14.2,google_trends_lk
2026-W03,terraform,15.4,google_trends_lk
2026-W04,terraform,16.9,google_trends_lk
2026-W05,terraform,16.2,google_trends_lk
2026-W06,terraform,16.6,google_trends_lk
2026-W07,terraform,20.0,google_trends_lk
2026-W08,terraform,16.3,google_trends_lk
2026-W09,terraform,13.1,google_trends_lk
2026-W10,terraform,18.5,google_trends_lk
2026-W11,terraform,10.7,google_trends_lk
2026-W12,terraform,11.7,google_trends_lk
2026-W13,terraform,16.7,google_trends_lk
2026-W14,terraform,17.4,google_trends_lk
2026-W15,terraform,11.3,google_trends_lk
2026-W16,terraform,14.3,google_trends_lk
2026-W17,terraform,13.6,google_trends_lk
2026-W18,terraform,14.0,google_trends_lk
2026-W19,terraform,19.1,google_trends_lk
2026-W20,terraform,18.3,google_trends_lk
2026-W21,terraform,15.8,google_trends_lk
2026-W22,terraform,14.0,google_trends_lk
2026-W23,terraform,11.2,google_trends_lk
2026-W24,terraform,20.9,google_trends_lk
2026-W25,terraform,18.1,google_trends_lk
2024-W01,postgresql,24.6,google_trends_lk
2024-W02,postgresql,31.2,google_trends_lk
2024-W03,postgresql,23.8,google_trends_lk
2024-W04,postgresql,30.8,google_trends_lk
2024-W05,postgresql,29.1,google_trends_lk
2024-W06,postgresql,23.1,google_trends_lk
2024-W07,postgresql,27.4,google_trends_lk
2024-W08,postgresql,26.3,google_trends_lk
2024-W09,postgresql,28.7,google_trends_lk
2024-W10,postgresql,25.8,google_trends_lk
2024-W11,postgresql,25.5,google_trends_lk
2024-W12,postgresql,31.5,google_trends_lk
2024-W13,postgresql,26.4,google_trends_lk
2024-W14,postgresql,29.7,google_trends_lk
2024-W15,postgresql,26.1,google_trends_lk
2024-W16,postgresql,32.8,google_trends_lk
2024-W17,postgresql,24.6,google_trends_lk
2024-W18,postgresql,24.9,google_trends_lk
2024-W19,postgresql,32.5,google_trends_lk
2024-W20,postgresql,25.6,google_trends_lk
2024-W21,postgresql,32.8,google_trends_lk
2024-W22,postgresql,30.4,google_trends_lk
2024-W23,postgresql,26.8,google_trends_lk
2024-W24,postgresql,21.1,google_trends_lk
2024-W25,postgresql,27.4,google_trends_lk
2024-W26,postgresql,27.9,google_trends_lk
2024-W27,postgresql,31.7,google_trends_lk
2024-W28,postgresql,33.2,google_trends_lk
2024-W29,postgresql,25.3,google_trends_lk
2024-W30,postgresql,30.6,google_trends_lk
2024-W31,postgresql,30.5,google_trends_lk
2024-W32,postgresql,31.7,google_trends_lk
2024-W33,postgresql,29.7,google_trends_lk
2024-W34,postgresql,21.2,google_trends_lk
2024-W35,postgresql,27.6,google_trends_lk
2024-W36,postgresql,24.1,google_trends_lk
2024-W37,postgresql,27.5,google_trends_lk
2024-W38,postgresql,31.7,google_trends_lk
2024-W39,postgresql,29.4,google_trends_lk
2024-W40,postgresql,32.4,google_trends_lk
2024-W41,postgresql,29.7,google_trends_lk
2024-W42,postgresql,24.0,google_trends_lk
2024-W43,postgresql,19.8,google_trends_lk
2024-W44,postgresql,29.2,google_trends_lk
2024-W45,postgresql,28.0,google_trends_lk
2024-W46,postgresql,25.4,google_trends_lk
2024-W47,postgresql,22.9,google_trends_lk
2024-W48,postgresql,26.3,google_trends_lk
2024-W49,postgresql,28.3,google_trends_lk
2024-W50,postgresql,31.4,google_trends_lk
2024-W51,postgresql,29.8,google_trends_lk
2024-W52,postgresql,34.8,google_trends_lk
2024-W53,postgresql,25.6,google_trends_lk
2025-W01,postgresql,32.4,google_trends_lk
2025-W02,postgresql,29.5,google_trends_lk
2025-W03,postgresql,31.8,google_trends_lk
2025-W04,postgresql,27.9,google_trends_lk
2025-W05,postgresql,33.3,google_trends_lk
2025-W06,postgresql,30.6,google_trends_lk
2025-W07,postgresql,27.3,google_trends_lk
2025-W08,postgresql,29.7,google_trends_lk
2025-W09,postgresql,28.9,google_trends_lk
2025-W10,postgresql,31.6,google_trends_lk
2025-W11,postgresql,25.8,google_trends_lk
2025-W12,postgresql,29.9,google_trends_lk
2025-W13,postgresql,31.4,google_trends_lk
2025-W14,postgresql,30.2,google_trends_lk
2025-W15,postgresql,34.9,google_trends_lk
2025-W16,postgresql,32.9,google_trends_lk
2025-W17,postgresql,30.3,google_trends_lk
2025-W18,postgresql,31.1,google_trends_lk
2025-W19,postgresql,31.4,google_trends_lk
2025-W20,postgresql,31.9,google_trends_lk
2025-W21,postgresql,24.1,google_trends_lk
2025-W22,postgresql,29.5,google_trends_lk
2025-W23,postgresql,25.5,google_trends_lk
2025-W24,postgresql,35.2,google_trends_lk
2025-W25,postgresql,30.6,google_trends_lk
2025-W26,postgresql,30.2,google_trends_lk
2025-W27,postgresql,34.0,google_trends_lk
2025-W28,postgresql,32.4,google_trends_lk
2025-W29,postgresql,27.1,google_trends_lk
2025-W30,postgresql,30.8,google_trends_lk
2025-W31,postgresql,30.0,google_trends_lk
2025-W32,postgresql,25.1,google_trends_lk
2025-W33,postgresql,28.9,google_trends_lk
2025-W34,postgresql,30.7,google_trends_lk
2025-W35,postgresql,31.0,google_trends_lk
2025-W36,postgresql,26.3,google_trends_lk
2025-W37,postgresql,35.6,google_trends_lk
2025-W38,postgresql,31.2,google_trends_lk
2025-W39,postgresql,31.8,google_trends_lk
2025-W40,postgresql,33.1,google_trends_lk
2025-W41,postgresql,29.0,google_trends_lk
2025-W42,postgresql,33.4,google_trends_lk
2025-W43,postgresql,30.6,google_trends_lk
2025-W44,postgresql,28.8,google_trends_lk
2025-W45,postgresql,34.0,google_trends_lk
2025-W46,postgresql,37.3,google_trends_lk
2025-W47,postgresql,34.7,google_trends_lk
2025-W48,postgresql,35.4,google_trends_lk
2025-W49,postgresql,30.4,google_trends_lk
2025-W50,postgresql,26.7,google_trends_lk
2025-W51,postgresql,37.6,google_trends_lk
2025-W52,postgresql,39.6,google_trends_lk
2026-W01,postgresql,37.9,google_trends_lk
2026-W02,postgresql,31.4,google_trends_lk
2026-W03,postgresql,28.6,google_trends_lk
2026-W04,postgresql,29.0,google_trends_lk
2026-W05,postgresql,26.9,google_trends_lk
2026-W06,postgresql,32.4,google_trends_lk
2026-W07,postgresql,38.5,google_trends_lk
2026-W08,postgresql,32.4,google_trends_lk
2026-W09,postgresql,34.1,google_trends_lk
2026-W10,postgresql,37.9,google_trends_lk
2026-W11,postgresql,31.7,google_trends_lk
2026-W12,postgresql,40.3,google_trends_lk
2026-W13,postgresql,40.2,google_trends_lk
2026-W14,postgresql,32.9,google_trends_lk
2026-W15,postgresql,31.4,google_trends_lk
2026-W16,postgresql,35.9,google_trends_lk
2026-W17,postgresql,32.3,google_trends_lk
2026-W18,postgresql,29.5,google_trends_lk
2026-W19,postgresql,38.1,google_trends_lk
2026-W20,postgresql,37.9,google_trends_lk
2026-W21,postgresql,34.3,google_trends_lk
2026-W22,postgresql,29.4,google_trends_lk
2026-W23,postgresql,29.6,google_trends_lk
2026-W24,postgresql,34.3,google_trends_lk
2026-W25,postgresql,32.3,google_trends_lk
2024-W01,mysql,47.8,google_trends_lk
2024-W02,mysql,50.2,google_trends_lk
2024-W03,mysql,48.1,google_trends_lk
2024-W04,mysql,47.4,google_trends_lk
2024-W05,mysql,51.9,google_trends_lk
2024-W06,mysql,43.2,google_trends_lk
2024-W07,mysql,49.6,google_trends_lk
2024-W08,mysql,41.8,google_trends_lk
2024-W09,mysql,44.7,google_trends_lk
2024-W10,mysql,43.3,google_trends_lk
2024-W11,mysql,50.3,google_trends_lk
2024-W12,mysql,47.3,google_trends_lk
2024-W13,mysql,47.4,google_trends_lk
2024-W14,mysql,43.5,google_trends_lk
2024-W15,mysql,46.3,google_trends_lk
2024-W16,mysql,44.6,google_trends_lk
2024-W17,mysql,48.6,google_trends_lk
2024-W18,mysql,43.7,google_trends_lk
2024-W19,mysql,51.8,google_trends_lk
2024-W20,mysql,41.3,google_trends_lk
2024-W21,mysql,44.2,google_trends_lk
2024-W22,mysql,52.9,google_trends_lk
2024-W23,mysql,45.5,google_trends_lk
2024-W24,mysql,42.3,google_trends_lk
2024-W25,mysql,47.7,google_trends_lk
2024-W26,mysql,45.2,google_trends_lk
2024-W27,mysql,43.9,google_trends_lk
2024-W28,mysql,42.9,google_trends_lk
2024-W29,mysql,56.4,google_trends_lk
2024-W30,mysql,45.8,google_trends_lk
2024-W31,mysql,39.9,google_trends_lk
2024-W32,mysql,51.8,google_trends_lk
2024-W33,mysql,48.7,google_trends_lk
2024-W34,mysql,43.8,google_trends_lk
2024-W35,mysql,43.2,google_trends_lk
2024-W36,mysql,48.7,google_trends_lk
2024-W37,mysql,45.5,google_trends_lk
2024-W38,mysql,39.5,google_trends_lk
2024-W39,mysql,52.5,google_trends_lk
2024-W40,mysql,44.7,google_trends_lk
2024-W41,mysql,51.4,google_trends_lk
2024-W42,mysql,50.6,google_trends_lk
2024-W43,mysql,42.5,google_trends_lk
2024-W44,mysql,49.6,google_trends_lk
2024-W45,mysql,43.7,google_trends_lk
2024-W46,mysql,39.4,google_trends_lk
2024-W47,mysql,44.4,google_trends_lk
2024-W48,mysql,47.2,google_trends_lk
2024-W49,mysql,44.1,google_trends_lk
2024-W50,mysql,44.6,google_trends_lk
2024-W51,mysql,49.7,google_trends_lk
2024-W52,mysql,46.0,google_trends_lk
2024-W53,mysql,42.6,google_trends_lk
2025-W01,mysql,48.0,google_trends_lk
2025-W02,mysql,46.2,google_trends_lk
2025-W03,mysql,36.6,google_trends_lk
2025-W04,mysql,46.9,google_trends_lk
2025-W05,mysql,46.7,google_trends_lk
2025-W06,mysql,45.4,google_trends_lk
2025-W07,mysql,48.4,google_trends_lk
2025-W08,mysql,42.9,google_trends_lk
2025-W09,mysql,46.3,google_trends_lk
2025-W10,mysql,39.6,google_trends_lk
2025-W11,mysql,46.5,google_trends_lk
2025-W12,mysql,51.9,google_trends_lk
2025-W13,mysql,41.5,google_trends_lk
2025-W14,mysql,42.3,google_trends_lk
2025-W15,mysql,42.4,google_trends_lk
2025-W16,mysql,45.3,google_trends_lk
2025-W17,mysql,41.1,google_trends_lk
2025-W18,mysql,46.2,google_trends_lk
2025-W19,mysql,47.7,google_trends_lk
2025-W20,mysql,46.5,google_trends_lk
2025-W21,mysql,38.4,google_trends_lk
2025-W22,mysql,48.0,google_trends_lk
2025-W23,mysql,47.8,google_trends_lk
2025-W24,mysql,47.4,google_trends_lk
2025-W25,mysql,45.7,google_trends_lk
2025-W26,mysql,45.1,google_trends_lk
2025-W27,mysql,47.9,google_trends_lk
2025-W28,mysql,51.0,google_trends_lk
2025-W29,mysql,40.9,google_trends_lk
2025-W30,mysql,48.0,google_trends_lk
2025-W31,mysql,43.8,google_trends_lk
2025-W32,mysql,43.6,google_trends_lk
2025-W33,mysql,38.7,google_trends_lk
2025-W34,mysql,43.0,google_trends_lk
2025-W35,mysql,40.5,google_trends_lk
2025-W36,mysql,42.3,google_trends_lk
2025-W37,mysql,40.0,google_trends_lk
2025-W38,mysql,42.2,google_trends_lk
2025-W39,mysql,42.3,google_trends_lk
2025-W40,mysql,44.1,google_trends_lk
2025-W41,mysql,38.0,google_trends_lk
2025-W42,mysql,38.6,google_trends_lk
2025-W43,mysql,44.8,google_trends_lk
2025-W44,mysql,40.7,google_trends_lk
2025-W45,mysql,47.2,google_trends_lk
2025-W46,mysql,44.2,google_trends_lk
2025-W47,mysql,45.5,google_trends_lk
2025-W48,mysql,48.3,google_trends_lk
2025-W49,mysql,42.2,google_trends_lk
2025-W50,mysql,41.2,google_trends_lk
2025-W51,mysql,46.3,google_trends_lk
2025-W52,mysql,44.9,google_trends_lk
2026-W01,mysql,42.5,google_trends_lk
2026-W02,mysql,47.9,google_trends_lk
2026-W03,mysql,42.3,google_trends_lk
2026-W04,mysql,43.1,google_trends_lk
2026-W05,mysql,43.0,google_trends_lk
2026-W06,mysql,39.6,google_trends_lk
2026-W07,mysql,43.1,google_trends_lk
2026-W08,mysql,47.7,google_trends_lk
2026-W09,mysql,44.3,google_trends_lk
2026-W10,mysql,42.8,google_trends_lk
2026-W11,mysql,42.1,google_trends_lk
2026-W12,mysql,43.8,google_trends_lk
2026-W13,mysql,45.2,google_trends_lk
2026-W14,mysql,44.6,google_trends_lk
2026-W15,mysql,41.3,google_trends_lk
2026-W16,mysql,43.6,google_trends_lk
2026-W17,mysql,44.1,google_trends_lk
2026-W18,mysql,38.8,google_trends_lk
2026-W19,mysql,42.9,google_trends_lk
2026-W20,mysql,34.7,google_trends_lk
2026-W21,mysql,43.9,google_trends_lk
2026-W22,mysql,44.5,google_trends_lk
2026-W23,mysql,44.7,google_trends_lk
2026-W24,mysql,40.7,google_trends_lk
2026-W25,mysql,43.1,google_trends_lk
2024-W01,mongodb,30.7,google_trends_lk
2024-W02,mongodb,29.8,google_trends_lk
2024-W03,mongodb,28.4,google_trends_lk
2024-W04,mongodb,31.3,google_trends_lk
2024-W05,mongodb,26.6,google_trends_lk
2024-W06,mongodb,25.6,google_trends_lk
2024-W07,mongodb,34.2,google_trends_lk
2024-W08,mongodb,32.3,google_trends_lk
2024-W09,mongodb,30.0,google_trends_lk
2024-W10,mongodb,35.5,google_trends_lk
2024-W11,mongodb,28.8,google_trends_lk
2024-W12,mongodb,34.3,google_trends_lk
2024-W13,mongodb,30.2,google_trends_lk
2024-W14,mongodb,26.0,google_trends_lk
2024-W15,mongodb,36.0,google_trends_lk
2024-W16,mongodb,33.0,google_trends_lk
2024-W17,mongodb,29.1,google_trends_lk
2024-W18,mongodb,32.0,google_trends_lk
2024-W19,mongodb,28.0,google_trends_lk
2024-W20,mongodb,32.3,google_trends_lk
2024-W21,mongodb,21.0,google_trends_lk
2024-W22,mongodb,25.8,google_trends_lk
2024-W23,mongodb,32.7,google_trends_lk
2024-W24,mongodb,28.4,google_trends_lk
2024-W25,mongodb,30.0,google_trends_lk
2024-W26,mongodb,24.5,google_trends_lk
2024-W27,mongodb,35.7,google_trends_lk
2024-W28,mongodb,33.3,google_trends_lk
2024-W29,mongodb,28.4,google_trends_lk
2024-W30,mongodb,27.7,google_trends_lk
2024-W31,mongodb,32.7,google_trends_lk
2024-W32,mongodb,36.0,google_trends_lk
2024-W33,mongodb,32.3,google_trends_lk
2024-W34,mongodb,36.6,google_trends_lk
2024-W35,mongodb,25.7,google_trends_lk
2024-W36,mongodb,26.0,google_trends_lk
2024-W37,mongodb,24.7,google_trends_lk
2024-W38,mongodb,30.4,google_trends_lk
2024-W39,mongodb,29.4,google_trends_lk
2024-W40,mongodb,28.3,google_trends_lk
2024-W41,mongodb,31.6,google_trends_lk
2024-W42,mongodb,33.0,google_trends_lk
2024-W43,mongodb,23.4,google_trends_lk
2024-W44,mongodb,26.6,google_trends_lk
2024-W45,mongodb,31.5,google_trends_lk
2024-W46,mongodb,27.0,google_trends_lk
2024-W47,mongodb,25.8,google_trends_lk
2024-W48,mongodb,32.1,google_trends_lk
2024-W49,mongodb,24.0,google_trends_lk
2024-W50,mongodb,27.4,google_trends_lk
2024-W51,mongodb,29.6,google_trends_lk
2024-W52,mongodb,26.4,google_trends_lk
2024-W53,mongodb,31.1,google_trends_lk
2025-W01,mongodb,26.4,google_trends_lk
2025-W02,mongodb,33.3,google_trends_lk
2025-W03,mongodb,27.9,google_trends_lk
2025-W04,mongodb,30.6,google_trends_lk
2025-W05,mongodb,30.8,google_trends_lk
2025-W06,mongodb,26.0,google_trends_lk
2025-W07,mongodb,21.0,google_trends_lk
2025-W08,mongodb,29.4,google_trends_lk
2025-W09,mongodb,28.4,google_trends_lk
2025-W10,mongodb,30.0,google_trends_lk
2025-W11,mongodb,27.3,google_trends_lk
2025-W12,mongodb,26.5,google_trends_lk
2025-W13,mongodb,35.0,google_trends_lk
2025-W14,mongodb,22.8,google_trends_lk
2025-W15,mongodb,30.5,google_trends_lk
2025-W16,mongodb,25.9,google_trends_lk
2025-W17,mongodb,26.7,google_trends_lk
2025-W18,mongodb,26.7,google_trends_lk
2025-W19,mongodb,25.0,google_trends_lk
2025-W20,mongodb,29.8,google_trends_lk
2025-W21,mongodb,32.6,google_trends_lk
2025-W22,mongodb,29.4,google_trends_lk
2025-W23,mongodb,28.0,google_trends_lk
2025-W24,mongodb,24.2,google_trends_lk
2025-W25,mongodb,29.4,google_trends_lk
2025-W26,mongodb,35.1,google_trends_lk
2025-W27,mongodb,26.2,google_trends_lk
2025-W28,mongodb,26.2,google_trends_lk
2025-W29,mongodb,25.5,google_trends_lk
2025-W30,mongodb,25.7,google_trends_lk
2025-W31,mongodb,17.8,google_trends_lk
2025-W32,mongodb,28.8,google_trends_lk
2025-W33,mongodb,24.4,google_trends_lk
2025-W34,mongodb,21.7,google_trends_lk
2025-W35,mongodb,29.9,google_trends_lk
2025-W36,mongodb,23.5,google_trends_lk
2025-W37,mongodb,26.1,google_trends_lk
2025-W38,mongodb,32.3,google_trends_lk
2025-W39,mongodb,22.2,google_trends_lk
2025-W40,mongodb,21.8,google_trends_lk
2025-W41,mongodb,28.1,google_trends_lk
2025-W42,mongodb,31.1,google_trends_lk
2025-W43,mongodb,21.5,google_trends_lk
2025-W44,mongodb,28.5,google_trends_lk
2025-W45,mongodb,29.0,google_trends_lk
2025-W46,mongodb,19.8,google_trends_lk
2025-W47,mongodb,29.7,google_trends_lk
2025-W48,mongodb,30.0,google_trends_lk
2025-W49,mongodb,25.8,google_trends_lk
2025-W50,mongodb,31.2,google_trends_lk
2025-W51,mongodb,30.8,google_trends_lk
2025-W52,mongodb,27.1,google_trends_lk
2026-W01,mongodb,25.2,google_trends_lk
2026-W02,mongodb,23.3,google_trends_lk
2026-W03,mongodb,26.6,google_trends_lk
2026-W04,mongodb,28.6,google_trends_lk
2026-W05,mongodb,25.5,google_trends_lk
2026-W06,mongodb,18.9,google_trends_lk
2026-W07,mongodb,31.0,google_trends_lk
2026-W08,mongodb,27.2,google_trends_lk
2026-W09,mongodb,25.2,google_trends_lk
2026-W10,mongodb,29.5,google_trends_lk
2026-W11,mongodb,31.8,google_trends_lk
2026-W12,mongodb,16.6,google_trends_lk
2026-W13,mongodb,27.9,google_trends_lk
2026-W14,mongodb,21.3,google_trends_lk
2026-W15,mongodb,28.1,google_trends_lk
2026-W16,mongodb,26.7,google_trends_lk
2026-W17,mongodb,28.5,google_trends_lk
2026-W18,mongodb,24.5,google_trends_lk
2026-W19,mongodb,19.6,google_trends_lk
2026-W20,mongodb,24.6,google_trends_lk
2026-W21,mongodb,27.5,google_trends_lk
2026-W22,mongodb,29.6,google_trends_lk
2026-W23,mongodb,22.0,google_trends_lk
2026-W24,mongodb,29.6,google_trends_lk
2026-W25,mongodb,23.7,google_trends_lk
2024-W01,redis,15.3,google_trends_lk
2024-W02,redis,17.5,google_trends_lk
2024-W03,redis,13.3,google_trends_lk
2024-W04,redis,18.2,google_trends_lk
2024-W05,redis,15.5,google_trends_lk
2024-W06,redis,20.8,google_trends_lk
2024-W07,redis,19.8,google_trends_lk
2024-W08,redis,15.4,google_trends_lk
2024-W09,redis,16.7,google_trends_lk
2024-W10,redis,15.3,google_trends_lk
2024-W11,redis,12.3,google_trends_lk
2024-W12,redis,14.3,google_trends_lk
2024-W13,redis,18.0,google_trends_lk
2024-W14,redis,18.4,google_trends_lk
2024-W15,redis,17.8,google_trends_lk
2024-W16,redis,16.3,google_trends_lk
2024-W17,redis,20.6,google_trends_lk
2024-W18,redis,17.6,google_trends_lk
2024-W19,redis,19.9,google_trends_lk
2024-W20,redis,11.2,google_trends_lk
2024-W21,redis,3.7,google_trends_lk
2024-W22,redis,18.5,google_trends_lk
2024-W23,redis,12.5,google_trends_lk
2024-W24,redis,16.8,google_trends_lk
2024-W25,redis,16.5,google_trends_lk
2024-W26,redis,23.1,google_trends_lk
2024-W27,redis,19.0,google_trends_lk
2024-W28,redis,18.2,google_trends_lk
2024-W29,redis,20.6,google_trends_lk
2024-W30,redis,19.0,google_trends_lk
2024-W31,redis,16.1,google_trends_lk
2024-W32,redis,21.5,google_trends_lk
2024-W33,redis,13.9,google_trends_lk
2024-W34,redis,18.9,google_trends_lk
2024-W35,redis,12.4,google_trends_lk
2024-W36,redis,18.5,google_trends_lk
2024-W37,redis,18.5,google_trends_lk
2024-W38,redis,23.7,google_trends_lk
2024-W39,redis,12.4,google_trends_lk
2024-W40,redis,15.8,google_trends_lk
2024-W41,redis,20.8,google_trends_lk
2024-W42,redis,19.1,google_trends_lk
2024-W43,redis,18.6,google_trends_lk
2024-W44,redis,14.7,google_trends_lk
2024-W45,redis,16.0,google_trends_lk
2024-W46,redis,22.4,google_trends_lk
2024-W47,redis,17.9,google_trends_lk
2024-W48,redis,19.4,google_trends_lk
2024-W49,redis,17.7,google_trends_lk
2024-W50,redis,14.0,google_trends_lk
2024-W51,redis,21.4,google_trends_lk
2024-W52,redis,19.9,google_trends_lk
2024-W53,redis,26.3,google_trends_lk
2025-W01,redis,14.7,google_trends_lk
2025-W02,redis,21.1,google_trends_lk
2025-W03,redis,13.7,google_trends_lk
2025-W04,redis,18.9,google_trends_lk
2025-W05,redis,21.7,google_trends_lk
2025-W06,redis,11.1,google_trends_lk
2025-W07,redis,17.7,google_trends_lk
2025-W08,redis,16.4,google_trends_lk
2025-W09,redis,16.0,google_trends_lk
2025-W10,redis,19.8,google_trends_lk
2025-W11,redis,22.4,google_trends_lk
2025-W12,redis,18.0,google_trends_lk
2025-W13,redis,19.2,google_trends_lk
2025-W14,redis,18.9,google_trends_lk
2025-W15,redis,18.6,google_trends_lk
2025-W16,redis,14.8,google_trends_lk
2025-W17,redis,22.5,google_trends_lk
2025-W18,redis,19.7,google_trends_lk
2025-W19,redis,20.0,google_trends_lk
2025-W20,redis,15.9,google_trends_lk
2025-W21,redis,17.1,google_trends_lk
2025-W22,redis,18.1,google_trends_lk
2025-W23,redis,13.4,google_trends_lk
2025-W24,redis,12.9,google_trends_lk
2025-W25,redis,16.7,google_trends_lk
2025-W26,redis,20.6,google_trends_lk
2025-W27,redis,16.6,google_trends_lk
2025-W28,redis,15.3,google_trends_lk
2025-W29,redis,16.0,google_trends_lk
2025-W30,redis,17.3,google_trends_lk
2025-W31,redis,17.7,google_trends_lk
2025-W32,redis,26.5,google_trends_lk
2025-W33,redis,22.7,google_trends_lk
2025-W34,redis,22.6,google_trends_lk
2025-W35,redis,23.1,google_trends_lk
2025-W36,redis,15.6,google_trends_lk
2025-W37,redis,14.8,google_trends_lk
2025-W38,redis,15.2,google_trends_lk
2025-W39,redis,23.8,google_trends_lk
2025-W40,redis,17.2,google_trends_lk
2025-W41,redis,14.8,google_trends_lk
2025-W42,redis,17.7,google_trends_lk
2025-W43,redis,18.4,google_trends_lk
2025-W44,redis,20.2,google_trends_lk
2025-W45,redis,20.1,google_trends_lk
2025-W46,redis,16.4,google_trends_lk
2025-W47,redis,21.7,google_trends_lk
2025-W48,redis,17.1,google_trends_lk
2025-W49,redis,18.8,google_trends_lk
2025-W50,redis,21.8,google_trends_lk
2025-W51,redis,17.1,google_trends_lk
2025-W52,redis,17.4,google_trends_lk
2026-W01,redis,21.5,google_trends_lk
2026-W02,redis,16.5,google_trends_lk
2026-W03,redis,18.1,google_trends_lk
2026-W04,redis,21.5,google_trends_lk
2026-W05,redis,26.7,google_trends_lk
2026-W06,redis,21.7,google_trends_lk
2026-W07,redis,21.2,google_trends_lk
2026-W08,redis,21.5,google_trends_lk
2026-W09,redis,15.9,google_trends_lk
2026-W10,redis,20.1,google_trends_lk
2026-W11,redis,19.6,google_trends_lk
2026-W12,redis,20.8,google_trends_lk
2026-W13,redis,20.1,google_trends_lk
2026-W14,redis,21.1,google_trends_lk
2026-W15,redis,18.7,google_trends_lk
2026-W16,redis,20.0,google_trends_lk
2026-W17,redis,15.5,google_trends_lk
2026-W18,redis,18.7,google_trends_lk
2026-W19,redis,24.7,google_trends_lk
2026-W20,redis,21.0,google_trends_lk
2026-W21,redis,19.8,google_trends_lk
2026-W22,redis,26.6,google_trends_lk
2026-W23,redis,15.2,google_trends_lk
2026-W24,redis,16.1,google_trends_lk
2026-W25,redis,26.0,google_trends_lk
2024-W01,elasticsearch,16.2,google_trends_lk
2024-W02,elasticsearch,16.0,google_trends_lk
2024-W03,elasticsearch,8.4,google_trends_lk
2024-W04,elasticsearch,11.4,google_trends_lk
2024-W05,elasticsearch,15.9,google_trends_lk
2024-W06,elasticsearch,13.2,google_trends_lk
2024-W07,elasticsearch,9.3,google_trends_lk
2024-W08,elasticsearch,14.7,google_trends_lk
2024-W09,elasticsearch,10.6,google_trends_lk
2024-W10,elasticsearch,19.4,google_trends_lk
2024-W11,elasticsearch,18.6,google_trends_lk
2024-W12,elasticsearch,15.3,google_trends_lk
2024-W13,elasticsearch,17.9,google_trends_lk
2024-W14,elasticsearch,13.4,google_trends_lk
2024-W15,elasticsearch,15.9,google_trends_lk
2024-W16,elasticsearch,18.4,google_trends_lk
2024-W17,elasticsearch,14.1,google_trends_lk
2024-W18,elasticsearch,12.4,google_trends_lk
2024-W19,elasticsearch,7.3,google_trends_lk
2024-W20,elasticsearch,13.0,google_trends_lk
2024-W21,elasticsearch,16.2,google_trends_lk
2024-W22,elasticsearch,16.6,google_trends_lk
2024-W23,elasticsearch,15.1,google_trends_lk
2024-W24,elasticsearch,11.5,google_trends_lk
2024-W25,elasticsearch,6.5,google_trends_lk
2024-W26,elasticsearch,11.7,google_trends_lk
2024-W27,elasticsearch,12.3,google_trends_lk
2024-W28,elasticsearch,12.3,google_trends_lk
2024-W29,elasticsearch,15.6,google_trends_lk
2024-W30,elasticsearch,20.4,google_trends_lk
2024-W31,elasticsearch,13.9,google_trends_lk
2024-W32,elasticsearch,12.7,google_trends_lk
2024-W33,elasticsearch,12.6,google_trends_lk
2024-W34,elasticsearch,13.9,google_trends_lk
2024-W35,elasticsearch,10.6,google_trends_lk
2024-W36,elasticsearch,14.0,google_trends_lk
2024-W37,elasticsearch,15.1,google_trends_lk
2024-W38,elasticsearch,14.3,google_trends_lk
2024-W39,elasticsearch,15.2,google_trends_lk
2024-W40,elasticsearch,15.1,google_trends_lk
2024-W41,elasticsearch,7.4,google_trends_lk
2024-W42,elasticsearch,15.9,google_trends_lk
2024-W43,elasticsearch,11.3,google_trends_lk
2024-W44,elasticsearch,9.8,google_trends_lk
2024-W45,elasticsearch,9.8,google_trends_lk
2024-W46,elasticsearch,15.2,google_trends_lk
2024-W47,elasticsearch,12.9,google_trends_lk
2024-W48,elasticsearch,7.8,google_trends_lk
2024-W49,elasticsearch,15.4,google_trends_lk
2024-W50,elasticsearch,8.7,google_trends_lk
2024-W51,elasticsearch,14.3,google_trends_lk
2024-W52,elasticsearch,14.6,google_trends_lk
2024-W53,elasticsearch,16.9,google_trends_lk
2025-W01,elasticsearch,20.1,google_trends_lk
2025-W02,elasticsearch,9.1,google_trends_lk
2025-W03,elasticsearch,13.7,google_trends_lk
2025-W04,elasticsearch,12.9,google_trends_lk
2025-W05,elasticsearch,15.4,google_trends_lk
2025-W06,elasticsearch,14.7,google_trends_lk
2025-W07,elasticsearch,12.7,google_trends_lk
2025-W08,elasticsearch,12.4,google_trends_lk
2025-W09,elasticsearch,10.0,google_trends_lk
2025-W10,elasticsearch,17.4,google_trends_lk
2025-W11,elasticsearch,15.6,google_trends_lk
2025-W12,elasticsearch,17.2,google_trends_lk
2025-W13,elasticsearch,12.9,google_trends_lk
2025-W14,elasticsearch,11.7,google_trends_lk
2025-W15,elasticsearch,10.3,google_trends_lk
2025-W16,elasticsearch,15.3,google_trends_lk
2025-W17,elasticsearch,10.4,google_trends_lk
2025-W18,elasticsearch,20.6,google_trends_lk
2025-W19,elasticsearch,9.5,google_trends_lk
2025-W20,elasticsearch,15.1,google_trends_lk
2025-W21,elasticsearch,19.6,google_trends_lk
2025-W22,elasticsearch,16.2,google_trends_lk
2025-W23,elasticsearch,14.8,google_trends_lk
2025-W24,elasticsearch,10.8,google_trends_lk
2025-W25,elasticsearch,9.4,google_trends_lk
2025-W26,elasticsearch,16.9,google_trends_lk
2025-W27,elasticsearch,19.5,google_trends_lk
2025-W28,elasticsearch,12.7,google_trends_lk
2025-W29,elasticsearch,10.3,google_trends_lk
2025-W30,elasticsearch,5.7,google_trends_lk
2025-W31,elasticsearch,10.9,google_trends_lk
2025-W32,elasticsearch,13.9,google_trends_lk
2025-W33,elasticsearch,19.9,google_trends_lk
2025-W34,elasticsearch,16.7,google_trends_lk
2025-W35,elasticsearch,15.4,google_trends_lk
2025-W36,elasticsearch,13.0,google_trends_lk
2025-W37,elasticsearch,12.3,google_trends_lk
2025-W38,elasticsearch,19.3,google_trends_lk
2025-W39,elasticsearch,15.1,google_trends_lk
2025-W40,elasticsearch,7.1,google_trends_lk
2025-W41,elasticsearch,12.1,google_trends_lk
2025-W42,elasticsearch,11.5,google_trends_lk
2025-W43,elasticsearch,12.6,google_trends_lk
2025-W44,elasticsearch,16.5,google_trends_lk
2025-W45,elasticsearch,14.1,google_trends_lk
2025-W46,elasticsearch,14.3,google_trends_lk
2025-W47,elasticsearch,19.1,google_trends_lk
2025-W48,elasticsearch,12.1,google_trends_lk
2025-W49,elasticsearch,21.1,google_trends_lk
2025-W50,elasticsearch,12.2,google_trends_lk
2025-W51,elasticsearch,14.9,google_trends_lk
2025-W52,elasticsearch,13.6,google_trends_lk
2026-W01,elasticsearch,15.1,google_trends_lk
2026-W02,elasticsearch,16.2,google_trends_lk
2026-W03,elasticsearch,16.2,google_trends_lk
2026-W04,elasticsearch,12.0,google_trends_lk
2026-W05,elasticsearch,10.8,google_trends_lk
2026-W06,elasticsearch,23.5,google_trends_lk
2026-W07,elasticsearch,13.0,google_trends_lk
2026-W08,elasticsearch,17.2,google_trends_lk
2026-W09,elasticsearch,9.1,google_trends_lk
2026-W10,elasticsearch,13.8,google_trends_lk
2026-W11,elasticsearch,14.3,google_trends_lk
2026-W12,elasticsearch,16.5,google_trends_lk
2026-W13,elasticsearch,5.3,google_trends_lk
2026-W14,elasticsearch,15.4,google_trends_lk
2026-W15,elasticsearch,10.8,google_trends_lk
2026-W16,elasticsearch,16.0,google_trends_lk
2026-W17,elasticsearch,11.2,google_trends_lk
2026-W18,elasticsearch,11.9,google_trends_lk
2026-W19,elasticsearch,13.9,google_trends_lk
2026-W20,elasticsearch,11.2,google_trends_lk
2026-W21,elasticsearch,13.3,google_trends_lk
2026-W22,elasticsearch,10.8,google_trends_lk
2026-W23,elasticsearch,8.6,google_trends_lk
2026-W24,elasticsearch,18.5,google_trends_lk
2026-W25,elasticsearch,10.5,google_trends_lk
2024-W01,machine learning,18.7,google_trends_lk
2024-W02,machine learning,18.8,google_trends_lk
2024-W03,machine learning,27.2,google_trends_lk
2024-W04,machine learning,23.7,google_trends_lk
2024-W05,machine learning,17.9,google_trends_lk
2024-W06,machine learning,22.7,google_trends_lk
2024-W07,machine learning,21.3,google_trends_lk
2024-W08,machine learning,22.3,google_trends_lk
2024-W09,machine learning,21.6,google_trends_lk
2024-W10,machine learning,25.4,google_trends_lk
2024-W11,machine learning,22.6,google_trends_lk
2024-W12,machine learning,21.3,google_trends_lk
2024-W13,machine learning,25.3,google_trends_lk
2024-W14,machine learning,22.6,google_trends_lk
2024-W15,machine learning,22.4,google_trends_lk
2024-W16,machine learning,23.2,google_trends_lk
2024-W17,machine learning,21.9,google_trends_lk
2024-W18,machine learning,22.4,google_trends_lk
2024-W19,machine learning,20.5,google_trends_lk
2024-W20,machine learning,20.0,google_trends_lk
2024-W21,machine learning,19.3,google_trends_lk
2024-W22,machine learning,18.1,google_trends_lk
2024-W23,machine learning,20.0,google_trends_lk
2024-W24,machine learning,22.6,google_trends_lk
2024-W25,machine learning,23.7,google_trends_lk
2024-W26,machine learning,22.5,google_trends_lk
2024-W27,machine learning,15.4,google_trends_lk
2024-W28,machine learning,29.3,google_trends_lk
2024-W29,machine learning,27.7,google_trends_lk
2024-W30,machine learning,25.6,google_trends_lk
2024-W31,machine learning,30.9,google_trends_lk
2024-W32,machine learning,20.9,google_trends_lk
2024-W33,machine learning,31.1,google_trends_lk
2024-W34,machine learning,21.2,google_trends_lk
2024-W35,machine learning,25.6,google_trends_lk
2024-W36,machine learning,20.4,google_trends_lk
2024-W37,machine learning,25.1,google_trends_lk
2024-W38,machine learning,26.5,google_trends_lk
2024-W39,machine learning,24.8,google_trends_lk
2024-W40,machine learning,27.9,google_trends_lk
2024-W41,machine learning,25.9,google_trends_lk
2024-W42,machine learning,23.9,google_trends_lk
2024-W43,machine learning,23.9,google_trends_lk
2024-W44,machine learning,28.8,google_trends_lk
2024-W45,machine learning,23.9,google_trends_lk
2024-W46,machine learning,29.5,google_trends_lk
2024-W47,machine learning,30.7,google_trends_lk
2024-W48,machine learning,20.7,google_trends_lk
2024-W49,machine learning,30.7,google_trends_lk
2024-W50,machine learning,34.0,google_trends_lk
2024-W51,machine learning,27.9,google_trends_lk
2024-W52,machine learning,29.2,google_trends_lk
2024-W53,machine learning,30.9,google_trends_lk
2025-W01,machine learning,26.4,google_trends_lk
2025-W02,machine learning,28.2,google_trends_lk
2025-W03,machine learning,23.1,google_trends_lk
2025-W04,machine learning,28.3,google_trends_lk
2025-W05,machine learning,29.7,google_trends_lk
2025-W06,machine learning,29.9,google_trends_lk
2025-W07,machine learning,32.0,google_trends_lk
2025-W08,machine learning,25.7,google_trends_lk
2025-W09,machine learning,26.6,google_trends_lk
2025-W10,machine learning,35.3,google_trends_lk
2025-W11,machine learning,28.3,google_trends_lk
2025-W12,machine learning,29.6,google_trends_lk
2025-W13,machine learning,28.8,google_trends_lk
2025-W14,machine learning,26.3,google_trends_lk
2025-W15,machine learning,35.0,google_trends_lk
2025-W16,machine learning,27.6,google_trends_lk
2025-W17,machine learning,25.7,google_trends_lk
2025-W18,machine learning,28.2,google_trends_lk
2025-W19,machine learning,22.9,google_trends_lk
2025-W20,machine learning,27.8,google_trends_lk
2025-W21,machine learning,26.8,google_trends_lk
2025-W22,machine learning,32.5,google_trends_lk
2025-W23,machine learning,28.1,google_trends_lk
2025-W24,machine learning,33.7,google_trends_lk
2025-W25,machine learning,35.6,google_trends_lk
2025-W26,machine learning,33.6,google_trends_lk
2025-W27,machine learning,30.3,google_trends_lk
2025-W28,machine learning,31.7,google_trends_lk
2025-W29,machine learning,26.0,google_trends_lk
2025-W30,machine learning,31.0,google_trends_lk
2025-W31,machine learning,28.6,google_trends_lk
2025-W32,machine learning,34.2,google_trends_lk
2025-W33,machine learning,40.9,google_trends_lk
2025-W34,machine learning,33.7,google_trends_lk
2025-W35,machine learning,25.2,google_trends_lk
2025-W36,machine learning,31.0,google_trends_lk
2025-W37,machine learning,32.8,google_trends_lk
2025-W38,machine learning,32.9,google_trends_lk
2025-W39,machine learning,30.1,google_trends_lk
2025-W40,machine learning,33.7,google_trends_lk
2025-W41,machine learning,28.6,google_trends_lk
2025-W42,machine learning,29.8,google_trends_lk
2025-W43,machine learning,35.5,google_trends_lk
2025-W44,machine learning,29.8,google_trends_lk
2025-W45,machine learning,35.4,google_trends_lk
2025-W46,machine learning,28.9,google_trends_lk
2025-W47,machine learning,40.0,google_trends_lk
2025-W48,machine learning,31.2,google_trends_lk
2025-W49,machine learning,33.3,google_trends_lk
2025-W50,machine learning,35.4,google_trends_lk
2025-W51,machine learning,32.4,google_trends_lk
2025-W52,machine learning,35.0,google_trends_lk
2026-W01,machine learning,36.7,google_trends_lk
2026-W02,machine learning,38.2,google_trends_lk
2026-W03,machine learning,37.7,google_trends_lk
2026-W04,machine learning,34.5,google_trends_lk
2026-W05,machine learning,34.7,google_trends_lk
2026-W06,machine learning,43.6,google_trends_lk
2026-W07,machine learning,38.8,google_trends_lk
2026-W08,machine learning,32.4,google_trends_lk
2026-W09,machine learning,36.1,google_trends_lk
2026-W10,machine learning,34.7,google_trends_lk
2026-W11,machine learning,35.6,google_trends_lk
2026-W12,machine learning,31.9,google_trends_lk
2026-W13,machine learning,34.9,google_trends_lk
2026-W14,machine learning,42.8,google_trends_lk
2026-W15,machine learning,38.6,google_trends_lk
2026-W16,machine learning,28.0,google_trends_lk
2026-W17,machine learning,41.1,google_trends_lk
2026-W18,machine learning,40.8,google_trends_lk
2026-W19,machine learning,35.9,google_trends_lk
2026-W20,machine learning,39.8,google_trends_lk
2026-W21,machine learning,34.4,google_trends_lk
2026-W22,machine learning,35.9,google_trends_lk
2026-W23,machine learning,43.0,google_trends_lk
2026-W24,machine learning,36.9,google_trends_lk
2026-W25,machine learning,31.5,google_trends_lk
2024-W01,deep learning,18.4,google_trends_lk
2024-W02,deep learning,11.2,google_trends_lk
2024-W03,deep learning,11.6,google_trends_lk
2024-W04,deep learning,16.1,google_trends_lk
2024-W05,deep learning,7.7,google_trends_lk
2024-W06,deep learning,9.2,google_trends_lk
2024-W07,deep learning,17.4,google_trends_lk
2024-W08,deep learning,9.5,google_trends_lk
2024-W09,deep learning,7.3,google_trends_lk
2024-W10,deep learning,20.3,google_trends_lk
2024-W11,deep learning,9.0,google_trends_lk
2024-W12,deep learning,14.6,google_trends_lk
2024-W13,deep learning,14.3,google_trends_lk
2024-W14,deep learning,4.3,google_trends_lk
2024-W15,deep learning,13.3,google_trends_lk
2024-W16,deep learning,15.8,google_trends_lk
2024-W17,deep learning,15.6,google_trends_lk
2024-W18,deep learning,17.6,google_trends_lk
2024-W19,deep learning,13.2,google_trends_lk
2024-W20,deep learning,17.1,google_trends_lk
2024-W21,deep learning,12.3,google_trends_lk
2024-W22,deep learning,9.9,google_trends_lk
2024-W23,deep learning,10.3,google_trends_lk
2024-W24,deep learning,9.8,google_trends_lk
2024-W25,deep learning,18.6,google_trends_lk
2024-W26,deep learning,9.8,google_trends_lk
2024-W27,deep learning,16.2,google_trends_lk
2024-W28,deep learning,14.4,google_trends_lk
2024-W29,deep learning,15.0,google_trends_lk
2024-W30,deep learning,20.2,google_trends_lk
2024-W31,deep learning,14.0,google_trends_lk
2024-W32,deep learning,17.8,google_trends_lk
2024-W33,deep learning,15.9,google_trends_lk
2024-W34,deep learning,15.3,google_trends_lk
2024-W35,deep learning,23.9,google_trends_lk
2024-W36,deep learning,10.9,google_trends_lk
2024-W37,deep learning,20.6,google_trends_lk
2024-W38,deep learning,18.5,google_trends_lk
2024-W39,deep learning,14.6,google_trends_lk
2024-W40,deep learning,22.0,google_trends_lk
2024-W41,deep learning,9.9,google_trends_lk
2024-W42,deep learning,14.7,google_trends_lk
2024-W43,deep learning,12.4,google_trends_lk
2024-W44,deep learning,18.1,google_trends_lk
2024-W45,deep learning,12.9,google_trends_lk
2024-W46,deep learning,18.4,google_trends_lk
2024-W47,deep learning,16.3,google_trends_lk
2024-W48,deep learning,15.3,google_trends_lk
2024-W49,deep learning,18.5,google_trends_lk
2024-W50,deep learning,16.2,google_trends_lk
2024-W51,deep learning,13.5,google_trends_lk
2024-W52,deep learning,27.2,google_trends_lk
2024-W53,deep learning,15.7,google_trends_lk
2025-W01,deep learning,9.8,google_trends_lk
2025-W02,deep learning,14.7,google_trends_lk
2025-W03,deep learning,13.3,google_trends_lk
2025-W04,deep learning,20.7,google_trends_lk
2025-W05,deep learning,19.0,google_trends_lk
2025-W06,deep learning,19.3,google_trends_lk
2025-W07,deep learning,16.7,google_trends_lk
2025-W08,deep learning,17.1,google_trends_lk
2025-W09,deep learning,16.9,google_trends_lk
2025-W10,deep learning,18.0,google_trends_lk
2025-W11,deep learning,21.3,google_trends_lk
2025-W12,deep learning,19.6,google_trends_lk
2025-W13,deep learning,20.3,google_trends_lk
2025-W14,deep learning,20.4,google_trends_lk
2025-W15,deep learning,21.8,google_trends_lk
2025-W16,deep learning,19.8,google_trends_lk
2025-W17,deep learning,20.1,google_trends_lk
2025-W18,deep learning,23.1,google_trends_lk
2025-W19,deep learning,16.7,google_trends_lk
2025-W20,deep learning,16.1,google_trends_lk
2025-W21,deep learning,15.1,google_trends_lk
2025-W22,deep learning,20.0,google_trends_lk
2025-W23,deep learning,12.9,google_trends_lk
2025-W24,deep learning,21.1,google_trends_lk
2025-W25,deep learning,19.2,google_trends_lk
2025-W26,deep learning,23.6,google_trends_lk
2025-W27,deep learning,17.4,google_trends_lk
2025-W28,deep learning,19.1,google_trends_lk
2025-W29,deep learning,23.8,google_trends_lk
2025-W30,deep learning,24.8,google_trends_lk
2025-W31,deep learning,17.7,google_trends_lk
2025-W32,deep learning,20.8,google_trends_lk
2025-W33,deep learning,21.3,google_trends_lk
2025-W34,deep learning,21.6,google_trends_lk
2025-W35,deep learning,19.5,google_trends_lk
2025-W36,deep learning,25.0,google_trends_lk
2025-W37,deep learning,14.0,google_trends_lk
2025-W38,deep learning,19.2,google_trends_lk
2025-W39,deep learning,22.3,google_trends_lk
2025-W40,deep learning,22.4,google_trends_lk
2025-W41,deep learning,25.7,google_trends_lk
2025-W42,deep learning,25.2,google_trends_lk
2025-W43,deep learning,20.1,google_trends_lk
2025-W44,deep learning,25.7,google_trends_lk
2025-W45,deep learning,18.8,google_trends_lk
2025-W46,deep learning,24.6,google_trends_lk
2025-W47,deep learning,27.8,google_trends_lk
2025-W48,deep learning,25.8,google_trends_lk
2025-W49,deep learning,22.0,google_trends_lk
2025-W50,deep learning,20.5,google_trends_lk
2025-W51,deep learning,16.4,google_trends_lk
2025-W52,deep learning,23.0,google_trends_lk
2026-W01,deep learning,18.1,google_trends_lk
2026-W02,deep learning,19.3,google_trends_lk
2026-W03,deep learning,18.0,google_trends_lk
2026-W04,deep learning,20.6,google_trends_lk
2026-W05,deep learning,22.2,google_trends_lk
2026-W06,deep learning,23.3,google_trends_lk
2026-W07,deep learning,20.4,google_trends_lk
2026-W08,deep learning,26.3,google_trends_lk
2026-W09,deep learning,21.9,google_trends_lk
2026-W10,deep learning,20.0,google_trends_lk
2026-W11,deep learning,23.6,google_trends_lk
2026-W12,deep learning,29.8,google_trends_lk
2026-W13,deep learning,24.1,google_trends_lk
2026-W14,deep learning,21.8,google_trends_lk
2026-W15,deep learning,17.8,google_trends_lk
2026-W16,deep learning,22.5,google_trends_lk
2026-W17,deep learning,24.1,google_trends_lk
2026-W18,deep learning,22.0,google_trends_lk
2026-W19,deep learning,17.7,google_trends_lk
2026-W20,deep learning,20.6,google_trends_lk
2026-W21,deep learning,28.7,google_trends_lk
2026-W22,deep learning,28.8,google_trends_lk
2026-W23,deep learning,20.7,google_trends_lk
2026-W24,deep learning,26.3,google_trends_lk
2026-W25,deep learning,19.9,google_trends_lk
2024-W01,data science,21.1,google_trends_lk
2024-W02,data science,20.3,google_trends_lk
2024-W03,data science,22.3,google_trends_lk
2024-W04,data science,23.8,google_trends_lk
2024-W05,data science,25.3,google_trends_lk
2024-W06,data science,21.4,google_trends_lk
2024-W07,data science,15.8,google_trends_lk
2024-W08,data science,20.9,google_trends_lk
2024-W09,data science,22.8,google_trends_lk
2024-W10,data science,27.0,google_trends_lk
2024-W11,data science,20.8,google_trends_lk
2024-W12,data science,24.6,google_trends_lk
2024-W13,data science,23.9,google_trends_lk
2024-W14,data science,23.2,google_trends_lk
2024-W15,data science,26.3,google_trends_lk
2024-W16,data science,20.8,google_trends_lk
2024-W17,data science,21.2,google_trends_lk
2024-W18,data science,23.3,google_trends_lk
2024-W19,data science,21.2,google_trends_lk
2024-W20,data science,25.3,google_trends_lk
2024-W21,data science,21.1,google_trends_lk
2024-W22,data science,24.4,google_trends_lk
2024-W23,data science,23.4,google_trends_lk
2024-W24,data science,24.5,google_trends_lk
2024-W25,data science,22.3,google_trends_lk
2024-W26,data science,22.8,google_trends_lk
2024-W27,data science,24.4,google_trends_lk
2024-W28,data science,24.8,google_trends_lk
2024-W29,data science,24.2,google_trends_lk
2024-W30,data science,30.2,google_trends_lk
2024-W31,data science,20.9,google_trends_lk
2024-W32,data science,24.2,google_trends_lk
2024-W33,data science,19.0,google_trends_lk
2024-W34,data science,25.9,google_trends_lk
2024-W35,data science,20.7,google_trends_lk
2024-W36,data science,23.7,google_trends_lk
2024-W37,data science,23.5,google_trends_lk
2024-W38,data science,25.9,google_trends_lk
2024-W39,data science,23.0,google_trends_lk
2024-W40,data science,22.9,google_trends_lk
2024-W41,data science,30.1,google_trends_lk
2024-W42,data science,26.2,google_trends_lk
2024-W43,data science,23.3,google_trends_lk
2024-W44,data science,24.5,google_trends_lk
2024-W45,data science,31.2,google_trends_lk
2024-W46,data science,24.7,google_trends_lk
2024-W47,data science,23.2,google_trends_lk
2024-W48,data science,23.2,google_trends_lk
2024-W49,data science,23.8,google_trends_lk
2024-W50,data science,23.7,google_trends_lk
2024-W51,data science,21.4,google_trends_lk
2024-W52,data science,22.0,google_trends_lk
2024-W53,data science,23.1,google_trends_lk
2025-W01,data science,28.2,google_trends_lk
2025-W02,data science,24.9,google_trends_lk
2025-W03,data science,25.5,google_trends_lk
2025-W04,data science,30.8,google_trends_lk
2025-W05,data science,31.0,google_trends_lk
2025-W06,data science,25.5,google_trends_lk
2025-W07,data science,24.4,google_trends_lk
2025-W08,data science,23.6,google_trends_lk
2025-W09,data science,29.2,google_trends_lk
2025-W10,data science,26.1,google_trends_lk
2025-W11,data science,25.5,google_trends_lk
2025-W12,data science,24.1,google_trends_lk
2025-W13,data science,24.3,google_trends_lk
2025-W14,data science,28.2,google_trends_lk
2025-W15,data science,22.6,google_trends_lk
2025-W16,data science,30.8,google_trends_lk
2025-W17,data science,25.5,google_trends_lk
2025-W18,data science,26.9,google_trends_lk
2025-W19,data science,22.8,google_trends_lk
2025-W20,data science,27.5,google_trends_lk
2025-W21,data science,26.5,google_trends_lk
2025-W22,data science,27.6,google_trends_lk
2025-W23,data science,33.0,google_trends_lk
2025-W24,data science,28.5,google_trends_lk
2025-W25,data science,25.2,google_trends_lk
2025-W26,data science,25.6,google_trends_lk
2025-W27,data science,30.2,google_trends_lk
2025-W28,data science,32.7,google_trends_lk
2025-W29,data science,29.3,google_trends_lk
2025-W30,data science,30.8,google_trends_lk
2025-W31,data science,30.6,google_trends_lk
2025-W32,data science,33.5,google_trends_lk
2025-W33,data science,21.8,google_trends_lk
2025-W34,data science,31.0,google_trends_lk
2025-W35,data science,32.2,google_trends_lk
2025-W36,data science,24.1,google_trends_lk
2025-W37,data science,25.8,google_trends_lk
2025-W38,data science,26.0,google_trends_lk
2025-W39,data science,26.5,google_trends_lk
2025-W40,data science,27.4,google_trends_lk
2025-W41,data science,30.1,google_trends_lk
2025-W42,data science,32.3,google_trends_lk
2025-W43,data science,33.1,google_trends_lk
2025-W44,data science,26.5,google_trends_lk
2025-W45,data science,26.6,google_trends_lk
2025-W46,data science,34.2,google_trends_lk
2025-W47,data science,31.9,google_trends_lk
2025-W48,data science,30.0,google_trends_lk
2025-W49,data science,31.5,google_trends_lk
2025-W50,data science,29.8,google_trends_lk
2025-W51,data science,31.8,google_trends_lk
2025-W52,data science,28.9,google_trends_lk
2026-W01,data science,31.1,google_trends_lk
2026-W02,data science,24.9,google_trends_lk
2026-W03,data science,27.9,google_trends_lk
2026-W04,data science,28.0,google_trends_lk
2026-W05,data science,29.1,google_trends_lk
2026-W06,data science,27.3,google_trends_lk
2026-W07,data science,28.7,google_trends_lk
2026-W08,data science,25.4,google_trends_lk
2026-W09,data science,32.7,google_trends_lk
2026-W10,data science,30.5,google_trends_lk
2026-W11,data science,24.9,google_trends_lk
2026-W12,data science,28.1,google_trends_lk
2026-W13,data science,32.2,google_trends_lk
2026-W14,data science,29.2,google_trends_lk
2026-W15,data science,28.8,google_trends_lk
2026-W16,data science,31.0,google_trends_lk
2026-W17,data science,32.6,google_trends_lk
2026-W18,data science,26.4,google_trends_lk
2026-W19,data science,33.5,google_trends_lk
2026-W20,data science,28.8,google_trends_lk
2026-W21,data science,31.6,google_trends_lk
2026-W22,data science,31.6,google_trends_lk
2026-W23,data science,30.0,google_trends_lk
2026-W24,data science,28.3,google_trends_lk
2026-W25,data science,31.0,google_trends_lk
2024-W01,data engineering,19.1,google_trends_lk
2024-W02,data engineering,8.2,google_trends_lk
2024-W03,data engineering,15.5,google_trends_lk
2024-W04,data engineering,14.2,google_trends_lk
2024-W05,data engineering,17.2,google_trends_lk
2024-W06,data engineering,11.8,google_trends_lk
2024-W07,data engineering,11.5,google_trends_lk
2024-W08,data engineering,12.2,google_trends_lk
2024-W09,data engineering,12.6,google_trends_lk
2024-W10,data engineering,17.6,google_trends_lk
2024-W11,data engineering,10.6,google_trends_lk
2024-W12,data engineering,12.7,google_trends_lk
2024-W13,data engineering,8.7,google_trends_lk
2024-W14,data engineering,18.5,google_trends_lk
2024-W15,data engineering,19.5,google_trends_lk
2024-W16,data engineering,14.0,google_trends_lk
2024-W17,data engineering,14.2,google_trends_lk
2024-W18,data engineering,16.9,google_trends_lk
2024-W19,data engineering,20.6,google_trends_lk
2024-W20,data engineering,16.9,google_trends_lk
2024-W21,data engineering,13.1,google_trends_lk
2024-W22,data engineering,10.0,google_trends_lk
2024-W23,data engineering,11.8,google_trends_lk
2024-W24,data engineering,16.0,google_trends_lk
2024-W25,data engineering,13.6,google_trends_lk
2024-W26,data engineering,16.6,google_trends_lk
2024-W27,data engineering,14.1,google_trends_lk
2024-W28,data engineering,12.4,google_trends_lk
2024-W29,data engineering,12.1,google_trends_lk
2024-W30,data engineering,21.7,google_trends_lk
2024-W31,data engineering,19.4,google_trends_lk
2024-W32,data engineering,22.5,google_trends_lk
2024-W33,data engineering,18.4,google_trends_lk
2024-W34,data engineering,15.1,google_trends_lk
2024-W35,data engineering,21.3,google_trends_lk
2024-W36,data engineering,16.6,google_trends_lk
2024-W37,data engineering,17.6,google_trends_lk
2024-W38,data engineering,16.7,google_trends_lk
2024-W39,data engineering,6.6,google_trends_lk
2024-W40,data engineering,22.6,google_trends_lk
2024-W41,data engineering,18.8,google_trends_lk
2024-W42,data engineering,18.3,google_trends_lk
2024-W43,data engineering,17.0,google_trends_lk
2024-W44,data engineering,17.9,google_trends_lk
2024-W45,data engineering,15.3,google_trends_lk
2024-W46,data engineering,19.6,google_trends_lk
2024-W47,data engineering,13.0,google_trends_lk
2024-W48,data engineering,18.3,google_trends_lk
2024-W49,data engineering,19.7,google_trends_lk
2024-W50,data engineering,17.1,google_trends_lk
2024-W51,data engineering,19.2,google_trends_lk
2024-W52,data engineering,14.5,google_trends_lk
2024-W53,data engineering,14.7,google_trends_lk
2025-W01,data engineering,18.9,google_trends_lk
2025-W02,data engineering,20.6,google_trends_lk
2025-W03,data engineering,11.7,google_trends_lk
2025-W04,data engineering,20.2,google_trends_lk
2025-W05,data engineering,16.5,google_trends_lk
2025-W06,data engineering,17.8,google_trends_lk
2025-W07,data engineering,13.9,google_trends_lk
2025-W08,data engineering,15.7,google_trends_lk
2025-W09,data engineering,22.1,google_trends_lk
2025-W10,data engineering,18.9,google_trends_lk
2025-W11,data engineering,17.5,google_trends_lk
2025-W12,data engineering,18.6,google_trends_lk
2025-W13,data engineering,20.8,google_trends_lk
2025-W14,data engineering,20.7,google_trends_lk
2025-W15,data engineering,18.9,google_trends_lk
2025-W16,data engineering,23.1,google_trends_lk
2025-W17,data engineering,22.7,google_trends_lk
2025-W18,data engineering,20.9,google_trends_lk
2025-W19,data engineering,19.7,google_trends_lk
2025-W20,data engineering,21.9,google_trends_lk
2025-W21,data engineering,20.8,google_trends_lk
2025-W22,data engineering,23.4,google_trends_lk
2025-W23,data engineering,23.0,google_trends_lk
2025-W24,data engineering,16.3,google_trends_lk
2025-W25,data engineering,16.2,google_trends_lk
2025-W26,data engineering,17.6,google_trends_lk
2025-W27,data engineering,23.5,google_trends_lk
2025-W28,data engineering,14.7,google_trends_lk
2025-W29,data engineering,21.7,google_trends_lk
2025-W30,data engineering,21.6,google_trends_lk
2025-W31,data engineering,24.5,google_trends_lk
2025-W32,data engineering,21.1,google_trends_lk
2025-W33,data engineering,15.9,google_trends_lk
2025-W34,data engineering,17.3,google_trends_lk
2025-W35,data engineering,16.6,google_trends_lk
2025-W36,data engineering,18.9,google_trends_lk
2025-W37,data engineering,20.3,google_trends_lk
2025-W38,data engineering,16.9,google_trends_lk
2025-W39,data engineering,26.2,google_trends_lk
2025-W40,data engineering,16.5,google_trends_lk
2025-W41,data engineering,25.9,google_trends_lk
2025-W42,data engineering,25.4,google_trends_lk
2025-W43,data engineering,24.5,google_trends_lk
2025-W44,data engineering,19.0,google_trends_lk
2025-W45,data engineering,22.7,google_trends_lk
2025-W46,data engineering,17.1,google_trends_lk
2025-W47,data engineering,24.9,google_trends_lk
2025-W48,data engineering,21.5,google_trends_lk
2025-W49,data engineering,20.4,google_trends_lk
2025-W50,data engineering,17.6,google_trends_lk
2025-W51,data engineering,13.3,google_trends_lk
2025-W52,data engineering,18.4,google_trends_lk
2026-W01,data engineering,26.0,google_trends_lk
2026-W02,data engineering,20.8,google_trends_lk
2026-W03,data engineering,21.7,google_trends_lk
2026-W04,data engineering,24.7,google_trends_lk
2026-W05,data engineering,28.8,google_trends_lk
2026-W06,data engineering,27.2,google_trends_lk
2026-W07,data engineering,19.2,google_trends_lk
2026-W08,data engineering,15.9,google_trends_lk
2026-W09,data engineering,31.0,google_trends_lk
2026-W10,data engineering,30.8,google_trends_lk
2026-W11,data engineering,23.6,google_trends_lk
2026-W12,data engineering,18.5,google_trends_lk
2026-W13,data engineering,26.4,google_trends_lk
2026-W14,data engineering,22.8,google_trends_lk
2026-W15,data engineering,22.8,google_trends_lk
2026-W16,data engineering,26.4,google_trends_lk
2026-W17,data engineering,24.6,google_trends_lk
2026-W18,data engineering,19.3,google_trends_lk
2026-W19,data engineering,22.4,google_trends_lk
2026-W20,data engineering,25.9,google_trends_lk
2026-W21,data engineering,25.5,google_trends_lk
2026-W22,data engineering,24.7,google_trends_lk
2026-W23,data engineering,27.1,google_trends_lk
2026-W24,data engineering,22.7,google_trends_lk
2026-W25,data engineering,24.6,google_trends_lk
2024-W01,tensorflow,18.6,google_trends_lk
2024-W02,tensorflow,15.2,google_trends_lk
2024-W03,tensorflow,16.0,google_trends_lk
2024-W04,tensorflow,14.4,google_trends_lk
2024-W05,tensorflow,18.4,google_trends_lk
2024-W06,tensorflow,15.9,google_trends_lk
2024-W07,tensorflow,22.1,google_trends_lk
2024-W08,tensorflow,20.3,google_trends_lk
2024-W09,tensorflow,18.6,google_trends_lk
2024-W10,tensorflow,16.1,google_trends_lk
2024-W11,tensorflow,20.2,google_trends_lk
2024-W12,tensorflow,21.2,google_trends_lk
2024-W13,tensorflow,19.3,google_trends_lk
2024-W14,tensorflow,24.4,google_trends_lk
2024-W15,tensorflow,20.4,google_trends_lk
2024-W16,tensorflow,22.0,google_trends_lk
2024-W17,tensorflow,19.2,google_trends_lk
2024-W18,tensorflow,21.1,google_trends_lk
2024-W19,tensorflow,15.9,google_trends_lk
2024-W20,tensorflow,17.1,google_trends_lk
2024-W21,tensorflow,19.9,google_trends_lk
2024-W22,tensorflow,19.9,google_trends_lk
2024-W23,tensorflow,20.4,google_trends_lk
2024-W24,tensorflow,22.5,google_trends_lk
2024-W25,tensorflow,13.6,google_trends_lk
2024-W26,tensorflow,15.2,google_trends_lk
2024-W27,tensorflow,19.4,google_trends_lk
2024-W28,tensorflow,16.0,google_trends_lk
2024-W29,tensorflow,30.4,google_trends_lk
2024-W30,tensorflow,20.4,google_trends_lk
2024-W31,tensorflow,18.3,google_trends_lk
2024-W32,tensorflow,16.7,google_trends_lk
2024-W33,tensorflow,16.8,google_trends_lk
2024-W34,tensorflow,18.6,google_trends_lk
2024-W35,tensorflow,18.9,google_trends_lk
2024-W36,tensorflow,16.9,google_trends_lk
2024-W37,tensorflow,17.5,google_trends_lk
2024-W38,tensorflow,23.1,google_trends_lk
2024-W39,tensorflow,23.3,google_trends_lk
2024-W40,tensorflow,19.3,google_trends_lk
2024-W41,tensorflow,13.7,google_trends_lk
2024-W42,tensorflow,20.2,google_trends_lk
2024-W43,tensorflow,23.8,google_trends_lk
2024-W44,tensorflow,23.1,google_trends_lk
2024-W45,tensorflow,20.9,google_trends_lk
2024-W46,tensorflow,23.3,google_trends_lk
2024-W47,tensorflow,18.5,google_trends_lk
2024-W48,tensorflow,20.5,google_trends_lk
2024-W49,tensorflow,15.9,google_trends_lk
2024-W50,tensorflow,19.3,google_trends_lk
2024-W51,tensorflow,22.9,google_trends_lk
2024-W52,tensorflow,16.1,google_trends_lk
2024-W53,tensorflow,15.2,google_trends_lk
2025-W01,tensorflow,18.5,google_trends_lk
2025-W02,tensorflow,17.4,google_trends_lk
2025-W03,tensorflow,20.4,google_trends_lk
2025-W04,tensorflow,16.5,google_trends_lk
2025-W05,tensorflow,24.1,google_trends_lk
2025-W06,tensorflow,13.6,google_trends_lk
2025-W07,tensorflow,22.5,google_trends_lk
2025-W08,tensorflow,15.4,google_trends_lk
2025-W09,tensorflow,11.8,google_trends_lk
2025-W10,tensorflow,18.9,google_trends_lk
2025-W11,tensorflow,17.1,google_trends_lk
2025-W12,tensorflow,14.1,google_trends_lk
2025-W13,tensorflow,12.1,google_trends_lk
2025-W14,tensorflow,17.9,google_trends_lk
2025-W15,tensorflow,21.4,google_trends_lk
2025-W16,tensorflow,20.0,google_trends_lk
2025-W17,tensorflow,18.1,google_trends_lk
2025-W18,tensorflow,19.6,google_trends_lk
2025-W19,tensorflow,17.8,google_trends_lk
2025-W20,tensorflow,12.9,google_trends_lk
2025-W21,tensorflow,12.9,google_trends_lk
2025-W22,tensorflow,17.1,google_trends_lk
2025-W23,tensorflow,17.3,google_trends_lk
2025-W24,tensorflow,20.8,google_trends_lk
2025-W25,tensorflow,20.5,google_trends_lk
2025-W26,tensorflow,19.9,google_trends_lk
2025-W27,tensorflow,16.8,google_trends_lk
2025-W28,tensorflow,12.9,google_trends_lk
2025-W29,tensorflow,19.2,google_trends_lk
2025-W30,tensorflow,19.6,google_trends_lk
2025-W31,tensorflow,9.4,google_trends_lk
2025-W32,tensorflow,14.8,google_trends_lk
2025-W33,tensorflow,15.3,google_trends_lk
2025-W34,tensorflow,18.1,google_trends_lk
2025-W35,tensorflow,14.8,google_trends_lk
2025-W36,tensorflow,17.5,google_trends_lk
2025-W37,tensorflow,16.9,google_trends_lk
2025-W38,tensorflow,17.0,google_trends_lk
2025-W39,tensorflow,15.1,google_trends_lk
2025-W40,tensorflow,15.3,google_trends_lk
2025-W41,tensorflow,13.8,google_trends_lk
2025-W42,tensorflow,18.9,google_trends_lk
2025-W43,tensorflow,19.5,google_trends_lk
2025-W44,tensorflow,14.8,google_trends_lk
2025-W45,tensorflow,22.8,google_trends_lk
2025-W46,tensorflow,16.4,google_trends_lk
2025-W47,tensorflow,22.8,google_trends_lk
2025-W48,tensorflow,15.2,google_trends_lk
2025-W49,tensorflow,10.3,google_trends_lk
2025-W50,tensorflow,18.8,google_trends_lk
2025-W51,tensorflow,18.3,google_trends_lk
2025-W52,tensorflow,17.5,google_trends_lk
2026-W01,tensorflow,15.1,google_trends_lk
2026-W02,tensorflow,17.2,google_trends_lk
2026-W03,tensorflow,15.6,google_trends_lk
2026-W04,tensorflow,16.3,google_trends_lk
2026-W05,tensorflow,20.3,google_trends_lk
2026-W06,tensorflow,17.9,google_trends_lk
2026-W07,tensorflow,19.4,google_trends_lk
2026-W08,tensorflow,16.5,google_trends_lk
2026-W09,tensorflow,16.1,google_trends_lk
2026-W10,tensorflow,13.2,google_trends_lk
2026-W11,tensorflow,15.9,google_trends_lk
2026-W12,tensorflow,5.6,google_trends_lk
2026-W13,tensorflow,15.1,google_trends_lk
2026-W14,tensorflow,16.9,google_trends_lk
2026-W15,tensorflow,19.1,google_trends_lk
2026-W16,tensorflow,16.2,google_trends_lk
2026-W17,tensorflow,18.3,google_trends_lk
2026-W18,tensorflow,9.5,google_trends_lk
2026-W19,tensorflow,16.9,google_trends_lk
2026-W20,tensorflow,11.2,google_trends_lk
2026-W21,tensorflow,12.8,google_trends_lk
2026-W22,tensorflow,16.4,google_trends_lk
2026-W23,tensorflow,21.5,google_trends_lk
2026-W24,tensorflow,18.3,google_trends_lk
2026-W25,tensorflow,17.1,google_trends_lk
2024-W01,pytorch,15.5,google_trends_lk
2024-W02,pytorch,11.2,google_trends_lk
2024-W03,pytorch,10.7,google_trends_lk
2024-W04,pytorch,12.4,google_trends_lk
2024-W05,pytorch,10.3,google_trends_lk
2024-W06,pytorch,13.6,google_trends_lk
2024-W07,pytorch,10.7,google_trends_lk
2024-W08,pytorch,14.3,google_trends_lk
2024-W09,pytorch,17.0,google_trends_lk
2024-W10,pytorch,10.3,google_trends_lk
2024-W11,pytorch,12.5,google_trends_lk
2024-W12,pytorch,14.6,google_trends_lk
2024-W13,pytorch,11.6,google_trends_lk
2024-W14,pytorch,14.8,google_trends_lk
2024-W15,pytorch,15.2,google_trends_lk
2024-W16,pytorch,17.2,google_trends_lk
2024-W17,pytorch,11.4,google_trends_lk
2024-W18,pytorch,10.3,google_trends_lk
2024-W19,pytorch,12.6,google_trends_lk
2024-W20,pytorch,10.4,google_trends_lk
2024-W21,pytorch,15.8,google_trends_lk
2024-W22,pytorch,9.9,google_trends_lk
2024-W23,pytorch,22.2,google_trends_lk
2024-W24,pytorch,18.7,google_trends_lk
2024-W25,pytorch,14.3,google_trends_lk
2024-W26,pytorch,17.4,google_trends_lk
2024-W27,pytorch,8.7,google_trends_lk
2024-W28,pytorch,23.3,google_trends_lk
2024-W29,pytorch,12.5,google_trends_lk
2024-W30,pytorch,14.3,google_trends_lk
2024-W31,pytorch,8.3,google_trends_lk
2024-W32,pytorch,16.6,google_trends_lk
2024-W33,pytorch,11.1,google_trends_lk
2024-W34,pytorch,15.4,google_trends_lk
2024-W35,pytorch,13.3,google_trends_lk
2024-W36,pytorch,11.5,google_trends_lk
2024-W37,pytorch,12.5,google_trends_lk
2024-W38,pytorch,16.2,google_trends_lk
2024-W39,pytorch,11.0,google_trends_lk
2024-W40,pytorch,13.0,google_trends_lk
2024-W41,pytorch,18.0,google_trends_lk
2024-W42,pytorch,24.9,google_trends_lk
2024-W43,pytorch,17.6,google_trends_lk
2024-W44,pytorch,12.8,google_trends_lk
2024-W45,pytorch,14.8,google_trends_lk
2024-W46,pytorch,16.3,google_trends_lk
2024-W47,pytorch,15.1,google_trends_lk
2024-W48,pytorch,19.5,google_trends_lk
2024-W49,pytorch,17.2,google_trends_lk
2024-W50,pytorch,19.7,google_trends_lk
2024-W51,pytorch,15.6,google_trends_lk
2024-W52,pytorch,21.4,google_trends_lk
2024-W53,pytorch,16.3,google_trends_lk
2025-W01,pytorch,13.5,google_trends_lk
2025-W02,pytorch,24.6,google_trends_lk
2025-W03,pytorch,10.7,google_trends_lk
2025-W04,pytorch,14.6,google_trends_lk
2025-W05,pytorch,15.1,google_trends_lk
2025-W06,pytorch,26.2,google_trends_lk
2025-W07,pytorch,23.8,google_trends_lk
2025-W08,pytorch,22.8,google_trends_lk
2025-W09,pytorch,16.5,google_trends_lk
2025-W10,pytorch,26.3,google_trends_lk
2025-W11,pytorch,19.1,google_trends_lk
2025-W12,pytorch,21.4,google_trends_lk
2025-W13,pytorch,18.7,google_trends_lk
2025-W14,pytorch,18.0,google_trends_lk
2025-W15,pytorch,17.4,google_trends_lk
2025-W16,pytorch,17.6,google_trends_lk
2025-W17,pytorch,20.5,google_trends_lk
2025-W18,pytorch,19.8,google_trends_lk
2025-W19,pytorch,18.5,google_trends_lk
2025-W20,pytorch,24.0,google_trends_lk
2025-W21,pytorch,8.4,google_trends_lk
2025-W22,pytorch,20.7,google_trends_lk
2025-W23,pytorch,21.5,google_trends_lk
2025-W24,pytorch,23.1,google_trends_lk
2025-W25,pytorch,18.9,google_trends_lk
2025-W26,pytorch,20.0,google_trends_lk
2025-W27,pytorch,22.8,google_trends_lk
2025-W28,pytorch,24.7,google_trends_lk
2025-W29,pytorch,18.5,google_trends_lk
2025-W30,pytorch,20.6,google_trends_lk
2025-W31,pytorch,25.6,google_trends_lk
2025-W32,pytorch,12.4,google_trends_lk
2025-W33,pytorch,17.5,google_trends_lk
2025-W34,pytorch,25.1,google_trends_lk
2025-W35,pytorch,23.9,google_trends_lk
2025-W36,pytorch,22.0,google_trends_lk
2025-W37,pytorch,18.7,google_trends_lk
2025-W38,pytorch,17.3,google_trends_lk
2025-W39,pytorch,18.4,google_trends_lk
2025-W40,pytorch,26.0,google_trends_lk
2025-W41,pytorch,18.5,google_trends_lk
2025-W42,pytorch,21.1,google_trends_lk
2025-W43,pytorch,18.2,google_trends_lk
2025-W44,pytorch,23.9,google_trends_lk
2025-W45,pytorch,19.1,google_trends_lk
2025-W46,pytorch,20.8,google_trends_lk
2025-W47,pytorch,15.3,google_trends_lk
2025-W48,pytorch,15.7,google_trends_lk
2025-W49,pytorch,21.4,google_trends_lk
2025-W50,pytorch,16.9,google_trends_lk
2025-W51,pytorch,28.9,google_trends_lk
2025-W52,pytorch,14.5,google_trends_lk
2026-W01,pytorch,19.0,google_trends_lk
2026-W02,pytorch,21.9,google_trends_lk
2026-W03,pytorch,20.7,google_trends_lk
2026-W04,pytorch,18.2,google_trends_lk
2026-W05,pytorch,18.8,google_trends_lk
2026-W06,pytorch,18.8,google_trends_lk
2026-W07,pytorch,21.3,google_trends_lk
2026-W08,pytorch,29.3,google_trends_lk
2026-W09,pytorch,22.8,google_trends_lk
2026-W10,pytorch,26.7,google_trends_lk
2026-W11,pytorch,24.5,google_trends_lk
2026-W12,pytorch,26.7,google_trends_lk
2026-W13,pytorch,13.1,google_trends_lk
2026-W14,pytorch,21.9,google_trends_lk
2026-W15,pytorch,27.6,google_trends_lk
2026-W16,pytorch,21.2,google_trends_lk
2026-W17,pytorch,29.4,google_trends_lk
2026-W18,pytorch,28.5,google_trends_lk
2026-W19,pytorch,21.8,google_trends_lk
2026-W20,pytorch,21.8,google_trends_lk
2026-W21,pytorch,20.1,google_trends_lk
2026-W22,pytorch,21.5,google_trends_lk
2026-W23,pytorch,19.5,google_trends_lk
2026-W24,pytorch,25.4,google_trends_lk
2026-W25,pytorch,18.9,google_trends_lk
2024-W01,scikit-learn,9.1,google_trends_lk
2024-W02,scikit-learn,8.9,google_trends_lk
2024-W03,scikit-learn,12.6,google_trends_lk
2024-W04,scikit-learn,5.5,google_trends_lk
2024-W05,scikit-learn,6.0,google_trends_lk
2024-W06,scikit-learn,11.2,google_trends_lk
2024-W07,scikit-learn,11.1,google_trends_lk
2024-W08,scikit-learn,12.4,google_trends_lk
2024-W09,scikit-learn,17.7,google_trends_lk
2024-W10,scikit-learn,11.6,google_trends_lk
2024-W11,scikit-learn,13.3,google_trends_lk
2024-W12,scikit-learn,7.8,google_trends_lk
2024-W13,scikit-learn,14.0,google_trends_lk
2024-W14,scikit-learn,9.5,google_trends_lk
2024-W15,scikit-learn,11.6,google_trends_lk
2024-W16,scikit-learn,11.0,google_trends_lk
2024-W17,scikit-learn,15.0,google_trends_lk
2024-W18,scikit-learn,6.8,google_trends_lk
2024-W19,scikit-learn,3.4,google_trends_lk
2024-W20,scikit-learn,10.7,google_trends_lk
2024-W21,scikit-learn,13.1,google_trends_lk
2024-W22,scikit-learn,12.0,google_trends_lk
2024-W23,scikit-learn,15.8,google_trends_lk
2024-W24,scikit-learn,13.1,google_trends_lk
2024-W25,scikit-learn,9.6,google_trends_lk
2024-W26,scikit-learn,3.4,google_trends_lk
2024-W27,scikit-learn,10.8,google_trends_lk
2024-W28,scikit-learn,15.2,google_trends_lk
2024-W29,scikit-learn,10.3,google_trends_lk
2024-W30,scikit-learn,11.8,google_trends_lk
2024-W31,scikit-learn,13.2,google_trends_lk
2024-W32,scikit-learn,8.2,google_trends_lk
2024-W33,scikit-learn,13.9,google_trends_lk
2024-W34,scikit-learn,17.5,google_trends_lk
2024-W35,scikit-learn,11.2,google_trends_lk
2024-W36,scikit-learn,7.9,google_trends_lk
2024-W37,scikit-learn,11.6,google_trends_lk
2024-W38,scikit-learn,4.1,google_trends_lk
2024-W39,scikit-learn,13.1,google_trends_lk
2024-W40,scikit-learn,13.5,google_trends_lk
2024-W41,scikit-learn,17.8,google_trends_lk
2024-W42,scikit-learn,11.3,google_trends_lk
2024-W43,scikit-learn,13.4,google_trends_lk
2024-W44,scikit-learn,9.0,google_trends_lk
2024-W45,scikit-learn,10.8,google_trends_lk
2024-W46,scikit-learn,6.7,google_trends_lk
2024-W47,scikit-learn,11.4,google_trends_lk
2024-W48,scikit-learn,11.0,google_trends_lk
2024-W49,scikit-learn,13.2,google_trends_lk
2024-W50,scikit-learn,10.0,google_trends_lk
2024-W51,scikit-learn,12.5,google_trends_lk
2024-W52,scikit-learn,11.0,google_trends_lk
2024-W53,scikit-learn,11.0,google_trends_lk
2025-W01,scikit-learn,12.5,google_trends_lk
2025-W02,scikit-learn,12.4,google_trends_lk
2025-W03,scikit-learn,14.9,google_trends_lk
2025-W04,scikit-learn,11.9,google_trends_lk
2025-W05,scikit-learn,11.1,google_trends_lk
2025-W06,scikit-learn,11.7,google_trends_lk
2025-W07,scikit-learn,9.9,google_trends_lk
2025-W08,scikit-learn,11.1,google_trends_lk
2025-W09,scikit-learn,19.5,google_trends_lk
2025-W10,scikit-learn,9.2,google_trends_lk
2025-W11,scikit-learn,11.5,google_trends_lk
2025-W12,scikit-learn,11.1,google_trends_lk
2025-W13,scikit-learn,11.6,google_trends_lk
2025-W14,scikit-learn,11.4,google_trends_lk
2025-W15,scikit-learn,13.5,google_trends_lk
2025-W16,scikit-learn,6.6,google_trends_lk
2025-W17,scikit-learn,16.2,google_trends_lk
2025-W18,scikit-learn,14.8,google_trends_lk
2025-W19,scikit-learn,8.3,google_trends_lk
2025-W20,scikit-learn,4.7,google_trends_lk
2025-W21,scikit-learn,9.3,google_trends_lk
2025-W22,scikit-learn,11.9,google_trends_lk
2025-W23,scikit-learn,21.8,google_trends_lk
2025-W24,scikit-learn,14.7,google_trends_lk
2025-W25,scikit-learn,6.5,google_trends_lk
2025-W26,scikit-learn,10.4,google_trends_lk
2025-W27,scikit-learn,12.7,google_trends_lk
2025-W28,scikit-learn,13.7,google_trends_lk
2025-W29,scikit-learn,8.3,google_trends_lk
2025-W30,scikit-learn,12.4,google_trends_lk
2025-W31,scikit-learn,10.4,google_trends_lk
2025-W32,scikit-learn,9.1,google_trends_lk
2025-W33,scikit-learn,13.9,google_trends_lk
2025-W34,scikit-learn,15.7,google_trends_lk
2025-W35,scikit-learn,16.0,google_trends_lk
2025-W36,scikit-learn,15.1,google_trends_lk
2025-W37,scikit-learn,11.3,google_trends_lk
2025-W38,scikit-learn,15.6,google_trends_lk
2025-W39,scikit-learn,14.2,google_trends_lk
2025-W40,scikit-learn,13.6,google_trends_lk
2025-W41,scikit-learn,11.0,google_trends_lk
2025-W42,scikit-learn,11.4,google_trends_lk
2025-W43,scikit-learn,13.5,google_trends_lk
2025-W44,scikit-learn,21.8,google_trends_lk
2025-W45,scikit-learn,14.3,google_trends_lk
2025-W46,scikit-learn,11.1,google_trends_lk
2025-W47,scikit-learn,10.4,google_trends_lk
2025-W48,scikit-learn,11.6,google_trends_lk
2025-W49,scikit-learn,21.0,google_trends_lk
2025-W50,scikit-learn,12.0,google_trends_lk
2025-W51,scikit-learn,16.6,google_trends_lk
2025-W52,scikit-learn,12.1,google_trends_lk
2026-W01,scikit-learn,14.4,google_trends_lk
2026-W02,scikit-learn,16.2,google_trends_lk
2026-W03,scikit-learn,11.5,google_trends_lk
2026-W04,scikit-learn,11.3,google_trends_lk
2026-W05,scikit-learn,19.3,google_trends_lk
2026-W06,scikit-learn,17.0,google_trends_lk
2026-W07,scikit-learn,16.3,google_trends_lk
2026-W08,scikit-learn,16.4,google_trends_lk
2026-W09,scikit-learn,15.2,google_trends_lk
2026-W10,scikit-learn,20.7,google_trends_lk
2026-W11,scikit-learn,13.8,google_trends_lk
2026-W12,scikit-learn,15.7,google_trends_lk
2026-W13,scikit-learn,8.6,google_trends_lk
2026-W14,scikit-learn,10.9,google_trends_lk
2026-W15,scikit-learn,9.6,google_trends_lk
2026-W16,scikit-learn,18.2,google_trends_lk
2026-W17,scikit-learn,4.9,google_trends_lk
2026-W18,scikit-learn,12.4,google_trends_lk
2026-W19,scikit-learn,3.4,google_trends_lk
2026-W20,scikit-learn,11.0,google_trends_lk
2026-W21,scikit-learn,12.2,google_trends_lk
2026-W22,scikit-learn,18.8,google_trends_lk
2026-W23,scikit-learn,15.3,google_trends_lk
2026-W24,scikit-learn,11.1,google_trends_lk
2026-W25,scikit-learn,17.7,google_trends_lk
2024-W01,llm,6.1,google_trends_lk
2024-W02,llm,2.0,google_trends_lk
2024-W03,llm,4.0,google_trends_lk
2024-W04,llm,2.9,google_trends_lk
2024-W05,llm,6.4,google_trends_lk
2024-W06,llm,4.8,google_trends_lk
2024-W07,llm,8.8,google_trends_lk
2024-W08,llm,2.0,google_trends_lk
2024-W09,llm,6.5,google_trends_lk
2024-W10,llm,4.6,google_trends_lk
2024-W11,llm,2.0,google_trends_lk
2024-W12,llm,2.0,google_trends_lk
2024-W13,llm,3.6,google_trends_lk
2024-W14,llm,8.0,google_trends_lk
2024-W15,llm,5.8,google_trends_lk
2024-W16,llm,2.0,google_trends_lk
2024-W17,llm,3.7,google_trends_lk
2024-W18,llm,11.3,google_trends_lk
2024-W19,llm,4.6,google_trends_lk
2024-W20,llm,3.1,google_trends_lk
2024-W21,llm,6.0,google_trends_lk
2024-W22,llm,7.0,google_trends_lk
2024-W23,llm,2.8,google_trends_lk
2024-W24,llm,6.2,google_trends_lk
2024-W25,llm,3.3,google_trends_lk
2024-W26,llm,7.0,google_trends_lk
2024-W27,llm,5.2,google_trends_lk
2024-W28,llm,6.3,google_trends_lk
2024-W29,llm,2.1,google_trends_lk
2024-W30,llm,2.0,google_trends_lk
2024-W31,llm,8.2,google_trends_lk
2024-W32,llm,4.7,google_trends_lk
2024-W33,llm,6.1,google_trends_lk
2024-W34,llm,4.2,google_trends_lk
2024-W35,llm,8.6,google_trends_lk
2024-W36,llm,3.5,google_trends_lk
2024-W37,llm,5.3,google_trends_lk
2024-W38,llm,8.8,google_trends_lk
2024-W39,llm,10.4,google_trends_lk
2024-W40,llm,4.7,google_trends_lk
2024-W41,llm,13.7,google_trends_lk
2024-W42,llm,8.3,google_trends_lk
2024-W43,llm,3.9,google_trends_lk
2024-W44,llm,9.2,google_trends_lk
2024-W45,llm,7.0,google_trends_lk
2024-W46,llm,10.3,google_trends_lk
2024-W47,llm,9.1,google_trends_lk
2024-W48,llm,10.1,google_trends_lk
2024-W49,llm,7.2,google_trends_lk
2024-W50,llm,14.5,google_trends_lk
2024-W51,llm,7.6,google_trends_lk
2024-W52,llm,8.5,google_trends_lk
2024-W53,llm,14.4,google_trends_lk
2025-W01,llm,19.5,google_trends_lk
2025-W02,llm,13.4,google_trends_lk
2025-W03,llm,17.9,google_trends_lk
2025-W04,llm,20.0,google_trends_lk
2025-W05,llm,20.0,google_trends_lk
2025-W06,llm,16.9,google_trends_lk
2025-W07,llm,15.0,google_trends_lk
2025-W08,llm,11.9,google_trends_lk
2025-W09,llm,19.6,google_trends_lk
2025-W10,llm,25.4,google_trends_lk
2025-W11,llm,18.1,google_trends_lk
2025-W12,llm,25.3,google_trends_lk
2025-W13,llm,20.2,google_trends_lk
2025-W14,llm,24.6,google_trends_lk
2025-W15,llm,27.4,google_trends_lk
2025-W16,llm,23.2,google_trends_lk
2025-W17,llm,26.7,google_trends_lk
2025-W18,llm,25.2,google_trends_lk
2025-W19,llm,29.6,google_trends_lk
2025-W20,llm,28.5,google_trends_lk
2025-W21,llm,28.3,google_trends_lk
2025-W22,llm,33.9,google_trends_lk
2025-W23,llm,31.1,google_trends_lk
2025-W24,llm,26.7,google_trends_lk
2025-W25,llm,29.1,google_trends_lk
2025-W26,llm,29.4,google_trends_lk
2025-W27,llm,30.2,google_trends_lk
2025-W28,llm,39.0,google_trends_lk
2025-W29,llm,31.7,google_trends_lk
2025-W30,llm,23.4,google_trends_lk
2025-W31,llm,28.8,google_trends_lk
2025-W32,llm,24.1,google_trends_lk
2025-W33,llm,29.8,google_trends_lk
2025-W34,llm,24.1,google_trends_lk
2025-W35,llm,28.1,google_trends_lk
2025-W36,llm,25.9,google_trends_lk
2025-W37,llm,32.7,google_trends_lk
2025-W38,llm,31.4,google_trends_lk
2025-W39,llm,32.5,google_trends_lk
2025-W40,llm,31.2,google_trends_lk
2025-W41,llm,26.7,google_trends_lk
2025-W42,llm,33.4,google_trends_lk
2025-W43,llm,38.4,google_trends_lk
2025-W44,llm,33.2,google_trends_lk
2025-W45,llm,30.3,google_trends_lk
2025-W46,llm,26.8,google_trends_lk
2025-W47,llm,28.6,google_trends_lk
2025-W48,llm,33.4,google_trends_lk
2025-W49,llm,35.6,google_trends_lk
2025-W50,llm,32.8,google_trends_lk
2025-W51,llm,34.7,google_trends_lk
2025-W52,llm,34.4,google_trends_lk
2026-W01,llm,33.7,google_trends_lk
2026-W02,llm,29.6,google_trends_lk
2026-W03,llm,32.5,google_trends_lk
2026-W04,llm,29.0,google_trends_lk
2026-W05,llm,32.0,google_trends_lk
2026-W06,llm,33.1,google_trends_lk
2026-W07,llm,37.8,google_trends_lk
2026-W08,llm,27.4,google_trends_lk
2026-W09,llm,33.6,google_trends_lk
2026-W10,llm,37.2,google_trends_lk
2026-W11,llm,34.6,google_trends_lk
2026-W12,llm,34.9,google_trends_lk
2026-W13,llm,34.0,google_trends_lk
2026-W14,llm,36.5,google_trends_lk
2026-W15,llm,28.2,google_trends_lk
2026-W16,llm,27.1,google_trends_lk
2026-W17,llm,32.0,google_trends_lk
2026-W18,llm,24.4,google_trends_lk
2026-W19,llm,36.3,google_trends_lk
2026-W20,llm,36.3,google_trends_lk
2026-W21,llm,30.5,google_trends_lk
2026-W22,llm,30.7,google_trends_lk
2026-W23,llm,31.7,google_trends_lk
2026-W24,llm,32.2,google_trends_lk
2026-W25,llm,32.4,google_trends_lk
2024-W01,langchain,2.0,google_trends_lk
2024-W02,langchain,2.0,google_trends_lk
2024-W03,langchain,2.0,google_trends_lk
2024-W04,langchain,2.3,google_trends_lk
2024-W05,langchain,6.3,google_trends_lk
2024-W06,langchain,5.0,google_trends_lk
2024-W07,langchain,2.0,google_trends_lk
2024-W08,langchain,3.2,google_trends_lk
2024-W09,langchain,2.0,google_trends_lk
2024-W10,langchain,3.6,google_trends_lk
2024-W11,langchain,8.4,google_trends_lk
2024-W12,langchain,6.5,google_trends_lk
2024-W13,langchain,4.9,google_trends_lk
2024-W14,langchain,2.0,google_trends_lk
2024-W15,langchain,5.7,google_trends_lk
2024-W16,langchain,2.0,google_trends_lk
2024-W17,langchain,2.2,google_trends_lk
2024-W18,langchain,5.2,google_trends_lk
2024-W19,langchain,5.7,google_trends_lk
2024-W20,langchain,5.5,google_trends_lk
2024-W21,langchain,4.2,google_trends_lk
2024-W22,langchain,2.5,google_trends_lk
2024-W23,langchain,5.1,google_trends_lk
2024-W24,langchain,2.0,google_trends_lk
2024-W25,langchain,2.0,google_trends_lk
2024-W26,langchain,3.6,google_trends_lk
2024-W27,langchain,4.0,google_trends_lk
2024-W28,langchain,2.0,google_trends_lk
2024-W29,langchain,5.1,google_trends_lk
2024-W30,langchain,6.3,google_trends_lk
2024-W31,langchain,3.3,google_trends_lk
2024-W32,langchain,12.0,google_trends_lk
2024-W33,langchain,2.0,google_trends_lk
2024-W34,langchain,2.6,google_trends_lk
2024-W35,langchain,2.6,google_trends_lk
2024-W36,langchain,3.8,google_trends_lk
2024-W37,langchain,3.1,google_trends_lk
2024-W38,langchain,2.0,google_trends_lk
2024-W39,langchain,2.6,google_trends_lk
2024-W40,langchain,4.4,google_trends_lk
2024-W41,langchain,9.2,google_trends_lk
2024-W42,langchain,12.9,google_trends_lk
2024-W43,langchain,10.1,google_trends_lk
2024-W44,langchain,2.9,google_trends_lk
2024-W45,langchain,3.5,google_trends_lk
2024-W46,langchain,5.7,google_trends_lk
2024-W47,langchain,12.8,google_trends_lk
2024-W48,langchain,6.4,google_trends_lk
2024-W49,langchain,2.7,google_trends_lk
2024-W50,langchain,6.0,google_trends_lk
2024-W51,langchain,10.9,google_trends_lk
2024-W52,langchain,11.1,google_trends_lk
2024-W53,langchain,8.5,google_trends_lk
2025-W01,langchain,12.1,google_trends_lk
2025-W02,langchain,2.3,google_trends_lk
2025-W03,langchain,11.1,google_trends_lk
2025-W04,langchain,14.3,google_trends_lk
2025-W05,langchain,9.0,google_trends_lk
2025-W06,langchain,9.5,google_trends_lk
2025-W07,langchain,6.5,google_trends_lk
2025-W08,langchain,19.2,google_trends_lk
2025-W09,langchain,11.7,google_trends_lk
2025-W10,langchain,15.6,google_trends_lk
2025-W11,langchain,17.4,google_trends_lk
2025-W12,langchain,21.1,google_trends_lk
2025-W13,langchain,15.7,google_trends_lk
2025-W14,langchain,14.9,google_trends_lk
2025-W15,langchain,17.8,google_trends_lk
2025-W16,langchain,22.1,google_trends_lk
2025-W17,langchain,17.4,google_trends_lk
2025-W18,langchain,15.0,google_trends_lk
2025-W19,langchain,13.3,google_trends_lk
2025-W20,langchain,14.8,google_trends_lk
2025-W21,langchain,22.3,google_trends_lk
2025-W22,langchain,18.5,google_trends_lk
2025-W23,langchain,17.7,google_trends_lk
2025-W24,langchain,17.5,google_trends_lk
2025-W25,langchain,20.6,google_trends_lk
2025-W26,langchain,19.6,google_trends_lk
2025-W27,langchain,19.6,google_trends_lk
2025-W28,langchain,25.5,google_trends_lk
2025-W29,langchain,26.3,google_trends_lk
2025-W30,langchain,15.4,google_trends_lk
2025-W31,langchain,22.3,google_trends_lk
2025-W32,langchain,18.5,google_trends_lk
2025-W33,langchain,20.4,google_trends_lk
2025-W34,langchain,22.5,google_trends_lk
2025-W35,langchain,20.7,google_trends_lk
2025-W36,langchain,22.3,google_trends_lk
2025-W37,langchain,23.9,google_trends_lk
2025-W38,langchain,22.6,google_trends_lk
2025-W39,langchain,19.4,google_trends_lk
2025-W40,langchain,19.5,google_trends_lk
2025-W41,langchain,16.7,google_trends_lk
2025-W42,langchain,18.8,google_trends_lk
2025-W43,langchain,28.7,google_trends_lk
2025-W44,langchain,19.0,google_trends_lk
2025-W45,langchain,17.7,google_trends_lk
2025-W46,langchain,23.0,google_trends_lk
2025-W47,langchain,21.5,google_trends_lk
2025-W48,langchain,21.2,google_trends_lk
2025-W49,langchain,26.8,google_trends_lk
2025-W50,langchain,23.8,google_trends_lk
2025-W51,langchain,20.1,google_trends_lk
2025-W52,langchain,20.4,google_trends_lk
2026-W01,langchain,20.2,google_trends_lk
2026-W02,langchain,25.0,google_trends_lk
2026-W03,langchain,20.9,google_trends_lk
2026-W04,langchain,15.7,google_trends_lk
2026-W05,langchain,21.8,google_trends_lk
2026-W06,langchain,16.6,google_trends_lk
2026-W07,langchain,29.6,google_trends_lk
2026-W08,langchain,18.6,google_trends_lk
2026-W09,langchain,21.4,google_trends_lk
2026-W10,langchain,22.9,google_trends_lk
2026-W11,langchain,21.0,google_trends_lk
2026-W12,langchain,21.0,google_trends_lk
2026-W13,langchain,23.5,google_trends_lk
2026-W14,langchain,27.3,google_trends_lk
2026-W15,langchain,24.7,google_trends_lk
2026-W16,langchain,27.2,google_trends_lk
2026-W17,langchain,18.3,google_trends_lk
2026-W18,langchain,23.1,google_trends_lk
2026-W19,langchain,22.5,google_trends_lk
2026-W20,langchain,23.2,google_trends_lk
2026-W21,langchain,26.8,google_trends_lk
2026-W22,langchain,21.2,google_trends_lk
2026-W23,langchain,20.6,google_trends_lk
2026-W24,langchain,23.9,google_trends_lk
2026-W25,langchain,15.8,google_trends_lk
2024-W01,flutter,36.8,google_trends_lk
2024-W02,flutter,41.9,google_trends_lk
2024-W03,flutter,30.8,google_trends_lk
2024-W04,flutter,41.7,google_trends_lk
2024-W05,flutter,36.6,google_trends_lk
2024-W06,flutter,38.2,google_trends_lk
2024-W07,flutter,42.4,google_trends_lk
2024-W08,flutter,38.6,google_trends_lk
2024-W09,flutter,38.1,google_trends_lk
2024-W10,flutter,37.7,google_trends_lk
2024-W11,flutter,35.2,google_trends_lk
2024-W12,flutter,36.9,google_trends_lk
2024-W13,flutter,34.6,google_trends_lk
2024-W14,flutter,37.1,google_trends_lk
2024-W15,flutter,29.1,google_trends_lk
2024-W16,flutter,38.9,google_trends_lk
2024-W17,flutter,37.1,google_trends_lk
2024-W18,flutter,36.4,google_trends_lk
2024-W19,flutter,38.4,google_trends_lk
2024-W20,flutter,32.7,google_trends_lk
2024-W21,flutter,44.6,google_trends_lk
2024-W22,flutter,37.6,google_trends_lk
2024-W23,flutter,37.5,google_trends_lk
2024-W24,flutter,34.8,google_trends_lk
2024-W25,flutter,38.3,google_trends_lk
2024-W26,flutter,43.2,google_trends_lk
2024-W27,flutter,42.0,google_trends_lk
2024-W28,flutter,41.5,google_trends_lk
2024-W29,flutter,40.5,google_trends_lk
2024-W30,flutter,37.4,google_trends_lk
2024-W31,flutter,33.7,google_trends_lk
2024-W32,flutter,38.2,google_trends_lk
2024-W33,flutter,38.2,google_trends_lk
2024-W34,flutter,42.7,google_trends_lk
2024-W35,flutter,40.2,google_trends_lk
2024-W36,flutter,44.9,google_trends_lk
2024-W37,flutter,43.5,google_trends_lk
2024-W38,flutter,37.8,google_trends_lk
2024-W39,flutter,33.3,google_trends_lk
2024-W40,flutter,44.5,google_trends_lk
2024-W41,flutter,44.5,google_trends_lk
2024-W42,flutter,35.0,google_trends_lk
2024-W43,flutter,45.2,google_trends_lk
2024-W44,flutter,41.3,google_trends_lk
2024-W45,flutter,40.7,google_trends_lk
2024-W46,flutter,45.8,google_trends_lk
2024-W47,flutter,45.0,google_trends_lk
2024-W48,flutter,42.7,google_trends_lk
2024-W49,flutter,42.1,google_trends_lk
2024-W50,flutter,42.7,google_trends_lk
2024-W51,flutter,39.3,google_trends_lk
2024-W52,flutter,40.6,google_trends_lk
2024-W53,flutter,37.7,google_trends_lk
2025-W01,flutter,39.8,google_trends_lk
2025-W02,flutter,39.7,google_trends_lk
2025-W03,flutter,38.9,google_trends_lk
2025-W04,flutter,41.7,google_trends_lk
2025-W05,flutter,40.2,google_trends_lk
2025-W06,flutter,43.2,google_trends_lk
2025-W07,flutter,35.8,google_trends_lk
2025-W08,flutter,41.2,google_trends_lk
2025-W09,flutter,42.1,google_trends_lk
2025-W10,flutter,40.7,google_trends_lk
2025-W11,flutter,41.3,google_trends_lk
2025-W12,flutter,36.4,google_trends_lk
2025-W13,flutter,43.3,google_trends_lk
2025-W14,flutter,44.4,google_trends_lk
2025-W15,flutter,44.0,google_trends_lk
2025-W16,flutter,46.0,google_trends_lk
2025-W17,flutter,43.1,google_trends_lk
2025-W18,flutter,44.2,google_trends_lk
2025-W19,flutter,43.2,google_trends_lk
2025-W20,flutter,45.1,google_trends_lk
2025-W21,flutter,37.3,google_trends_lk
2025-W22,flutter,39.8,google_trends_lk
2025-W23,flutter,48.5,google_trends_lk
2025-W24,flutter,34.5,google_trends_lk
2025-W25,flutter,42.7,google_trends_lk
2025-W26,flutter,47.4,google_trends_lk
2025-W27,flutter,43.0,google_trends_lk
2025-W28,flutter,42.0,google_trends_lk
2025-W29,flutter,44.0,google_trends_lk
2025-W30,flutter,42.4,google_trends_lk
2025-W31,flutter,43.8,google_trends_lk
2025-W32,flutter,41.4,google_trends_lk
2025-W33,flutter,47.8,google_trends_lk
2025-W34,flutter,49.0,google_trends_lk
2025-W35,flutter,43.6,google_trends_lk
2025-W36,flutter,39.3,google_trends_lk
2025-W37,flutter,42.4,google_trends_lk
2025-W38,flutter,43.7,google_trends_lk
2025-W39,flutter,46.2,google_trends_lk
2025-W40,flutter,41.0,google_trends_lk
2025-W41,flutter,42.0,google_trends_lk
2025-W42,flutter,46.5,google_trends_lk
2025-W43,flutter,48.1,google_trends_lk
2025-W44,flutter,42.8,google_trends_lk
2025-W45,flutter,40.4,google_trends_lk
2025-W46,flutter,56.6,google_trends_lk
2025-W47,flutter,48.0,google_trends_lk
2025-W48,flutter,44.4,google_trends_lk
2025-W49,flutter,48.4,google_trends_lk
2025-W50,flutter,45.1,google_trends_lk
2025-W51,flutter,48.6,google_trends_lk
2025-W52,flutter,46.2,google_trends_lk
2026-W01,flutter,46.1,google_trends_lk
2026-W02,flutter,45.5,google_trends_lk
2026-W03,flutter,40.9,google_trends_lk
2026-W04,flutter,52.8,google_trends_lk
2026-W05,flutter,42.8,google_trends_lk
2026-W06,flutter,41.5,google_trends_lk
2026-W07,flutter,45.6,google_trends_lk
2026-W08,flutter,43.1,google_trends_lk
2026-W09,flutter,46.3,google_trends_lk
2026-W10,flutter,49.0,google_trends_lk
2026-W11,flutter,50.2,google_trends_lk
2026-W12,flutter,49.6,google_trends_lk
2026-W13,flutter,45.8,google_trends_lk
2026-W14,flutter,47.2,google_trends_lk
2026-W15,flutter,48.5,google_trends_lk
2026-W16,flutter,41.0,google_trends_lk
2026-W17,flutter,49.3,google_trends_lk
2026-W18,flutter,42.2,google_trends_lk
2026-W19,flutter,54.6,google_trends_lk
2026-W20,flutter,46.1,google_trends_lk
2026-W21,flutter,47.0,google_trends_lk
2026-W22,flutter,45.0,google_trends_lk
2026-W23,flutter,45.6,google_trends_lk
2026-W24,flutter,55.9,google_trends_lk
2026-W25,flutter,51.3,google_trends_lk
2024-W01,react native,27.7,google_trends_lk
2024-W02,react native,27.4,google_trends_lk
2024-W03,react native,27.7,google_trends_lk
2024-W04,react native,27.1,google_trends_lk
2024-W05,react native,22.4,google_trends_lk
2024-W06,react native,22.2,google_trends_lk
2024-W07,react native,19.0,google_trends_lk
2024-W08,react native,29.6,google_trends_lk
2024-W09,react native,29.6,google_trends_lk
2024-W10,react native,29.6,google_trends_lk
2024-W11,react native,27.7,google_trends_lk
2024-W12,react native,19.1,google_trends_lk
2024-W13,react native,22.9,google_trends_lk
2024-W14,react native,27.1,google_trends_lk
2024-W15,react native,26.9,google_trends_lk
2024-W16,react native,25.6,google_trends_lk
2024-W17,react native,27.7,google_trends_lk
2024-W18,react native,26.4,google_trends_lk
2024-W19,react native,26.7,google_trends_lk
2024-W20,react native,24.0,google_trends_lk
2024-W21,react native,29.7,google_trends_lk
2024-W22,react native,24.7,google_trends_lk
2024-W23,react native,21.5,google_trends_lk
2024-W24,react native,23.4,google_trends_lk
2024-W25,react native,24.9,google_trends_lk
2024-W26,react native,29.5,google_trends_lk
2024-W27,react native,25.8,google_trends_lk
2024-W28,react native,25.3,google_trends_lk
2024-W29,react native,21.5,google_trends_lk
2024-W30,react native,28.6,google_trends_lk
2024-W31,react native,23.6,google_trends_lk
2024-W32,react native,25.4,google_trends_lk
2024-W33,react native,30.9,google_trends_lk
2024-W34,react native,27.5,google_trends_lk
2024-W35,react native,20.0,google_trends_lk
2024-W36,react native,19.5,google_trends_lk
2024-W37,react native,25.4,google_trends_lk
2024-W38,react native,21.3,google_trends_lk
2024-W39,react native,27.8,google_trends_lk
2024-W40,react native,25.6,google_trends_lk
2024-W41,react native,26.0,google_trends_lk
2024-W42,react native,22.9,google_trends_lk
2024-W43,react native,31.5,google_trends_lk
2024-W44,react native,35.3,google_trends_lk
2024-W45,react native,24.3,google_trends_lk
2024-W46,react native,26.5,google_trends_lk
2024-W47,react native,25.6,google_trends_lk
2024-W48,react native,24.3,google_trends_lk
2024-W49,react native,22.2,google_trends_lk
2024-W50,react native,21.3,google_trends_lk
2024-W51,react native,21.1,google_trends_lk
2024-W52,react native,26.4,google_trends_lk
2024-W53,react native,23.2,google_trends_lk
2025-W01,react native,15.9,google_trends_lk
2025-W02,react native,26.5,google_trends_lk
2025-W03,react native,24.7,google_trends_lk
2025-W04,react native,29.5,google_trends_lk
2025-W05,react native,26.1,google_trends_lk
2025-W06,react native,19.6,google_trends_lk
2025-W07,react native,16.9,google_trends_lk
2025-W08,react native,22.2,google_trends_lk
2025-W09,react native,22.4,google_trends_lk
2025-W10,react native,27.9,google_trends_lk
2025-W11,react native,24.5,google_trends_lk
2025-W12,react native,28.5,google_trends_lk
2025-W13,react native,19.8,google_trends_lk
2025-W14,react native,27.8,google_trends_lk
2025-W15,react native,26.9,google_trends_lk
2025-W16,react native,17.3,google_trends_lk
2025-W17,react native,29.0,google_trends_lk
2025-W18,react native,24.6,google_trends_lk
2025-W19,react native,25.6,google_trends_lk
2025-W20,react native,21.2,google_trends_lk
2025-W21,react native,28.6,google_trends_lk
2025-W22,react native,20.0,google_trends_lk
2025-W23,react native,27.0,google_trends_lk
2025-W24,react native,26.9,google_trends_lk
2025-W25,react native,20.6,google_trends_lk
2025-W26,react native,30.9,google_trends_lk
2025-W27,react native,24.7,google_trends_lk
2025-W28,react native,26.2,google_trends_lk
2025-W29,react native,18.5,google_trends_lk
2025-W30,react native,31.2,google_trends_lk
2025-W31,react native,19.5,google_trends_lk
2025-W32,react native,27.3,google_trends_lk
2025-W33,react native,20.2,google_trends_lk
2025-W34,react native,21.5,google_trends_lk
2025-W35,react native,26.4,google_trends_lk
2025-W36,react native,27.2,google_trends_lk
2025-W37,react native,19.1,google_trends_lk
2025-W38,react native,27.3,google_trends_lk
2025-W39,react native,27.1,google_trends_lk
2025-W40,react native,20.2,google_trends_lk
2025-W41,react native,29.0,google_trends_lk
2025-W42,react native,18.3,google_trends_lk
2025-W43,react native,21.1,google_trends_lk
2025-W44,react native,25.0,google_trends_lk
2025-W45,react native,20.3,google_trends_lk
2025-W46,react native,24.1,google_trends_lk
2025-W47,react native,24.0,google_trends_lk
2025-W48,react native,22.5,google_trends_lk
2025-W49,react native,26.0,google_trends_lk
2025-W50,react native,22.2,google_trends_lk
2025-W51,react native,23.8,google_trends_lk
2025-W52,react native,27.0,google_trends_lk
2026-W01,react native,25.7,google_trends_lk
2026-W02,react native,25.6,google_trends_lk
2026-W03,react native,18.8,google_trends_lk
2026-W04,react native,24.7,google_trends_lk
2026-W05,react native,19.7,google_trends_lk
2026-W06,react native,18.3,google_trends_lk
2026-W07,react native,22.4,google_trends_lk
2026-W08,react native,19.5,google_trends_lk
2026-W09,react native,25.4,google_trends_lk
2026-W10,react native,25.4,google_trends_lk
2026-W11,react native,15.9,google_trends_lk
2026-W12,react native,19.6,google_trends_lk
2026-W13,react native,17.4,google_trends_lk
2026-W14,react native,20.8,google_trends_lk
2026-W15,react native,24.0,google_trends_lk
2026-W16,react native,21.5,google_trends_lk
2026-W17,react native,20.2,google_trends_lk
2026-W18,react native,26.8,google_trends_lk
2026-W19,react native,14.2,google_trends_lk
2026-W20,react native,26.5,google_trends_lk
2026-W21,react native,20.3,google_trends_lk
2026-W22,react native,21.8,google_trends_lk
2026-W23,react native,20.2,google_trends_lk
2026-W24,react native,27.4,google_trends_lk
2026-W25,react native,17.7,google_trends_lk
2024-W01,android,35.9,google_trends_lk
2024-W02,android,40.2,google_trends_lk
2024-W03,android,37.5,google_trends_lk
2024-W04,android,35.9,google_trends_lk
2024-W05,android,35.3,google_trends_lk
2024-W06,android,37.5,google_trends_lk
2024-W07,android,34.4,google_trends_lk
2024-W08,android,32.8,google_trends_lk
2024-W09,android,37.9,google_trends_lk
2024-W10,android,35.2,google_trends_lk
2024-W11,android,35.8,google_trends_lk
2024-W12,android,39.5,google_trends_lk
2024-W13,android,35.2,google_trends_lk
2024-W14,android,35.6,google_trends_lk
2024-W15,android,33.5,google_trends_lk
2024-W16,android,37.0,google_trends_lk
2024-W17,android,36.7,google_trends_lk
2024-W18,android,38.6,google_trends_lk
2024-W19,android,33.4,google_trends_lk
2024-W20,android,33.8,google_trends_lk
2024-W21,android,38.2,google_trends_lk
2024-W22,android,36.2,google_trends_lk
2024-W23,android,32.1,google_trends_lk
2024-W24,android,39.9,google_trends_lk
2024-W25,android,29.3,google_trends_lk
2024-W26,android,38.0,google_trends_lk
2024-W27,android,30.8,google_trends_lk
2024-W28,android,41.8,google_trends_lk
2024-W29,android,29.7,google_trends_lk
2024-W30,android,39.1,google_trends_lk
2024-W31,android,34.8,google_trends_lk
2024-W32,android,33.8,google_trends_lk
2024-W33,android,35.7,google_trends_lk
2024-W34,android,37.2,google_trends_lk
2024-W35,android,31.8,google_trends_lk
2024-W36,android,32.1,google_trends_lk
2024-W37,android,37.2,google_trends_lk
2024-W38,android,28.9,google_trends_lk
2024-W39,android,32.8,google_trends_lk
2024-W40,android,45.4,google_trends_lk
2024-W41,android,31.4,google_trends_lk
2024-W42,android,38.7,google_trends_lk
2024-W43,android,32.6,google_trends_lk
2024-W44,android,36.4,google_trends_lk
2024-W45,android,36.9,google_trends_lk
2024-W46,android,38.6,google_trends_lk
2024-W47,android,33.9,google_trends_lk
2024-W48,android,41.5,google_trends_lk
2024-W49,android,32.4,google_trends_lk
2024-W50,android,35.3,google_trends_lk
2024-W51,android,35.3,google_trends_lk
2024-W52,android,30.5,google_trends_lk
2024-W53,android,33.4,google_trends_lk
2025-W01,android,34.9,google_trends_lk
2025-W02,android,32.8,google_trends_lk
2025-W03,android,42.8,google_trends_lk
2025-W04,android,31.3,google_trends_lk
2025-W05,android,38.4,google_trends_lk
2025-W06,android,37.2,google_trends_lk
2025-W07,android,34.1,google_trends_lk
2025-W08,android,31.1,google_trends_lk
2025-W09,android,31.4,google_trends_lk
2025-W10,android,32.3,google_trends_lk
2025-W11,android,27.8,google_trends_lk
2025-W12,android,30.5,google_trends_lk
2025-W13,android,28.8,google_trends_lk
2025-W14,android,38.7,google_trends_lk
2025-W15,android,36.1,google_trends_lk
2025-W16,android,36.6,google_trends_lk
2025-W17,android,35.9,google_trends_lk
2025-W18,android,34.4,google_trends_lk
2025-W19,android,38.9,google_trends_lk
2025-W20,android,31.6,google_trends_lk
2025-W21,android,34.1,google_trends_lk
2025-W22,android,36.3,google_trends_lk
2025-W23,android,29.1,google_trends_lk
2025-W24,android,44.5,google_trends_lk
2025-W25,android,33.7,google_trends_lk
2025-W26,android,34.1,google_trends_lk
2025-W27,android,37.9,google_trends_lk
2025-W28,android,36.7,google_trends_lk
2025-W29,android,33.6,google_trends_lk
2025-W30,android,33.9,google_trends_lk
2025-W31,android,28.2,google_trends_lk
2025-W32,android,31.4,google_trends_lk
2025-W33,android,35.2,google_trends_lk
2025-W34,android,34.9,google_trends_lk
2025-W35,android,37.6,google_trends_lk
2025-W36,android,32.8,google_trends_lk
2025-W37,android,28.4,google_trends_lk
2025-W38,android,36.9,google_trends_lk
2025-W39,android,38.2,google_trends_lk
2025-W40,android,36.3,google_trends_lk
2025-W41,android,32.5,google_trends_lk
2025-W42,android,36.7,google_trends_lk
2025-W43,android,45.1,google_trends_lk
2025-W44,android,33.4,google_trends_lk
2025-W45,android,28.4,google_trends_lk
2025-W46,android,30.9,google_trends_lk
2025-W47,android,35.1,google_trends_lk
2025-W48,android,27.3,google_trends_lk
2025-W49,android,33.5,google_trends_lk
2025-W50,android,34.2,google_trends_lk
2025-W51,android,38.2,google_trends_lk
2025-W52,android,37.4,google_trends_lk
2026-W01,android,35.8,google_trends_lk
2026-W02,android,25.1,google_trends_lk
2026-W03,android,35.9,google_trends_lk
2026-W04,android,35.1,google_trends_lk
2026-W05,android,33.5,google_trends_lk
2026-W06,android,26.5,google_trends_lk
2026-W07,android,29.8,google_trends_lk
2026-W08,android,28.4,google_trends_lk
2026-W09,android,25.4,google_trends_lk
2026-W10,android,32.5,google_trends_lk
2026-W11,android,29.6,google_trends_lk
2026-W12,android,41.6,google_trends_lk
2026-W13,android,31.8,google_trends_lk
2026-W14,android,36.9,google_trends_lk
2026-W15,android,26.8,google_trends_lk
2026-W16,android,30.4,google_trends_lk
2026-W17,android,32.6,google_trends_lk
2026-W18,android,29.0,google_trends_lk
2026-W19,android,30.7,google_trends_lk
2026-W20,android,31.4,google_trends_lk
2026-W21,android,31.3,google_trends_lk
2026-W22,android,38.6,google_trends_lk
2026-W23,android,33.4,google_trends_lk
2026-W24,android,33.7,google_trends_lk
2026-W25,android,33.9,google_trends_lk
2024-W01,ios,19.3,google_trends_lk
2024-W02,ios,18.6,google_trends_lk
2024-W03,ios,19.5,google_trends_lk
2024-W04,ios,14.4,google_trends_lk
2024-W05,ios,19.2,google_trends_lk
2024-W06,ios,17.1,google_trends_lk
2024-W07,ios,18.8,google_trends_lk
2024-W08,ios,15.3,google_trends_lk
2024-W09,ios,15.8,google_trends_lk
2024-W10,ios,21.9,google_trends_lk
2024-W11,ios,14.1,google_trends_lk
2024-W12,ios,14.3,google_trends_lk
2024-W13,ios,17.5,google_trends_lk
2024-W14,ios,15.0,google_trends_lk
2024-W15,ios,14.6,google_trends_lk
2024-W16,ios,18.0,google_trends_lk
2024-W17,ios,12.4,google_trends_lk
2024-W18,ios,14.1,google_trends_lk
2024-W19,ios,24.8,google_trends_lk
2024-W20,ios,19.2,google_trends_lk
2024-W21,ios,14.9,google_trends_lk
2024-W22,ios,19.0,google_trends_lk
2024-W23,ios,19.5,google_trends_lk
2024-W24,ios,20.9,google_trends_lk
2024-W25,ios,17.0,google_trends_lk
2024-W26,ios,20.8,google_trends_lk
2024-W27,ios,10.3,google_trends_lk
2024-W28,ios,13.7,google_trends_lk
2024-W29,ios,17.9,google_trends_lk
2024-W30,ios,18.5,google_trends_lk
2024-W31,ios,14.1,google_trends_lk
2024-W32,ios,18.2,google_trends_lk
2024-W33,ios,15.1,google_trends_lk
2024-W34,ios,16.3,google_trends_lk
2024-W35,ios,20.8,google_trends_lk
2024-W36,ios,20.4,google_trends_lk
2024-W37,ios,13.7,google_trends_lk
2024-W38,ios,13.4,google_trends_lk
2024-W39,ios,15.7,google_trends_lk
2024-W40,ios,17.0,google_trends_lk
2024-W41,ios,14.8,google_trends_lk
2024-W42,ios,20.7,google_trends_lk
2024-W43,ios,18.2,google_trends_lk
2024-W44,ios,18.4,google_trends_lk
2024-W45,ios,12.5,google_trends_lk
2024-W46,ios,21.0,google_trends_lk
2024-W47,ios,7.1,google_trends_lk
2024-W48,ios,19.8,google_trends_lk
2024-W49,ios,20.2,google_trends_lk
2024-W50,ios,15.3,google_trends_lk
2024-W51,ios,21.3,google_trends_lk
2024-W52,ios,16.6,google_trends_lk
2024-W53,ios,17.0,google_trends_lk
2025-W01,ios,18.0,google_trends_lk
2025-W02,ios,27.9,google_trends_lk
2025-W03,ios,21.4,google_trends_lk
2025-W04,ios,19.2,google_trends_lk
2025-W05,ios,13.5,google_trends_lk
2025-W06,ios,17.2,google_trends_lk
2025-W07,ios,13.8,google_trends_lk
2025-W08,ios,19.5,google_trends_lk
2025-W09,ios,17.1,google_trends_lk
2025-W10,ios,12.6,google_trends_lk
2025-W11,ios,16.8,google_trends_lk
2025-W12,ios,13.5,google_trends_lk
2025-W13,ios,17.0,google_trends_lk
2025-W14,ios,13.5,google_trends_lk
2025-W15,ios,16.5,google_trends_lk
2025-W16,ios,19.0,google_trends_lk
2025-W17,ios,16.2,google_trends_lk
2025-W18,ios,15.0,google_trends_lk
2025-W19,ios,17.1,google_trends_lk
2025-W20,ios,18.8,google_trends_lk
2025-W21,ios,12.4,google_trends_lk
2025-W22,ios,17.2,google_trends_lk
2025-W23,ios,20.9,google_trends_lk
2025-W24,ios,18.2,google_trends_lk
2025-W25,ios,16.4,google_trends_lk
2025-W26,ios,18.4,google_trends_lk
2025-W27,ios,17.7,google_trends_lk
2025-W28,ios,18.8,google_trends_lk
2025-W29,ios,9.0,google_trends_lk
2025-W30,ios,10.7,google_trends_lk
2025-W31,ios,19.6,google_trends_lk
2025-W32,ios,10.8,google_trends_lk
2025-W33,ios,17.4,google_trends_lk
2025-W34,ios,14.8,google_trends_lk
2025-W35,ios,12.5,google_trends_lk
2025-W36,ios,17.2,google_trends_lk
2025-W37,ios,16.6,google_trends_lk
2025-W38,ios,23.3,google_trends_lk
2025-W39,ios,13.7,google_trends_lk
2025-W40,ios,20.9,google_trends_lk
2025-W41,ios,17.1,google_trends_lk
2025-W42,ios,13.5,google_trends_lk
2025-W43,ios,18.6,google_trends_lk
2025-W44,ios,17.7,google_trends_lk
2025-W45,ios,15.9,google_trends_lk
2025-W46,ios,16.7,google_trends_lk
2025-W47,ios,13.6,google_trends_lk
2025-W48,ios,12.8,google_trends_lk
2025-W49,ios,18.3,google_trends_lk
2025-W50,ios,14.8,google_trends_lk
2025-W51,ios,15.3,google_trends_lk
2025-W52,ios,16.6,google_trends_lk
2026-W01,ios,16.5,google_trends_lk
2026-W02,ios,10.5,google_trends_lk
2026-W03,ios,20.0,google_trends_lk
2026-W04,ios,15.9,google_trends_lk
2026-W05,ios,14.8,google_trends_lk
2026-W06,ios,16.9,google_trends_lk
2026-W07,ios,16.2,google_trends_lk
2026-W08,ios,18.1,google_trends_lk
2026-W09,ios,17.3,google_trends_lk
2026-W10,ios,17.9,google_trends_lk
2026-W11,ios,20.1,google_trends_lk
2026-W12,ios,18.4,google_trends_lk
2026-W13,ios,14.7,google_trends_lk
2026-W14,ios,11.3,google_trends_lk
2026-W15,ios,21.1,google_trends_lk
2026-W16,ios,14.4,google_trends_lk
2026-W17,ios,13.5,google_trends_lk
2026-W18,ios,9.1,google_trends_lk
2026-W19,ios,16.3,google_trends_lk
2026-W20,ios,15.6,google_trends_lk
2026-W21,ios,9.8,google_trends_lk
2026-W22,ios,16.7,google_trends_lk
2026-W23,ios,13.3,google_trends_lk
2026-W24,ios,24.4,google_trends_lk
2026-W25,ios,13.0,google_trends_lk
2024-W01,devops,27.3,google_trends_lk
2024-W02,devops,32.2,google_trends_lk
2024-W03,devops,30.9,google_trends_lk
2024-W04,devops,25.4,google_trends_lk
2024-W05,devops,28.0,google_trends_lk
2024-W06,devops,25.3,google_trends_lk
2024-W07,devops,33.7,google_trends_lk
2024-W08,devops,30.6,google_trends_lk
2024-W09,devops,27.2,google_trends_lk
2024-W10,devops,27.4,google_trends_lk
2024-W11,devops,31.8,google_trends_lk
2024-W12,devops,28.9,google_trends_lk
2024-W13,devops,32.4,google_trends_lk
2024-W14,devops,19.3,google_trends_lk
2024-W15,devops,28.7,google_trends_lk
2024-W16,devops,25.4,google_trends_lk
2024-W17,devops,33.4,google_trends_lk
2024-W18,devops,32.7,google_trends_lk
2024-W19,devops,27.5,google_trends_lk
2024-W20,devops,32.8,google_trends_lk
2024-W21,devops,33.8,google_trends_lk
2024-W22,devops,27.9,google_trends_lk
2024-W23,devops,36.4,google_trends_lk
2024-W24,devops,27.7,google_trends_lk
2024-W25,devops,27.1,google_trends_lk
2024-W26,devops,31.0,google_trends_lk
2024-W27,devops,26.8,google_trends_lk
2024-W28,devops,28.4,google_trends_lk
2024-W29,devops,33.1,google_trends_lk
2024-W30,devops,28.3,google_trends_lk
2024-W31,devops,22.4,google_trends_lk
2024-W32,devops,29.7,google_trends_lk
2024-W33,devops,26.0,google_trends_lk
2024-W34,devops,31.6,google_trends_lk
2024-W35,devops,31.1,google_trends_lk
2024-W36,devops,33.9,google_trends_lk
2024-W37,devops,32.0,google_trends_lk
2024-W38,devops,32.7,google_trends_lk
2024-W39,devops,26.6,google_trends_lk
2024-W40,devops,31.8,google_trends_lk
2024-W41,devops,36.0,google_trends_lk
2024-W42,devops,26.8,google_trends_lk
2024-W43,devops,35.6,google_trends_lk
2024-W44,devops,27.4,google_trends_lk
2024-W45,devops,26.4,google_trends_lk
2024-W46,devops,30.5,google_trends_lk
2024-W47,devops,32.1,google_trends_lk
2024-W48,devops,32.8,google_trends_lk
2024-W49,devops,26.4,google_trends_lk
2024-W50,devops,31.3,google_trends_lk
2024-W51,devops,27.5,google_trends_lk
2024-W52,devops,24.7,google_trends_lk
2024-W53,devops,26.8,google_trends_lk
2025-W01,devops,27.5,google_trends_lk
2025-W02,devops,32.0,google_trends_lk
2025-W03,devops,34.3,google_trends_lk
2025-W04,devops,25.2,google_trends_lk
2025-W05,devops,31.7,google_trends_lk
2025-W06,devops,26.4,google_trends_lk
2025-W07,devops,32.8,google_trends_lk
2025-W08,devops,28.5,google_trends_lk
2025-W09,devops,27.0,google_trends_lk
2025-W10,devops,33.6,google_trends_lk
2025-W11,devops,28.8,google_trends_lk
2025-W12,devops,29.9,google_trends_lk
2025-W13,devops,23.3,google_trends_lk
2025-W14,devops,34.4,google_trends_lk
2025-W15,devops,34.1,google_trends_lk
2025-W16,devops,31.3,google_trends_lk
2025-W17,devops,26.0,google_trends_lk
2025-W18,devops,35.7,google_trends_lk
2025-W19,devops,29.2,google_trends_lk
2025-W20,devops,30.0,google_trends_lk
2025-W21,devops,39.8,google_trends_lk
2025-W22,devops,29.3,google_trends_lk
2025-W23,devops,34.4,google_trends_lk
2025-W24,devops,33.9,google_trends_lk
2025-W25,devops,33.3,google_trends_lk
2025-W26,devops,33.0,google_trends_lk
2025-W27,devops,33.4,google_trends_lk
2025-W28,devops,33.2,google_trends_lk
2025-W29,devops,32.1,google_trends_lk
2025-W30,devops,37.6,google_trends_lk
2025-W31,devops,27.8,google_trends_lk
2025-W32,devops,36.1,google_trends_lk
2025-W33,devops,35.5,google_trends_lk
2025-W34,devops,35.1,google_trends_lk
2025-W35,devops,36.7,google_trends_lk
2025-W36,devops,32.5,google_trends_lk
2025-W37,devops,26.4,google_trends_lk
2025-W38,devops,32.7,google_trends_lk
2025-W39,devops,29.6,google_trends_lk
2025-W40,devops,30.6,google_trends_lk
2025-W41,devops,28.9,google_trends_lk
2025-W42,devops,31.6,google_trends_lk
2025-W43,devops,31.3,google_trends_lk
2025-W44,devops,25.1,google_trends_lk
2025-W45,devops,36.0,google_trends_lk
2025-W46,devops,41.4,google_trends_lk
2025-W47,devops,35.8,google_trends_lk
2025-W48,devops,33.0,google_trends_lk
2025-W49,devops,33.6,google_trends_lk
2025-W50,devops,32.4,google_trends_lk
2025-W51,devops,34.3,google_trends_lk
2025-W52,devops,33.9,google_trends_lk
2026-W01,devops,31.2,google_trends_lk
2026-W02,devops,40.1,google_trends_lk
2026-W03,devops,29.1,google_trends_lk
2026-W04,devops,36.9,google_trends_lk
2026-W05,devops,34.1,google_trends_lk
2026-W06,devops,41.2,google_trends_lk
2026-W07,devops,35.8,google_trends_lk
2026-W08,devops,33.4,google_trends_lk
2026-W09,devops,33.9,google_trends_lk
2026-W10,devops,35.0,google_trends_lk
2026-W11,devops,30.9,google_trends_lk
2026-W12,devops,32.3,google_trends_lk
2026-W13,devops,28.8,google_trends_lk
2026-W14,devops,31.9,google_trends_lk
2026-W15,devops,35.6,google_trends_lk
2026-W16,devops,36.4,google_trends_lk
2026-W17,devops,28.5,google_trends_lk
2026-W18,devops,35.0,google_trends_lk
2026-W19,devops,37.5,google_trends_lk
2026-W20,devops,35.0,google_trends_lk
2026-W21,devops,33.5,google_trends_lk
2026-W22,devops,34.3,google_trends_lk
2026-W23,devops,34.0,google_trends_lk
2026-W24,devops,33.7,google_trends_lk
2026-W25,devops,36.6,google_trends_lk
2024-W01,cybersecurity,19.0,google_trends_lk
2024-W02,cybersecurity,27.1,google_trends_lk
2024-W03,cybersecurity,27.9,google_trends_lk
2024-W04,cybersecurity,15.5,google_trends_lk
2024-W05,cybersecurity,22.7,google_trends_lk
2024-W06,cybersecurity,21.1,google_trends_lk
2024-W07,cybersecurity,12.4,google_trends_lk
2024-W08,cybersecurity,17.6,google_trends_lk
2024-W09,cybersecurity,25.5,google_trends_lk
2024-W10,cybersecurity,29.9,google_trends_lk
2024-W11,cybersecurity,26.1,google_trends_lk
2024-W12,cybersecurity,24.2,google_trends_lk
2024-W13,cybersecurity,23.0,google_trends_lk
2024-W14,cybersecurity,29.1,google_trends_lk
2024-W15,cybersecurity,30.8,google_trends_lk
2024-W16,cybersecurity,21.3,google_trends_lk
2024-W17,cybersecurity,16.5,google_trends_lk
2024-W18,cybersecurity,16.2,google_trends_lk
2024-W19,cybersecurity,28.3,google_trends_lk
2024-W20,cybersecurity,23.6,google_trends_lk
2024-W21,cybersecurity,24.5,google_trends_lk
2024-W22,cybersecurity,17.7,google_trends_lk
2024-W23,cybersecurity,21.4,google_trends_lk
2024-W24,cybersecurity,23.1,google_trends_lk
2024-W25,cybersecurity,25.0,google_trends_lk
2024-W26,cybersecurity,22.9,google_trends_lk
2024-W27,cybersecurity,20.8,google_trends_lk
2024-W28,cybersecurity,21.8,google_trends_lk
2024-W29,cybersecurity,28.8,google_trends_lk
2024-W30,cybersecurity,25.6,google_trends_lk
2024-W31,cybersecurity,26.9,google_trends_lk
2024-W32,cybersecurity,21.7,google_trends_lk
2024-W33,cybersecurity,14.6,google_trends_lk
2024-W34,cybersecurity,23.2,google_trends_lk
2024-W35,cybersecurity,22.1,google_trends_lk
2024-W36,cybersecurity,26.5,google_trends_lk
2024-W37,cybersecurity,36.8,google_trends_lk
2024-W38,cybersecurity,27.9,google_trends_lk
2024-W39,cybersecurity,35.1,google_trends_lk
2024-W40,cybersecurity,27.6,google_trends_lk
2024-W41,cybersecurity,23.5,google_trends_lk
2024-W42,cybersecurity,27.0,google_trends_lk
2024-W43,cybersecurity,32.1,google_trends_lk
2024-W44,cybersecurity,32.4,google_trends_lk
2024-W45,cybersecurity,24.1,google_trends_lk
2024-W46,cybersecurity,27.1,google_trends_lk
2024-W47,cybersecurity,21.3,google_trends_lk
2024-W48,cybersecurity,29.3,google_trends_lk
2024-W49,cybersecurity,31.9,google_trends_lk
2024-W50,cybersecurity,26.7,google_trends_lk
2024-W51,cybersecurity,24.3,google_trends_lk
2024-W52,cybersecurity,28.0,google_trends_lk
2024-W53,cybersecurity,28.3,google_trends_lk
2025-W01,cybersecurity,27.2,google_trends_lk
2025-W02,cybersecurity,27.6,google_trends_lk
2025-W03,cybersecurity,26.5,google_trends_lk
2025-W04,cybersecurity,30.7,google_trends_lk
2025-W05,cybersecurity,29.9,google_trends_lk
2025-W06,cybersecurity,24.0,google_trends_lk
2025-W07,cybersecurity,24.0,google_trends_lk
2025-W08,cybersecurity,26.7,google_trends_lk
2025-W09,cybersecurity,30.3,google_trends_lk
2025-W10,cybersecurity,28.3,google_trends_lk
2025-W11,cybersecurity,25.6,google_trends_lk
2025-W12,cybersecurity,28.9,google_trends_lk
2025-W13,cybersecurity,26.9,google_trends_lk
2025-W14,cybersecurity,31.2,google_trends_lk
2025-W15,cybersecurity,29.4,google_trends_lk
2025-W16,cybersecurity,27.2,google_trends_lk
2025-W17,cybersecurity,29.2,google_trends_lk
2025-W18,cybersecurity,33.1,google_trends_lk
2025-W19,cybersecurity,26.6,google_trends_lk
2025-W20,cybersecurity,30.1,google_trends_lk
2025-W21,cybersecurity,28.5,google_trends_lk
2025-W22,cybersecurity,30.4,google_trends_lk
2025-W23,cybersecurity,26.7,google_trends_lk
2025-W24,cybersecurity,29.5,google_trends_lk
2025-W25,cybersecurity,33.0,google_trends_lk
2025-W26,cybersecurity,26.0,google_trends_lk
2025-W27,cybersecurity,24.7,google_trends_lk
2025-W28,cybersecurity,24.9,google_trends_lk
2025-W29,cybersecurity,25.4,google_trends_lk
2025-W30,cybersecurity,31.7,google_trends_lk
2025-W31,cybersecurity,24.8,google_trends_lk
2025-W32,cybersecurity,28.8,google_trends_lk
2025-W33,cybersecurity,32.1,google_trends_lk
2025-W34,cybersecurity,31.5,google_trends_lk
2025-W35,cybersecurity,28.7,google_trends_lk
2025-W36,cybersecurity,30.9,google_trends_lk
2025-W37,cybersecurity,30.7,google_trends_lk
2025-W38,cybersecurity,29.6,google_trends_lk
2025-W39,cybersecurity,29.7,google_trends_lk
2025-W40,cybersecurity,38.4,google_trends_lk
2025-W41,cybersecurity,33.5,google_trends_lk
2025-W42,cybersecurity,39.4,google_trends_lk
2025-W43,cybersecurity,29.1,google_trends_lk
2025-W44,cybersecurity,30.6,google_trends_lk
2025-W45,cybersecurity,26.4,google_trends_lk
2025-W46,cybersecurity,28.3,google_trends_lk
2025-W47,cybersecurity,37.9,google_trends_lk
2025-W48,cybersecurity,29.5,google_trends_lk
2025-W49,cybersecurity,38.1,google_trends_lk
2025-W50,cybersecurity,27.1,google_trends_lk
2025-W51,cybersecurity,27.9,google_trends_lk
2025-W52,cybersecurity,30.5,google_trends_lk
2026-W01,cybersecurity,31.5,google_trends_lk
2026-W02,cybersecurity,35.1,google_trends_lk
2026-W03,cybersecurity,33.5,google_trends_lk
2026-W04,cybersecurity,30.6,google_trends_lk
2026-W05,cybersecurity,31.7,google_trends_lk
2026-W06,cybersecurity,31.1,google_trends_lk
2026-W07,cybersecurity,29.1,google_trends_lk
2026-W08,cybersecurity,29.3,google_trends_lk
2026-W09,cybersecurity,36.1,google_trends_lk
2026-W10,cybersecurity,26.2,google_trends_lk
2026-W11,cybersecurity,38.4,google_trends_lk
2026-W12,cybersecurity,31.6,google_trends_lk
2026-W13,cybersecurity,30.2,google_trends_lk
2026-W14,cybersecurity,35.6,google_trends_lk
2026-W15,cybersecurity,38.3,google_trends_lk
2026-W16,cybersecurity,37.1,google_trends_lk
2026-W17,cybersecurity,35.0,google_trends_lk
2026-W18,cybersecurity,37.2,google_trends_lk
2026-W19,cybersecurity,27.4,google_trends_lk
2026-W20,cybersecurity,31.7,google_trends_lk
2026-W21,cybersecurity,30.4,google_trends_lk
2026-W22,cybersecurity,38.0,google_trends_lk
2026-W23,cybersecurity,32.5,google_trends_lk
2026-W24,cybersecurity,36.9,google_trends_lk
2026-W25,cybersecurity,35.9,google_trends_lk
2024-W01,blockchain,15.5,google_trends_lk
2024-W02,blockchain,25.3,google_trends_lk
2024-W03,blockchain,24.7,google_trends_lk
2024-W04,blockchain,27.3,google_trends_lk
2024-W05,blockchain,15.3,google_trends_lk
2024-W06,blockchain,18.0,google_trends_lk
2024-W07,blockchain,26.5,google_trends_lk
2024-W08,blockchain,14.9,google_trends_lk
2024-W09,blockchain,16.1,google_trends_lk
2024-W10,blockchain,20.2,google_trends_lk
2024-W11,blockchain,22.8,google_trends_lk
2024-W12,blockchain,27.9,google_trends_lk
2024-W13,blockchain,21.9,google_trends_lk
2024-W14,blockchain,20.6,google_trends_lk
2024-W15,blockchain,24.0,google_trends_lk
2024-W16,blockchain,24.8,google_trends_lk
2024-W17,blockchain,24.9,google_trends_lk
2024-W18,blockchain,23.0,google_trends_lk
2024-W19,blockchain,16.9,google_trends_lk
2024-W20,blockchain,20.8,google_trends_lk
2024-W21,blockchain,29.2,google_trends_lk
2024-W22,blockchain,25.1,google_trends_lk
2024-W23,blockchain,23.5,google_trends_lk
2024-W24,blockchain,28.8,google_trends_lk
2024-W25,blockchain,21.1,google_trends_lk
2024-W26,blockchain,24.5,google_trends_lk
2024-W27,blockchain,26.0,google_trends_lk
2024-W28,blockchain,24.1,google_trends_lk
2024-W29,blockchain,26.2,google_trends_lk
2024-W30,blockchain,25.4,google_trends_lk
2024-W31,blockchain,21.4,google_trends_lk
2024-W32,blockchain,27.2,google_trends_lk
2024-W33,blockchain,22.1,google_trends_lk
2024-W34,blockchain,27.5,google_trends_lk
2024-W35,blockchain,32.0,google_trends_lk
2024-W36,blockchain,26.4,google_trends_lk
2024-W37,blockchain,23.5,google_trends_lk
2024-W38,blockchain,27.3,google_trends_lk
2024-W39,blockchain,25.1,google_trends_lk
2024-W40,blockchain,30.3,google_trends_lk
2024-W41,blockchain,27.9,google_trends_lk
2024-W42,blockchain,34.6,google_trends_lk
2024-W43,blockchain,32.9,google_trends_lk
2024-W44,blockchain,28.5,google_trends_lk
2024-W45,blockchain,31.8,google_trends_lk
2024-W46,blockchain,28.1,google_trends_lk
2024-W47,blockchain,29.8,google_trends_lk
2024-W48,blockchain,28.6,google_trends_lk
2024-W49,blockchain,32.8,google_trends_lk
2024-W50,blockchain,35.3,google_trends_lk
2024-W51,blockchain,33.3,google_trends_lk
2024-W52,blockchain,34.0,google_trends_lk
2024-W53,blockchain,34.2,google_trends_lk
2025-W01,blockchain,33.1,google_trends_lk
2025-W02,blockchain,27.4,google_trends_lk
2025-W03,blockchain,37.5,google_trends_lk
2025-W04,blockchain,38.1,google_trends_lk
2025-W05,blockchain,31.2,google_trends_lk
2025-W06,blockchain,30.7,google_trends_lk
2025-W07,blockchain,33.9,google_trends_lk
2025-W08,blockchain,33.4,google_trends_lk
2025-W09,blockchain,30.4,google_trends_lk
2025-W10,blockchain,26.5,google_trends_lk
2025-W11,blockchain,31.7,google_trends_lk
2025-W12,blockchain,32.2,google_trends_lk
2025-W13,blockchain,32.6,google_trends_lk
2025-W14,blockchain,31.0,google_trends_lk
2025-W15,blockchain,28.5,google_trends_lk
2025-W16,blockchain,32.7,google_trends_lk
2025-W17,blockchain,29.1,google_trends_lk
2025-W18,blockchain,27.0,google_trends_lk
2025-W19,blockchain,27.7,google_trends_lk
2025-W20,blockchain,21.9,google_trends_lk
2025-W21,blockchain,27.1,google_trends_lk
2025-W22,blockchain,29.9,google_trends_lk
2025-W23,blockchain,28.4,google_trends_lk
2025-W24,blockchain,32.3,google_trends_lk
2025-W25,blockchain,25.7,google_trends_lk
2025-W26,blockchain,28.1,google_trends_lk
2025-W27,blockchain,28.9,google_trends_lk
2025-W28,blockchain,34.0,google_trends_lk
2025-W29,blockchain,26.0,google_trends_lk
2025-W30,blockchain,21.6,google_trends_lk
2025-W31,blockchain,27.9,google_trends_lk
2025-W32,blockchain,31.2,google_trends_lk
2025-W33,blockchain,23.3,google_trends_lk
2025-W34,blockchain,27.1,google_trends_lk
2025-W35,blockchain,28.1,google_trends_lk
2025-W36,blockchain,27.1,google_trends_lk
2025-W37,blockchain,23.7,google_trends_lk
2025-W38,blockchain,20.5,google_trends_lk
2025-W39,blockchain,22.4,google_trends_lk
2025-W40,blockchain,24.0,google_trends_lk
2025-W41,blockchain,25.3,google_trends_lk
2025-W42,blockchain,23.0,google_trends_lk
2025-W43,blockchain,20.2,google_trends_lk
2025-W44,blockchain,23.2,google_trends_lk
2025-W45,blockchain,24.0,google_trends_lk
2025-W46,blockchain,22.1,google_trends_lk
2025-W47,blockchain,17.5,google_trends_lk
2025-W48,blockchain,19.5,google_trends_lk
2025-W49,blockchain,23.2,google_trends_lk
2025-W50,blockchain,14.8,google_trends_lk
2025-W51,blockchain,12.0,google_trends_lk
2025-W52,blockchain,24.3,google_trends_lk
2026-W01,blockchain,20.6,google_trends_lk
2026-W02,blockchain,20.6,google_trends_lk
2026-W03,blockchain,14.4,google_trends_lk
2026-W04,blockchain,20.5,google_trends_lk
2026-W05,blockchain,18.6,google_trends_lk
2026-W06,blockchain,11.8,google_trends_lk
2026-W07,blockchain,22.1,google_trends_lk
2026-W08,blockchain,17.3,google_trends_lk
2026-W09,blockchain,15.1,google_trends_lk
2026-W10,blockchain,14.9,google_trends_lk
2026-W11,blockchain,8.9,google_trends_lk
2026-W12,blockchain,17.7,google_trends_lk
2026-W13,blockchain,16.3,google_trends_lk
2026-W14,blockchain,14.4,google_trends_lk
2026-W15,blockchain,19.3,google_trends_lk
2026-W16,blockchain,9.7,google_trends_lk
2026-W17,blockchain,12.2,google_trends_lk
2026-W18,blockchain,11.0,google_trends_lk
2026-W19,blockchain,12.7,google_trends_lk
2026-W20,blockchain,13.6,google_trends_lk
2026-W21,blockchain,14.6,google_trends_lk
2026-W22,blockchain,11.6,google_trends_lk
2026-W23,blockchain,9.5,google_trends_lk
2026-W24,blockchain,18.2,google_trends_lk
2026-W25,blockchain,20.4,google_trends_lk
2024-W01,microservices,10.2,google_trends_lk
2024-W02,microservices,13.4,google_trends_lk
2024-W03,microservices,21.2,google_trends_lk
2024-W04,microservices,17.0,google_trends_lk
2024-W05,microservices,16.9,google_trends_lk
2024-W06,microservices,23.7,google_trends_lk
2024-W07,microservices,17.1,google_trends_lk
2024-W08,microservices,13.8,google_trends_lk
2024-W09,microservices,15.4,google_trends_lk
2024-W10,microservices,12.4,google_trends_lk
2024-W11,microservices,20.9,google_trends_lk
2024-W12,microservices,18.5,google_trends_lk
2024-W13,microservices,20.5,google_trends_lk
2024-W14,microservices,20.9,google_trends_lk
2024-W15,microservices,15.2,google_trends_lk
2024-W16,microservices,13.4,google_trends_lk
2024-W17,microservices,16.6,google_trends_lk
2024-W18,microservices,13.7,google_trends_lk
2024-W19,microservices,17.4,google_trends_lk
2024-W20,microservices,20.8,google_trends_lk
2024-W21,microservices,16.3,google_trends_lk
2024-W22,microservices,17.5,google_trends_lk
2024-W23,microservices,16.7,google_trends_lk
2024-W24,microservices,19.9,google_trends_lk
2024-W25,microservices,14.8,google_trends_lk
2024-W26,microservices,9.5,google_trends_lk
2024-W27,microservices,18.9,google_trends_lk
2024-W28,microservices,20.7,google_trends_lk
2024-W29,microservices,18.9,google_trends_lk
2024-W30,microservices,15.1,google_trends_lk
2024-W31,microservices,13.4,google_trends_lk
2024-W32,microservices,19.2,google_trends_lk
2024-W33,microservices,18.0,google_trends_lk
2024-W34,microservices,17.1,google_trends_lk
2024-W35,microservices,24.0,google_trends_lk
2024-W36,microservices,14.3,google_trends_lk
2024-W37,microservices,23.9,google_trends_lk
2024-W38,microservices,17.8,google_trends_lk
2024-W39,microservices,11.3,google_trends_lk
2024-W40,microservices,17.2,google_trends_lk
2024-W41,microservices,21.2,google_trends_lk
2024-W42,microservices,16.6,google_trends_lk
2024-W43,microservices,12.8,google_trends_lk
2024-W44,microservices,17.4,google_trends_lk
2024-W45,microservices,15.0,google_trends_lk
2024-W46,microservices,19.8,google_trends_lk
2024-W47,microservices,20.8,google_trends_lk
2024-W48,microservices,14.5,google_trends_lk
2024-W49,microservices,15.8,google_trends_lk
2024-W50,microservices,20.9,google_trends_lk
2024-W51,microservices,15.3,google_trends_lk
2024-W52,microservices,14.6,google_trends_lk
2024-W53,microservices,14.3,google_trends_lk
2025-W01,microservices,19.7,google_trends_lk
2025-W02,microservices,19.6,google_trends_lk
2025-W03,microservices,16.2,google_trends_lk
2025-W04,microservices,18.6,google_trends_lk
2025-W05,microservices,24.0,google_trends_lk
2025-W06,microservices,15.3,google_trends_lk
2025-W07,microservices,11.9,google_trends_lk
2025-W08,microservices,20.4,google_trends_lk
2025-W09,microservices,18.5,google_trends_lk
2025-W10,microservices,16.4,google_trends_lk
2025-W11,microservices,21.2,google_trends_lk
2025-W12,microservices,21.9,google_trends_lk
2025-W13,microservices,11.3,google_trends_lk
2025-W14,microservices,16.8,google_trends_lk
2025-W15,microservices,27.2,google_trends_lk
2025-W16,microservices,21.2,google_trends_lk
2025-W17,microservices,21.6,google_trends_lk
2025-W18,microservices,23.4,google_trends_lk
2025-W19,microservices,19.4,google_trends_lk
2025-W20,microservices,22.1,google_trends_lk
2025-W21,microservices,21.9,google_trends_lk
2025-W22,microservices,21.3,google_trends_lk
2025-W23,microservices,18.4,google_trends_lk
2025-W24,microservices,20.1,google_trends_lk
2025-W25,microservices,17.5,google_trends_lk
2025-W26,microservices,19.7,google_trends_lk
2025-W27,microservices,15.6,google_trends_lk
2025-W28,microservices,17.0,google_trends_lk
2025-W29,microservices,18.8,google_trends_lk
2025-W30,microservices,16.5,google_trends_lk
2025-W31,microservices,18.1,google_trends_lk
2025-W32,microservices,19.3,google_trends_lk
2025-W33,microservices,21.4,google_trends_lk
2025-W34,microservices,23.3,google_trends_lk
2025-W35,microservices,18.4,google_trends_lk
2025-W36,microservices,24.8,google_trends_lk
2025-W37,microservices,23.4,google_trends_lk
2025-W38,microservices,22.0,google_trends_lk
2025-W39,microservices,20.8,google_trends_lk
2025-W40,microservices,21.4,google_trends_lk
2025-W41,microservices,24.5,google_trends_lk
2025-W42,microservices,24.7,google_trends_lk
2025-W43,microservices,25.1,google_trends_lk
2025-W44,microservices,20.6,google_trends_lk
2025-W45,microservices,22.5,google_trends_lk
2025-W46,microservices,25.3,google_trends_lk
2025-W47,microservices,18.4,google_trends_lk
2025-W48,microservices,19.5,google_trends_lk
2025-W49,microservices,20.8,google_trends_lk
2025-W50,microservices,23.9,google_trends_lk
2025-W51,microservices,24.0,google_trends_lk
2025-W52,microservices,20.0,google_trends_lk
2026-W01,microservices,15.6,google_trends_lk
2026-W02,microservices,21.8,google_trends_lk
2026-W03,microservices,17.8,google_trends_lk
2026-W04,microservices,15.8,google_trends_lk
2026-W05,microservices,16.6,google_trends_lk
2026-W06,microservices,22.3,google_trends_lk
2026-W07,microservices,25.9,google_trends_lk
2026-W08,microservices,21.3,google_trends_lk
2026-W09,microservices,22.0,google_trends_lk
2026-W10,microservices,25.4,google_trends_lk
2026-W11,microservices,15.9,google_trends_lk
2026-W12,microservices,23.2,google_trends_lk
2026-W13,microservices,21.4,google_trends_lk
2026-W14,microservices,23.5,google_trends_lk
2026-W15,microservices,19.8,google_trends_lk
2026-W16,microservices,18.7,google_trends_lk
2026-W17,microservices,22.1,google_trends_lk
2026-W18,microservices,27.4,google_trends_lk
2026-W19,microservices,24.7,google_trends_lk
2026-W20,microservices,20.0,google_trends_lk
2026-W21,microservices,17.1,google_trends_lk
2026-W22,microservices,16.0,google_trends_lk
2026-W23,microservices,26.5,google_trends_lk
2026-W24,microservices,18.6,google_trends_lk
2026-W25,microservices,20.9,google_trends_lk
2024-W01,agile,37.0,google_trends_lk
2024-W02,agile,36.5,google_trends_lk
2024-W03,agile,32.2,google_trends_lk
2024-W04,agile,39.3,google_trends_lk
2024-W05,agile,37.9,google_trends_lk
2024-W06,agile,29.0,google_trends_lk
2024-W07,agile,36.9,google_trends_lk
2024-W08,agile,33.2,google_trends_lk
2024-W09,agile,39.7,google_trends_lk
2024-W10,agile,30.8,google_trends_lk
2024-W11,agile,34.6,google_trends_lk
2024-W12,agile,37.1,google_trends_lk
2024-W13,agile,36.0,google_trends_lk
2024-W14,agile,38.5,google_trends_lk
2024-W15,agile,30.5,google_trends_lk
2024-W16,agile,41.5,google_trends_lk
2024-W17,agile,37.6,google_trends_lk
2024-W18,agile,40.5,google_trends_lk
2024-W19,agile,38.8,google_trends_lk
2024-W20,agile,35.7,google_trends_lk
2024-W21,agile,31.2,google_trends_lk
2024-W22,agile,33.7,google_trends_lk
2024-W23,agile,41.2,google_trends_lk
2024-W24,agile,40.5,google_trends_lk
2024-W25,agile,33.5,google_trends_lk
2024-W26,agile,25.7,google_trends_lk
2024-W27,agile,34.9,google_trends_lk
2024-W28,agile,34.6,google_trends_lk
2024-W29,agile,34.7,google_trends_lk
2024-W30,agile,37.4,google_trends_lk
2024-W31,agile,38.6,google_trends_lk
2024-W32,agile,39.0,google_trends_lk
2024-W33,agile,37.1,google_trends_lk
2024-W34,agile,29.2,google_trends_lk
2024-W35,agile,34.3,google_trends_lk
2024-W36,agile,43.5,google_trends_lk
2024-W37,agile,36.8,google_trends_lk
2024-W38,agile,36.7,google_trends_lk
2024-W39,agile,36.7,google_trends_lk
2024-W40,agile,36.8,google_trends_lk
2024-W41,agile,27.0,google_trends_lk
2024-W42,agile,34.5,google_trends_lk
2024-W43,agile,35.2,google_trends_lk
2024-W44,agile,39.8,google_trends_lk
2024-W45,agile,35.5,google_trends_lk
2024-W46,agile,29.5,google_trends_lk
2024-W47,agile,36.8,google_trends_lk
2024-W48,agile,32.5,google_trends_lk
2024-W49,agile,31.0,google_trends_lk
2024-W50,agile,32.3,google_trends_lk
2024-W51,agile,37.1,google_trends_lk
2024-W52,agile,39.6,google_trends_lk
2024-W53,agile,36.9,google_trends_lk
2025-W01,agile,37.4,google_trends_lk
2025-W02,agile,36.8,google_trends_lk
2025-W03,agile,35.5,google_trends_lk
2025-W04,agile,37.6,google_trends_lk
2025-W05,agile,26.7,google_trends_lk
2025-W06,agile,35.5,google_trends_lk
2025-W07,agile,31.4,google_trends_lk
2025-W08,agile,39.1,google_trends_lk
2025-W09,agile,34.5,google_trends_lk
2025-W10,agile,35.1,google_trends_lk
2025-W11,agile,29.8,google_trends_lk
2025-W12,agile,38.6,google_trends_lk
2025-W13,agile,37.2,google_trends_lk
2025-W14,agile,36.9,google_trends_lk
2025-W15,agile,32.1,google_trends_lk
2025-W16,agile,32.2,google_trends_lk
2025-W17,agile,35.7,google_trends_lk
2025-W18,agile,32.5,google_trends_lk
2025-W19,agile,36.4,google_trends_lk
2025-W20,agile,27.3,google_trends_lk
2025-W21,agile,33.2,google_trends_lk
2025-W22,agile,41.1,google_trends_lk
2025-W23,agile,36.4,google_trends_lk
2025-W24,agile,35.4,google_trends_lk
2025-W25,agile,41.8,google_trends_lk
2025-W26,agile,26.6,google_trends_lk
2025-W27,agile,31.9,google_trends_lk
2025-W28,agile,33.4,google_trends_lk
2025-W29,agile,37.7,google_trends_lk
2025-W30,agile,37.8,google_trends_lk
2025-W31,agile,31.7,google_trends_lk
2025-W32,agile,38.2,google_trends_lk
2025-W33,agile,33.3,google_trends_lk
2025-W34,agile,38.9,google_trends_lk
2025-W35,agile,31.0,google_trends_lk
2025-W36,agile,34.2,google_trends_lk
2025-W37,agile,32.9,google_trends_lk
2025-W38,agile,38.3,google_trends_lk
2025-W39,agile,32.8,google_trends_lk
2025-W40,agile,34.4,google_trends_lk
2025-W41,agile,36.3,google_trends_lk
2025-W42,agile,36.5,google_trends_lk
2025-W43,agile,37.6,google_trends_lk
2025-W44,agile,35.3,google_trends_lk
2025-W45,agile,33.0,google_trends_lk
2025-W46,agile,33.3,google_trends_lk
2025-W47,agile,34.6,google_trends_lk
2025-W48,agile,35.3,google_trends_lk
2025-W49,agile,33.9,google_trends_lk
2025-W50,agile,34.5,google_trends_lk
2025-W51,agile,29.1,google_trends_lk
2025-W52,agile,36.7,google_trends_lk
2026-W01,agile,35.0,google_trends_lk
2026-W02,agile,37.9,google_trends_lk
2026-W03,agile,34.3,google_trends_lk
2026-W04,agile,28.2,google_trends_lk
2026-W05,agile,33.1,google_trends_lk
2026-W06,agile,33.6,google_trends_lk
2026-W07,agile,36.9,google_trends_lk
2026-W08,agile,27.0,google_trends_lk
2026-W09,agile,34.4,google_trends_lk
2026-W10,agile,36.0,google_trends_lk
2026-W11,agile,31.9,google_trends_lk
2026-W12,agile,34.5,google_trends_lk
2026-W13,agile,32.0,google_trends_lk
2026-W14,agile,31.6,google_trends_lk
2026-W15,agile,32.7,google_trends_lk
2026-W16,agile,31.7,google_trends_lk
2026-W17,agile,36.5,google_trends_lk
2026-W18,agile,31.5,google_trends_lk
2026-W19,agile,30.9,google_trends_lk
2026-W20,agile,40.3,google_trends_lk
2026-W21,agile,37.4,google_trends_lk
2026-W22,agile,27.5,google_trends_lk
2026-W23,agile,31.4,google_trends_lk
2026-W24,agile,34.9,google_trends_lk
2026-W25,agile,35.1,google_trends_lk
2026-W26,python,78.0,google_trends_lk
2026-W26,java,64.3,google_trends_lk
2026-W26,javascript,59.4,google_trends_lk
2026-W26,typescript,35.6,google_trends_lk
2026-W26,go,14.9,google_trends_lk
2026-W26,rust,6.2,google_trends_lk
2026-W26,php,28.8,google_trends_lk
2026-W26,csharp,45.7,google_trends_lk
2026-W26,cpp,14.1,google_trends_lk
2026-W26,kotlin,16.3,google_trends_lk
2026-W26,swift,8.7,google_trends_lk
2026-W26,ruby,10.8,google_trends_lk
2026-W26,scala,1.6,google_trends_lk
2026-W26,dart,16.4,google_trends_lk
2026-W26,react,61.5,google_trends_lk
2026-W26,angular,39.2,google_trends_lk
2026-W26,vue,3.7,google_trends_lk
2026-W26,next.js,31.8,google_trends_lk
2026-W26,svelte,1.0,google_trends_lk
2026-W26,tailwind,31.9,google_trends_lk
2026-W26,graphql,17.0,google_trends_lk
2026-W26,nodejs,27.3,google_trends_lk
2026-W26,django,25.5,google_trends_lk
2026-W26,flask,15.0,google_trends_lk
2026-W26,fastapi,23.5,google_trends_lk
2026-W26,spring,33.0,google_trends_lk
2026-W26,dotnet,42.9,google_trends_lk
2026-W26,laravel,24.2,google_trends_lk
2026-W26,aws,46.7,google_trends_lk
2026-W26,azure,31.2,google_trends_lk
2026-W26,google cloud,20.1,google_trends_lk
2026-W26,docker,40.7,google_trends_lk
2026-W26,kubernetes,23.5,google_trends_lk
2026-W26,terraform,18.1,google_trends_lk
2026-W26,postgresql,31.5,google_trends_lk
2026-W26,mysql,36.2,google_trends_lk
2026-W26,mongodb,26.2,google_trends_lk
2026-W26,redis,26.7,google_trends_lk
2026-W26,elasticsearch,10.0,google_trends_lk
2026-W26,machine learning,35.0,google_trends_lk
2026-W26,deep learning,18.5,google_trends_lk
2026-W26,data science,29.3,google_trends_lk
2026-W26,data engineering,27.1,google_trends_lk
2026-W26,tensorflow,16.2,google_trends_lk
2026-W26,pytorch,17.2,google_trends_lk
2026-W26,scikit-learn,17.9,google_trends_lk
2026-W26,llm,34.8,google_trends_lk
2026-W26,langchain,14.8,google_trends_lk
2026-W26,flutter,44.2,google_trends_lk
2026-W26,react native,17.3,google_trends_lk
2026-W26,android,37.0,google_trends_lk
2026-W26,ios,11.3,google_trends_lk
2026-W26,devops,35.4,google_trends_lk
2026-W26,cybersecurity,36.9,google_trends_lk
2026-W26,blockchain,24.1,google_trends_lk
2026-W26,microservices,21.4,google_trends_lk
2026-W26,agile,32.8,google_trends_lk
2026-W27,python,77.5,google_trends_lk
2026-W27,java,68.4,google_trends_lk
2026-W27,javascript,57.2,google_trends_lk
2026-W27,typescript,34.6,google_trends_lk
2026-W27,go,12.9,google_trends_lk
2026-W27,rust,5.7,google_trends_lk
2026-W27,php,33.6,google_trends_lk
2026-W27,csharp,42.9,google_trends_lk
2026-W27,cpp,15.0,google_trends_lk
2026-W27,kotlin,14.3,google_trends_lk
2026-W27,swift,9.3,google_trends_lk
2026-W27,ruby,10.4,google_trends_lk
2026-W27,scala,2.0,google_trends_lk
2026-W27,dart,15.1,google_trends_lk
2026-W27,react,56.5,google_trends_lk
2026-W27,angular,37.1,google_trends_lk
2026-W27,vue,2.1,google_trends_lk
2026-W27,next.js,30.1,google_trends_lk
2026-W27,svelte,1.0,google_trends_lk
2026-W27,tailwind,35.2,google_trends_lk
2026-W27,graphql,18.6,google_trends_lk
2026-W27,nodejs,27.6,google_trends_lk
2026-W27,django,23.4,google_trends_lk
2026-W27,flask,12.0,google_trends_lk
2026-W27,fastapi,22.9,google_trends_lk
2026-W27,spring,26.0,google_trends_lk
2026-W27,dotnet,44.3,google_trends_lk
2026-W27,laravel,26.2,google_trends_lk
2026-W27,aws,45.6,google_trends_lk
2026-W27,azure,32.0,google_trends_lk
2026-W27,google cloud,22.0,google_trends_lk
2026-W27,docker,38.5,google_trends_lk
2026-W27,kubernetes,26.8,google_trends_lk
2026-W27,terraform,15.4,google_trends_lk
2026-W27,postgresql,28.7,google_trends_lk
2026-W27,mysql,37.6,google_trends_lk
2026-W27,mongodb,25.3,google_trends_lk
2026-W27,redis,26.5,google_trends_lk
2026-W27,elasticsearch,8.0,google_trends_lk
2026-W27,machine learning,36.0,google_trends_lk
2026-W27,deep learning,19.5,google_trends_lk
2026-W27,data science,29.0,google_trends_lk
2026-W27,data engineering,28.2,google_trends_lk
2026-W27,tensorflow,15.4,google_trends_lk
2026-W27,pytorch,14.4,google_trends_lk
2026-W27,scikit-learn,18.6,google_trends_lk
2026-W27,llm,32.3,google_trends_lk
2026-W27,langchain,13.5,google_trends_lk
2026-W27,flutter,45.3,google_trends_lk
2026-W27,react native,15.9,google_trends_lk
2026-W27,android,36.3,google_trends_lk
2026-W27,ios,10.6,google_trends_lk
2026-W27,devops,38.0,google_trends_lk
2026-W27,cybersecurity,38.4,google_trends_lk
2026-W27,blockchain,33.0,google_trends_lk
2026-W27,microservices,19.6,google_trends_lk
2026-W27,agile,37.0,google_trends_lk
